{
"type": "FeatureCollection",
"name": "BIC_Tenerife",
"features": [
{ "type": "Feature", "properties": { "fid_": 0, "bic_nombre": "RASCA", "bic_catego": "ZONA ARQUEOLÓGICA", "bic_entorn": 0, "municipio_": "ARONA", "bic_descri": "Bien de Interés Cultural con categoría de Zona Arqueológica de “Rasca”, en el municipio de Arona, declarado por Decreto 175/2006, de 28 de noviembre, del Gobierno de Canarias, publicado en el BOC nº 238 de 11 de diciembre de 2006.", "boletin1_n": "BOC nº 238 de 11 de diciembre de 2006", "boletin1_u": "http://www.gobiernodecanarias.org/boc/2006/238/006.html", "boletin2_n": null, "boletin2_u": null }, "geometry": { "type": "Polygon", "coordinates": [ [ [ -16.6984323, 28.0025686 ], [ -16.6984084, 28.0024723 ], [ -16.6983955, 28.0024246 ], [ -16.6983835, 28.002377 ], [ -16.6983822, 28.0023589 ], [ -16.698391, 28.0023326 ], [ -16.6983977, 28.0023064 ], [ -16.6983953, 28.0022857 ], [ -16.6983889, 28.002265 ], [ -16.6983672, 28.0022454 ], [ -16.6983425, 28.0022267 ], [ -16.6983341, 28.0022097 ], [ -16.6983339, 28.0021935 ], [ -16.6983499, 28.0021779 ], [ -16.698369, 28.0021614 ], [ -16.6983757, 28.0021388 ], [ -16.6983743, 28.0021153 ], [ -16.6983618, 28.0020938 ], [ -16.6983432, 28.0020769 ], [ -16.6983299, 28.0020726 ], [ -16.6983077, 28.0020783 ], [ -16.6982896, 28.002092 ], [ -16.6982798, 28.0021165 ], [ -16.698271, 28.002141 ], [ -16.6982631, 28.0021564 ], [ -16.6982501, 28.0021701 ], [ -16.6982259, 28.0021795 ], [ -16.6982015, 28.0021816 ], [ -16.698172, 28.0021783 ], [ -16.6981424, 28.0021742 ], [ -16.69812, 28.0021699 ], [ -16.6980977, 28.0021756 ], [ -16.6980746, 28.0021976 ], [ -16.6980697, 28.0022085 ], [ -16.6980709, 28.0022202 ], [ -16.6980866, 28.002248 ], [ -16.6981054, 28.0022757 ], [ -16.6981386, 28.0023204 ], [ -16.698145, 28.0023375 ], [ -16.6981473, 28.0023546 ], [ -16.6981455, 28.0023736 ], [ -16.6981366, 28.0023908 ], [ -16.6981236, 28.0024045 ], [ -16.6981075, 28.0024102 ], [ -16.6980466, 28.0024163 ], [ -16.698009, 28.0024213 ], [ -16.6979714, 28.0024254 ], [ -16.6979369, 28.0024276 ], [ -16.6979033, 28.0024253 ], [ -16.6978656, 28.0024186 ], [ -16.6978308, 28.0024073 ], [ -16.6977919, 28.0023897 ], [ -16.697757, 28.0023685 ], [ -16.6975686, 28.0022192 ], [ -16.6975315, 28.0021907 ], [ -16.6974915, 28.0021642 ], [ -16.6974607, 28.0021492 ], [ -16.697428, 28.0021361 ], [ -16.6973861, 28.0021203 ], [ -16.6973441, 28.0021028 ], [ -16.6973072, 28.0020879 ], [ -16.6972704, 28.0020721 ], [ -16.6972285, 28.0020591 ], [ -16.6971856, 28.0020479 ], [ -16.6970897, 28.0020256 ], [ -16.6970499, 28.0020144 ], [ -16.697011, 28.0020004 ], [ -16.6969803, 28.0019882 ], [ -16.6969536, 28.0019713 ], [ -16.6969298, 28.0019473 ], [ -16.6969081, 28.0019223 ], [ -16.6968822, 28.001891 ], [ -16.6968553, 28.0018597 ], [ -16.6967975, 28.0018081 ], [ -16.6967686, 28.0017805 ], [ -16.6967397, 28.001752 ], [ -16.6967078, 28.0017307 ], [ -16.696671, 28.0017176 ], [ -16.696619, 28.0017074 ], [ -16.6965671, 28.0017036 ], [ -16.6965335, 28.0017049 ], [ -16.6965, 28.0017044 ], [ -16.6964064, 28.0017055 ], [ -16.6963678, 28.0017051 ], [ -16.6963301, 28.0016975 ], [ -16.6962881, 28.0016772 ], [ -16.696166, 28.0016083 ], [ -16.696127, 28.001589 ], [ -16.6960872, 28.001575 ], [ -16.6960464, 28.0015683 ], [ -16.6960067, 28.0015643 ], [ -16.695969, 28.0015611 ], [ -16.6959323, 28.0015589 ], [ -16.6959036, 28.001543 ], [ -16.6958903, 28.0015332 ], [ -16.6958749, 28.001528 ], [ -16.6957916, 28.001529 ], [ -16.695756, 28.0015286 ], [ -16.6957203, 28.0015245 ], [ -16.6956886, 28.0015122 ], [ -16.6956589, 28.0014982 ], [ -16.6956302, 28.0014859 ], [ -16.6956006, 28.0014772 ], [ -16.6955661, 28.0014822 ], [ -16.6955327, 28.0014934 ], [ -16.6955084, 28.0015009 ], [ -16.6954852, 28.0015084 ], [ -16.6954609, 28.0015187 ], [ -16.6954377, 28.0015307 ], [ -16.6954195, 28.0015381 ], [ -16.6954003, 28.0015402 ], [ -16.695395, 28.0015294 ], [ -16.6953999, 28.0015149 ], [ -16.6954159, 28.0014994 ], [ -16.695435, 28.0014847 ], [ -16.6954541, 28.0014727 ], [ -16.6954743, 28.0014607 ], [ -16.6954994, 28.0014406 ], [ -16.6955193, 28.001416 ], [ -16.6955231, 28.0013951 ], [ -16.6955258, 28.0013744 ], [ -16.6955317, 28.0013598 ], [ -16.6955416, 28.0013462 ], [ -16.6955597, 28.0013342 ], [ -16.6955789, 28.0013232 ], [ -16.695601, 28.0013057 ], [ -16.6956179, 28.0012848 ], [ -16.6956288, 28.001263 ], [ -16.6956681, 28.0011777 ], [ -16.6956748, 28.0011532 ], [ -16.6956806, 28.0011297 ], [ -16.6956863, 28.0011034 ], [ -16.6956889, 28.0010772 ], [ -16.6956813, 28.0010448 ], [ -16.6956605, 28.0010162 ], [ -16.6956307, 28.0009949 ], [ -16.6956019, 28.0009754 ], [ -16.6955751, 28.0009541 ], [ -16.6955494, 28.0009318 ], [ -16.6955266, 28.0009078 ], [ -16.6955038, 28.0008828 ], [ -16.6954792, 28.0008677 ], [ -16.6954526, 28.0008563 ], [ -16.695423, 28.0008468 ], [ -16.6953943, 28.0008363 ], [ -16.6953738, 28.0008239 ], [ -16.6953603, 28.0008069 ], [ -16.695355, 28.0007898 ], [ -16.6953506, 28.0007736 ], [ -16.6953357, 28.0007323 ], [ -16.6953314, 28.0007161 ], [ -16.6953302, 28.0007008 ], [ -16.6953401, 28.0006853 ], [ -16.6953541, 28.0006698 ], [ -16.6953659, 28.0006435 ], [ -16.6953756, 28.0006163 ], [ -16.6953864, 28.0005918 ], [ -16.6953881, 28.0005674 ], [ -16.6953715, 28.0005505 ], [ -16.6953284, 28.0005221 ], [ -16.6953068, 28.000507 ], [ -16.6952832, 28.000492 ], [ -16.6952595, 28.000476 ], [ -16.6952379, 28.0004583 ], [ -16.6952193, 28.0004377 ], [ -16.6952037, 28.0004154 ], [ -16.6951901, 28.000393 ], [ -16.6951806, 28.0003714 ], [ -16.6951711, 28.000349 ], [ -16.6951619, 28.0003428 ], [ -16.6951425, 28.0003394 ], [ -16.6951263, 28.0003459 ], [ -16.6950835, 28.0004051 ], [ -16.6950626, 28.0004315 ], [ -16.6950406, 28.000458 ], [ -16.6950226, 28.0004717 ], [ -16.6950024, 28.0004819 ], [ -16.694966, 28.0004941 ], [ -16.6949296, 28.000509 ], [ -16.6949126, 28.0005254 ], [ -16.6949007, 28.0005463 ], [ -16.6949042, 28.0005752 ], [ -16.6949002, 28.0005815 ], [ -16.6948639, 28.0006 ], [ -16.6947963, 28.0006316 ], [ -16.6947576, 28.000632 ], [ -16.6947382, 28.0006269 ], [ -16.6947115, 28.00061 ], [ -16.6946848, 28.0005923 ], [ -16.6946623, 28.0005818 ], [ -16.6946388, 28.0005739 ], [ -16.6946164, 28.0005724 ], [ -16.6945941, 28.0005754 ], [ -16.6945749, 28.0005847 ], [ -16.6945668, 28.0005893 ], [ -16.6945566, 28.0005885 ], [ -16.6945443, 28.0005814 ], [ -16.694532, 28.0005735 ], [ -16.6945074, 28.0005602 ], [ -16.6944828, 28.0005479 ], [ -16.6944634, 28.0005418 ], [ -16.6944429, 28.0005348 ], [ -16.6944244, 28.0005179 ], [ -16.6944098, 28.0004982 ], [ -16.6944045, 28.0004821 ], [ -16.6943981, 28.000465 ], [ -16.6943856, 28.0004444 ], [ -16.6943661, 28.0004302 ], [ -16.6943436, 28.0004242 ], [ -16.6943202, 28.0004208 ], [ -16.6943058, 28.0004156 ], [ -16.6942905, 28.0004104 ], [ -16.6942843, 28.0004014 ], [ -16.6942809, 28.0003843 ], [ -16.6942726, 28.0003709 ], [ -16.6942512, 28.0003648 ], [ -16.6942297, 28.0003615 ], [ -16.694186, 28.0003584 ], [ -16.6941715, 28.000346 ], [ -16.6941653, 28.0003379 ], [ -16.6941582, 28.0003353 ], [ -16.6941329, 28.0003482 ], [ -16.6941047, 28.0003639 ], [ -16.6940672, 28.0003734 ], [ -16.6940277, 28.0003793 ], [ -16.6939921, 28.0003816 ], [ -16.6939555, 28.0003802 ], [ -16.6939238, 28.0003716 ], [ -16.6938941, 28.0003566 ], [ -16.6938847, 28.0003405 ], [ -16.6938743, 28.0003271 ], [ -16.6938498, 28.000321 ], [ -16.6938244, 28.0003177 ], [ -16.6938, 28.0003171 ], [ -16.6937755, 28.0003138 ], [ -16.693761, 28.0002996 ], [ -16.6937557, 28.0002807 ], [ -16.6937511, 28.000251 ], [ -16.6937558, 28.0002229 ], [ -16.6937677, 28.0002029 ], [ -16.6937806, 28.000182 ], [ -16.6937894, 28.0001638 ], [ -16.6937912, 28.0001467 ], [ -16.6937838, 28.0001287 ], [ -16.6937744, 28.0001117 ], [ -16.6937681, 28.0000973 ], [ -16.6937628, 28.0000838 ], [ -16.6937646, 28.0000694 ], [ -16.6937985, 28.0000293 ], [ -16.6938043, 28.0000111 ], [ -16.6938111, 27.9999921 ], [ -16.6938333, 27.999981 ], [ -16.6938555, 27.999969 ], [ -16.6938664, 27.9999472 ], [ -16.6938782, 27.9999254 ], [ -16.6938901, 27.9999072 ], [ -16.6939031, 27.9998881 ], [ -16.6939119, 27.9998699 ], [ -16.6939228, 27.9998517 ], [ -16.6939359, 27.9998398 ], [ -16.693952, 27.9998306 ], [ -16.6939702, 27.9998259 ], [ -16.6939874, 27.9998203 ], [ -16.6939973, 27.9998021 ], [ -16.693995, 27.9997823 ], [ -16.6939786, 27.9997761 ], [ -16.6939622, 27.9997691 ], [ -16.6939609, 27.9997475 ], [ -16.6939617, 27.9997348 ], [ -16.6939574, 27.9997241 ], [ -16.6939368, 27.9997054 ], [ -16.6939112, 27.9996957 ], [ -16.6938808, 27.9997024 ], [ -16.6938485, 27.9997119 ], [ -16.6937803, 27.9997127 ], [ -16.6937427, 27.9997105 ], [ -16.6937051, 27.99971 ], [ -16.6936646, 27.9997222 ], [ -16.6936251, 27.9997372 ], [ -16.6935866, 27.9997413 ], [ -16.693547, 27.9997463 ], [ -16.6935227, 27.9997529 ], [ -16.6934984, 27.9997577 ], [ -16.6934851, 27.9997533 ], [ -16.6934696, 27.9997364 ], [ -16.693452, 27.9997213 ], [ -16.6934152, 27.9997073 ], [ -16.6933969, 27.9997048 ], [ -16.6933797, 27.9997086 ], [ -16.6933514, 27.9997234 ], [ -16.693269, 27.9997822 ], [ -16.6932327, 27.9998025 ], [ -16.6931943, 27.9998183 ], [ -16.6931639, 27.9998268 ], [ -16.6931335, 27.9998344 ], [ -16.693092, 27.9998466 ], [ -16.6930516, 27.9998598 ], [ -16.6930244, 27.9998772 ], [ -16.6929972, 27.9998956 ], [ -16.6929305, 27.9999217 ], [ -16.6928719, 27.9999477 ], [ -16.6928486, 27.9999525 ], [ -16.6928253, 27.9999546 ], [ -16.6927856, 27.9999551 ], [ -16.692746, 27.9999592 ], [ -16.6927574, 27.9999726 ], [ -16.6927678, 27.9999833 ], [ -16.692768, 27.9999995 ], [ -16.6927611, 28.0000141 ], [ -16.6927369, 28.0000225 ], [ -16.6927125, 28.0000255 ], [ -16.6926769, 28.0000223 ], [ -16.6926596, 28.0000216 ], [ -16.6926465, 28.000029 ], [ -16.6925927, 28.0001055 ], [ -16.6925778, 28.0001255 ], [ -16.6925567, 28.0001438 ], [ -16.6925305, 28.0001586 ], [ -16.6925022, 28.0001698 ], [ -16.6924729, 28.0001774 ], [ -16.6924424, 28.0001795 ], [ -16.6924118, 28.0001745 ], [ -16.6923842, 28.0001613 ], [ -16.6923645, 28.0001408 ], [ -16.6923468, 28.0001121 ], [ -16.6923123, 28.0000548 ], [ -16.6922946, 28.0000279 ], [ -16.692277, 28.0000074 ], [ -16.6922564, 27.9999905 ], [ -16.6922234, 27.9999611 ], [ -16.6921834, 27.9999399 ], [ -16.6921406, 27.9999342 ], [ -16.6920969, 27.9999329 ], [ -16.6920663, 27.9999269 ], [ -16.6920347, 27.9999219 ], [ -16.691993, 27.9999224 ], [ -16.6919504, 27.9999293 ], [ -16.6918562, 27.9999539 ], [ -16.6918207, 27.9999579 ], [ -16.6917842, 27.9999611 ], [ -16.6917506, 27.9999615 ], [ -16.691717, 27.9999601 ], [ -16.6916753, 27.9999543 ], [ -16.6916344, 27.999944 ], [ -16.6915987, 27.9999327 ], [ -16.6915638, 27.9999178 ], [ -16.6915331, 27.999901 ], [ -16.6915053, 27.9998779 ], [ -16.6914907, 27.9998582 ], [ -16.6914833, 27.9998376 ], [ -16.6914921, 27.9998176 ], [ -16.6914999, 27.9997976 ], [ -16.6914955, 27.999776 ], [ -16.691485, 27.9997536 ], [ -16.6914725, 27.999733 ], [ -16.691453, 27.9997197 ], [ -16.6914183, 27.9997102 ], [ -16.6913825, 27.9997016 ], [ -16.6913488, 27.9996921 ], [ -16.6913152, 27.9996844 ], [ -16.6912918, 27.9996874 ], [ -16.6912685, 27.999694 ], [ -16.6912432, 27.9996979 ], [ -16.6912177, 27.9996955 ], [ -16.691193, 27.9996787 ], [ -16.6911774, 27.9996554 ], [ -16.6911803, 27.9996418 ], [ -16.6911983, 27.9996227 ], [ -16.6912052, 27.9996126 ], [ -16.6912061, 27.9996027 ], [ -16.6911955, 27.9995767 ], [ -16.6911799, 27.9995516 ], [ -16.6911561, 27.9995293 ], [ -16.6911385, 27.999507 ], [ -16.6911277, 27.9994656 ], [ -16.6911445, 27.9994329 ], [ -16.6911705, 27.9994073 ], [ -16.6911965, 27.9993808 ], [ -16.6911984, 27.9993699 ], [ -16.6911879, 27.9993511 ], [ -16.6911847, 27.9993412 ], [ -16.6911866, 27.999334 ], [ -16.6912249, 27.9993101 ], [ -16.691244, 27.9992927 ], [ -16.691262, 27.9992753 ], [ -16.6912933, 27.9992641 ], [ -16.6913085, 27.9992594 ], [ -16.6913175, 27.9992484 ], [ -16.6913172, 27.9992295 ], [ -16.6913159, 27.9992097 ], [ -16.6913165, 27.9991826 ], [ -16.6913181, 27.9991546 ], [ -16.6913336, 27.9991057 ], [ -16.6913221, 27.9990859 ], [ -16.6913075, 27.9990663 ], [ -16.6913032, 27.9990465 ], [ -16.6913028, 27.9990266 ], [ -16.6913086, 27.999004 ], [ -16.6913154, 27.9989813 ], [ -16.6913171, 27.9989606 ], [ -16.6913096, 27.9989399 ], [ -16.6912891, 27.9989266 ], [ -16.6912688, 27.9989287 ], [ -16.6912447, 27.998947 ], [ -16.6912206, 27.9989663 ], [ -16.6911974, 27.9989819 ], [ -16.6911743, 27.9989966 ], [ -16.6911545, 27.9990366 ], [ -16.6911243, 27.9990523 ], [ -16.6910919, 27.9990644 ], [ -16.6910535, 27.9990748 ], [ -16.691017, 27.9990861 ], [ -16.6909767, 27.9991055 ], [ -16.6909384, 27.9991277 ], [ -16.6909143, 27.9991496 ], [ -16.6909013, 27.9991606 ], [ -16.6908861, 27.9991662 ], [ -16.6908252, 27.999176 ], [ -16.6907938, 27.99918 ], [ -16.6907623, 27.9991849 ], [ -16.6907502, 27.9991913 ], [ -16.6907394, 27.9992104 ], [ -16.6907275, 27.9992295 ], [ -16.6906823, 27.9992689 ], [ -16.6906583, 27.9992918 ], [ -16.6906352, 27.9993128 ], [ -16.6906049, 27.9993258 ], [ -16.6905735, 27.9993343 ], [ -16.6905442, 27.9993473 ], [ -16.690515, 27.9993612 ], [ -16.6904918, 27.9993768 ], [ -16.6904677, 27.9993925 ], [ -16.6904424, 27.9994018 ], [ -16.6904171, 27.9994093 ], [ -16.6903869, 27.9994287 ], [ -16.6903556, 27.9994453 ], [ -16.6903414, 27.9994437 ], [ -16.690326, 27.9994393 ], [ -16.6902936, 27.9994424 ], [ -16.6902773, 27.9994436 ], [ -16.690262, 27.9994401 ], [ -16.6901942, 27.9993958 ], [ -16.6901664, 27.9993763 ], [ -16.6901357, 27.9993596 ], [ -16.690102, 27.9993555 ], [ -16.6900675, 27.9993586 ], [ -16.6900137, 27.9993647 ], [ -16.6900035, 27.9993594 ], [ -16.689991, 27.9993433 ], [ -16.6899776, 27.9993326 ], [ -16.6899451, 27.999333 ], [ -16.6899127, 27.9993406 ], [ -16.6898855, 27.9993545 ], [ -16.6898582, 27.9993657 ], [ -16.6898206, 27.9993661 ], [ -16.6897829, 27.9993612 ], [ -16.6897462, 27.9993544 ], [ -16.6897094, 27.9993458 ], [ -16.6896286, 27.999318 ], [ -16.6896124, 27.99932 ], [ -16.6895892, 27.9993302 ], [ -16.6895639, 27.9993386 ], [ -16.6895344, 27.9993399 ], [ -16.6895048, 27.999333 ], [ -16.6894955, 27.9993241 ], [ -16.6894881, 27.9993052 ], [ -16.6894787, 27.99929 ], [ -16.689451, 27.9992714 ], [ -16.6894223, 27.9992546 ], [ -16.6893966, 27.9992414 ], [ -16.68937, 27.9992282 ], [ -16.6893464, 27.9992149 ], [ -16.6893229, 27.9992062 ], [ -16.6893138, 27.999209 ], [ -16.6893008, 27.9992245 ], [ -16.689278, 27.9992627 ], [ -16.6892651, 27.9992827 ], [ -16.689256, 27.9992828 ], [ -16.6892404, 27.9992659 ], [ -16.6892322, 27.9992578 ], [ -16.689224, 27.9992552 ], [ -16.6891916, 27.9992638 ], [ -16.6891613, 27.9992795 ], [ -16.6891373, 27.9993014 ], [ -16.6891152, 27.9993234 ], [ -16.6890932, 27.9993444 ], [ -16.689067, 27.9993601 ], [ -16.6890284, 27.9993641 ], [ -16.6889887, 27.999361 ], [ -16.6889603, 27.9993605 ], [ -16.6889307, 27.999359 ], [ -16.6889042, 27.999353 ], [ -16.6888787, 27.9993461 ], [ -16.6888595, 27.9993536 ], [ -16.6888413, 27.9993628 ], [ -16.6888291, 27.9993585 ], [ -16.6888126, 27.9993451 ], [ -16.6887942, 27.9993399 ], [ -16.6887679, 27.9993493 ], [ -16.6887406, 27.9993586 ], [ -16.6887062, 27.9993699 ], [ -16.6886879, 27.9993719 ], [ -16.6886696, 27.9993713 ], [ -16.6886554, 27.9993714 ], [ -16.6886411, 27.9993698 ], [ -16.6886247, 27.9993592 ], [ -16.6886133, 27.999344 ], [ -16.6886029, 27.9993297 ], [ -16.6885945, 27.9993144 ], [ -16.6885861, 27.9992983 ], [ -16.6885767, 27.9992821 ], [ -16.6885684, 27.9992732 ], [ -16.6885581, 27.9992643 ], [ -16.6885448, 27.9992546 ], [ -16.6885314, 27.9992457 ], [ -16.6885181, 27.9992386 ], [ -16.6884576, 27.9992284 ], [ -16.6884145, 27.9992289 ], [ -16.6883768, 27.9992232 ], [ -16.6883571, 27.9992086 ], [ -16.6883373, 27.9991903 ], [ -16.6883342, 27.9991718 ], [ -16.6883368, 27.9991569 ], [ -16.6883479, 27.9991531 ], [ -16.6883701, 27.9991528 ], [ -16.6883937, 27.9991464 ], [ -16.6884089, 27.9991412 ], [ -16.6884142, 27.9991189 ], [ -16.6884165, 27.9990892 ], [ -16.6884273, 27.9990706 ], [ -16.6884536, 27.9990566 ], [ -16.6884731, 27.9990589 ], [ -16.6885259, 27.9990545 ], [ -16.6885369, 27.9990445 ], [ -16.6885381, 27.9990309 ], [ -16.6885401, 27.9989814 ], [ -16.6885385, 27.9989679 ], [ -16.6885341, 27.9989543 ], [ -16.6885268, 27.9989297 ], [ -16.6885211, 27.9989211 ], [ -16.6884985, 27.9989053 ], [ -16.6884803, 27.9988932 ], [ -16.6884577, 27.9988725 ], [ -16.6884366, 27.9988616 ], [ -16.6884113, 27.9988446 ], [ -16.688386, 27.9988326 ], [ -16.6883636, 27.9988242 ], [ -16.6883329, 27.9988171 ], [ -16.6882994, 27.9988126 ], [ -16.6882604, 27.9988094 ], [ -16.6882199, 27.9988179 ], [ -16.6881865, 27.9988283 ], [ -16.6881515, 27.9988339 ], [ -16.6881307, 27.9988376 ], [ -16.6881171, 27.9988395 ], [ -16.6880879, 27.998839 ], [ -16.6880538, 27.9988377 ], [ -16.6880396, 27.9988348 ], [ -16.6880225, 27.9988303 ], [ -16.6880175, 27.9988208 ], [ -16.6880099, 27.9988019 ], [ -16.6880066, 27.9987795 ], [ -16.6880038, 27.9987566 ], [ -16.6879551, 27.9988857 ], [ -16.6877881, 27.9993465 ], [ -16.6871938, 28.0010502 ], [ -16.6870804, 28.0012946 ], [ -16.6868768, 28.0017426 ], [ -16.6868305, 28.0018868 ], [ -16.6867904, 28.0020836 ], [ -16.68671, 28.0024628 ], [ -16.6866391, 28.0027606 ], [ -16.6865284, 28.0032695 ], [ -16.6864928, 28.0034088 ], [ -16.6880923, 28.0056496 ], [ -16.6881274, 28.0056977 ], [ -16.6881615, 28.0057444 ], [ -16.6881713, 28.0057577 ], [ -16.6882096, 28.0058106 ], [ -16.6882217, 28.005826 ], [ -16.688309, 28.0059284 ], [ -16.6883757, 28.0060064 ], [ -16.6884175, 28.0060554 ], [ -16.6884271, 28.0060677 ], [ -16.6884647, 28.0061213 ], [ -16.6885148, 28.0061908 ], [ -16.6885639, 28.0062573 ], [ -16.6886221, 28.006361 ], [ -16.6886278, 28.0063915 ], [ -16.6886362, 28.0064389 ], [ -16.688638, 28.0064641 ], [ -16.6886393, 28.0065018 ], [ -16.6886368, 28.0065347 ], [ -16.688636, 28.0065618 ], [ -16.6886321, 28.0065959 ], [ -16.6886039, 28.0066928 ], [ -16.6885667, 28.0068141 ], [ -16.6885321, 28.0069234 ], [ -16.6885133, 28.0069813 ], [ -16.6885043, 28.0070002 ], [ -16.6884739, 28.0070629 ], [ -16.6884135, 28.0071878 ], [ -16.6883941, 28.0072164 ], [ -16.6883504, 28.0072781 ], [ -16.6883063, 28.0073094 ], [ -16.688266, 28.0073348 ], [ -16.6882138, 28.0073678 ], [ -16.6881458, 28.0073997 ], [ -16.6880922, 28.0074253 ], [ -16.6880319, 28.0074632 ], [ -16.6879987, 28.0074836 ], [ -16.687967, 28.0075125 ], [ -16.6879277, 28.0075579 ], [ -16.6879043, 28.0075845 ], [ -16.6878844, 28.0076081 ], [ -16.6877944, 28.0077187 ], [ -16.6877764, 28.0077399 ], [ -16.6877392, 28.0077802 ], [ -16.6876604, 28.0078659 ], [ -16.687626, 28.0079027 ], [ -16.6875782, 28.0079487 ], [ -16.6875658, 28.007965 ], [ -16.6875396, 28.0079989 ], [ -16.6875115, 28.0080472 ], [ -16.6875067, 28.0080618 ], [ -16.6874981, 28.0080886 ], [ -16.6874962, 28.008133 ], [ -16.6874979, 28.0081707 ], [ -16.6875316, 28.0082803 ], [ -16.6875514, 28.008346 ], [ -16.6875596, 28.0083735 ], [ -16.68756, 28.0084056 ], [ -16.6875534, 28.0084348 ], [ -16.6875302, 28.008465 ], [ -16.6874964, 28.008486 ], [ -16.68747, 28.0085189 ], [ -16.6874526, 28.0085402 ], [ -16.6874432, 28.0085662 ], [ -16.6874422, 28.0086279 ], [ -16.6874435, 28.008654 ], [ -16.6874599, 28.0087273 ], [ -16.6874669, 28.00882 ], [ -16.6874683, 28.0088509 ], [ -16.6874578, 28.0088936 ], [ -16.6874311, 28.0089535 ], [ -16.6874024, 28.0089882 ], [ -16.6873761, 28.0090227 ], [ -16.6873545, 28.009045 ], [ -16.687298, 28.0091023 ], [ -16.6872677, 28.0091412 ], [ -16.6872155, 28.0092454 ], [ -16.6871785, 28.0093668 ], [ -16.6871213, 28.0095438 ], [ -16.6871075, 28.0095873 ], [ -16.6870507, 28.0097358 ], [ -16.687007, 28.0098178 ], [ -16.6869604, 28.009912 ], [ -16.6869287, 28.0099761 ], [ -16.6868931, 28.0100556 ], [ -16.6868719, 28.0101007 ], [ -16.6868662, 28.0101191 ], [ -16.6868362, 28.0102145 ], [ -16.6868165, 28.0102748 ], [ -16.6868114, 28.010289 ], [ -16.6868046, 28.0103036 ], [ -16.6867902, 28.0103334 ], [ -16.6867709, 28.0103743 ], [ -16.6867523, 28.0104226 ], [ -16.6867208, 28.01047 ], [ -16.6866106, 28.010635 ], [ -16.6865688, 28.0107072 ], [ -16.6865086, 28.0108114 ], [ -16.6864591, 28.0108975 ], [ -16.6863934, 28.0110012 ], [ -16.6863812, 28.0110161 ], [ -16.6863404, 28.0110655 ], [ -16.6862923, 28.0111243 ], [ -16.6862785, 28.0111409 ], [ -16.6862602, 28.0111581 ], [ -16.6862031, 28.0112128 ], [ -16.6861529, 28.0112611 ], [ -16.6860659, 28.0113399 ], [ -16.6860625, 28.0113452 ], [ -16.6883989, 28.0127682 ], [ -16.6889538, 28.0127705 ], [ -16.6891051, 28.0127527 ], [ -16.6891875, 28.0127585 ], [ -16.6893242, 28.0127933 ], [ -16.689487, 28.0128552 ], [ -16.689643, 28.0128909 ], [ -16.6897289, 28.0135549 ], [ -16.6915411, 28.0164839 ], [ -16.6914592, 28.0165228 ], [ -16.6914542, 28.0165284 ], [ -16.69145, 28.0165352 ], [ -16.6914436, 28.0165482 ], [ -16.691419, 28.0165642 ], [ -16.6914084, 28.0165715 ], [ -16.6913888, 28.016567 ], [ -16.6913808, 28.0165639 ], [ -16.6913718, 28.0165585 ], [ -16.691353, 28.0165524 ], [ -16.691329, 28.0166055 ], [ -16.6913097, 28.0166301 ], [ -16.6911993, 28.0167735 ], [ -16.6910182, 28.0169483 ], [ -16.6909578, 28.0170058 ], [ -16.6909094, 28.0170379 ], [ -16.690789, 28.0171151 ], [ -16.6907133, 28.0171532 ], [ -16.6906762, 28.0171748 ], [ -16.6905693, 28.0172076 ], [ -16.6905136, 28.0172241 ], [ -16.6903606, 28.0173268 ], [ -16.6902188, 28.0174027 ], [ -16.6901351, 28.0174455 ], [ -16.6899236, 28.0175498 ], [ -16.6897694, 28.0176265 ], [ -16.68969, 28.0176638 ], [ -16.6896246, 28.0176835 ], [ -16.6896015, 28.0176861 ], [ -16.6895483, 28.0176907 ], [ -16.689463, 28.0176894 ], [ -16.6893907, 28.0176667 ], [ -16.6892205, 28.0176301 ], [ -16.6891463, 28.0175971 ], [ -16.6890413, 28.0175259 ], [ -16.6885155, 28.0178936 ], [ -16.6877783, 28.0182195 ], [ -16.6873818, 28.0182198 ], [ -16.687363, 28.0182477 ], [ -16.6873609, 28.0182559 ], [ -16.6873164, 28.0183637 ], [ -16.6873114, 28.0183694 ], [ -16.6872939, 28.0183851 ], [ -16.6872812, 28.0183929 ], [ -16.6872459, 28.0184205 ], [ -16.6872439, 28.0184216 ], [ -16.6872109, 28.0184413 ], [ -16.6872083, 28.018443 ], [ -16.687205, 28.0184442 ], [ -16.6872002, 28.0184458 ], [ -16.6871608, 28.0184555 ], [ -16.6871503, 28.0184569 ], [ -16.6870662, 28.0184578 ], [ -16.6870567, 28.0184568 ], [ -16.687045, 28.0184541 ], [ -16.6870364, 28.0184504 ], [ -16.6870323, 28.0184481 ], [ -16.6869829, 28.0184195 ], [ -16.6869774, 28.0184145 ], [ -16.6869072, 28.0183451 ], [ -16.6868731, 28.0183113 ], [ -16.6867782, 28.0182072 ], [ -16.6866678, 28.0180957 ], [ -16.6866588, 28.0180918 ], [ -16.6866535, 28.0180902 ], [ -16.6866387, 28.018086 ], [ -16.6866325, 28.0180841 ], [ -16.6866239, 28.018083 ], [ -16.686613, 28.018083 ], [ -16.6865931, 28.0180801 ], [ -16.6865847, 28.0180771 ], [ -16.6865658, 28.0180729 ], [ -16.6865568, 28.018072 ], [ -16.6865516, 28.0180723 ], [ -16.6865025, 28.0180743 ], [ -16.6864911, 28.018079 ], [ -16.6864642, 28.018093 ], [ -16.6864526, 28.0181011 ], [ -16.6864437, 28.0181068 ], [ -16.686322, 28.0181756 ], [ -16.6861934, 28.0182564 ], [ -16.6861872, 28.0182629 ], [ -16.6860214, 28.0183625 ], [ -16.6859055, 28.0184281 ], [ -16.6857092, 28.0185727 ], [ -16.6856242, 28.018636 ], [ -16.6856219, 28.0186406 ], [ -16.6855729, 28.0186867 ], [ -16.6855521, 28.0187015 ], [ -16.6853288, 28.0188955 ], [ -16.6852924, 28.0189352 ], [ -16.6852088, 28.0190524 ], [ -16.6851603, 28.0191235 ], [ -16.6850482, 28.0192289 ], [ -16.6850384, 28.0192355 ], [ -16.6849225, 28.0193242 ], [ -16.6848431, 28.0194003 ], [ -16.6848383, 28.0194074 ], [ -16.684803, 28.0194392 ], [ -16.6847926, 28.0194467 ], [ -16.6847543, 28.0194728 ], [ -16.6846419, 28.0195623 ], [ -16.6846365, 28.0195693 ], [ -16.6845599, 28.0196826 ], [ -16.6845509, 28.0196993 ], [ -16.6845417, 28.0197284 ], [ -16.6845309, 28.0197627 ], [ -16.6845079, 28.0198394 ], [ -16.6845013, 28.0198626 ], [ -16.6844966, 28.0198761 ], [ -16.6844855, 28.0198876 ], [ -16.6844642, 28.0199024 ], [ -16.6844434, 28.0199146 ], [ -16.6844284, 28.0199284 ], [ -16.6844055, 28.0199623 ], [ -16.6843965, 28.0199783 ], [ -16.6843928, 28.0199946 ], [ -16.6843689, 28.0200549 ], [ -16.6843612, 28.0200663 ], [ -16.6843427, 28.0201064 ], [ -16.6843351, 28.020122 ], [ -16.6843336, 28.020131 ], [ -16.6843195, 28.0201722 ], [ -16.6842235, 28.0203023 ], [ -16.6842236, 28.0203131 ], [ -16.6842248, 28.0203259 ], [ -16.684236, 28.0204329 ], [ -16.6842413, 28.0204541 ], [ -16.6842436, 28.0204788 ], [ -16.684243, 28.0204849 ], [ -16.6842412, 28.0204899 ], [ -16.6842396, 28.0204945 ], [ -16.6842344, 28.0204992 ], [ -16.6842325, 28.0205042 ], [ -16.6842049, 28.0205421 ], [ -16.6842103, 28.0206116 ], [ -16.6842055, 28.0207508 ], [ -16.6842126, 28.0208913 ], [ -16.684232, 28.0210377 ], [ -16.6842559, 28.021123 ], [ -16.6843049, 28.0212339 ], [ -16.6844124, 28.0215065 ], [ -16.6844323, 28.0215409 ], [ -16.6844936, 28.0216638 ], [ -16.6845505, 28.0217964 ], [ -16.6846193, 28.0219213 ], [ -16.6846407, 28.0219501 ], [ -16.6846471, 28.0219576 ], [ -16.6847333, 28.0220608 ], [ -16.6847381, 28.02207 ], [ -16.684746, 28.0220987 ], [ -16.6847598, 28.0221417 ], [ -16.6847662, 28.022148 ], [ -16.6848568, 28.0222578 ], [ -16.684857, 28.0222703 ], [ -16.6848549, 28.0222854 ], [ -16.6848505, 28.0222977 ], [ -16.6848516, 28.0223047 ], [ -16.6848456, 28.0223184 ], [ -16.6848109, 28.0224522 ], [ -16.6847921, 28.0225065 ], [ -16.6847902, 28.0225135 ], [ -16.6847883, 28.0225555 ], [ -16.6847993, 28.0226726 ], [ -16.6848024, 28.0226842 ], [ -16.6848564, 28.022784 ], [ -16.6850172, 28.0230798 ], [ -16.6850183, 28.0230882 ], [ -16.6851027, 28.0232222 ], [ -16.6852044, 28.0233726 ], [ -16.6852735, 28.023471 ], [ -16.6852946, 28.0234975 ], [ -16.6853317, 28.0235611 ], [ -16.6853758, 28.023636 ], [ -16.6855097, 28.0238919 ], [ -16.6855982, 28.023993 ], [ -16.6856195, 28.024018 ], [ -16.6857189, 28.024119 ], [ -16.6857666, 28.0241752 ], [ -16.6858834, 28.0242788 ], [ -16.6859994, 28.0244008 ], [ -16.6860599, 28.0244492 ], [ -16.6860671, 28.0244526 ], [ -16.6860761, 28.024461 ], [ -16.686175, 28.024511 ], [ -16.6863224, 28.0245636 ], [ -16.6864839, 28.0246358 ], [ -16.6865001, 28.0246449 ], [ -16.6865613, 28.0246992 ], [ -16.686581, 28.024722 ], [ -16.6867031, 28.024829 ], [ -16.6867466, 28.0248614 ], [ -16.6868839, 28.0249383 ], [ -16.6870353, 28.0250138 ], [ -16.6870472, 28.0250218 ], [ -16.6870661, 28.0250315 ], [ -16.6872316, 28.0250432 ], [ -16.6873874, 28.0250666 ], [ -16.6874911, 28.0250912 ], [ -16.6875953, 28.0251248 ], [ -16.6876173, 28.0251286 ], [ -16.6876651, 28.0250838 ], [ -16.6876847, 28.0250973 ], [ -16.6876857, 28.0251159 ], [ -16.6877299, 28.0251363 ], [ -16.6877844, 28.0251406 ], [ -16.6878887, 28.0251597 ], [ -16.6880161, 28.0251697 ], [ -16.688045, 28.025172 ], [ -16.6880981, 28.0251676 ], [ -16.6881488, 28.025157 ], [ -16.6882406, 28.0251565 ], [ -16.6882826, 28.0251339 ], [ -16.6883331, 28.0251161 ], [ -16.6883839, 28.025114 ], [ -16.6884353, 28.0251285 ], [ -16.6884823, 28.0251512 ], [ -16.6885327, 28.0251683 ], [ -16.6886215, 28.025224 ], [ -16.6886742, 28.0252379 ], [ -16.6888265, 28.0252491 ], [ -16.688878, 28.0252438 ], [ -16.6889711, 28.0251996 ], [ -16.689018, 28.0251833 ], [ -16.6891155, 28.0251425 ], [ -16.6892164, 28.0251122 ], [ -16.6892719, 28.0251002 ], [ -16.6892899, 28.0250924 ], [ -16.6892927, 28.0250452 ], [ -16.6892878, 28.0250231 ], [ -16.6893139, 28.0249957 ], [ -16.6893612, 28.0249791 ], [ -16.6894084, 28.0249739 ], [ -16.6895041, 28.024994 ], [ -16.6895532, 28.0249829 ], [ -16.6895945, 28.0249597 ], [ -16.6896418, 28.0249041 ], [ -16.6897241, 28.0248856 ], [ -16.6897426, 28.0248619 ], [ -16.6897432, 28.0248428 ], [ -16.6897788, 28.0248182 ], [ -16.689883, 28.0247931 ], [ -16.6900128, 28.0247736 ], [ -16.6900443, 28.0247373 ], [ -16.6900669, 28.0247164 ], [ -16.6901357, 28.0247062 ], [ -16.6901564, 28.0247367 ], [ -16.6901601, 28.0248057 ], [ -16.6901773, 28.0248098 ], [ -16.6901997, 28.0247838 ], [ -16.6902036, 28.024779 ], [ -16.690214, 28.024738 ], [ -16.6902303, 28.0247155 ], [ -16.6902544, 28.0247086 ], [ -16.6902774, 28.0247173 ], [ -16.6902839, 28.0247441 ], [ -16.6902877, 28.0247616 ], [ -16.6903008, 28.0247672 ], [ -16.6903145, 28.0247714 ], [ -16.6903313, 28.0247804 ], [ -16.6903453, 28.0247902 ], [ -16.6903659, 28.0248076 ], [ -16.6903753, 28.0247914 ], [ -16.690479, 28.0246925 ], [ -16.6905039, 28.0246728 ], [ -16.6905863, 28.0245773 ], [ -16.690626, 28.0245328 ], [ -16.6907417, 28.0244052 ], [ -16.6909885, 28.0241205 ], [ -16.6910244, 28.0240473 ], [ -16.6910702, 28.0239341 ], [ -16.6911059, 28.0236778 ], [ -16.6911255, 28.0234053 ], [ -16.6911888, 28.0230595 ], [ -16.691257, 28.0228545 ], [ -16.6914077, 28.022382 ], [ -16.6915855, 28.0218289 ], [ -16.6917305, 28.0213788 ], [ -16.6918101, 28.0211355 ], [ -16.6918568, 28.0209935 ], [ -16.6918999, 28.0208779 ], [ -16.6919823, 28.0206504 ], [ -16.6920784, 28.0204722 ], [ -16.6922062, 28.0202299 ], [ -16.6925105, 28.0206626 ], [ -16.6928248, 28.021296 ], [ -16.6936997, 28.0212394 ], [ -16.6948578, 28.0213348 ], [ -16.6957977, 28.0209433 ], [ -16.696869, 28.0198562 ], [ -16.700651, 28.0188848 ], [ -16.700761, 28.0187658 ], [ -16.7005328, 28.0185256 ], [ -16.7004591, 28.0183275 ], [ -16.7004419, 28.0172266 ], [ -16.7004168, 28.0169201 ], [ -16.7003935, 28.0167309 ], [ -16.700291, 28.0166964 ], [ -16.7001376, 28.0166257 ], [ -16.6999145, 28.0167008 ], [ -16.699681, 28.0166949 ], [ -16.6994663, 28.0166251 ], [ -16.6985125, 28.0167633 ], [ -16.696884, 28.016666 ], [ -16.6959196, 28.016753 ], [ -16.6959182, 28.0164169 ], [ -16.695932, 28.0163727 ], [ -16.6959478, 28.0163192 ], [ -16.6959486, 28.0159773 ], [ -16.6959545, 28.0159571 ], [ -16.6959722, 28.015898 ], [ -16.6959883, 28.0158629 ], [ -16.6960003, 28.0158407 ], [ -16.6960145, 28.0158185 ], [ -16.6960222, 28.0157853 ], [ -16.6960319, 28.0157429 ], [ -16.696042, 28.0157244 ], [ -16.696056, 28.015693 ], [ -16.6961519, 28.0156036 ], [ -16.6961744, 28.0155831 ], [ -16.6961824, 28.0155646 ], [ -16.6961982, 28.0155185 ], [ -16.6962265, 28.0154759 ], [ -16.6962508, 28.015437 ], [ -16.6962751, 28.0154054 ], [ -16.6962891, 28.0153722 ], [ -16.6963136, 28.0153462 ], [ -16.6963831, 28.0152902 ], [ -16.6964321, 28.0152473 ], [ -16.6964707, 28.0151954 ], [ -16.6964804, 28.0151566 ], [ -16.6964897, 28.0150922 ], [ -16.6964887, 28.0150261 ], [ -16.6964749, 28.014938 ], [ -16.6964528, 28.0148519 ], [ -16.696466, 28.014769 ], [ -16.696513, 28.014728 ], [ -16.6965746, 28.0146942 ], [ -16.6966238, 28.0146605 ], [ -16.6966522, 28.0146252 ], [ -16.6966828, 28.0145936 ], [ -16.696703, 28.014564 ], [ -16.6967294, 28.014525 ], [ -16.6967557, 28.0144861 ], [ -16.6967861, 28.0144453 ], [ -16.6968187, 28.0144155 ], [ -16.6968758, 28.014356 ], [ -16.6969167, 28.0143206 ], [ -16.6969778, 28.0142573 ], [ -16.6970247, 28.0142145 ], [ -16.6970839, 28.0141549 ], [ -16.6971181, 28.0140939 ], [ -16.6971238, 28.0140589 ], [ -16.6971217, 28.0139915 ], [ -16.6971217, 28.0139897 ], [ -16.6971171, 28.0139591 ], [ -16.6971, 28.013907 ], [ -16.6970957, 28.013889 ], [ -16.6970889, 28.0138457 ], [ -16.6970855, 28.0137601 ], [ -16.6970798, 28.0137222 ], [ -16.6970709, 28.0136727 ], [ -16.697062, 28.0136223 ], [ -16.6970561, 28.0135691 ], [ -16.6970512, 28.0135159 ], [ -16.697049, 28.0133787 ], [ -16.6970453, 28.0133373 ], [ -16.6970406, 28.0132967 ], [ -16.6970328, 28.0132499 ], [ -16.6970199, 28.013204 ], [ -16.6970009, 28.0131654 ], [ -16.696978, 28.0131296 ], [ -16.696953, 28.0130938 ], [ -16.6969281, 28.013058 ], [ -16.696903, 28.0130141 ], [ -16.6968839, 28.0129674 ], [ -16.6968719, 28.0129134 ], [ -16.6968721, 28.0128584 ], [ -16.6968835, 28.0128086 ], [ -16.696901, 28.0127578 ], [ -16.6969227, 28.0127152 ], [ -16.6969424, 28.0126725 ], [ -16.6969539, 28.012629 ], [ -16.6969593, 28.0125847 ], [ -16.6969655, 28.012526 ], [ -16.696976, 28.0124158 ], [ -16.6969864, 28.0123705 ], [ -16.6969998, 28.0123198 ], [ -16.6970143, 28.0122747 ], [ -16.6970315, 28.0122362 ], [ -16.6970509, 28.0121843 ], [ -16.6970654, 28.0121414 ], [ -16.697075, 28.0121053 ], [ -16.6970893, 28.0120489 ], [ -16.6971034, 28.0119813 ], [ -16.6971275, 28.0119001 ], [ -16.6971541, 28.0118188 ], [ -16.6971807, 28.0117376 ], [ -16.6971926, 28.0116902 ], [ -16.6971946, 28.0116587 ], [ -16.6972047, 28.0114945 ], [ -16.6972169, 28.0114606 ], [ -16.6972442, 28.0114266 ], [ -16.6973634, 28.0112767 ], [ -16.697423, 28.0111996 ], [ -16.6974502, 28.0111543 ], [ -16.6975235, 28.0110579 ], [ -16.6975994, 28.0109716 ], [ -16.6976535, 28.0109277 ], [ -16.6977227, 28.0108805 ], [ -16.6979251, 28.0107465 ], [ -16.6980382, 28.0106718 ], [ -16.6980837, 28.0106268 ], [ -16.6981136, 28.0105728 ], [ -16.6981752, 28.0104079 ], [ -16.6981976, 28.0103394 ], [ -16.6982072, 28.0102845 ], [ -16.6982091, 28.0102485 ], [ -16.6982081, 28.0101595 ], [ -16.6982039, 28.0101163 ], [ -16.6981947, 28.0100633 ], [ -16.6982057, 28.0100714 ], [ -16.6982821, 28.0101251 ], [ -16.6983106, 28.0101563 ], [ -16.6983565, 28.0102155 ], [ -16.6984385, 28.0103125 ], [ -16.6984786, 28.0103635 ], [ -16.6985382, 28.0104625 ], [ -16.6986047, 28.0105215 ], [ -16.6986752, 28.0106053 ], [ -16.6987138, 28.0106746 ], [ -16.698775, 28.0107603 ], [ -16.6988322, 28.0108227 ], [ -16.6988572, 28.0108673 ], [ -16.6988975, 28.0109299 ], [ -16.6989358, 28.0109876 ], [ -16.6989969, 28.0110583 ], [ -16.6990578, 28.011124 ], [ -16.6991074, 28.0111848 ], [ -16.6991514, 28.0112424 ], [ -16.6992031, 28.0113199 ], [ -16.6992282, 28.0113644 ], [ -16.6992475, 28.0114024 ], [ -16.6992705, 28.0114353 ], [ -16.6993048, 28.0114748 ], [ -16.6993542, 28.011524 ], [ -16.6994149, 28.0115698 ], [ -16.6995169, 28.0116317 ], [ -16.6996312, 28.0116942 ], [ -16.6996851, 28.0117326 ], [ -16.6998938, 28.011907 ], [ -16.6999538, 28.0119727 ], [ -16.7003136, 28.0119342 ], [ -16.7004518, 28.0119158 ], [ -16.7005063, 28.011972 ], [ -16.7005409, 28.0120008 ], [ -16.7005647, 28.0120242 ], [ -16.7005871, 28.0120421 ], [ -16.700611, 28.0120694 ], [ -16.700635, 28.0120984 ], [ -16.7006616, 28.0121337 ], [ -16.7006841, 28.0121636 ], [ -16.7007102, 28.0121966 ], [ -16.7007312, 28.0122279 ], [ -16.7007431, 28.0122526 ], [ -16.7007521, 28.0122805 ], [ -16.7007766, 28.012342 ], [ -16.7008027, 28.0124092 ], [ -16.7008146, 28.0124389 ], [ -16.7007233, 28.0125569 ], [ -16.7006772, 28.0126132 ], [ -16.7006598, 28.012655 ], [ -16.706476, 28.0152532 ], [ -16.7065109, 28.0152732 ], [ -16.7065134, 28.0152835 ], [ -16.7065032, 28.0153013 ], [ -16.7065152, 28.015322 ], [ -16.7065378, 28.0153456 ], [ -16.7065684, 28.0153504 ], [ -16.7066058, 28.0153489 ], [ -16.7066524, 28.0153317 ], [ -16.7066837, 28.0153064 ], [ -16.7066923, 28.0152605 ], [ -16.706706, 28.0152354 ], [ -16.7067304, 28.0152226 ], [ -16.7067538, 28.0152202 ], [ -16.7067913, 28.0152218 ], [ -16.7068104, 28.0152486 ], [ -16.7068143, 28.0152715 ], [ -16.7068124, 28.0153006 ], [ -16.706804, 28.0153579 ], [ -16.7067907, 28.0154069 ], [ -16.7067921, 28.0154204 ], [ -16.7068064, 28.0154379 ], [ -16.7068171, 28.0154471 ], [ -16.70683, 28.0154501 ], [ -16.7068558, 28.0154477 ], [ -16.7068792, 28.0154474 ], [ -16.7069188, 28.0154365 ], [ -16.7069456, 28.0154247 ], [ -16.706957, 28.0154059 ], [ -16.7069634, 28.0153621 ], [ -16.7069637, 28.0153112 ], [ -16.7069764, 28.0152975 ], [ -16.7069973, 28.0152879 ], [ -16.7070173, 28.0152887 ], [ -16.7070384, 28.0152916 ], [ -16.7070675, 28.0152829 ], [ -16.7070849, 28.0152702 ], [ -16.7071087, 28.015221 ], [ -16.7071314, 28.0151719 ], [ -16.7071345, 28.0151469 ], [ -16.7071198, 28.0151055 ], [ -16.7070925, 28.0150829 ], [ -16.7070876, 28.0150664 ], [ -16.7070873, 28.0150466 ], [ -16.7070994, 28.0149976 ], [ -16.7071002, 28.0149737 ], [ -16.7070834, 28.01495 ], [ -16.7070739, 28.0149428 ], [ -16.7070563, 28.014941 ], [ -16.7070135, 28.0149779 ], [ -16.7069768, 28.015023 ], [ -16.7069536, 28.0150379 ], [ -16.7069312, 28.0150319 ], [ -16.7069133, 28.0150134 ], [ -16.7069047, 28.0149865 ], [ -16.7069276, 28.014953 ], [ -16.7069636, 28.0149307 ], [ -16.7069808, 28.0149055 ], [ -16.7069898, 28.0148825 ], [ -16.7069936, 28.0148263 ], [ -16.7070002, 28.0148003 ], [ -16.7070162, 28.0147762 ], [ -16.7070484, 28.0147373 ], [ -16.7070552, 28.0147206 ], [ -16.707036, 28.0146959 ], [ -16.70701, 28.0146775 ], [ -16.7069864, 28.0146684 ], [ -16.7069756, 28.0146529 ], [ -16.7069778, 28.0146415 ], [ -16.7070473, 28.0145949 ], [ -16.7070706, 28.0145863 ], [ -16.7070952, 28.014587 ], [ -16.7071389, 28.0146104 ], [ -16.7071715, 28.0146242 ], [ -16.7071884, 28.0146233 ], [ -16.7072026, 28.0146052 ], [ -16.7072089, 28.0145649 ], [ -16.7071691, 28.0144757 ], [ -16.7071308, 28.0144793 ], [ -16.7071094, 28.0144486 ], [ -16.7071161, 28.0144268 ], [ -16.7071503, 28.0143893 ], [ -16.7071915, 28.0143485 ], [ -16.7072253, 28.01428 ], [ -16.7072739, 28.014264 ], [ -16.7073682, 28.0142721 ], [ -16.7073921, 28.0142439 ], [ -16.7073839, 28.0141636 ], [ -16.7073696, 28.0141452 ], [ -16.7073574, 28.0141423 ], [ -16.7073244, 28.0141504 ], [ -16.7072909, 28.0141292 ], [ -16.7072873, 28.0141168 ], [ -16.7072991, 28.0140935 ], [ -16.7073198, 28.0140808 ], [ -16.7073546, 28.0140789 ], [ -16.7074471, 28.0140839 ], [ -16.7074934, 28.0140323 ], [ -16.7075033, 28.0140012 ], [ -16.7074834, 28.013955 ], [ -16.7074728, 28.0139412 ], [ -16.7074708, 28.0139273 ], [ -16.7074912, 28.0138961 ], [ -16.7074921, 28.0138389 ], [ -16.7074723, 28.013802 ], [ -16.7074542, 28.0137558 ], [ -16.7074276, 28.0137314 ], [ -16.7074013, 28.0137209 ], [ -16.7073952, 28.0136947 ], [ -16.7074229, 28.0136819 ], [ -16.707449, 28.0136762 ], [ -16.7074874, 28.0136827 ], [ -16.7074987, 28.0136787 ], [ -16.7075115, 28.0136623 ], [ -16.7075189, 28.0136336 ], [ -16.7075215, 28.0135794 ], [ -16.7075274, 28.0135638 ], [ -16.7075376, 28.0135498 ], [ -16.707548, 28.0135435 ], [ -16.7075566, 28.0135356 ], [ -16.7075851, 28.0135198 ], [ -16.7076206, 28.0135054 ], [ -16.7076506, 28.0134695 ], [ -16.70765, 28.0134323 ], [ -16.7076007, 28.013402 ], [ -16.7075623, 28.0134025 ], [ -16.7075315, 28.0134369 ], [ -16.7075036, 28.0134342 ], [ -16.7074509, 28.0134101 ], [ -16.7074225, 28.0133826 ], [ -16.7074183, 28.0133362 ], [ -16.7074072, 28.013293 ], [ -16.7074487, 28.0132739 ], [ -16.7075183, 28.0132669 ], [ -16.7076188, 28.0132223 ], [ -16.7076114, 28.0132007 ], [ -16.7075727, 28.0131765 ], [ -16.7075193, 28.0131091 ], [ -16.707494, 28.0130475 ], [ -16.7075075, 28.0130226 ], [ -16.7075504, 28.0130344 ], [ -16.7075807, 28.0130774 ], [ -16.7076139, 28.0130831 ], [ -16.7076798, 28.0130607 ], [ -16.7077166, 28.0130679 ], [ -16.7077389, 28.0130475 ], [ -16.707736, 28.0129733 ], [ -16.7077546, 28.0129375 ], [ -16.7077491, 28.0129175 ], [ -16.7077277, 28.0128914 ], [ -16.7076805, 28.0128796 ], [ -16.7076472, 28.0128692 ], [ -16.7075575, 28.0128193 ], [ -16.7074597, 28.0128162 ], [ -16.7074172, 28.0127887 ], [ -16.7073643, 28.0127645 ], [ -16.7073498, 28.0127336 ], [ -16.7073492, 28.0126994 ], [ -16.7073826, 28.0126379 ], [ -16.7073919, 28.012581 ], [ -16.7073957, 28.0125656 ], [ -16.7074057, 28.0125564 ], [ -16.7074302, 28.0125588 ], [ -16.7075098, 28.0125759 ], [ -16.707532, 28.0125693 ], [ -16.7075531, 28.0125528 ], [ -16.707559, 28.0125347 ], [ -16.7075608, 28.0125247 ], [ -16.7075658, 28.0125201 ], [ -16.7075933, 28.0125189 ], [ -16.7076198, 28.012524 ], [ -16.7076423, 28.0125318 ], [ -16.7076627, 28.0125361 ], [ -16.7076901, 28.0125312 ], [ -16.7077154, 28.0125246 ], [ -16.7077449, 28.0125233 ], [ -16.7077733, 28.0125194 ], [ -16.7077883, 28.0125056 ], [ -16.7077951, 28.0124875 ], [ -16.7077928, 28.012465 ], [ -16.7077884, 28.0124434 ], [ -16.7078012, 28.0124216 ], [ -16.7078072, 28.0124106 ], [ -16.707805, 28.0124007 ], [ -16.7077751, 28.012374 ], [ -16.7077431, 28.0123483 ], [ -16.7077256, 28.0123331 ], [ -16.7077101, 28.0123162 ], [ -16.7077048, 28.0123027 ], [ -16.7077005, 28.0122883 ], [ -16.707693, 28.0122659 ], [ -16.7076866, 28.0122434 ], [ -16.7076761, 28.0122273 ], [ -16.7076597, 28.0122139 ], [ -16.7076505, 28.0122131 ], [ -16.7076353, 28.0122187 ], [ -16.7076211, 28.012218 ], [ -16.7075984, 28.0121984 ], [ -16.7075817, 28.0121743 ], [ -16.7075671, 28.0121501 ], [ -16.7075627, 28.0121249 ], [ -16.7075807, 28.0120443 ], [ -16.7075864, 28.0120154 ], [ -16.7075858, 28.0119793 ], [ -16.7075812, 28.0119442 ], [ -16.7075685, 28.0119136 ], [ -16.7075609, 28.0118839 ], [ -16.7075645, 28.0118577 ], [ -16.7075702, 28.0118324 ], [ -16.7075759, 28.0118043 ], [ -16.7075826, 28.0117772 ], [ -16.707598, 28.0117237 ], [ -16.7076048, 28.0117029 ], [ -16.7076106, 28.0116821 ], [ -16.7076204, 28.0116612 ], [ -16.7076334, 28.011643 ], [ -16.7076493, 28.0116238 ], [ -16.7076674, 28.0116064 ], [ -16.7076934, 28.0115836 ], [ -16.7077237, 28.011566 ], [ -16.7077743, 28.0115501 ], [ -16.7078259, 28.0115368 ], [ -16.7078613, 28.0115255 ], [ -16.7078947, 28.0115125 ], [ -16.7079178, 28.0114986 ], [ -16.7079379, 28.0114812 ], [ -16.7079698, 28.0114411 ], [ -16.7079919, 28.011421 ], [ -16.7080181, 28.0114062 ], [ -16.7080486, 28.0114041 ], [ -16.7080801, 28.0114064 ], [ -16.7080973, 28.011398 ], [ -16.7081135, 28.0113924 ], [ -16.7081278, 28.0113995 ], [ -16.7081474, 28.01142 ], [ -16.7081691, 28.0114378 ], [ -16.7081988, 28.0114509 ], [ -16.7082141, 28.0114544 ], [ -16.7082283, 28.0114533 ], [ -16.7082606, 28.0114375 ], [ -16.7083088, 28.0114008 ], [ -16.7083269, 28.0113853 ], [ -16.7083671, 28.0113541 ], [ -16.7083743, 28.0112953 ], [ -16.7083587, 28.0112766 ], [ -16.7083422, 28.0112578 ], [ -16.7083257, 28.0112454 ], [ -16.708292, 28.0112368 ], [ -16.7082564, 28.0112336 ], [ -16.7082096, 28.0112324 ], [ -16.7081638, 28.011233 ], [ -16.7080653, 28.0112378 ], [ -16.7080236, 28.0112374 ], [ -16.7079829, 28.0112361 ], [ -16.7079271, 28.0112449 ], [ -16.7078745, 28.0112627 ], [ -16.7078462, 28.0112748 ], [ -16.707822, 28.0112905 ], [ -16.707739, 28.0113754 ], [ -16.7077179, 28.0113955 ], [ -16.7076959, 28.0114148 ], [ -16.7076777, 28.011424 ], [ -16.7076472, 28.0114271 ], [ -16.7076156, 28.011423 ], [ -16.707588, 28.0114134 ], [ -16.7075664, 28.0113956 ], [ -16.7075527, 28.0113642 ], [ -16.707541, 28.0113337 ], [ -16.7075231, 28.0112951 ], [ -16.7075042, 28.0112565 ], [ -16.7074724, 28.0111757 ], [ -16.7074554, 28.011128 ], [ -16.7074443, 28.0110695 ], [ -16.7074348, 28.0110462 ], [ -16.7074212, 28.0110247 ], [ -16.7074028, 28.0110141 ], [ -16.7073843, 28.0110017 ], [ -16.7073747, 28.0109765 ], [ -16.7073692, 28.0109495 ], [ -16.7073677, 28.0109198 ], [ -16.7073652, 28.0108891 ], [ -16.7073536, 28.0108622 ], [ -16.707343, 28.0108352 ], [ -16.7073362, 28.0107902 ], [ -16.7073357, 28.0107577 ], [ -16.7073301, 28.0107262 ], [ -16.7073166, 28.0107092 ], [ -16.7072848, 28.0106916 ], [ -16.707252, 28.0106739 ], [ -16.707218, 28.0106491 ], [ -16.7071851, 28.0106242 ], [ -16.7071543, 28.0106047 ], [ -16.7071215, 28.0105889 ], [ -16.7070439, 28.0105682 ], [ -16.7070051, 28.0105569 ], [ -16.7069672, 28.010543 ], [ -16.7069476, 28.010527 ], [ -16.7069351, 28.0105037 ], [ -16.7069266, 28.0104803 ], [ -16.7069252, 28.010456 ], [ -16.7069385, 28.0104007 ], [ -16.706932, 28.0103755 ], [ -16.7069144, 28.0103514 ], [ -16.7068784, 28.0103284 ], [ -16.7068396, 28.0103162 ], [ -16.706758, 28.0103001 ], [ -16.7067294, 28.0102914 ], [ -16.7067026, 28.010271 ], [ -16.7066809, 28.0102469 ], [ -16.7066188, 28.0101827 ], [ -16.7065961, 28.0101622 ], [ -16.7065755, 28.0101408 ], [ -16.7065558, 28.0101158 ], [ -16.7065401, 28.0100898 ], [ -16.7065222, 28.0100503 ], [ -16.7065022, 28.0100118 ], [ -16.7064815, 28.0099858 ], [ -16.7064588, 28.0099618 ], [ -16.7064133, 28.009919 ], [ -16.7063946, 28.009894 ], [ -16.7063841, 28.0098688 ], [ -16.7063869, 28.0098562 ], [ -16.7064049, 28.0098379 ], [ -16.7064158, 28.0098188 ], [ -16.7064164, 28.0097899 ], [ -16.7064098, 28.0097602 ], [ -16.7063992, 28.0097351 ], [ -16.7063856, 28.00971 ], [ -16.70637, 28.0096849 ], [ -16.7063493, 28.0096626 ], [ -16.7063237, 28.0096548 ], [ -16.7062952, 28.0096506 ], [ -16.7062798, 28.00964 ], [ -16.7062674, 28.0096284 ], [ -16.7062632, 28.0096176 ], [ -16.7062669, 28.0095977 ], [ -16.7062768, 28.0095814 ], [ -16.7063021, 28.0095729 ], [ -16.7063143, 28.0095692 ], [ -16.7063243, 28.0095627 ], [ -16.7063729, 28.0094845 ], [ -16.7063898, 28.0094581 ], [ -16.7064078, 28.0094371 ], [ -16.7064227, 28.0094153 ], [ -16.7064244, 28.0093954 ], [ -16.7064137, 28.0093631 ], [ -16.706398, 28.0093317 ], [ -16.7063699, 28.0092905 ], [ -16.7063584, 28.0092699 ], [ -16.706355, 28.0092483 ], [ -16.7063643, 28.0091931 ], [ -16.7063699, 28.009166 ], [ -16.7063746, 28.0091379 ], [ -16.7063672, 28.00912 ], [ -16.7063518, 28.0091102 ], [ -16.7062894, 28.0090902 ], [ -16.7062517, 28.0090853 ], [ -16.7062324, 28.0090837 ], [ -16.706215, 28.0090767 ], [ -16.7061829, 28.0090437 ], [ -16.706162, 28.0090052 ], [ -16.7061576, 28.0089845 ], [ -16.7061591, 28.0089502 ], [ -16.7061568, 28.0089348 ], [ -16.7061465, 28.0089223 ], [ -16.7061167, 28.0089083 ], [ -16.7060861, 28.0088978 ], [ -16.7060574, 28.0088837 ], [ -16.7060317, 28.0088651 ], [ -16.706013, 28.008841 ], [ -16.7060024, 28.0088131 ], [ -16.7060018, 28.0087743 ], [ -16.7060022, 28.0087364 ], [ -16.7059906, 28.0087122 ], [ -16.7059801, 28.008688 ], [ -16.7059796, 28.0086591 ], [ -16.7059863, 28.0086301 ], [ -16.7059999, 28.0085947 ], [ -16.7060146, 28.0085594 ], [ -16.7060273, 28.0085267 ], [ -16.706038, 28.008495 ], [ -16.7060396, 28.0084652 ], [ -16.706031, 28.0084337 ], [ -16.7060213, 28.0084032 ], [ -16.706013, 28.0083897 ], [ -16.7060007, 28.0083854 ], [ -16.7059652, 28.0083921 ], [ -16.7058904, 28.0084174 ], [ -16.7058509, 28.0084287 ], [ -16.7058164, 28.008431 ], [ -16.7057827, 28.0084278 ], [ -16.7057471, 28.0084237 ], [ -16.7057124, 28.0084187 ], [ -16.7056808, 28.008411 ], [ -16.7056501, 28.0083969 ], [ -16.7056213, 28.0083783 ], [ -16.705612, 28.0083676 ], [ -16.7056098, 28.0083559 ], [ -16.7056235, 28.0083224 ], [ -16.7056392, 28.0082897 ], [ -16.705654, 28.008257 ], [ -16.7056697, 28.0082252 ], [ -16.7056725, 28.0082089 ], [ -16.7056681, 28.0081837 ], [ -16.7056534, 28.0081586 ], [ -16.7056276, 28.0081301 ], [ -16.7055927, 28.0081125 ], [ -16.7055367, 28.0081059 ], [ -16.7054808, 28.0081075 ], [ -16.7054463, 28.0081143 ], [ -16.7054128, 28.0081183 ], [ -16.7053801, 28.0081097 ], [ -16.7053493, 28.008092 ], [ -16.7053318, 28.0080742 ], [ -16.7053132, 28.0080564 ], [ -16.7052639, 28.0080281 ], [ -16.7052147, 28.0080007 ], [ -16.7051807, 28.0079759 ], [ -16.7051478, 28.0079528 ], [ -16.7051181, 28.007936 ], [ -16.7050874, 28.007922 ], [ -16.7050546, 28.0079097 ], [ -16.7050219, 28.0078984 ], [ -16.704982, 28.0078818 ], [ -16.7049411, 28.0078669 ], [ -16.7049003, 28.0078629 ], [ -16.7048587, 28.0078671 ], [ -16.7048222, 28.0078711 ], [ -16.7047856, 28.0078761 ], [ -16.7047684, 28.0078772 ], [ -16.7047369, 28.0078776 ], [ -16.7047286, 28.0078723 ], [ -16.7047243, 28.0078552 ], [ -16.70472, 28.007839 ], [ -16.7047584, 28.0078268 ], [ -16.7048355, 28.0078114 ], [ -16.704869, 28.007811 ], [ -16.7049037, 28.0078178 ], [ -16.7049466, 28.0078308 ], [ -16.7049885, 28.0078429 ], [ -16.7050679, 28.0078509 ], [ -16.7051005, 28.0078523 ], [ -16.7051341, 28.0078519 ], [ -16.7051562, 28.0078408 ], [ -16.7051732, 28.0078225 ], [ -16.7051841, 28.0078007 ], [ -16.7052074, 28.0077941 ], [ -16.7052328, 28.0077965 ], [ -16.7052594, 28.0078061 ], [ -16.705287, 28.0078148 ], [ -16.7053378, 28.0078124 ], [ -16.7053654, 28.007822 ], [ -16.705394, 28.0078306 ], [ -16.7054204, 28.0078276 ], [ -16.7054468, 28.0078237 ], [ -16.7054733, 28.0078287 ], [ -16.7054988, 28.0078329 ], [ -16.705518, 28.0078264 ], [ -16.7055341, 28.0078126 ], [ -16.705538, 28.0078018 ], [ -16.7055347, 28.0077847 ], [ -16.7055243, 28.0077703 ], [ -16.7054995, 28.0077445 ], [ -16.7054313, 28.0076776 ], [ -16.7054086, 28.0076599 ], [ -16.705382, 28.0076467 ], [ -16.7053626, 28.0076433 ], [ -16.7053312, 28.0076482 ], [ -16.7053008, 28.0076567 ], [ -16.7052756, 28.0076705 ], [ -16.7052494, 28.0076835 ], [ -16.705225, 28.0076847 ], [ -16.7051994, 28.0076769 ], [ -16.7051645, 28.0076539 ], [ -16.7051437, 28.0076235 ], [ -16.7051401, 28.007591 ], [ -16.7051488, 28.0075593 ], [ -16.7051743, 28.0075048 ], [ -16.7051858, 28.0074605 ], [ -16.7051933, 28.0074153 ], [ -16.7051804, 28.007373 ], [ -16.7051944, 28.0073548 ], [ -16.7052034, 28.0073456 ], [ -16.7052053, 28.0073366 ], [ -16.7051968, 28.0073159 ], [ -16.7051822, 28.0072963 ], [ -16.7051657, 28.0072802 ], [ -16.7051492, 28.0072651 ], [ -16.7051437, 28.0072381 ], [ -16.7051415, 28.0072255 ], [ -16.7051332, 28.0072175 ], [ -16.7050689, 28.007202 ], [ -16.7049964, 28.0071831 ], [ -16.7049738, 28.0071671 ], [ -16.7049592, 28.0071429 ], [ -16.7049586, 28.0071086 ], [ -16.7049611, 28.0070743 ], [ -16.7049546, 28.0070455 ], [ -16.7049473, 28.0070338 ], [ -16.704936, 28.007025 ], [ -16.7048992, 28.0070155 ], [ -16.7048615, 28.0070087 ], [ -16.7048298, 28.007001 ], [ -16.7047962, 28.0069951 ], [ -16.7047433, 28.0069922 ], [ -16.7047278, 28.0069806 ], [ -16.7047174, 28.0069645 ], [ -16.7047162, 28.0069501 ], [ -16.7047219, 28.0069274 ], [ -16.7047216, 28.0069058 ], [ -16.704707, 28.0068879 ], [ -16.7046875, 28.0068737 ], [ -16.7046609, 28.0068668 ], [ -16.7046364, 28.0068599 ], [ -16.7046158, 28.006843 ], [ -16.7045816, 28.0067983 ], [ -16.7045773, 28.0067866 ], [ -16.7045782, 28.0067758 ], [ -16.704591, 28.0067504 ], [ -16.7046069, 28.0067258 ], [ -16.7046347, 28.0066876 ], [ -16.7046565, 28.0066503 ], [ -16.7046533, 28.0066422 ], [ -16.7046379, 28.0066325 ], [ -16.7046022, 28.0066212 ], [ -16.7045848, 28.0066169 ], [ -16.7045695, 28.0066107 ], [ -16.7045551, 28.006601 ], [ -16.7045437, 28.0065867 ], [ -16.7045353, 28.0065724 ], [ -16.7045197, 28.0065482 ], [ -16.7045144, 28.0065365 ], [ -16.7045152, 28.0065248 ], [ -16.7045252, 28.0065102 ], [ -16.7045361, 28.0064965 ], [ -16.7045501, 28.0064819 ], [ -16.7045611, 28.0064664 ], [ -16.7045659, 28.0064465 ], [ -16.7045686, 28.0064266 ], [ -16.7045761, 28.0063886 ], [ -16.7045838, 28.0063561 ], [ -16.7045785, 28.0063462 ], [ -16.7045611, 28.0063365 ], [ -16.7045406, 28.0063277 ], [ -16.7044946, 28.0063093 ], [ -16.7044505, 28.0062882 ], [ -16.7044361, 28.0062776 ], [ -16.7044217, 28.006266 ], [ -16.7044093, 28.0062526 ], [ -16.7043969, 28.0062411 ], [ -16.7043826, 28.0062376 ], [ -16.7043574, 28.0062506 ], [ -16.7043353, 28.0062698 ], [ -16.7043255, 28.0062925 ], [ -16.7043157, 28.0063143 ], [ -16.7042967, 28.0063353 ], [ -16.7042715, 28.0063518 ], [ -16.7042462, 28.0063611 ], [ -16.7042199, 28.0063651 ], [ -16.7041975, 28.0063663 ], [ -16.7041751, 28.0063611 ], [ -16.7041494, 28.006347 ], [ -16.7041308, 28.0063274 ], [ -16.7041182, 28.006305 ], [ -16.7041067, 28.0062826 ], [ -16.704085, 28.0062603 ], [ -16.7040573, 28.0062444 ], [ -16.7040247, 28.0062384 ], [ -16.7039911, 28.0062398 ], [ -16.7039617, 28.0062455 ], [ -16.7039323, 28.0062522 ], [ -16.7039081, 28.0062597 ], [ -16.7038848, 28.0062682 ], [ -16.7038554, 28.0062748 ], [ -16.7038259, 28.0062743 ], [ -16.7038064, 28.0062628 ], [ -16.7037919, 28.0062449 ], [ -16.7037805, 28.0062288 ], [ -16.7037721, 28.0062118 ], [ -16.7037686, 28.0061839 ], [ -16.7037732, 28.0061567 ], [ -16.70378, 28.0061368 ], [ -16.7037909, 28.0061186 ], [ -16.703807, 28.0061031 ], [ -16.7038261, 28.0060902 ], [ -16.7038573, 28.0060727 ], [ -16.7038897, 28.0060632 ], [ -16.7039224, 28.0060709 ], [ -16.7039551, 28.0060823 ], [ -16.7039734, 28.0060848 ], [ -16.7039927, 28.0060845 ], [ -16.704012, 28.0060789 ], [ -16.7040281, 28.0060669 ], [ -16.7040349, 28.006047 ], [ -16.7040295, 28.0060263 ], [ -16.7040191, 28.0060138 ], [ -16.7040107, 28.0060004 ], [ -16.7040135, 28.0059832 ], [ -16.7040214, 28.005965 ], [ -16.7040342, 28.0059405 ], [ -16.704048, 28.0059151 ], [ -16.7040579, 28.0058942 ], [ -16.7040667, 28.0058724 ], [ -16.7040724, 28.0058471 ], [ -16.7040712, 28.0058345 ], [ -16.7040618, 28.0058219 ], [ -16.7040393, 28.0058096 ], [ -16.7040159, 28.0058117 ], [ -16.7039937, 28.0058201 ], [ -16.7039715, 28.0058303 ], [ -16.7039553, 28.0058395 ], [ -16.7039382, 28.0058496 ], [ -16.7039285, 28.0058804 ], [ -16.7039093, 28.0058861 ], [ -16.7038899, 28.00588 ], [ -16.7038692, 28.0058604 ], [ -16.7038506, 28.005839 ], [ -16.7038339, 28.0058139 ], [ -16.7038172, 28.005788 ], [ -16.7038096, 28.0057565 ], [ -16.7037992, 28.0057422 ], [ -16.7037828, 28.0057324 ], [ -16.7037664, 28.0057218 ], [ -16.7036602, 28.0057592 ], [ -16.7036267, 28.0057632 ], [ -16.7035932, 28.0057664 ], [ -16.7035636, 28.0057622 ], [ -16.703537, 28.0057481 ], [ -16.7035174, 28.005733 ], [ -16.7034969, 28.0057179 ], [ -16.7034629, 28.0056922 ], [ -16.7034506, 28.0056887 ], [ -16.7034304, 28.0056971 ], [ -16.7034103, 28.0057082 ], [ -16.7033861, 28.0057211 ], [ -16.703364, 28.0057376 ], [ -16.703352, 28.0057549 ], [ -16.7033452, 28.0057722 ], [ -16.7033475, 28.0057875 ], [ -16.7033457, 28.0058028 ], [ -16.7033185, 28.0058194 ], [ -16.703291, 28.0058198 ], [ -16.7032654, 28.0058101 ], [ -16.7032399, 28.0057996 ], [ -16.7032204, 28.0057899 ], [ -16.7031999, 28.0057803 ], [ -16.7031846, 28.0057796 ], [ -16.7031614, 28.0057871 ], [ -16.7031371, 28.0057937 ], [ -16.7031126, 28.0057931 ], [ -16.7030892, 28.005788 ], [ -16.7030605, 28.0057748 ], [ -16.7030348, 28.0057561 ], [ -16.7030183, 28.0057401 ], [ -16.7030027, 28.0057232 ], [ -16.7029902, 28.0057034 ], [ -16.7029859, 28.0056846 ], [ -16.7029958, 28.0056718 ], [ -16.7030078, 28.0056572 ], [ -16.7030186, 28.0056354 ], [ -16.7030295, 28.0056127 ], [ -16.7030342, 28.0055928 ], [ -16.7030431, 28.0055746 ], [ -16.7030602, 28.0055618 ], [ -16.7030783, 28.0055498 ], [ -16.7030964, 28.005537 ], [ -16.7031155, 28.0055241 ], [ -16.7031205, 28.0055168 ], [ -16.7031203, 28.0055015 ], [ -16.7031129, 28.0054871 ], [ -16.7030964, 28.0054702 ], [ -16.7030759, 28.0054623 ], [ -16.7030566, 28.0054617 ], [ -16.7030373, 28.0054619 ], [ -16.7030108, 28.0054613 ], [ -16.7029844, 28.0054598 ], [ -16.702967, 28.0054574 ], [ -16.7029496, 28.0054494 ], [ -16.7029363, 28.0054397 ], [ -16.7029279, 28.0054281 ], [ -16.7029266, 28.0054082 ], [ -16.7029273, 28.0053884 ], [ -16.7029199, 28.0053686 ], [ -16.7029084, 28.0053489 ], [ -16.7028754, 28.0053222 ], [ -16.702862, 28.0053097 ], [ -16.7028496, 28.0052964 ], [ -16.702836, 28.0052731 ], [ -16.7028305, 28.005247 ], [ -16.7028303, 28.0052325 ], [ -16.7028321, 28.0052181 ], [ -16.702837, 28.0052063 ], [ -16.7028378, 28.0051945 ], [ -16.7028224, 28.0051812 ], [ -16.7028009, 28.0051742 ], [ -16.7027663, 28.005171 ], [ -16.7027316, 28.005167 ], [ -16.7027061, 28.005161 ], [ -16.7026806, 28.0051541 ], [ -16.7026601, 28.0051471 ], [ -16.7026437, 28.0051347 ], [ -16.7026332, 28.0051176 ], [ -16.7026279, 28.0050997 ], [ -16.7026234, 28.0050744 ], [ -16.702618, 28.0050501 ], [ -16.7026136, 28.0050339 ], [ -16.7026073, 28.0050178 ], [ -16.7025969, 28.0050026 ], [ -16.7025854, 28.0049874 ], [ -16.702577, 28.0049703 ], [ -16.7025809, 28.0049549 ], [ -16.7025827, 28.0049405 ], [ -16.7025732, 28.0049225 ], [ -16.7025557, 28.0049083 ], [ -16.7025332, 28.0048969 ], [ -16.7025098, 28.0048981 ], [ -16.7024796, 28.0049183 ], [ -16.7024617, 28.0049456 ], [ -16.702464, 28.0049582 ], [ -16.7024723, 28.0049716 ], [ -16.7024857, 28.0049796 ], [ -16.702495, 28.0049894 ], [ -16.7024942, 28.0050038 ], [ -16.7024934, 28.0050183 ], [ -16.7024957, 28.0050336 ], [ -16.7024969, 28.0050498 ], [ -16.702487, 28.0050635 ], [ -16.7024698, 28.0050727 ], [ -16.7024516, 28.0050784 ], [ -16.7024333, 28.0050786 ], [ -16.7024119, 28.0050753 ], [ -16.7023904, 28.0050665 ], [ -16.702373, 28.0050541 ], [ -16.7023625, 28.0050389 ], [ -16.7023562, 28.0050254 ], [ -16.7023519, 28.0050101 ], [ -16.7023507, 28.0049948 ], [ -16.7023463, 28.0049786 ], [ -16.7023289, 28.0049662 ], [ -16.7023084, 28.0049592 ], [ -16.7022931, 28.0049567 ], [ -16.7022788, 28.0049533 ], [ -16.7022584, 28.0049481 ], [ -16.7022399, 28.0049366 ], [ -16.7022326, 28.0049259 ], [ -16.7022314, 28.0049141 ], [ -16.7022312, 28.0048979 ], [ -16.702235, 28.0048816 ], [ -16.7022419, 28.004868 ], [ -16.7022498, 28.0048534 ], [ -16.7022627, 28.0048343 ], [ -16.7022605, 28.0048217 ], [ -16.7022461, 28.0048093 ], [ -16.7022338, 28.0048067 ], [ -16.7022207, 28.0048123 ], [ -16.7022076, 28.0048224 ], [ -16.7021915, 28.0048316 ], [ -16.7021672, 28.0048364 ], [ -16.7021428, 28.0048385 ], [ -16.7021194, 28.0048397 ], [ -16.702096, 28.0048355 ], [ -16.7020734, 28.0048231 ], [ -16.7020519, 28.0048108 ], [ -16.7020252, 28.0047967 ], [ -16.7020039, 28.0047969 ], [ -16.7019817, 28.004808 ], [ -16.7019676, 28.0048172 ], [ -16.7019535, 28.0048255 ], [ -16.7019018, 28.0048388 ], [ -16.7018865, 28.0048381 ], [ -16.7018732, 28.0048274 ], [ -16.7018719, 28.0048148 ], [ -16.7019281, 28.0047672 ], [ -16.7019299, 28.0047527 ], [ -16.7019195, 28.0047375 ], [ -16.7019092, 28.0047259 ], [ -16.7018998, 28.0047134 ], [ -16.7018986, 28.0046962 ], [ -16.7019013, 28.0046791 ], [ -16.7019051, 28.004661 ], [ -16.701914, 28.0046455 ], [ -16.7019291, 28.0046327 ], [ -16.7019452, 28.0046226 ], [ -16.7019623, 28.0046124 ], [ -16.7019784, 28.0046023 ], [ -16.7019914, 28.0045841 ], [ -16.7020012, 28.0045641 ], [ -16.7020132, 28.0045486 ], [ -16.7020296, 28.0045556 ], [ -16.7020461, 28.0045708 ], [ -16.7020604, 28.0045796 ], [ -16.7020758, 28.0045866 ], [ -16.7020921, 28.0045901 ], [ -16.7021073, 28.0045845 ], [ -16.7021173, 28.0045735 ], [ -16.7021242, 28.0045599 ], [ -16.7021351, 28.0045444 ], [ -16.7021359, 28.004529 ], [ -16.7021226, 28.004522 ], [ -16.7021063, 28.0045186 ], [ -16.702089, 28.0045188 ], [ -16.7020717, 28.0045172 ], [ -16.7020573, 28.0045093 ], [ -16.702049, 28.0044967 ], [ -16.7020497, 28.0044814 ], [ -16.7020515, 28.004466 ], [ -16.7020452, 28.0044507 ], [ -16.7020399, 28.0044346 ], [ -16.7019816, 28.0044163 ], [ -16.7019672, 28.0044084 ], [ -16.7019529, 28.0043995 ], [ -16.7019355, 28.0043971 ], [ -16.7019172, 28.0043964 ], [ -16.7019039, 28.0043911 ], [ -16.7018977, 28.0043858 ], [ -16.7019098, 28.0043766 ], [ -16.701928, 28.0043674 ], [ -16.7019461, 28.004359 ], [ -16.7019633, 28.0043516 ], [ -16.7019784, 28.0043442 ], [ -16.7019926, 28.0043377 ], [ -16.7020087, 28.0043294 ], [ -16.7020249, 28.0043228 ], [ -16.7020348, 28.0043101 ], [ -16.7020346, 28.0042956 ], [ -16.7020008, 28.0042762 ], [ -16.7019883, 28.0042601 ], [ -16.7019789, 28.0042422 ], [ -16.7019756, 28.0042269 ], [ -16.7019733, 28.0042116 ], [ -16.7019719, 28.0041899 ], [ -16.7019696, 28.0041683 ], [ -16.7019734, 28.004152 ], [ -16.7019731, 28.0041367 ], [ -16.7019577, 28.0041251 ], [ -16.7019373, 28.0041182 ], [ -16.7019148, 28.0041112 ], [ -16.7018933, 28.0041034 ], [ -16.7018727, 28.0040892 ], [ -16.7018326, 28.0040599 ], [ -16.7018131, 28.0040448 ], [ -16.7017935, 28.0040306 ], [ -16.701773, 28.0040164 ], [ -16.7017494, 28.0040023 ], [ -16.7017258, 28.003989 ], [ -16.7017022, 28.0039776 ], [ -16.7016788, 28.0039752 ], [ -16.7016637, 28.0039862 ], [ -16.7016497, 28.0040026 ], [ -16.7016418, 28.0040162 ], [ -16.7016318, 28.0040308 ], [ -16.7016128, 28.0040473 ], [ -16.7015896, 28.0040611 ], [ -16.7015684, 28.0040677 ], [ -16.701547, 28.0040688 ], [ -16.7015297, 28.0040663 ], [ -16.7015134, 28.0040611 ], [ -16.7014959, 28.0040523 ], [ -16.7014856, 28.0040407 ], [ -16.7014863, 28.0040191 ], [ -16.7014958, 28.0039774 ], [ -16.7014995, 28.0039566 ], [ -16.7014962, 28.0039377 ], [ -16.7014772, 28.0038973 ], [ -16.7014606, 28.0038777 ], [ -16.701432, 28.0038636 ], [ -16.7014014, 28.0038595 ], [ -16.7013719, 28.0038589 ], [ -16.7013414, 28.0038611 ], [ -16.701314, 28.0038641 ], [ -16.7012867, 28.0038726 ], [ -16.7012697, 28.0038936 ], [ -16.7012559, 28.0039172 ], [ -16.7012348, 28.0039346 ], [ -16.7012116, 28.0039502 ], [ -16.7011874, 28.0039623 ], [ -16.7011753, 28.0039642 ], [ -16.701166, 28.0039589 ], [ -16.7011637, 28.0039418 ], [ -16.7011665, 28.0039237 ], [ -16.7011642, 28.0039075 ], [ -16.7011558, 28.0038923 ], [ -16.7011292, 28.00388 ], [ -16.7011006, 28.0038749 ], [ -16.7010792, 28.0038716 ], [ -16.7010569, 28.0038709 ], [ -16.7010397, 28.0038784 ], [ -16.7010226, 28.0038885 ], [ -16.7010084, 28.0038923 ], [ -16.7009941, 28.0038916 ], [ -16.7009828, 28.00388 ], [ -16.7009815, 28.0038656 ], [ -16.7009975, 28.00385 ], [ -16.7010187, 28.0038353 ], [ -16.7010339, 28.0038315 ], [ -16.7010378, 28.0038215 ], [ -16.7010334, 28.0038035 ], [ -16.701023, 28.0037874 ], [ -16.7009981, 28.003757 ], [ -16.7009907, 28.0037382 ], [ -16.7009823, 28.003722 ], [ -16.7009731, 28.0037204 ], [ -16.700956, 28.0037278 ], [ -16.7009399, 28.0037397 ], [ -16.7009229, 28.0037562 ], [ -16.7009058, 28.0037708 ], [ -16.7008845, 28.0037765 ], [ -16.7008643, 28.003784 ], [ -16.7008453, 28.0038032 ], [ -16.7008304, 28.003825 ], [ -16.7008256, 28.0038431 ], [ -16.7008167, 28.0038604 ], [ -16.7007996, 28.0038687 ], [ -16.7007823, 28.003868 ], [ -16.7007373, 28.0038523 ], [ -16.7006882, 28.0038367 ], [ -16.7006679, 28.0038369 ], [ -16.7006518, 28.0038471 ], [ -16.7006489, 28.0038552 ], [ -16.7006562, 28.0038669 ], [ -16.7006645, 28.0038785 ], [ -16.7006738, 28.0038901 ], [ -16.700676, 28.0039018 ], [ -16.700659, 28.0039174 ], [ -16.7006477, 28.0039103 ], [ -16.7006363, 28.0038978 ], [ -16.700631, 28.0038816 ], [ -16.7006236, 28.0038682 ], [ -16.7006073, 28.0038639 ], [ -16.700591, 28.003865 ], [ -16.7005708, 28.0038715 ], [ -16.7005506, 28.0038772 ], [ -16.7005261, 28.0038721 ], [ -16.7005239, 28.0038658 ], [ -16.700534, 28.0038557 ], [ -16.7005429, 28.0038448 ], [ -16.7005448, 28.0038312 ], [ -16.7005435, 28.0038186 ], [ -16.7005321, 28.0037998 ], [ -16.7005165, 28.0037829 ], [ -16.700496, 28.0037669 ], [ -16.7004734, 28.0037563 ], [ -16.7004419, 28.0037567 ], [ -16.7004095, 28.003767 ], [ -16.7003823, 28.0037791 ], [ -16.7003581, 28.0037938 ], [ -16.7003322, 28.0038267 ], [ -16.7003089, 28.0038342 ], [ -16.7002845, 28.0038336 ], [ -16.7002591, 28.0038339 ], [ -16.7002369, 28.003845 ], [ -16.7002178, 28.0038633 ], [ -16.700208, 28.0038841 ], [ -16.7002043, 28.003905 ], [ -16.7002116, 28.0039184 ], [ -16.7002179, 28.0039337 ], [ -16.7002172, 28.0039517 ], [ -16.7002083, 28.003969 ], [ -16.7001872, 28.0039855 ], [ -16.700164, 28.0039975 ], [ -16.7001458, 28.0040059 ], [ -16.7001266, 28.0040133 ], [ -16.7001023, 28.004019 ], [ -16.7000779, 28.0040202 ], [ -16.7000514, 28.0040142 ], [ -16.7000258, 28.0040046 ], [ -16.7000064, 28.0039958 ], [ -16.6999879, 28.0039861 ], [ -16.6999734, 28.0039701 ], [ -16.6999509, 28.0039568 ], [ -16.6999081, 28.0039555 ], [ -16.6998897, 28.0039477 ], [ -16.6998732, 28.0039352 ], [ -16.6998627, 28.0039146 ], [ -16.6998666, 28.0038992 ], [ -16.6998745, 28.0038829 ], [ -16.6998834, 28.0038692 ], [ -16.6998934, 28.0038583 ], [ -16.6999025, 28.0038581 ], [ -16.6999159, 28.0038679 ], [ -16.6999292, 28.003875 ], [ -16.6999425, 28.0038757 ], [ -16.6999546, 28.003871 ], [ -16.6999644, 28.0038502 ], [ -16.6999682, 28.0038294 ], [ -16.6999679, 28.0038131 ], [ -16.6999697, 28.0037977 ], [ -16.6999817, 28.003785 ], [ -16.6999958, 28.0037731 ], [ -16.7000037, 28.0037603 ], [ -16.7000106, 28.0037467 ], [ -16.700001, 28.003717 ], [ -16.7000044, 28.0036764 ], [ -16.7000012, 28.0036665 ], [ -16.6999858, 28.0036577 ], [ -16.6999674, 28.0036507 ], [ -16.6999379, 28.0036492 ], [ -16.6999094, 28.0036496 ], [ -16.6998869, 28.0036372 ], [ -16.6998643, 28.0036267 ], [ -16.6998452, 28.0036359 ], [ -16.699826, 28.003647 ], [ -16.6998077, 28.0036481 ], [ -16.6997903, 28.003642 ], [ -16.6997718, 28.0036251 ], [ -16.6997623, 28.0036054 ], [ -16.6997609, 28.0035801 ], [ -16.6997605, 28.0035549 ], [ -16.6997551, 28.0035369 ], [ -16.6997427, 28.0035217 ], [ -16.6997182, 28.0035148 ], [ -16.6996937, 28.0035115 ], [ -16.6996733, 28.0035036 ], [ -16.6996721, 28.0034946 ], [ -16.6996871, 28.00348 ], [ -16.6997001, 28.0034635 ], [ -16.6997039, 28.0034445 ], [ -16.6997025, 28.0034256 ], [ -16.6996931, 28.0034095 ], [ -16.6996807, 28.003397 ], [ -16.6996686, 28.0033981 ], [ -16.6996515, 28.0034127 ], [ -16.6996334, 28.0034238 ], [ -16.69961, 28.0034222 ], [ -16.6995854, 28.0034144 ], [ -16.6995669, 28.003402 ], [ -16.6995586, 28.0033877 ], [ -16.6995644, 28.0033723 ], [ -16.6995754, 28.0033568 ], [ -16.6995943, 28.0033322 ], [ -16.6996153, 28.0033112 ], [ -16.6996385, 28.0032964 ], [ -16.6996606, 28.0032817 ], [ -16.6996796, 28.0032607 ], [ -16.6996935, 28.0032371 ], [ -16.6997042, 28.0032072 ], [ -16.6997088, 28.0031773 ], [ -16.6997048, 28.0031187 ], [ -16.6997097, 28.0031024 ], [ -16.6997207, 28.0030933 ], [ -16.6997451, 28.0030912 ], [ -16.6997675, 28.0030945 ], [ -16.699788, 28.0031033 ], [ -16.6998084, 28.0031111 ], [ -16.6998308, 28.0031081 ], [ -16.6998529, 28.0030943 ], [ -16.6998609, 28.0030825 ], [ -16.6998626, 28.0030617 ], [ -16.6998542, 28.0030438 ], [ -16.6998376, 28.0030277 ], [ -16.6998211, 28.0030108 ], [ -16.6998106, 28.0029902 ], [ -16.6998032, 28.0029686 ], [ -16.6997965, 28.0029326 ], [ -16.6997971, 28.0029064 ], [ -16.6997936, 28.0028812 ], [ -16.6997885, 28.0028758 ], [ -16.6997732, 28.002876 ], [ -16.6997591, 28.0028816 ], [ -16.6997421, 28.0028999 ], [ -16.699722, 28.0029173 ], [ -16.6997008, 28.0029265 ], [ -16.6996775, 28.0029341 ], [ -16.6996562, 28.0029325 ], [ -16.6996359, 28.0029346 ], [ -16.6996208, 28.0029492 ], [ -16.6996099, 28.0029656 ], [ -16.6996011, 28.0029846 ], [ -16.6995912, 28.0030019 ], [ -16.699571, 28.0030112 ], [ -16.6995497, 28.0030187 ], [ -16.6995296, 28.0030325 ], [ -16.6995126, 28.0030489 ], [ -16.6994986, 28.0030671 ], [ -16.6994836, 28.0030836 ], [ -16.6994445, 28.0031156 ], [ -16.6994104, 28.0031449 ], [ -16.6993921, 28.0031497 ], [ -16.6993717, 28.0031445 ], [ -16.6993583, 28.0031311 ], [ -16.6993571, 28.0031176 ], [ -16.6993712, 28.0031084 ], [ -16.6993883, 28.0030983 ], [ -16.6994023, 28.0030846 ], [ -16.6994153, 28.00307 ], [ -16.699415, 28.0030537 ], [ -16.6994148, 28.0030375 ], [ -16.6994248, 28.0030247 ], [ -16.6994357, 28.003012 ], [ -16.6994466, 28.0029938 ], [ -16.6994514, 28.0029757 ], [ -16.6994462, 28.0029685 ], [ -16.6994309, 28.0029615 ], [ -16.6994175, 28.0029517 ], [ -16.6994102, 28.0029365 ], [ -16.6994069, 28.0029221 ], [ -16.6994147, 28.0028994 ], [ -16.6994204, 28.0028777 ], [ -16.6994099, 28.002857 ], [ -16.6993944, 28.0028374 ], [ -16.6993727, 28.0028187 ], [ -16.6993491, 28.0028045 ], [ -16.6993277, 28.0028021 ], [ -16.6993085, 28.0028114 ], [ -16.6992997, 28.0028322 ], [ -16.6992919, 28.002854 ], [ -16.6992799, 28.0028668 ], [ -16.6992739, 28.0028705 ], [ -16.6992688, 28.0028696 ], [ -16.6992573, 28.0028535 ], [ -16.6992449, 28.0028365 ], [ -16.6992303, 28.0028159 ], [ -16.6992107, 28.0027954 ], [ -16.6991892, 28.0027894 ], [ -16.6991649, 28.0027933 ], [ -16.6991426, 28.0027981 ], [ -16.6991193, 28.0028038 ], [ -16.6990939, 28.0028041 ], [ -16.6990675, 28.0028071 ], [ -16.6990494, 28.0028182 ], [ -16.6990364, 28.0028346 ], [ -16.6990325, 28.0028482 ], [ -16.6990297, 28.0028626 ], [ -16.6990115, 28.0028674 ], [ -16.698992, 28.0028586 ], [ -16.6989826, 28.0028407 ], [ -16.6989823, 28.0028217 ], [ -16.6989902, 28.0028045 ], [ -16.698997, 28.0027863 ], [ -16.6990007, 28.0027664 ], [ -16.6990035, 28.0027474 ], [ -16.6990012, 28.0027312 ], [ -16.6990051, 28.0027167 ], [ -16.6990182, 28.0027103 ], [ -16.6990385, 28.0027118 ], [ -16.6990589, 28.0027143 ], [ -16.6990792, 28.0027131 ], [ -16.6990995, 28.0027093 ], [ -16.6991135, 28.0026964 ], [ -16.6991223, 28.0026702 ], [ -16.6991178, 28.0026441 ], [ -16.6991053, 28.0026253 ], [ -16.6990867, 28.0026074 ], [ -16.6990621, 28.0025969 ], [ -16.6990499, 28.0025925 ], [ -16.6990416, 28.0025845 ], [ -16.69903, 28.0025558 ], [ -16.6990115, 28.002482 ], [ -16.6990051, 28.0024613 ], [ -16.6989957, 28.0024425 ], [ -16.698977, 28.0024211 ], [ -16.6989564, 28.0024024 ], [ -16.6989399, 28.0023881 ], [ -16.6989224, 28.0023757 ], [ -16.6989041, 28.0023723 ], [ -16.6988848, 28.0023744 ], [ -16.6988594, 28.0023774 ], [ -16.6988372, 28.0023903 ], [ -16.6988314, 28.0024057 ], [ -16.6988388, 28.0024273 ], [ -16.6988443, 28.0024498 ], [ -16.6988406, 28.0024751 ], [ -16.6988359, 28.0024995 ], [ -16.6988291, 28.0025204 ], [ -16.6988203, 28.0025403 ], [ -16.6988297, 28.0025574 ], [ -16.6988391, 28.0025735 ], [ -16.6988353, 28.002588 ], [ -16.6988233, 28.0026017 ], [ -16.698802, 28.0026082 ], [ -16.6987806, 28.0026022 ], [ -16.6987499, 28.002589 ], [ -16.6987181, 28.0025759 ], [ -16.6986546, 28.0025478 ], [ -16.6986393, 28.0025417 ], [ -16.698624, 28.0025382 ], [ -16.698557, 28.0025463 ], [ -16.6985164, 28.0025504 ], [ -16.6984921, 28.002557 ], [ -16.6984678, 28.0025663 ], [ -16.6984455, 28.0025711 ], [ -16.6984323, 28.0025686 ] ] ] } },
{ "type": "Feature", "properties": { "fid_": 0, "bic_nombre": "ROQUE DE JAMA - LA CENTINELA", "bic_catego": "ZONA ARQUEOLÓGICA", "bic_entorn": 0, "municipio_": "ARONA", "bic_descri": "Bien de Interés Cultural con categoría de Zona Arqueológica del “Roque de Jama-La Centinela”, en los municipios de Arona y San Miguel, incoado por Resolución de 27 de octubre de 2014 del Consejero Delegado de Cultura y Patrimonio Histórico del C", "boletin1_n": "BOC nº 221 de 13 de noviembre de 2014", "boletin1_u": "http://www.gobiernodecanarias.org/boc/2014/221/index.html", "boletin2_n": "BOC nº 41 de 27 de febrero de 2018", "boletin2_u": "http://www.gobiernodecanarias.org/boc/2018/041/010.html" }, "geometry": { "type": "MultiPolygon", "coordinates": [ [ [ [ -16.6455514, 28.0987657 ], [ -16.6455679, 28.0987023 ], [ -16.6455716, 28.0986912 ], [ -16.6455816, 28.0986614 ], [ -16.6455989, 28.0986204 ], [ -16.6456408, 28.0985388 ], [ -16.6456794, 28.0984948 ], [ -16.6456776, 28.098475 ], [ -16.6456454, 28.098401 ], [ -16.645611, 28.0983166 ], [ -16.6456167, 28.0982703 ], [ -16.6456691, 28.0981966 ], [ -16.6456781, 28.0981621 ], [ -16.6456794, 28.0981372 ], [ -16.6456614, 28.0981201 ], [ -16.6456612, 28.0981001 ], [ -16.6456867, 28.0980376 ], [ -16.6457812, 28.0979001 ], [ -16.6457899, 28.0978905 ], [ -16.6458159, 28.0978605 ], [ -16.6458376, 28.097804 ], [ -16.6458542, 28.0977727 ], [ -16.6458707, 28.0977116 ], [ -16.6458789, 28.0976562 ], [ -16.6458829, 28.0976305 ], [ -16.6458898, 28.0975646 ], [ -16.645891, 28.097535 ], [ -16.6459045, 28.0974519 ], [ -16.645894, 28.0974141 ], [ -16.6458069, 28.097366 ], [ -16.6456572, 28.0973185 ], [ -16.6456553, 28.0973177 ], [ -16.6455646, 28.0972777 ], [ -16.6454826, 28.0972233 ], [ -16.6454422, 28.0972145 ], [ -16.6454051, 28.097219 ], [ -16.6453671, 28.0972489 ], [ -16.6453203, 28.0972729 ], [ -16.6452674, 28.0972787 ], [ -16.6452555, 28.0972787 ], [ -16.6451765, 28.0972785 ], [ -16.6451436, 28.0972644 ], [ -16.6451309, 28.0972588 ], [ -16.6450905, 28.0972263 ], [ -16.645063, 28.0971825 ], [ -16.6450245, 28.0971046 ], [ -16.6449925, 28.0970656 ], [ -16.6449456, 28.0970411 ], [ -16.6448574, 28.0970028 ], [ -16.6447642, 28.0969395 ], [ -16.644683, 28.0968928 ], [ -16.6446424, 28.096885 ], [ -16.6445327, 28.096279 ], [ -16.644524, 28.0961921 ], [ -16.6444881, 28.0961433 ], [ -16.6445093, 28.096079 ], [ -16.6444864, 28.0960279 ], [ -16.6445278, 28.0959876 ], [ -16.6445379, 28.0959709 ], [ -16.6445661, 28.0959588 ], [ -16.6446161, 28.0959504 ], [ -16.6446639, 28.0959318 ], [ -16.6446946, 28.0959034 ], [ -16.6447161, 28.095863 ], [ -16.6447433, 28.0958219 ], [ -16.6447782, 28.0957999 ], [ -16.6448262, 28.0957831 ], [ -16.6448692, 28.0957579 ], [ -16.6449648, 28.0956531 ], [ -16.645002, 28.0956442 ], [ -16.6450377, 28.0956492 ], [ -16.6450823, 28.0956664 ], [ -16.6451197, 28.0956659 ], [ -16.6451403, 28.0956511 ], [ -16.6452351, 28.0955443 ], [ -16.6452782, 28.0955207 ], [ -16.6453642, 28.095515 ], [ -16.6454225, 28.095519 ], [ -16.6454755, 28.0955199 ], [ -16.6455213, 28.0955047 ], [ -16.645553, 28.0954766 ], [ -16.6455926, 28.0954499 ], [ -16.6456325, 28.0954463 ], [ -16.6456979, 28.0954709 ], [ -16.6457529, 28.095488 ], [ -16.6458202, 28.0954927 ], [ -16.6459747, 28.0954922 ], [ -16.6460383, 28.0954908 ], [ -16.6460854, 28.0954808 ], [ -16.6463192, 28.0954165 ], [ -16.6464422, 28.0953655 ], [ -16.6465059, 28.0953465 ], [ -16.6465713, 28.0953342 ], [ -16.6466313, 28.0953166 ], [ -16.6466778, 28.0953201 ], [ -16.6467298, 28.0953263 ], [ -16.6467816, 28.0953263 ], [ -16.6468204, 28.095315 ], [ -16.6468817, 28.0952812 ], [ -16.6469068, 28.0952645 ], [ -16.6469324, 28.095248 ], [ -16.6469549, 28.095235 ], [ -16.6470294, 28.0951692 ], [ -16.6470479, 28.0951445 ], [ -16.6470553, 28.0951347 ], [ -16.6470567, 28.0951329 ], [ -16.6470588, 28.0951302 ], [ -16.6470892, 28.0950913 ], [ -16.6471116, 28.0950579 ], [ -16.6471379, 28.095008 ], [ -16.6471491, 28.0949669 ], [ -16.6471509, 28.0947856 ], [ -16.6471569, 28.0947294 ], [ -16.6471823, 28.094698 ], [ -16.647257, 28.0946476 ], [ -16.6473366, 28.0945889 ], [ -16.6475783, 28.0944051 ], [ -16.6475691, 28.0943852 ], [ -16.6475747, 28.0943563 ], [ -16.6475677, 28.0943131 ], [ -16.6475032, 28.0942739 ], [ -16.6474867, 28.0942508 ], [ -16.6474897, 28.0942284 ], [ -16.6475252, 28.0941993 ], [ -16.6475649, 28.0941735 ], [ -16.6475668, 28.0941466 ], [ -16.6475544, 28.0940791 ], [ -16.6475414, 28.0940017 ], [ -16.6475378, 28.0939292 ], [ -16.6475574, 28.0938836 ], [ -16.6476165, 28.0938095 ], [ -16.6476491, 28.0937166 ], [ -16.647651, 28.093665 ], [ -16.6476727, 28.093576 ], [ -16.6476728, 28.0935755 ], [ -16.6476889, 28.0935276 ], [ -16.6477111, 28.093486 ], [ -16.6477112, 28.0934858 ], [ -16.6477442, 28.0934055 ], [ -16.647769, 28.0933533 ], [ -16.6477939, 28.0933106 ], [ -16.647828, 28.093224 ], [ -16.6478286, 28.0932225 ], [ -16.6478439, 28.0931888 ], [ -16.6478727, 28.0931522 ], [ -16.6479206, 28.0930776 ], [ -16.6479601, 28.0930258 ], [ -16.6480303, 28.0928912 ], [ -16.6480621, 28.0927958 ], [ -16.6480865, 28.0927164 ], [ -16.6481059, 28.0926538 ], [ -16.6481516, 28.0924951 ], [ -16.6481604, 28.0924508 ], [ -16.6481897, 28.0923613 ], [ -16.6482283, 28.0922681 ], [ -16.6482756, 28.092181 ], [ -16.6483003, 28.0921407 ], [ -16.6483283, 28.092106 ], [ -16.648354, 28.0920917 ], [ -16.6483552, 28.0920911 ], [ -16.6483706, 28.0920823 ], [ -16.6484131, 28.0920734 ], [ -16.6484548, 28.0920547 ], [ -16.6484937, 28.092015 ], [ -16.6485171, 28.0919439 ], [ -16.6485494, 28.0918825 ], [ -16.6485835, 28.0918407 ], [ -16.6486217, 28.0918052 ], [ -16.6486641, 28.0917829 ], [ -16.6487106, 28.091774 ], [ -16.6487534, 28.0917826 ], [ -16.6487912, 28.0917765 ], [ -16.6488115, 28.0917559 ], [ -16.6488361, 28.0917094 ], [ -16.6488449, 28.091663 ], [ -16.6488481, 28.0916146 ], [ -16.6489064, 28.091501 ], [ -16.6489621, 28.0914151 ], [ -16.6490129, 28.0913307 ], [ -16.6490238, 28.091318 ], [ -16.6487721, 28.0911422 ], [ -16.6487573, 28.0911257 ], [ -16.6487505, 28.0911154 ], [ -16.6487488, 28.0911056 ], [ -16.6487539, 28.0910863 ], [ -16.6487711, 28.0910339 ], [ -16.6487774, 28.09101 ], [ -16.6487811, 28.0909868 ], [ -16.6487863, 28.0909577 ], [ -16.6488035, 28.0909023 ], [ -16.6488178, 28.0908375 ], [ -16.6488187, 28.0908264 ], [ -16.6488217, 28.0908102 ], [ -16.6488289, 28.0907809 ], [ -16.6488305, 28.0907712 ], [ -16.6488305, 28.0907592 ], [ -16.6488257, 28.0907041 ], [ -16.6488264, 28.0906914 ], [ -16.6488307, 28.0906825 ], [ -16.6488591, 28.0906473 ], [ -16.6488649, 28.0906359 ], [ -16.6488654, 28.0906348 ], [ -16.6488745, 28.0906147 ], [ -16.6488769, 28.0906023 ], [ -16.6488986, 28.0905546 ], [ -16.648899, 28.0905537 ], [ -16.6489173, 28.0905114 ], [ -16.6489244, 28.0904882 ], [ -16.6489258, 28.0904813 ], [ -16.6489441, 28.0904345 ], [ -16.6489468, 28.0904225 ], [ -16.6489499, 28.0903808 ], [ -16.6489524, 28.0903694 ], [ -16.6489591, 28.090357 ], [ -16.6489659, 28.0903467 ], [ -16.6489729, 28.0903398 ], [ -16.6489939, 28.0903274 ], [ -16.6490144, 28.0903224 ], [ -16.6490367, 28.0903214 ], [ -16.6490772, 28.0903232 ], [ -16.649108, 28.0903248 ], [ -16.6491573, 28.0903307 ], [ -16.6492204, 28.0903301 ], [ -16.6492426, 28.0903313 ], [ -16.64926, 28.0903314 ], [ -16.6497309, 28.0904482 ], [ -16.6497374, 28.0903068 ], [ -16.6497389, 28.090265 ], [ -16.6497438, 28.0901077 ], [ -16.6497362, 28.0900244 ], [ -16.6497236, 28.0899239 ], [ -16.6496463, 28.0897504 ], [ -16.649584, 28.0896649 ], [ -16.6494729, 28.0895636 ], [ -16.6492779, 28.0894147 ], [ -16.6492426, 28.0893885 ], [ -16.6480973, 28.0885403 ], [ -16.6479282, 28.088426 ], [ -16.6478399, 28.088362 ], [ -16.6475701, 28.0881664 ], [ -16.6475689, 28.0881655 ], [ -16.6474299, 28.0880801 ], [ -16.6472868, 28.0879974 ], [ -16.6472815, 28.0879945 ], [ -16.6471882, 28.0879436 ], [ -16.646694, 28.087674 ], [ -16.6466018, 28.0876168 ], [ -16.6465166, 28.0875491 ], [ -16.646444, 28.0874745 ], [ -16.6464138, 28.0874321 ], [ -16.6463842, 28.0873906 ], [ -16.6462117, 28.0871461 ], [ -16.6461942, 28.0871208 ], [ -16.6461852, 28.0871078 ], [ -16.6461365, 28.0870374 ], [ -16.6460823, 28.0869592 ], [ -16.6460715, 28.0869437 ], [ -16.6460709, 28.0869428 ], [ -16.6460626, 28.0869307 ], [ -16.6460607, 28.0869281 ], [ -16.6460585, 28.0869248 ], [ -16.6460562, 28.0869216 ], [ -16.6460264, 28.0868772 ], [ -16.6459751, 28.0868008 ], [ -16.6459701, 28.0867933 ], [ -16.6459558, 28.0867743 ], [ -16.6459363, 28.0867485 ], [ -16.6459351, 28.0867465 ], [ -16.6459047, 28.0866996 ], [ -16.6459045, 28.0866992 ], [ -16.6458761, 28.0866439 ], [ -16.6458541, 28.0865902 ], [ -16.6458422, 28.0865525 ], [ -16.6458294, 28.086512 ], [ -16.6458167, 28.0864297 ], [ -16.6458182, 28.0863562 ], [ -16.6458245, 28.0862794 ], [ -16.6458325, 28.0862363 ], [ -16.6458666, 28.0860604 ], [ -16.6458888, 28.0859642 ], [ -16.645891, 28.0859545 ], [ -16.6459012, 28.085899 ], [ -16.6459017, 28.0858965 ], [ -16.6459052, 28.0858613 ], [ -16.6459056, 28.0858057 ], [ -16.6458988, 28.0857531 ], [ -16.6458877, 28.0857037 ], [ -16.6458724, 28.0856616 ], [ -16.6458412, 28.0856198 ], [ -16.6458117, 28.085586 ], [ -16.6457851, 28.0855568 ], [ -16.6465729, 28.084293 ], [ -16.6469773, 28.0836499 ], [ -16.6469042, 28.0836403 ], [ -16.6468586, 28.0836277 ], [ -16.6468111, 28.0836114 ], [ -16.6467555, 28.0835723 ], [ -16.64672, 28.0835451 ], [ -16.6466814, 28.0835159 ], [ -16.6464979, 28.0833378 ], [ -16.6464975, 28.0833374 ], [ -16.6464808, 28.0833178 ], [ -16.6464591, 28.0832922 ], [ -16.6464437, 28.0832677 ], [ -16.6464347, 28.0832444 ], [ -16.6464291, 28.0832081 ], [ -16.6464044, 28.0831182 ], [ -16.6463815, 28.0830725 ], [ -16.646354, 28.0830333 ], [ -16.6462808, 28.0829583 ], [ -16.6462436, 28.0829228 ], [ -16.6462414, 28.0829197 ], [ -16.6462197, 28.0828886 ], [ -16.6462054, 28.0828652 ], [ -16.646205, 28.0828646 ], [ -16.6462048, 28.0828643 ], [ -16.6462001, 28.082857 ], [ -16.6448434, 28.0825992 ], [ -16.6448306, 28.0825718 ], [ -16.6448001, 28.0825468 ], [ -16.6447699, 28.0825311 ], [ -16.6447186, 28.0825073 ], [ -16.6446722, 28.0824738 ], [ -16.6446318, 28.0824362 ], [ -16.6445998, 28.0824022 ], [ -16.6445417, 28.0823316 ], [ -16.6444569, 28.0822681 ], [ -16.6444128, 28.0822493 ], [ -16.6443599, 28.0822384 ], [ -16.6441494, 28.0822409 ], [ -16.6440831, 28.0822571 ], [ -16.6440402, 28.0822703 ], [ -16.6440067, 28.0822794 ], [ -16.6439542, 28.0822877 ], [ -16.6439027, 28.0822831 ], [ -16.6438648, 28.08226 ], [ -16.6438325, 28.0822332 ], [ -16.643825, 28.0822265 ], [ -16.6437982, 28.0822029 ], [ -16.6437926, 28.0821979 ], [ -16.6437605, 28.0821723 ], [ -16.6437118, 28.0821511 ], [ -16.6436588, 28.0821429 ], [ -16.6436056, 28.0821393 ], [ -16.64353, 28.0821517 ], [ -16.6434564, 28.0821708 ], [ -16.6434258, 28.0820942 ], [ -16.6434159, 28.082072 ], [ -16.6434145, 28.0820688 ], [ -16.6433873, 28.082028 ], [ -16.6433554, 28.0819873 ], [ -16.6433484, 28.081981 ], [ -16.6432745, 28.0819136 ], [ -16.6432672, 28.0819075 ], [ -16.6432026, 28.081854 ], [ -16.6431187, 28.0818031 ], [ -16.6431238, 28.0817698 ], [ -16.6431251, 28.081752 ], [ -16.643126, 28.0817391 ], [ -16.6431282, 28.0817201 ], [ -16.6431408, 28.0816101 ], [ -16.6431463, 28.0815718 ], [ -16.6431553, 28.0815111 ], [ -16.6431674, 28.0814504 ], [ -16.6431742, 28.0814031 ], [ -16.6431964, 28.0813314 ], [ -16.6432122, 28.0812652 ], [ -16.643225, 28.0812308 ], [ -16.64323, 28.0812163 ], [ -16.6432489, 28.0811539 ], [ -16.6432759, 28.0810832 ], [ -16.64328, 28.0810662 ], [ -16.6432845, 28.081046 ], [ -16.6433258, 28.080911 ], [ -16.6433429, 28.0808663 ], [ -16.6433621, 28.0807979 ], [ -16.6433951, 28.0806296 ], [ -16.6434067, 28.0805471 ], [ -16.6434081, 28.0805403 ], [ -16.643435, 28.08041 ], [ -16.6434492, 28.0803544 ], [ -16.6434645, 28.0803164 ], [ -16.6434831, 28.080266 ], [ -16.6434894, 28.0802369 ], [ -16.6434724, 28.0801981 ], [ -16.6434418, 28.0801717 ], [ -16.6433922, 28.0801531 ], [ -16.643342, 28.0801407 ], [ -16.6432886, 28.0801172 ], [ -16.6432856, 28.0801158 ], [ -16.6432269, 28.0800929 ], [ -16.64319, 28.080081 ], [ -16.6431004, 28.0800353 ], [ -16.6430515, 28.0800069 ], [ -16.643004, 28.0799788 ], [ -16.6428879, 28.0798849 ], [ -16.6428511, 28.0798507 ], [ -16.6428154, 28.0798089 ], [ -16.6428142, 28.0798055 ], [ -16.6427871, 28.0797671 ], [ -16.6427837, 28.079763 ], [ -16.6426745, 28.0796305 ], [ -16.6426361, 28.0795936 ], [ -16.6426312, 28.0795887 ], [ -16.6425802, 28.0795373 ], [ -16.6425117, 28.0794219 ], [ -16.6424644, 28.0793543 ], [ -16.6424382, 28.0793107 ], [ -16.642414, 28.079264 ], [ -16.6423856, 28.0792178 ], [ -16.6423689, 28.0791943 ], [ -16.6423613, 28.0791811 ], [ -16.6423362, 28.0791432 ], [ -16.642308, 28.0790915 ], [ -16.6422141, 28.0789304 ], [ -16.64216, 28.0788586 ], [ -16.6421316, 28.0788132 ], [ -16.6421005, 28.0787691 ], [ -16.6420697, 28.0787173 ], [ -16.6420329, 28.0786729 ], [ -16.6420122, 28.0786348 ], [ -16.6419933, 28.0785909 ], [ -16.641978, 28.0785547 ], [ -16.6419353, 28.0784695 ], [ -16.6419347, 28.0784683 ], [ -16.641916, 28.0784264 ], [ -16.6418741, 28.0783562 ], [ -16.6418421, 28.078294 ], [ -16.6418405, 28.0782908 ], [ -16.6418387, 28.0782873 ], [ -16.641814, 28.0782401 ], [ -16.641797, 28.0782027 ], [ -16.6417847, 28.0781841 ], [ -16.6417719, 28.0781595 ], [ -16.6417553, 28.0781206 ], [ -16.6417516, 28.0780286 ], [ -16.6417394, 28.0779818 ], [ -16.6417133, 28.0779405 ], [ -16.6416829, 28.0778995 ], [ -16.641657, 28.0778605 ], [ -16.6416309, 28.0778162 ], [ -16.6415913, 28.0777389 ], [ -16.6415829, 28.0777244 ], [ -16.6415378, 28.0776471 ], [ -16.641541, 28.0776286 ], [ -16.6415461, 28.0775748 ], [ -16.6415279, 28.0775383 ], [ -16.6415165, 28.077493 ], [ -16.6415261, 28.0774569 ], [ -16.6415486, 28.0774389 ], [ -16.6415634, 28.0774034 ], [ -16.6415551, 28.0773794 ], [ -16.6415299, 28.077337 ], [ -16.6414543, 28.0772877 ], [ -16.6414392, 28.077273 ], [ -16.6414359, 28.0772697 ], [ -16.6414319, 28.0772662 ], [ -16.641377, 28.0772183 ], [ -16.6413558, 28.0771908 ], [ -16.6413291, 28.0771582 ], [ -16.6413286, 28.0771575 ], [ -16.6413066, 28.0771294 ], [ -16.6413013, 28.0771226 ], [ -16.6413006, 28.0771218 ], [ -16.6412989, 28.0771195 ], [ -16.6412914, 28.0771099 ], [ -16.6412835, 28.0770998 ], [ -16.6412562, 28.0770601 ], [ -16.6412336, 28.0770182 ], [ -16.6412137, 28.0769699 ], [ -16.6411947, 28.0769336 ], [ -16.6417498, 28.0746322 ], [ -16.64173, 28.0746134 ], [ -16.6417067, 28.0745762 ], [ -16.6416929, 28.0745296 ], [ -16.6416881, 28.074384 ], [ -16.6416783, 28.0742956 ], [ -16.6416765, 28.074287 ], [ -16.64167, 28.0742553 ], [ -16.6416671, 28.0742415 ], [ -16.6416546, 28.0742058 ], [ -16.6416535, 28.0742025 ], [ -16.6416531, 28.0742003 ], [ -16.6416483, 28.0741705 ], [ -16.6416377, 28.0741064 ], [ -16.641635, 28.0740705 ], [ -16.6416334, 28.0740504 ], [ -16.641638, 28.073973 ], [ -16.6416472, 28.0739007 ], [ -16.6416562, 28.0738654 ], [ -16.6416766, 28.0738128 ], [ -16.6417315, 28.0736899 ], [ -16.6417634, 28.0736463 ], [ -16.6417828, 28.0736023 ], [ -16.6417978, 28.0735547 ], [ -16.641818, 28.0734649 ], [ -16.6418667, 28.0733221 ], [ -16.6419019, 28.0732324 ], [ -16.6419156, 28.0731869 ], [ -16.6419665, 28.0730558 ], [ -16.641991, 28.0730157 ], [ -16.642052, 28.0728735 ], [ -16.6420659, 28.0728232 ], [ -16.6420837, 28.0727323 ], [ -16.6420844, 28.0727176 ], [ -16.6419179, 28.0716974 ], [ -16.6422484, 28.0703732 ], [ -16.6422713, 28.070281 ], [ -16.6422983, 28.0701739 ], [ -16.6422742, 28.0701597 ], [ -16.642253, 28.0701403 ], [ -16.642239, 28.0701198 ], [ -16.6422118, 28.0700515 ], [ -16.6421733, 28.0699956 ], [ -16.6421327, 28.0699524 ], [ -16.6421094, 28.0699226 ], [ -16.6420866, 28.0698764 ], [ -16.6420777, 28.0698334 ], [ -16.6420749, 28.0697934 ], [ -16.6420913, 28.0697649 ], [ -16.6420897, 28.0697324 ], [ -16.6420695, 28.0697068 ], [ -16.6420277, 28.0696789 ], [ -16.6419815, 28.0696629 ], [ -16.6419579, 28.0696449 ], [ -16.6418968, 28.0696027 ], [ -16.6418506, 28.0695652 ], [ -16.6418231, 28.0695357 ], [ -16.6417915, 28.0694956 ], [ -16.6417678, 28.069461 ], [ -16.641742, 28.069421 ], [ -16.6417072, 28.0693832 ], [ -16.6416261, 28.0693245 ], [ -16.6415083, 28.0692871 ], [ -16.6413844, 28.0684946 ], [ -16.6415162, 28.0674597 ], [ -16.6415248, 28.0673044 ], [ -16.641517, 28.0672624 ], [ -16.641483, 28.0672149 ], [ -16.6414811, 28.0672123 ], [ -16.6414636, 28.067183 ], [ -16.6413434, 28.0670244 ], [ -16.6413393, 28.0670197 ], [ -16.6413057, 28.0669819 ], [ -16.6411976, 28.0668208 ], [ -16.6411735, 28.0667772 ], [ -16.6411366, 28.0667351 ], [ -16.6410346, 28.0665566 ], [ -16.6410149, 28.0665223 ], [ -16.6409349, 28.066419 ], [ -16.640884, 28.066333 ], [ -16.6408601, 28.0662982 ], [ -16.6408573, 28.0662936 ], [ -16.6408355, 28.066257 ], [ -16.640825, 28.0662434 ], [ -16.6408099, 28.066218 ], [ -16.6407848, 28.0661879 ], [ -16.6407511, 28.0661424 ], [ -16.640746, 28.0661355 ], [ -16.6407344, 28.066118 ], [ -16.6406847, 28.0660667 ], [ -16.6406803, 28.0660621 ], [ -16.6406605, 28.0660389 ], [ -16.6406562, 28.0660338 ], [ -16.6406386, 28.066007 ], [ -16.6406359, 28.0660028 ], [ -16.640619, 28.0659758 ], [ -16.6405856, 28.0659398 ], [ -16.6405602, 28.0658998 ], [ -16.640534, 28.0658585 ], [ -16.6405029, 28.0658234 ], [ -16.6404519, 28.0657576 ], [ -16.640337, 28.0655798 ], [ -16.6403094, 28.0655226 ], [ -16.6402797, 28.0654345 ], [ -16.6402188, 28.0653039 ], [ -16.6401899, 28.0652174 ], [ -16.6401683, 28.0651673 ], [ -16.6401366, 28.0650748 ], [ -16.6400773, 28.0649478 ], [ -16.6399874, 28.0648389 ], [ -16.6399045, 28.0647449 ], [ -16.63984, 28.0646576 ], [ -16.6397837, 28.06458 ], [ -16.6397133, 28.0644651 ], [ -16.6396712, 28.064384 ], [ -16.639657, 28.0643202 ], [ -16.6396561, 28.064309 ], [ -16.6396406, 28.0641229 ], [ -16.6396122, 28.0639453 ], [ -16.6393068, 28.0640481 ], [ -16.6391437, 28.064062 ], [ -16.6390935, 28.0640619 ], [ -16.6386994, 28.0640615 ], [ -16.6386346, 28.0640719 ], [ -16.6386274, 28.0640766 ], [ -16.6386205, 28.064079 ], [ -16.6386091, 28.064083 ], [ -16.6385376, 28.0641077 ], [ -16.6384385, 28.0641432 ], [ -16.6383918, 28.0641592 ], [ -16.6382728, 28.064195 ], [ -16.6376435, 28.0643895 ], [ -16.6364823, 28.0651601 ], [ -16.6365158, 28.0651828 ], [ -16.6365499, 28.0652058 ], [ -16.6365566, 28.0652103 ], [ -16.6365731, 28.0652223 ], [ -16.6365998, 28.0652417 ], [ -16.6366377, 28.0652757 ], [ -16.6366817, 28.0653153 ], [ -16.6367164, 28.0653465 ], [ -16.6367236, 28.065353 ], [ -16.6367829, 28.0653949 ], [ -16.6367981, 28.0654057 ], [ -16.6368422, 28.0654473 ], [ -16.6368667, 28.0654799 ], [ -16.6368696, 28.0654838 ], [ -16.6369228, 28.0655436 ], [ -16.6369357, 28.065558 ], [ -16.6370329, 28.0656601 ], [ -16.6371633, 28.0657971 ], [ -16.6372154, 28.065848 ], [ -16.6372797, 28.0659105 ], [ -16.6372902, 28.0659197 ], [ -16.6374132, 28.0660276 ], [ -16.6374834, 28.0660924 ], [ -16.637518, 28.0661292 ], [ -16.6377681, 28.0663134 ], [ -16.6378275, 28.0663427 ], [ -16.6378535, 28.0663583 ], [ -16.6378874, 28.0663786 ], [ -16.6379004, 28.0663943 ], [ -16.637915, 28.0664121 ], [ -16.6379451, 28.066457 ], [ -16.637963, 28.0664943 ], [ -16.6379663, 28.0665034 ], [ -16.6379776, 28.0665345 ], [ -16.6380206, 28.0666222 ], [ -16.6380361, 28.0666739 ], [ -16.6380665, 28.06671 ], [ -16.638104, 28.0667412 ], [ -16.638151, 28.0667689 ], [ -16.6381977, 28.0667954 ], [ -16.638257, 28.0668257 ], [ -16.6382594, 28.0668272 ], [ -16.6382928, 28.0668468 ], [ -16.6383245, 28.0668706 ], [ -16.6383557, 28.0669098 ], [ -16.6383563, 28.066912 ], [ -16.6383647, 28.0669467 ], [ -16.6383667, 28.0669864 ], [ -16.6383783, 28.0670632 ], [ -16.6383992, 28.0671057 ], [ -16.6384278, 28.0671418 ], [ -16.6384284, 28.0671426 ], [ -16.6384804, 28.0672252 ], [ -16.6385795, 28.0673479 ], [ -16.6385965, 28.0673689 ], [ -16.6385974, 28.0673701 ], [ -16.6386288, 28.0674174 ], [ -16.6386627, 28.0674533 ], [ -16.638693, 28.0674808 ], [ -16.6387425, 28.0675319 ], [ -16.6388108, 28.0676006 ], [ -16.6388821, 28.0676732 ], [ -16.6388935, 28.0676825 ], [ -16.6390022, 28.0677705 ], [ -16.6390928, 28.0678699 ], [ -16.639139, 28.0679207 ], [ -16.6391801, 28.0679419 ], [ -16.6392588, 28.0680153 ], [ -16.6392926, 28.0680495 ], [ -16.6393751, 28.0681328 ], [ -16.6393936, 28.0681516 ], [ -16.6394034, 28.0681615 ], [ -16.6394385, 28.0682042 ], [ -16.6394824, 28.0683462 ], [ -16.6394891, 28.068368 ], [ -16.6394964, 28.0683914 ], [ -16.6394993, 28.0684509 ], [ -16.6395548, 28.0687537 ], [ -16.6395572, 28.0689117 ], [ -16.6395593, 28.0689832 ], [ -16.6395848, 28.0690787 ], [ -16.6395947, 28.0691688 ], [ -16.6396061, 28.0692182 ], [ -16.6396268, 28.0692755 ], [ -16.6396388, 28.0693088 ], [ -16.6396396, 28.0693108 ], [ -16.6396715, 28.0693854 ], [ -16.6396805, 28.0694066 ], [ -16.6397146, 28.0694862 ], [ -16.6397418, 28.0695302 ], [ -16.6397718, 28.0695669 ], [ -16.6398051, 28.0696299 ], [ -16.6398316, 28.0696799 ], [ -16.6398867, 28.0697578 ], [ -16.6399486, 28.0698306 ], [ -16.6399586, 28.0698434 ], [ -16.6400121, 28.0699111 ], [ -16.6401087, 28.0700332 ], [ -16.6401207, 28.0700451 ], [ -16.6401439, 28.0700681 ], [ -16.6401908, 28.0701348 ], [ -16.6401918, 28.0701362 ], [ -16.640195, 28.0701408 ], [ -16.6402166, 28.0701754 ], [ -16.6402795, 28.0702761 ], [ -16.6403253, 28.0704083 ], [ -16.6403427, 28.0705481 ], [ -16.6403817, 28.0706396 ], [ -16.6403884, 28.0706586 ], [ -16.6405466, 28.0711119 ], [ -16.640437, 28.0712171 ], [ -16.6404025, 28.0712502 ], [ -16.6403952, 28.0712564 ], [ -16.6402676, 28.0713642 ], [ -16.6401703, 28.0714362 ], [ -16.640074, 28.0714926 ], [ -16.6399896, 28.0715381 ], [ -16.6398651, 28.0715914 ], [ -16.6397205, 28.0716424 ], [ -16.6394472, 28.071727 ], [ -16.6392571, 28.0717907 ], [ -16.6391065, 28.0718672 ], [ -16.6389927, 28.0719265 ], [ -16.6388493, 28.0720329 ], [ -16.6387535, 28.0721125 ], [ -16.6387445, 28.0721203 ], [ -16.6385894, 28.0722552 ], [ -16.6385709, 28.0722712 ], [ -16.6385512, 28.0722867 ], [ -16.6385413, 28.0722946 ], [ -16.6384357, 28.0723778 ], [ -16.6384296, 28.0723818 ], [ -16.6383779, 28.0724164 ], [ -16.6383072, 28.0724501 ], [ -16.6382383, 28.0724623 ], [ -16.6381663, 28.072464 ], [ -16.6380284, 28.0724344 ], [ -16.6378479, 28.0723622 ], [ -16.6377279, 28.0722924 ], [ -16.6376405, 28.0722252 ], [ -16.6376361, 28.0722219 ], [ -16.6375999, 28.07219 ], [ -16.6375048, 28.0721063 ], [ -16.6374928, 28.0720949 ], [ -16.6373922, 28.0719996 ], [ -16.6373725, 28.0719809 ], [ -16.637357, 28.0719662 ], [ -16.6373301, 28.0719423 ], [ -16.6373062, 28.071921 ], [ -16.6373013, 28.0719166 ], [ -16.6372856, 28.0719017 ], [ -16.6371704, 28.0717919 ], [ -16.6370315, 28.0716896 ], [ -16.6369065, 28.0716433 ], [ -16.6367935, 28.0716304 ], [ -16.6366987, 28.0716224 ], [ -16.6364528, 28.0715759 ], [ -16.6362515, 28.07152 ], [ -16.635883, 28.0714263 ], [ -16.6358268, 28.0714163 ], [ -16.635779, 28.0714127 ], [ -16.635649, 28.0714248 ], [ -16.6351076, 28.0715264 ], [ -16.6350519, 28.0715453 ], [ -16.6347345, 28.0718036 ], [ -16.6347296, 28.0718076 ], [ -16.6346555, 28.0718732 ], [ -16.6345686, 28.071907 ], [ -16.6344718, 28.0719027 ], [ -16.6344024, 28.0718771 ], [ -16.6343763, 28.0718491 ], [ -16.6343272, 28.0718049 ], [ -16.6342802, 28.0717599 ], [ -16.6342477, 28.0717192 ], [ -16.6342089, 28.071644 ], [ -16.6341356, 28.0715258 ], [ -16.6338138, 28.0710065 ], [ -16.6337941, 28.0709704 ], [ -16.6331056, 28.0696974 ], [ -16.6330599, 28.0696311 ], [ -16.6327943, 28.0693721 ], [ -16.6324351, 28.0690853 ], [ -16.6323709, 28.0690548 ], [ -16.6323086, 28.0690422 ], [ -16.6322015, 28.0690524 ], [ -16.6319152, 28.0691598 ], [ -16.6317974, 28.0691926 ], [ -16.6315944, 28.069256 ], [ -16.6309189, 28.0693799 ], [ -16.6308833, 28.0693867 ], [ -16.6305846, 28.0694434 ], [ -16.6304698, 28.0694774 ], [ -16.6302395, 28.0695605 ], [ -16.6301425, 28.069581 ], [ -16.6299139, 28.0697464 ], [ -16.6297891, 28.0698401 ], [ -16.6293803, 28.0700493 ], [ -16.6291669, 28.0701691 ], [ -16.628996, 28.0702674 ], [ -16.6289739, 28.0702801 ], [ -16.6288047, 28.0703725 ], [ -16.6287482, 28.0704063 ], [ -16.6287074, 28.070455 ], [ -16.6286772, 28.0705086 ], [ -16.6286515, 28.0705599 ], [ -16.6286281, 28.0705911 ], [ -16.6286076, 28.070613 ], [ -16.6285869, 28.0706311 ], [ -16.6285617, 28.0706498 ], [ -16.628534, 28.0706604 ], [ -16.6285022, 28.0706701 ], [ -16.6284838, 28.0706756 ], [ -16.628485, 28.0706946 ], [ -16.6284894, 28.0707835 ], [ -16.6284946, 28.0708395 ], [ -16.6285049, 28.0709034 ], [ -16.6285106, 28.0709807 ], [ -16.6285169, 28.0710185 ], [ -16.628541, 28.0711173 ], [ -16.6285768, 28.0712092 ], [ -16.628595, 28.0712452 ], [ -16.6286517, 28.0713769 ], [ -16.6286818, 28.0714158 ], [ -16.6287452, 28.0714815 ], [ -16.6287782, 28.0715228 ], [ -16.6288144, 28.0715567 ], [ -16.628846, 28.0715955 ], [ -16.6288742, 28.0716573 ], [ -16.6288973, 28.0716985 ], [ -16.6289034, 28.0717144 ], [ -16.6289168, 28.0717471 ], [ -16.6289227, 28.0717648 ], [ -16.6289303, 28.0717874 ], [ -16.6289498, 28.0718336 ], [ -16.6289746, 28.071888 ], [ -16.6289747, 28.0719166 ], [ -16.6289644, 28.0719594 ], [ -16.6289635, 28.071971 ], [ -16.6289606, 28.0720197 ], [ -16.6289614, 28.0720521 ], [ -16.6289522, 28.0721413 ], [ -16.6289409, 28.0721887 ], [ -16.6289227, 28.0722346 ], [ -16.6289056, 28.0722763 ], [ -16.6288807, 28.0723163 ], [ -16.6288162, 28.0724129 ], [ -16.6288081, 28.0724251 ], [ -16.6287997, 28.0724395 ], [ -16.6287767, 28.0724788 ], [ -16.6287549, 28.0725111 ], [ -16.6287486, 28.0725206 ], [ -16.628678, 28.0726425 ], [ -16.6286588, 28.0726884 ], [ -16.6286263, 28.072735 ], [ -16.6286128, 28.0727566 ], [ -16.6286036, 28.0727711 ], [ -16.6285942, 28.0727897 ], [ -16.6285835, 28.0728112 ], [ -16.6285661, 28.0728554 ], [ -16.6285462, 28.0728915 ], [ -16.6285253, 28.0729392 ], [ -16.6285221, 28.0729483 ], [ -16.6285152, 28.0729677 ], [ -16.6285109, 28.0729798 ], [ -16.6284997, 28.073025 ], [ -16.6284919, 28.0730727 ], [ -16.6285012, 28.0731168 ], [ -16.6285225, 28.073156 ], [ -16.6285239, 28.0731665 ], [ -16.6285011, 28.0732198 ], [ -16.6284774, 28.073307 ], [ -16.6284764, 28.0733098 ], [ -16.6284577, 28.0733486 ], [ -16.6284433, 28.0733968 ], [ -16.6284348, 28.0734457 ], [ -16.6284319, 28.0734898 ], [ -16.6284419, 28.0735816 ], [ -16.6284513, 28.0736295 ], [ -16.6284703, 28.0736688 ], [ -16.6284924, 28.0737126 ], [ -16.6285253, 28.0737502 ], [ -16.628627, 28.073816 ], [ -16.6286517, 28.0738301 ], [ -16.6287023, 28.0738411 ], [ -16.628735, 28.0738463 ], [ -16.6288571, 28.0738661 ], [ -16.6289062, 28.0738717 ], [ -16.628954, 28.073886 ], [ -16.6290012, 28.0739004 ], [ -16.6290403, 28.0738997 ], [ -16.6290866, 28.073917 ], [ -16.6291069, 28.0739314 ], [ -16.6290649, 28.0740196 ], [ -16.6290829, 28.0740764 ], [ -16.6291066, 28.0740896 ], [ -16.6291503, 28.0741436 ], [ -16.6291869, 28.0741743 ], [ -16.6292759, 28.0741977 ], [ -16.6293445, 28.074212 ], [ -16.6294293, 28.0742288 ], [ -16.6295196, 28.0742448 ], [ -16.6296236, 28.074267 ], [ -16.6296324, 28.0742689 ], [ -16.6296841, 28.0742849 ], [ -16.6297686, 28.0743282 ], [ -16.6297727, 28.0743305 ], [ -16.6298331, 28.0743662 ], [ -16.6298463, 28.0743693 ], [ -16.6298644, 28.0744123 ], [ -16.6298831, 28.074439 ], [ -16.6299075, 28.0744622 ], [ -16.6299095, 28.0744641 ], [ -16.6299122, 28.0744662 ], [ -16.6299241, 28.0744763 ], [ -16.6299265, 28.0744781 ], [ -16.6299783, 28.074515 ], [ -16.6300244, 28.0745396 ], [ -16.6300783, 28.0745698 ], [ -16.6300965, 28.0745751 ], [ -16.6301036, 28.0746303 ], [ -16.6301324, 28.0746699 ], [ -16.6301718, 28.0747029 ], [ -16.6302296, 28.0747401 ], [ -16.6304332, 28.0748417 ], [ -16.6305026, 28.0748756 ], [ -16.6305518, 28.0749038 ], [ -16.6306027, 28.0749404 ], [ -16.6306352, 28.0749616 ], [ -16.6306961, 28.0749918 ], [ -16.6307363, 28.0750088 ], [ -16.6308099, 28.0750301 ], [ -16.6308305, 28.0750371 ], [ -16.6309012, 28.0750723 ], [ -16.6309109, 28.0750993 ], [ -16.6308936, 28.0751443 ], [ -16.6308518, 28.0751947 ], [ -16.6308184, 28.075238 ], [ -16.6308066, 28.0752532 ], [ -16.6307835, 28.0752963 ], [ -16.6307699, 28.0753416 ], [ -16.6307633, 28.0753798 ], [ -16.6307717, 28.0754212 ], [ -16.630794, 28.0754457 ], [ -16.6308021, 28.0754546 ], [ -16.6308423, 28.0754861 ], [ -16.6309295, 28.0755334 ], [ -16.63098, 28.0755471 ], [ -16.6310474, 28.0755557 ], [ -16.6310954, 28.075574 ], [ -16.6313341, 28.0756268 ], [ -16.6313993, 28.0756461 ], [ -16.6314529, 28.0756683 ], [ -16.631492, 28.0756888 ], [ -16.6315293, 28.0757211 ], [ -16.6315616, 28.0757588 ], [ -16.6315621, 28.0757592 ], [ -16.6315669, 28.0757633 ], [ -16.6316368, 28.0758216 ], [ -16.6316813, 28.0758377 ], [ -16.6318422, 28.0758446 ], [ -16.6320965, 28.0758199 ], [ -16.6321403, 28.0758294 ], [ -16.63219, 28.0758523 ], [ -16.6321907, 28.0758527 ], [ -16.6322296, 28.0758803 ], [ -16.6322299, 28.0758808 ], [ -16.6322576, 28.075918 ], [ -16.6323149, 28.0760936 ], [ -16.6323497, 28.076183 ], [ -16.6323838, 28.0762314 ], [ -16.6324027, 28.0762569 ], [ -16.632443, 28.0762972 ], [ -16.6324845, 28.0763276 ], [ -16.6325422, 28.076354 ], [ -16.6327314, 28.0764061 ], [ -16.6328174, 28.0764194 ], [ -16.6328768, 28.076432 ], [ -16.6329751, 28.0764662 ], [ -16.6331255, 28.0765049 ], [ -16.6331727, 28.0765265 ], [ -16.6332128, 28.0765568 ], [ -16.6332546, 28.0765788 ], [ -16.6333022, 28.0766141 ], [ -16.6333075, 28.0766182 ], [ -16.6333641, 28.0766672 ], [ -16.6334201, 28.0767204 ], [ -16.6334445, 28.076748 ], [ -16.6334639, 28.0767744 ], [ -16.633512, 28.0768529 ], [ -16.6335665, 28.0769597 ], [ -16.6336115, 28.0770303 ], [ -16.6336803, 28.0771051 ], [ -16.6337011, 28.077146 ], [ -16.6337048, 28.0772014 ], [ -16.6337037, 28.0772955 ], [ -16.6336942, 28.0773721 ], [ -16.6337188, 28.0774901 ], [ -16.6337453, 28.0775887 ], [ -16.6337716, 28.0776331 ], [ -16.6338226, 28.0776969 ], [ -16.6339439, 28.0777754 ], [ -16.6340126, 28.0778435 ], [ -16.6340413, 28.0779231 ], [ -16.6340691, 28.0779339 ], [ -16.6341348, 28.0779967 ], [ -16.6341406, 28.0780023 ], [ -16.634186, 28.078048 ], [ -16.6342667, 28.0780869 ], [ -16.6343023, 28.0781265 ], [ -16.6343706, 28.0781702 ], [ -16.6344335, 28.0781894 ], [ -16.634521, 28.0781794 ], [ -16.634599, 28.078203 ], [ -16.634685, 28.0782597 ], [ -16.6347765, 28.0783496 ], [ -16.6348256, 28.0784468 ], [ -16.6348469, 28.078531 ], [ -16.6348675, 28.0785707 ], [ -16.6349747, 28.0787005 ], [ -16.6350115, 28.0787322 ], [ -16.6350179, 28.0787377 ], [ -16.6350632, 28.0787791 ], [ -16.6351118, 28.0788298 ], [ -16.6351728, 28.0788824 ], [ -16.6351959, 28.0789221 ], [ -16.6352093, 28.0789797 ], [ -16.6351976, 28.0790353 ], [ -16.6351562, 28.0791114 ], [ -16.6351444, 28.0791255 ], [ -16.6351372, 28.0791342 ], [ -16.6351168, 28.0791586 ], [ -16.6350104, 28.079242 ], [ -16.6349766, 28.079259 ], [ -16.6349679, 28.0792633 ], [ -16.634961, 28.0792668 ], [ -16.6349135, 28.0792898 ], [ -16.634826, 28.0793019 ], [ -16.6347788, 28.0793246 ], [ -16.6347001, 28.0794278 ], [ -16.6346807, 28.0794658 ], [ -16.6346789, 28.0795123 ], [ -16.634692, 28.0795455 ], [ -16.6347352, 28.0795917 ], [ -16.6347755, 28.0796134 ], [ -16.6348187, 28.0796484 ], [ -16.6348545, 28.0796946 ], [ -16.6348726, 28.0797322 ], [ -16.6348789, 28.0798165 ], [ -16.634861, 28.0799613 ], [ -16.6348554, 28.0800833 ], [ -16.6348634, 28.0801187 ], [ -16.6348839, 28.0801495 ], [ -16.6349074, 28.0802138 ], [ -16.6349607, 28.0802553 ], [ -16.6350087, 28.0802858 ], [ -16.6350666, 28.0803139 ], [ -16.6351502, 28.0803729 ], [ -16.6351808, 28.0804037 ], [ -16.6352327, 28.0805318 ], [ -16.6352659, 28.0805692 ], [ -16.6352813, 28.080598 ], [ -16.6353062, 28.0807487 ], [ -16.6353081, 28.0808726 ], [ -16.635308, 28.0808733 ], [ -16.6352976, 28.0810065 ], [ -16.63527, 28.0811716 ], [ -16.635269, 28.0812688 ], [ -16.635323, 28.0813657 ], [ -16.6353829, 28.0815141 ], [ -16.6354192, 28.0817689 ], [ -16.6354177, 28.0818246 ], [ -16.6354439, 28.0819019 ], [ -16.6354378, 28.082002 ], [ -16.6354469, 28.0821041 ], [ -16.6354357, 28.0821862 ], [ -16.6353499, 28.082321 ], [ -16.6352919, 28.0824434 ], [ -16.635264, 28.0824688 ], [ -16.6351926, 28.0825204 ], [ -16.6351583, 28.0825563 ], [ -16.6350751, 28.082846 ], [ -16.6350662, 28.0829374 ], [ -16.635062, 28.0829816 ], [ -16.635096, 28.0830199 ], [ -16.6351192, 28.0830421 ], [ -16.6351366, 28.0830331 ], [ -16.6352842, 28.083121 ], [ -16.635309, 28.0831357 ], [ -16.6353423, 28.0831865 ], [ -16.6353729, 28.0832085 ], [ -16.6354031, 28.0832258 ], [ -16.6355177, 28.0832849 ], [ -16.6355854, 28.0833129 ], [ -16.6356386, 28.0833301 ], [ -16.6356874, 28.0833317 ], [ -16.6357291, 28.083329 ], [ -16.635821, 28.08327 ], [ -16.6358661, 28.0832605 ], [ -16.6360328, 28.083342 ], [ -16.6360688, 28.0833784 ], [ -16.6361178, 28.0834625 ], [ -16.6361968, 28.0835373 ], [ -16.6362673, 28.0835704 ], [ -16.636316, 28.0836116 ], [ -16.6363705, 28.0837246 ], [ -16.636379, 28.0837909 ], [ -16.6363821, 28.0838269 ], [ -16.6363529, 28.083897 ], [ -16.6363069, 28.0839901 ], [ -16.6362854, 28.0840614 ], [ -16.6362832, 28.0842779 ], [ -16.6363277, 28.0843912 ], [ -16.6363804, 28.0844625 ], [ -16.6364295, 28.0845229 ], [ -16.6365827, 28.0846332 ], [ -16.6366313, 28.0846884 ], [ -16.6366897, 28.0847389 ], [ -16.6368316, 28.0848153 ], [ -16.63691, 28.0848762 ], [ -16.6369539, 28.0849294 ], [ -16.6369848, 28.0849889 ], [ -16.6370113, 28.0850602 ], [ -16.6369657, 28.0852059 ], [ -16.636984, 28.0853337 ], [ -16.6371834, 28.0855586 ], [ -16.6374108, 28.0856712 ], [ -16.6375496, 28.0857689 ], [ -16.6377068, 28.0858789 ], [ -16.6378279, 28.0859562 ], [ -16.6378389, 28.0860639 ], [ -16.6378307, 28.0861704 ], [ -16.6378372, 28.0862637 ], [ -16.6378679, 28.0863079 ], [ -16.6378595, 28.086402 ], [ -16.6378257, 28.086514 ], [ -16.6377715, 28.0866615 ], [ -16.6377521, 28.0867145 ], [ -16.63772, 28.0868266 ], [ -16.6377264, 28.0869071 ], [ -16.6377534, 28.087006 ], [ -16.6377941, 28.0871099 ], [ -16.6379382, 28.0872962 ], [ -16.638021, 28.0874604 ], [ -16.6380435, 28.0876156 ], [ -16.6380067, 28.0878166 ], [ -16.6379578, 28.0879155 ], [ -16.6379401, 28.0880655 ], [ -16.6379331, 28.088114 ], [ -16.6378425, 28.0881797 ], [ -16.6378845, 28.0882515 ], [ -16.6379397, 28.0883116 ], [ -16.6379823, 28.0883793 ], [ -16.6379884, 28.0884059 ], [ -16.6380592, 28.0884625 ], [ -16.6381648, 28.0884977 ], [ -16.6382006, 28.0885254 ], [ -16.6382573, 28.0885413 ], [ -16.6382892, 28.0885568 ], [ -16.6383086, 28.0885751 ], [ -16.6383443, 28.0885835 ], [ -16.6383582, 28.0885757 ], [ -16.6384091, 28.0886184 ], [ -16.6384237, 28.0886344 ], [ -16.6384998, 28.0887184 ], [ -16.6385008, 28.0887194 ], [ -16.6385319, 28.0887486 ], [ -16.6386176, 28.0887709 ], [ -16.6386244, 28.0887739 ], [ -16.638959, 28.0889205 ], [ -16.6389737, 28.0889794 ], [ -16.6390182, 28.0890166 ], [ -16.6391589, 28.0890743 ], [ -16.639193, 28.0890951 ], [ -16.6392155, 28.0891346 ], [ -16.6392488, 28.0891721 ], [ -16.639272, 28.0892127 ], [ -16.6392781, 28.0893276 ], [ -16.6392714, 28.089387 ], [ -16.639252, 28.0894306 ], [ -16.6392523, 28.0894587 ], [ -16.6392282, 28.0895652 ], [ -16.6391895, 28.0896614 ], [ -16.6391939, 28.0897093 ], [ -16.6392271, 28.0898237 ], [ -16.6393038, 28.0899064 ], [ -16.6393495, 28.0899381 ], [ -16.6394338, 28.0900043 ], [ -16.6394379, 28.0900079 ], [ -16.6394743, 28.0900404 ], [ -16.6395091, 28.0900968 ], [ -16.6395542, 28.0902501 ], [ -16.6395732, 28.0903434 ], [ -16.6395789, 28.0903904 ], [ -16.6396228, 28.0904645 ], [ -16.639687, 28.0905462 ], [ -16.639698, 28.0906229 ], [ -16.6397254, 28.0906599 ], [ -16.6397456, 28.0906893 ], [ -16.6398425, 28.0907595 ], [ -16.6398813, 28.0907878 ], [ -16.6398971, 28.0907992 ], [ -16.6400379, 28.0908899 ], [ -16.6401454, 28.0909365 ], [ -16.640191, 28.0909539 ], [ -16.6402072, 28.0909637 ], [ -16.6402283, 28.0909763 ], [ -16.6402969, 28.0910476 ], [ -16.6403554, 28.091163 ], [ -16.6404044, 28.0914635 ], [ -16.6404038, 28.0915205 ], [ -16.6404008, 28.0918952 ], [ -16.640433, 28.0920286 ], [ -16.6404572, 28.0920461 ], [ -16.6406164, 28.0924466 ], [ -16.640648, 28.092463 ], [ -16.6406485, 28.0924698 ], [ -16.6407375, 28.0925099 ], [ -16.6407445, 28.0925131 ], [ -16.6408427, 28.092565 ], [ -16.640856, 28.092572 ], [ -16.6409065, 28.0927052 ], [ -16.6409251, 28.0927392 ], [ -16.6409296, 28.0927623 ], [ -16.6409747, 28.0928188 ], [ -16.6410916, 28.093027 ], [ -16.6411522, 28.0931048 ], [ -16.6411546, 28.093108 ], [ -16.6412413, 28.0932443 ], [ -16.6423134, 28.0938243 ], [ -16.6422902, 28.0939826 ], [ -16.6422872, 28.0940129 ], [ -16.6422768, 28.0940787 ], [ -16.6422724, 28.0941226 ], [ -16.6422684, 28.0941419 ], [ -16.6422545, 28.0942078 ], [ -16.6422407, 28.0942646 ], [ -16.642225, 28.094313 ], [ -16.6422095, 28.0943532 ], [ -16.6421819, 28.0944214 ], [ -16.6421686, 28.0944525 ], [ -16.6421544, 28.0944832 ], [ -16.6421209, 28.0945556 ], [ -16.6421017, 28.0945911 ], [ -16.6420694, 28.0946458 ], [ -16.6420193, 28.0947362 ], [ -16.6419894, 28.0947909 ], [ -16.6419746, 28.0948208 ], [ -16.6419638, 28.0948559 ], [ -16.6419526, 28.0948879 ], [ -16.6419437, 28.0949094 ], [ -16.6419217, 28.0949931 ], [ -16.6419001, 28.0950694 ], [ -16.6418939, 28.0951134 ], [ -16.6418856, 28.095153 ], [ -16.6418768, 28.0952477 ], [ -16.6418743, 28.0952761 ], [ -16.6418706, 28.0953299 ], [ -16.6418667, 28.095424 ], [ -16.6418664, 28.0954654 ], [ -16.6418673, 28.0955228 ], [ -16.6418694, 28.0955997 ], [ -16.6418815, 28.0957495 ], [ -16.6418848, 28.0958093 ], [ -16.6418887, 28.0960359 ], [ -16.6414457, 28.0981578 ], [ -16.6422617, 28.09852 ], [ -16.6447677, 28.0987074 ], [ -16.6455514, 28.0987657 ] ] ], [ [ [ -16.6493026, 28.0836215 ], [ -16.6494755, 28.0835289 ], [ -16.6494818, 28.0835254 ], [ -16.6495586, 28.08343 ], [ -16.6495686, 28.0834254 ], [ -16.6495839, 28.0834197 ], [ -16.6495991, 28.0834173 ], [ -16.6496142, 28.0834165 ], [ -16.6496468, 28.0834295 ], [ -16.6496627, 28.0834406 ], [ -16.6496696, 28.0834382 ], [ -16.6496923, 28.0833627 ], [ -16.6496991, 28.0833463 ], [ -16.6497428, 28.0832664 ], [ -16.649676, 28.0831919 ], [ -16.6496442, 28.0831654 ], [ -16.6496127, 28.0831387 ], [ -16.6495996, 28.0831283 ], [ -16.649556, 28.083102 ], [ -16.6495097, 28.0830837 ], [ -16.6494668, 28.0830759 ], [ -16.6494553, 28.0830738 ], [ -16.649403, 28.0830718 ], [ -16.6493105, 28.0830866 ], [ -16.6492934, 28.0830893 ], [ -16.6492456, 28.0830996 ], [ -16.6491986, 28.0831137 ], [ -16.6491489, 28.0831257 ], [ -16.6490804, 28.0831396 ], [ -16.6490463, 28.0831465 ], [ -16.6489986, 28.083172 ], [ -16.6489935, 28.0831771 ], [ -16.6489619, 28.0832063 ], [ -16.6489444, 28.0832253 ], [ -16.6488936, 28.0832776 ], [ -16.6488718, 28.0832946 ], [ -16.6488481, 28.0833133 ], [ -16.6488367, 28.0833223 ], [ -16.6487024, 28.0834281 ], [ -16.6486953, 28.0834336 ], [ -16.6486651, 28.0834591 ], [ -16.6486271, 28.0835213 ], [ -16.6486082, 28.0835635 ], [ -16.6487751, 28.083659 ], [ -16.6487843, 28.0836584 ], [ -16.6493026, 28.0836215 ] ] ] ] } },
{ "type": "Feature", "properties": { "fid_": 0, "bic_nombre": "VILLA Y PUERTO DE GARACHICO", "bic_catego": "CONJUNTO HISTÓRICO", "bic_entorn": 0, "municipio_": "GARACHICO", "bic_descri": "Bien de Interés Cultural con categoría de Conjunto Histórico de la “Villa y Puerto de Garachico”, en el municipio homónimo, declarado por Decreto 10/1994, de 11 de febrero, del Gobierno de Canarias, publicado en el BOC nº 28 de 7 de marzo de 199", "boletin1_n": "BOC nº 28 de 7 de marzo de 1994", "boletin1_u": "http://www.gobiernodecanarias.org/boc/1994/028/006.html", "boletin2_n": null, "boletin2_u": null }, "geometry": { "type": "MultiPolygon", "coordinates": [ [ [ [ -16.7561459, 28.3741004 ], [ -16.7561896, 28.3741642 ], [ -16.7562154, 28.3742061 ], [ -16.7562749, 28.3742386 ], [ -16.7563196, 28.3742868 ], [ -16.7563312, 28.3743066 ], [ -16.7563546, 28.3743585 ], [ -16.7563541, 28.3744073 ], [ -16.7563332, 28.3744331 ], [ -16.756331, 28.3744497 ], [ -16.7563659, 28.3745136 ], [ -16.7564446, 28.374567 ], [ -16.7565087, 28.3745739 ], [ -16.7565585, 28.3745522 ], [ -16.7566144, 28.3745226 ], [ -16.7566754, 28.3744941 ], [ -16.756729, 28.3744734 ], [ -16.7567851, 28.3744539 ], [ -16.7568964, 28.3744302 ], [ -16.7569765, 28.3744181 ], [ -16.7570491, 28.3744105 ], [ -16.7571332, 28.3744128 ], [ -16.7573207, 28.3744503 ], [ -16.7575916, 28.3745267 ], [ -16.7576723, 28.3745489 ], [ -16.7577829, 28.3745619 ], [ -16.7578868, 28.3745506 ], [ -16.7579868, 28.3745316 ], [ -16.7581039, 28.3744823 ], [ -16.7581909, 28.3744302 ], [ -16.7583015, 28.3743677 ], [ -16.7583715, 28.3743535 ], [ -16.7585258, 28.3743549 ], [ -16.7586202, 28.3743758 ], [ -16.7587751, 28.3744138 ], [ -16.7588554, 28.3744127 ], [ -16.7589054, 28.3744065 ], [ -16.7590017, 28.3743853 ], [ -16.7590543, 28.3743802 ], [ -16.7591181, 28.3743738 ], [ -16.7591996, 28.3743728 ], [ -16.7592774, 28.3743718 ], [ -16.759384, 28.3743737 ], [ -16.7594984, 28.3743348 ], [ -16.7595644, 28.3742804 ], [ -16.7599292, 28.3741959 ], [ -16.760213, 28.3741356 ], [ -16.760361, 28.374137 ], [ -16.7605418, 28.3741502 ], [ -16.760725, 28.3742266 ], [ -16.7609197, 28.3743184 ], [ -16.7609854, 28.3743497 ], [ -16.7611987, 28.3745067 ], [ -16.7613724, 28.3746165 ], [ -16.7615701, 28.3747393 ], [ -16.761617, 28.3747676 ], [ -16.7616193, 28.374833 ], [ -16.7616115, 28.3748897 ], [ -16.7616514, 28.3749546 ], [ -16.7616704, 28.3749644 ], [ -16.7617877, 28.3750039 ], [ -16.7618462, 28.3749754 ], [ -16.7618429, 28.3749311 ], [ -16.7618587, 28.3748976 ], [ -16.7619318, 28.3749188 ], [ -16.761985, 28.3749514 ], [ -16.7621489, 28.3750769 ], [ -16.7622418, 28.3751555 ], [ -16.7622482, 28.3751677 ], [ -16.7622504, 28.3752231 ], [ -16.7623257, 28.3752998 ], [ -16.7623931, 28.3753555 ], [ -16.7624867, 28.3754042 ], [ -16.7625489, 28.3753723 ], [ -16.7626002, 28.3753628 ], [ -16.7626417, 28.3753734 ], [ -16.7626939, 28.3754159 ], [ -16.7627635, 28.3754561 ], [ -16.7628066, 28.3754799 ], [ -16.762823, 28.3754875 ], [ -16.7628887, 28.3755144 ], [ -16.7629278, 28.3755294 ], [ -16.7629804, 28.3755276 ], [ -16.7630859, 28.3755307 ], [ -16.7631912, 28.3755315 ], [ -16.7632742, 28.3755449 ], [ -16.7633046, 28.3755623 ], [ -16.7633743, 28.3756057 ], [ -16.7634034, 28.3756153 ], [ -16.7634185, 28.3756229 ], [ -16.7634585, 28.3756124 ], [ -16.7634708, 28.3755967 ], [ -16.7634421, 28.3755305 ], [ -16.763454, 28.3754949 ], [ -16.7634727, 28.375488 ], [ -16.763499, 28.3754843 ], [ -16.7636005, 28.3754797 ], [ -16.7637229, 28.3755224 ], [ -16.7637696, 28.3755363 ], [ -16.7638109, 28.3755335 ], [ -16.7638559, 28.3755229 ], [ -16.7639124, 28.3755278 ], [ -16.7640266, 28.3755274 ], [ -16.7641181, 28.3755273 ], [ -16.7641823, 28.3755387 ], [ -16.7642089, 28.3755539 ], [ -16.7642618, 28.3755665 ], [ -16.7643158, 28.3755747 ], [ -16.7643822, 28.3755683 ], [ -16.7644569, 28.3755351 ], [ -16.7644805, 28.3755193 ], [ -16.7645029, 28.3755112 ], [ -16.7645179, 28.3755066 ], [ -16.7645429, 28.3755007 ], [ -16.764623, 28.3754875 ], [ -16.7646593, 28.3754848 ], [ -16.7647559, 28.3754847 ], [ -16.7647884, 28.3754798 ], [ -16.7648284, 28.3754715 ], [ -16.7648823, 28.3754697 ], [ -16.7649482, 28.3754334 ], [ -16.7649918, 28.3754162 ], [ -16.7650582, 28.3754131 ], [ -16.7651586, 28.3754151 ], [ -16.7651998, 28.3754013 ], [ -16.7652479, 28.3753507 ], [ -16.7653603, 28.3752494 ], [ -16.7653877, 28.3751625 ], [ -16.7654171, 28.3751156 ], [ -16.7654565, 28.3750707 ], [ -16.7654978, 28.3750701 ], [ -16.7655269, 28.3750797 ], [ -16.7655732, 28.3750747 ], [ -16.7656188, 28.3750286 ], [ -16.765758, 28.3748759 ], [ -16.7657868, 28.3747924 ], [ -16.7657839, 28.3747713 ], [ -16.7657758, 28.3747393 ], [ -16.7657714, 28.3746961 ], [ -16.7657704, 28.3746373 ], [ -16.765747, 28.3745854 ], [ -16.7657386, 28.3745356 ], [ -16.7657281, 28.3745091 ], [ -16.7657073, 28.3744661 ], [ -16.7657068, 28.3744317 ], [ -16.7657414, 28.3744036 ], [ -16.7658712, 28.3743653 ], [ -16.7658949, 28.3743528 ], [ -16.7659293, 28.3743124 ], [ -16.7659628, 28.3742154 ], [ -16.7660075, 28.3740362 ], [ -16.7660211, 28.3739484 ], [ -16.7660649, 28.3738635 ], [ -16.766094, 28.3737267 ], [ -16.7661493, 28.3735862 ], [ -16.7661535, 28.3735351 ], [ -16.7661863, 28.3734208 ], [ -16.7662045, 28.3733792 ], [ -16.7662357, 28.3733455 ], [ -16.7662658, 28.3733506 ], [ -16.7663075, 28.3733667 ], [ -16.7663272, 28.3734303 ], [ -16.7663276, 28.3734727 ], [ -16.7662911, 28.3735855 ], [ -16.7662476, 28.3737018 ], [ -16.7662289, 28.3737367 ], [ -16.7662413, 28.3737566 ], [ -16.7662484, 28.3737996 ], [ -16.7662391, 28.3738284 ], [ -16.766216, 28.3738718 ], [ -16.7661855, 28.3738982 ], [ -16.7661614, 28.3739333 ], [ -16.7661717, 28.3741144 ], [ -16.766188, 28.3741599 ], [ -16.7661986, 28.3742135 ], [ -16.766199, 28.3742559 ], [ -16.7661912, 28.3742957 ], [ -16.7661428, 28.3743925 ], [ -16.7661132, 28.374432 ], [ -16.766082, 28.374463 ], [ -16.7660704, 28.3745003 ], [ -16.7660793, 28.3745248 ], [ -16.7660959, 28.3745232 ], [ -16.7661216, 28.3745066 ], [ -16.7661788, 28.3744578 ], [ -16.7661879, 28.3744486 ], [ -16.7662142, 28.3744196 ], [ -16.7662325, 28.3743863 ], [ -16.7662392, 28.3743114 ], [ -16.7662642, 28.37427 ], [ -16.7662752, 28.3742312 ], [ -16.7662691, 28.3742039 ], [ -16.7662696, 28.3741658 ], [ -16.7662796, 28.3741089 ], [ -16.7662879, 28.3740651 ], [ -16.7662924, 28.374016 ], [ -16.7663164, 28.3739623 ], [ -16.7663409, 28.3739336 ], [ -16.7663648, 28.3738969 ], [ -16.7663797, 28.3738433 ], [ -16.7663764, 28.3738019 ], [ -16.7663662, 28.3737753 ], [ -16.7663629, 28.3737363 ], [ -16.7663651, 28.3736892 ], [ -16.7663735, 28.3736504 ], [ -16.7664456, 28.3735577 ], [ -16.7664626, 28.373515 ], [ -16.7664734, 28.3734565 ], [ -16.7664892, 28.3733625 ], [ -16.7665058, 28.3732199 ], [ -16.7665084, 28.3731125 ], [ -16.7665169, 28.37308 ], [ -16.766521, 28.3730313 ], [ -16.76652, 28.3729905 ], [ -16.7664816, 28.3729263 ], [ -16.7664535, 28.3728946 ], [ -16.766416, 28.3728727 ], [ -16.7663915, 28.3728365 ], [ -16.7663779, 28.3727981 ], [ -16.7663712, 28.3727469 ], [ -16.7663722, 28.3726576 ], [ -16.7663652, 28.3725983 ], [ -16.7663807, 28.3725598 ], [ -16.7663954, 28.3725521 ], [ -16.7664114, 28.3725429 ], [ -16.7664305, 28.3725336 ], [ -16.7664576, 28.3725202 ], [ -16.7665019, 28.3725134 ], [ -16.7665921, 28.3725343 ], [ -16.7666118, 28.372553 ], [ -16.7666369, 28.3725877 ], [ -16.7666676, 28.3726148 ], [ -16.7666918, 28.3726188 ], [ -16.7667381, 28.3726327 ], [ -16.7667521, 28.372626 ], [ -16.7667514, 28.3726241 ], [ -16.7667863, 28.3726513 ], [ -16.7669141, 28.3727215 ], [ -16.7669628, 28.3727367 ], [ -16.7670417, 28.3727872 ], [ -16.7670538, 28.3728215 ], [ -16.7670844, 28.3728448 ], [ -16.7671107, 28.3728411 ], [ -16.7671519, 28.372814 ], [ -16.7671445, 28.372779 ], [ -16.7671183, 28.3727338 ], [ -16.7670675, 28.3726886 ], [ -16.7670797, 28.3726794 ], [ -16.7671154, 28.3726746 ], [ -16.7672041, 28.3726625 ], [ -16.7672592, 28.3726631 ], [ -16.7673095, 28.3726636 ], [ -16.7673753, 28.3726845 ], [ -16.767397, 28.3726733 ], [ -16.7674026, 28.3726277 ], [ -16.7674179, 28.3725946 ], [ -16.7674915, 28.3725344 ], [ -16.7675133, 28.3724913 ], [ -16.7675139, 28.3724548 ], [ -16.7674925, 28.3722798 ], [ -16.7675033, 28.3722383 ], [ -16.7675175, 28.3722086 ], [ -16.7675498, 28.3721943 ], [ -16.7675878, 28.3721953 ], [ -16.7676398, 28.3722475 ], [ -16.7676574, 28.3722825 ], [ -16.7676558, 28.3723256 ], [ -16.7676544, 28.3723686 ], [ -16.7676671, 28.3723907 ], [ -16.7676984, 28.3724191 ], [ -16.7677284, 28.3724216 ], [ -16.767765, 28.3724094 ], [ -16.7677826, 28.3724177 ], [ -16.7678211, 28.3724123 ], [ -16.7678349, 28.372391 ], [ -16.7678449, 28.3723594 ], [ -16.7678475, 28.3723518 ], [ -16.7678682, 28.3723139 ], [ -16.7679052, 28.3722816 ], [ -16.7679302, 28.3722817 ], [ -16.7679571, 28.3722985 ], [ -16.7679664, 28.3723238 ], [ -16.7679481, 28.3723796 ], [ -16.7679054, 28.3724817 ], [ -16.7678878, 28.3725239 ], [ -16.767875, 28.3725625 ], [ -16.7678644, 28.372629 ], [ -16.7678734, 28.3726857 ], [ -16.7678796, 28.372695 ], [ -16.767893, 28.3727353 ], [ -16.7679075, 28.3727592 ], [ -16.7679347, 28.372804 ], [ -16.7679606, 28.372834 ], [ -16.7679893, 28.3728453 ], [ -16.7680295, 28.3728532 ], [ -16.768076, 28.3728475 ], [ -16.7681515, 28.3727882 ], [ -16.7681899, 28.3727481 ], [ -16.768198, 28.3727144 ], [ -16.7682011, 28.3726831 ], [ -16.7682372, 28.3726099 ], [ -16.7682833, 28.3725974 ], [ -16.7683657, 28.372582 ], [ -16.7683868, 28.3725646 ], [ -16.768391, 28.3725445 ], [ -16.7683852, 28.3724657 ], [ -16.7683852, 28.3724637 ], [ -16.7683672, 28.3722259 ], [ -16.7683621, 28.3721816 ], [ -16.7683575, 28.3720896 ], [ -16.7683495, 28.3720368 ], [ -16.7683348, 28.3719669 ], [ -16.7683212, 28.371902 ], [ -16.7683162, 28.3718456 ], [ -16.7682975, 28.3717799 ], [ -16.7682863, 28.3716983 ], [ -16.7681834, 28.3715696 ], [ -16.7681266, 28.3714987 ], [ -16.7680649, 28.3714272 ], [ -16.7680586, 28.3714202 ], [ -16.7680271, 28.3713838 ], [ -16.7679963, 28.3713512 ], [ -16.7679745, 28.3713271 ], [ -16.7679482, 28.3712995 ], [ -16.7679094, 28.3712668 ], [ -16.7678674, 28.3712094 ], [ -16.7677629, 28.3710682 ], [ -16.767733, 28.3710321 ], [ -16.7677301, 28.3710064 ], [ -16.7677404, 28.37099 ], [ -16.7677722, 28.3709593 ], [ -16.767808, 28.3709372 ], [ -16.7678208, 28.3709291 ], [ -16.7678957, 28.3708879 ], [ -16.7679217, 28.3708771 ], [ -16.7679553, 28.370863 ], [ -16.7680479, 28.370824 ], [ -16.7681163, 28.3708009 ], [ -16.7682147, 28.370775 ], [ -16.7683175, 28.3707814 ], [ -16.7683349, 28.3707999 ], [ -16.7683674, 28.3709621 ], [ -16.7683828, 28.371005 ], [ -16.7684084, 28.3710419 ], [ -16.7684456, 28.3710622 ], [ -16.7684977, 28.3710639 ], [ -16.7685456, 28.3710652 ], [ -16.7686768, 28.3710845 ], [ -16.7687458, 28.3710908 ], [ -16.7688186, 28.3710976 ], [ -16.7689596, 28.3711115 ], [ -16.7690167, 28.3711104 ], [ -16.7690617, 28.3711021 ], [ -16.769093, 28.3710798 ], [ -16.7691169, 28.3710424 ], [ -16.7691264, 28.3710274 ], [ -16.7691532, 28.3710112 ], [ -16.7692205, 28.3710024 ], [ -16.7693357, 28.3710176 ], [ -16.7693961, 28.371018 ], [ -16.7694571, 28.3710237 ], [ -16.7695348, 28.3710443 ], [ -16.7696761, 28.3711034 ], [ -16.7696925, 28.371113 ], [ -16.7697006, 28.3711189 ], [ -16.7697076, 28.3711226 ], [ -16.7697674, 28.3711509 ], [ -16.7697785, 28.3711551 ], [ -16.7699352, 28.371209 ], [ -16.7699924, 28.3712322 ], [ -16.7700429, 28.3712623 ], [ -16.7700806, 28.3712976 ], [ -16.7701061, 28.3713354 ], [ -16.7701214, 28.3713743 ], [ -16.7701166, 28.3714156 ], [ -16.7701091, 28.3714338 ], [ -16.7700789, 28.371471 ], [ -16.7700408, 28.3714971 ], [ -16.7700246, 28.3715402 ], [ -16.7700045, 28.371577 ], [ -16.7699376, 28.3715967 ], [ -16.7698884, 28.3716116 ], [ -16.7698514, 28.3716315 ], [ -16.7697962, 28.3717002 ], [ -16.769758, 28.371727 ], [ -16.7697241, 28.3717586 ], [ -16.7697179, 28.3717818 ], [ -16.7697167, 28.3718213 ], [ -16.7697029, 28.3718644 ], [ -16.769696, 28.3719191 ], [ -16.7696784, 28.3719653 ], [ -16.7696532, 28.3719947 ], [ -16.7695985, 28.372026 ], [ -16.7695077, 28.3720768 ], [ -16.7694718, 28.3721291 ], [ -16.7694489, 28.3721855 ], [ -16.769438, 28.3722379 ], [ -16.7694029, 28.3723657 ], [ -16.7693961, 28.3724174 ], [ -16.7693841, 28.3724583 ], [ -16.7693157, 28.3725152 ], [ -16.769295, 28.3725556 ], [ -16.7692797, 28.3726014 ], [ -16.76927, 28.3726423 ], [ -16.7691948, 28.3728005 ], [ -16.7691607, 28.3728791 ], [ -16.7691486, 28.3729163 ], [ -16.76915, 28.3729592 ], [ -16.7691332, 28.3730441 ], [ -16.7691343, 28.3730832 ], [ -16.7691525, 28.3730905 ], [ -16.7691754, 28.3730816 ], [ -16.7691834, 28.3730601 ], [ -16.7691865, 28.3730472 ], [ -16.7692286, 28.3728772 ], [ -16.7692514, 28.3728669 ], [ -16.7693065, 28.3728631 ], [ -16.76933, 28.3728768 ], [ -16.7693593, 28.3729047 ], [ -16.7693982, 28.3729159 ], [ -16.7694463, 28.3729078 ], [ -16.7694936, 28.3729035 ], [ -16.7695273, 28.3729183 ], [ -16.7696066, 28.3729535 ], [ -16.7696386, 28.3729319 ], [ -16.7696609, 28.3728986 ], [ -16.7696888, 28.3728851 ], [ -16.769716, 28.3729006 ], [ -16.7697207, 28.3729211 ], [ -16.7697247, 28.3729375 ], [ -16.7697019, 28.3730398 ], [ -16.7696803, 28.3731125 ], [ -16.7696899, 28.3731518 ], [ -16.7697213, 28.3731875 ], [ -16.7697738, 28.3732212 ], [ -16.7698037, 28.3732403 ], [ -16.7698107, 28.3732446 ], [ -16.7698576, 28.3732796 ], [ -16.7698862, 28.3733167 ], [ -16.7698658, 28.3733764 ], [ -16.769844, 28.373422 ], [ -16.7698194, 28.3734565 ], [ -16.7698072, 28.3734877 ], [ -16.7697908, 28.3735299 ], [ -16.769784, 28.3735697 ], [ -16.7697955, 28.3736169 ], [ -16.7698177, 28.3736324 ], [ -16.769851, 28.3736388 ], [ -16.7698937, 28.3736299 ], [ -16.7699071, 28.3736142 ], [ -16.7699113, 28.3735351 ], [ -16.7699176, 28.3734898 ], [ -16.7699304, 28.3734388 ], [ -16.7699521, 28.3733938 ], [ -16.7700494, 28.3732953 ], [ -16.7700729, 28.3732733 ], [ -16.7700922, 28.3732557 ], [ -16.7701317, 28.3732381 ], [ -16.7701763, 28.37321 ], [ -16.7702247, 28.373185 ], [ -16.7702667, 28.3731822 ], [ -16.7703172, 28.3731591 ], [ -16.7703236, 28.3731363 ], [ -16.7703211, 28.3730894 ], [ -16.7703164, 28.3729586 ], [ -16.7702972, 28.3728623 ], [ -16.7702779, 28.3728326 ], [ -16.7702735, 28.3727927 ], [ -16.770299, 28.3727414 ], [ -16.7703288, 28.3727232 ], [ -16.77037, 28.3727116 ], [ -16.7705004, 28.3727088 ], [ -16.7706308, 28.3727082 ], [ -16.7707087, 28.3727161 ], [ -16.7707818, 28.372734 ], [ -16.7708335, 28.3727544 ], [ -16.7708805, 28.372786 ], [ -16.7709592, 28.3728459 ], [ -16.7710228, 28.3728995 ], [ -16.7711081, 28.3729705 ], [ -16.77114, 28.3729977 ], [ -16.771321, 28.3731053 ], [ -16.7713606, 28.3731491 ], [ -16.7713843, 28.3732154 ], [ -16.7714222, 28.3733092 ], [ -16.7714621, 28.3733664 ], [ -16.7714838, 28.3733894 ], [ -16.7714893, 28.3734204 ], [ -16.7714849, 28.3734548 ], [ -16.7714668, 28.3734972 ], [ -16.7713888, 28.3735581 ], [ -16.7713589, 28.3735871 ], [ -16.7713509, 28.3736219 ], [ -16.7713434, 28.3736482 ], [ -16.7713546, 28.373695 ], [ -16.7713754, 28.3737358 ], [ -16.7714173, 28.3737686 ], [ -16.7714602, 28.3737791 ], [ -16.771503, 28.3737941 ], [ -16.7715322, 28.3738125 ], [ -16.7715801, 28.3738252 ], [ -16.7715843, 28.3738507 ], [ -16.7715577, 28.3739121 ], [ -16.7715635, 28.3739608 ], [ -16.771581, 28.3740316 ], [ -16.7716252, 28.3740476 ], [ -16.7716538, 28.3740317 ], [ -16.7717054, 28.3740477 ], [ -16.7717082, 28.3740643 ], [ -16.7717086, 28.3740865 ], [ -16.7717103, 28.3741109 ], [ -16.771716, 28.3741518 ], [ -16.7717477, 28.3741951 ], [ -16.7717886, 28.3742186 ], [ -16.7718378, 28.3742401 ], [ -16.7718805, 28.3742429 ], [ -16.7718967, 28.3742327 ], [ -16.7718999, 28.3742016 ], [ -16.7718844, 28.3741763 ], [ -16.771875, 28.3741365 ], [ -16.7718843, 28.3740909 ], [ -16.7719202, 28.3740638 ], [ -16.7719627, 28.3740566 ], [ -16.7720392, 28.3740545 ], [ -16.7721196, 28.3740601 ], [ -16.7722051, 28.3740756 ], [ -16.7722868, 28.3740856 ], [ -16.7723422, 28.3740993 ], [ -16.7724279, 28.3741215 ], [ -16.7724833, 28.374133 ], [ -16.7725134, 28.3741348 ], [ -16.7725662, 28.3741419 ], [ -16.7726328, 28.374151 ], [ -16.7726806, 28.3741582 ], [ -16.7727626, 28.3741848 ], [ -16.7727863, 28.3741756 ], [ -16.7728427, 28.3741716 ], [ -16.7728865, 28.3741677 ], [ -16.7730143, 28.3741571 ], [ -16.7731133, 28.3741559 ], [ -16.7732151, 28.3741634 ], [ -16.7732679, 28.3741738 ], [ -16.7733537, 28.3742027 ], [ -16.7734495, 28.3742325 ], [ -16.7735053, 28.3742717 ], [ -16.7735359, 28.3743012 ], [ -16.7735479, 28.3743432 ], [ -16.7735723, 28.374374 ], [ -16.7736102, 28.3743912 ], [ -16.7736604, 28.3743906 ], [ -16.7737016, 28.374379 ], [ -16.7737467, 28.3743784 ], [ -16.7737898, 28.3744033 ], [ -16.7738306, 28.3744472 ], [ -16.7738979, 28.3744962 ], [ -16.7739825, 28.3745273 ], [ -16.7740301, 28.3745267 ], [ -16.7740763, 28.374515 ], [ -16.7741185, 28.3744845 ], [ -16.7741531, 28.3744552 ], [ -16.7741803, 28.3744326 ], [ -16.7742014, 28.3744179 ], [ -16.7742363, 28.3744008 ], [ -16.7742874, 28.3743835 ], [ -16.7744479, 28.3743781 ], [ -16.7746322, 28.3743757 ], [ -16.7747176, 28.3743846 ], [ -16.7747476, 28.3743775 ], [ -16.7748051, 28.3743635 ], [ -16.7748462, 28.3743474 ], [ -16.7748887, 28.3743402 ], [ -16.7749615, 28.3743381 ], [ -16.7750092, 28.3743397 ], [ -16.7750682, 28.3743467 ], [ -16.7751573, 28.3743456 ], [ -16.7752174, 28.3743437 ], [ -16.7752803, 28.3743517 ], [ -16.7753194, 28.3743634 ], [ -16.7753445, 28.3743687 ], [ -16.7753885, 28.3743714 ], [ -16.7754185, 28.3743644 ], [ -16.7754485, 28.3743573 ], [ -16.7754974, 28.3743578 ], [ -16.7755492, 28.3743826 ], [ -16.7755823, 28.3744077 ], [ -16.775599, 28.3744352 ], [ -16.7756769, 28.3745163 ], [ -16.7757272, 28.3745245 ], [ -16.775746, 28.3745243 ], [ -16.7757773, 28.3745183 ], [ -16.7758136, 28.3745179 ], [ -16.7758473, 28.3745052 ], [ -16.7758721, 28.3744894 ], [ -16.7758944, 28.3744746 ], [ -16.7759113, 28.3744356 ], [ -16.7759207, 28.3743966 ], [ -16.7759464, 28.3743553 ], [ -16.7759798, 28.3743282 ], [ -16.7760136, 28.3743267 ], [ -16.7760476, 28.3743351 ], [ -16.7760744, 28.3743625 ], [ -16.7760925, 28.3744687 ], [ -16.7760994, 28.3745796 ], [ -16.7761152, 28.3746238 ], [ -16.7761483, 28.3746544 ], [ -16.7761937, 28.3746715 ], [ -16.7762553, 28.3746796 ], [ -16.7762892, 28.3746792 ], [ -16.7759769, 28.3739607 ], [ -16.775739, 28.3726924 ], [ -16.7762199, 28.3726457 ], [ -16.7762706, 28.3716277 ], [ -16.7762808, 28.3710857 ], [ -16.776152, 28.3708711 ], [ -16.7755959, 28.3693139 ], [ -16.7753544, 28.3686275 ], [ -16.775147, 28.3680535 ], [ -16.7751037, 28.3681003 ], [ -16.775043, 28.368144 ], [ -16.7749574, 28.3681803 ], [ -16.7748976, 28.3681938 ], [ -16.7748268, 28.3681953 ], [ -16.7746256, 28.3681643 ], [ -16.7745453, 28.368165 ], [ -16.7744701, 28.3681737 ], [ -16.7743977, 28.3681904 ], [ -16.7743484, 28.3682062 ], [ -16.7742718, 28.368238 ], [ -16.774203, 28.3682744 ], [ -16.7740673, 28.368362 ], [ -16.7740283, 28.3683891 ], [ -16.7740041, 28.3684036 ], [ -16.7739728, 28.3684333 ], [ -16.7739369, 28.368477 ], [ -16.7739297, 28.3684842 ], [ -16.7739041, 28.3685103 ], [ -16.773862, 28.3685456 ], [ -16.7737982, 28.3685774 ], [ -16.7737291, 28.3685939 ], [ -16.7736677, 28.3685954 ], [ -16.7736095, 28.3685781 ], [ -16.7736006, 28.3685728 ], [ -16.7735112, 28.3685276 ], [ -16.7734554, 28.3685074 ], [ -16.773331, 28.3684784 ], [ -16.773276, 28.3684724 ], [ -16.7732309, 28.3684825 ], [ -16.7731765, 28.3685048 ], [ -16.7731288, 28.3685375 ], [ -16.7730801, 28.3685632 ], [ -16.7730275, 28.3685737 ], [ -16.7729679, 28.3685751 ], [ -16.7729112, 28.3685688 ], [ -16.7728527, 28.368555 ], [ -16.7727965, 28.3685335 ], [ -16.7727502, 28.3685095 ], [ -16.7726971, 28.3684734 ], [ -16.7726568, 28.3684458 ], [ -16.7726046, 28.3684286 ], [ -16.7725362, 28.3684301 ], [ -16.772472, 28.368435 ], [ -16.7721074, 28.3684811 ], [ -16.7720703, 28.3684812 ], [ -16.7720224, 28.3684707 ], [ -16.7719842, 28.3684453 ], [ -16.7719505, 28.3684121 ], [ -16.7719096, 28.3683848 ], [ -16.7718714, 28.368377 ], [ -16.771815, 28.3683717 ], [ -16.7717603, 28.3683729 ], [ -16.7716834, 28.3683814 ], [ -16.7716451, 28.3683898 ], [ -16.7715295, 28.3684262 ], [ -16.7714144, 28.3684527 ], [ -16.7713388, 28.368463 ], [ -16.7712878, 28.3684593 ], [ -16.7712415, 28.3684445 ], [ -16.7711574, 28.3684465 ], [ -16.7711067, 28.3684441 ], [ -16.7710462, 28.3684322 ], [ -16.7709981, 28.3684171 ], [ -16.7709794, 28.3684062 ], [ -16.7709635, 28.3683956 ], [ -16.7709572, 28.3683923 ], [ -16.7709368, 28.3683713 ], [ -16.7709308, 28.3683562 ], [ -16.7708958, 28.3682875 ], [ -16.7708575, 28.3682514 ], [ -16.7707915, 28.3681675 ], [ -16.7707607, 28.3681386 ], [ -16.7707133, 28.3681049 ], [ -16.770695, 28.3680944 ], [ -16.7706574, 28.3680773 ], [ -16.770588, 28.3680847 ], [ -16.7705236, 28.368113 ], [ -16.7704543, 28.3681448 ], [ -16.7704066, 28.3681534 ], [ -16.7703712, 28.3681551 ], [ -16.7702441, 28.3681398 ], [ -16.7701727, 28.3681073 ], [ -16.7700932, 28.3680448 ], [ -16.7700388, 28.3679847 ], [ -16.7700004, 28.3679469 ], [ -16.7699585, 28.367924 ], [ -16.7698607, 28.3679061 ], [ -16.7698202, 28.3678943 ], [ -16.7697762, 28.3678708 ], [ -16.7697344, 28.3678599 ], [ -16.7696814, 28.367859 ], [ -16.7696233, 28.3678508 ], [ -16.769565, 28.3678303 ], [ -16.7695433, 28.3678173 ], [ -16.7695135, 28.3677967 ], [ -16.7694472, 28.3677339 ], [ -16.7694112, 28.3677103 ], [ -16.7693363, 28.3677108 ], [ -16.7692948, 28.3677153 ], [ -16.7692115, 28.3677077 ], [ -16.7691697, 28.3677539 ], [ -16.769134, 28.3678818 ], [ -16.7691032, 28.3679338 ], [ -16.7690803, 28.3679604 ], [ -16.769049, 28.3679892 ], [ -16.7690075, 28.3680116 ], [ -16.7688007, 28.3680878 ], [ -16.7686741, 28.3681245 ], [ -16.7685007, 28.3682019 ], [ -16.7684597, 28.3682123 ], [ -16.768353, 28.3682181 ], [ -16.7681839, 28.3682076 ], [ -16.768025, 28.3681821 ], [ -16.7678041, 28.3681711 ], [ -16.7677411, 28.3681769 ], [ -16.7676793, 28.3681867 ], [ -16.7675051, 28.3682377 ], [ -16.7674434, 28.36824 ], [ -16.7673457, 28.3682194 ], [ -16.7673044, 28.3682143 ], [ -16.7671839, 28.3682106 ], [ -16.7671359, 28.3682005 ], [ -16.7670841, 28.3681816 ], [ -16.7670376, 28.3681596 ], [ -16.7669908, 28.3681607 ], [ -16.7669567, 28.3681929 ], [ -16.7669095, 28.3682241 ], [ -16.7668544, 28.368251 ], [ -16.766794, 28.3682648 ], [ -16.7666628, 28.3682745 ], [ -16.7666012, 28.3682845 ], [ -16.7665199, 28.3683158 ], [ -16.7663915, 28.3683807 ], [ -16.7663339, 28.3684222 ], [ -16.7662787, 28.3684505 ], [ -16.766236, 28.3684547 ], [ -16.7661836, 28.3684431 ], [ -16.7661099, 28.368415 ], [ -16.7660568, 28.3684129 ], [ -16.7660249, 28.368405 ], [ -16.7659994, 28.3683954 ], [ -16.7659586, 28.368377 ], [ -16.7659251, 28.3683637 ], [ -16.7658515, 28.3683264 ], [ -16.7657726, 28.3682836 ], [ -16.7656318, 28.3682004 ], [ -16.7655787, 28.3681663 ], [ -16.7654691, 28.3680844 ], [ -16.765423, 28.3680581 ], [ -16.7653682, 28.36804 ], [ -16.7653147, 28.3680305 ], [ -16.7651155, 28.3680149 ], [ -16.7650693, 28.3680102 ], [ -16.7649674, 28.3679912 ], [ -16.7648972, 28.3679847 ], [ -16.7648202, 28.3679736 ], [ -16.7646784, 28.3679242 ], [ -16.7645385, 28.3678664 ], [ -16.7643877, 28.3678023 ], [ -16.7643465, 28.3677825 ], [ -16.7641891, 28.3676944 ], [ -16.7641057, 28.3676465 ], [ -16.7640064, 28.3675816 ], [ -16.7638119, 28.3674533 ], [ -16.7637911, 28.3674368 ], [ -16.7637678, 28.3674214 ], [ -16.7637516, 28.3674117 ], [ -16.7637058, 28.3674046 ], [ -16.7636592, 28.367436 ], [ -16.7636249, 28.3674516 ], [ -16.7634702, 28.3674687 ], [ -16.7634326, 28.3674844 ], [ -16.7633611, 28.3674939 ], [ -16.7632963, 28.3675312 ], [ -16.7631796, 28.3676278 ], [ -16.7630706, 28.3677007 ], [ -16.7629639, 28.3677735 ], [ -16.7628501, 28.3678364 ], [ -16.7627904, 28.3678665 ], [ -16.7627687, 28.3678764 ], [ -16.7627159, 28.3678909 ], [ -16.7626685, 28.3678912 ], [ -16.7626253, 28.3678708 ], [ -16.7625726, 28.3678554 ], [ -16.7625242, 28.3678528 ], [ -16.7624887, 28.3678723 ], [ -16.7624406, 28.3679377 ], [ -16.7623923, 28.3679735 ], [ -16.7623565, 28.3679935 ], [ -16.7622201, 28.368069 ], [ -16.762191, 28.3681027 ], [ -16.7621534, 28.3681714 ], [ -16.7621454, 28.3681743 ], [ -16.7621142, 28.3681861 ], [ -16.7620645, 28.3681685 ], [ -16.7620005, 28.3681346 ], [ -16.761931, 28.368124 ], [ -16.76186, 28.3681366 ], [ -16.7617945, 28.3681587 ], [ -16.7617582, 28.3681701 ], [ -16.7616521, 28.3681859 ], [ -16.7615198, 28.3682327 ], [ -16.7614451, 28.3682522 ], [ -16.7613893, 28.3682628 ], [ -16.7613455, 28.3682591 ], [ -16.7613245, 28.368263 ], [ -16.7613186, 28.3682643 ], [ -16.761309, 28.3682753 ], [ -16.7612667, 28.3682622 ], [ -16.7611729, 28.3682536 ], [ -16.761119, 28.3682425 ], [ -16.7610557, 28.3682123 ], [ -16.7610176, 28.3681838 ], [ -16.7609589, 28.3681599 ], [ -16.7608864, 28.3681092 ], [ -16.760824, 28.36808 ], [ -16.7607607, 28.3680733 ], [ -16.7607042, 28.3680858 ], [ -16.7606502, 28.3680908 ], [ -16.7605931, 28.3680711 ], [ -16.7605376, 28.3680392 ], [ -16.7604999, 28.3680144 ], [ -16.7603608, 28.3679195 ], [ -16.7601525, 28.3678 ], [ -16.7600177, 28.3677939 ], [ -16.7596758, 28.3677586 ], [ -16.7595637, 28.367756 ], [ -16.7594512, 28.3677647 ], [ -16.7593226, 28.3677728 ], [ -16.759233, 28.3677868 ], [ -16.7590709, 28.3678287 ], [ -16.7589148, 28.3678586 ], [ -16.7587631, 28.3678908 ], [ -16.7586807, 28.3678866 ], [ -16.7586037, 28.3678746 ], [ -16.7585435, 28.3678849 ], [ -16.7584624, 28.3679719 ], [ -16.7583139, 28.3680784 ], [ -16.7582352, 28.3681145 ], [ -16.7581495, 28.3681243 ], [ -16.7580716, 28.3681195 ], [ -16.7579147, 28.368125 ], [ -16.757812, 28.3681564 ], [ -16.7576548, 28.36822 ], [ -16.7575614, 28.3682489 ], [ -16.7574417, 28.3682514 ], [ -16.7573994, 28.3682467 ], [ -16.757292, 28.3682201 ], [ -16.7571855, 28.3681645 ], [ -16.7571318, 28.3681492 ], [ -16.7569827, 28.368126 ], [ -16.7569369, 28.3681223 ], [ -16.7568675, 28.3681214 ], [ -16.7566704, 28.3681285 ], [ -16.7566106, 28.3680888 ], [ -16.7565671, 28.3680046 ], [ -16.7565302, 28.3679662 ], [ -16.7564874, 28.3679479 ], [ -16.7564334, 28.3679642 ], [ -16.7562493, 28.3680821 ], [ -16.7561473, 28.3681141 ], [ -16.7560475, 28.3681311 ], [ -16.7559345, 28.3681212 ], [ -16.7558738, 28.3681047 ], [ -16.7558263, 28.3680708 ], [ -16.7557921, 28.3680297 ], [ -16.7557582, 28.3680091 ], [ -16.7557132, 28.3680188 ], [ -16.7556794, 28.3680435 ], [ -16.755646, 28.3680542 ], [ -16.7556014, 28.3680489 ], [ -16.755562, 28.3680267 ], [ -16.7555027, 28.368021 ], [ -16.7553289, 28.3680993 ], [ -16.7551865, 28.3681573 ], [ -16.7551285, 28.3681926 ], [ -16.7550834, 28.3682293 ], [ -16.7550307, 28.3682564 ], [ -16.7549705, 28.3682664 ], [ -16.7549278, 28.3682664 ], [ -16.7534994, 28.3713554 ], [ -16.7534745, 28.3714098 ], [ -16.7534708, 28.3714438 ], [ -16.753473, 28.3714846 ], [ -16.7534832, 28.3715218 ], [ -16.7535007, 28.3715586 ], [ -16.7537579, 28.371926 ], [ -16.7538164, 28.3720204 ], [ -16.753882, 28.37206 ], [ -16.7539427, 28.3720412 ], [ -16.7539791, 28.3719864 ], [ -16.7539685, 28.3719464 ], [ -16.7539398, 28.3719111 ], [ -16.75394, 28.371874 ], [ -16.753966, 28.3718441 ], [ -16.7539782, 28.3717417 ], [ -16.7540334, 28.371711 ], [ -16.7540756, 28.3716819 ], [ -16.7541225, 28.3716817 ], [ -16.7541766, 28.3717014 ], [ -16.7542446, 28.3717008 ], [ -16.754277, 28.3717099 ], [ -16.7544658, 28.3718057 ], [ -16.7545492, 28.3718557 ], [ -16.7547388, 28.3719565 ], [ -16.7548078, 28.3719941 ], [ -16.754873, 28.3720561 ], [ -16.7549599, 28.3721036 ], [ -16.7550521, 28.3721269 ], [ -16.7551255, 28.3721756 ], [ -16.7551701, 28.3722426 ], [ -16.7552866, 28.3723203 ], [ -16.7553162, 28.3723737 ], [ -16.7553159, 28.372462 ], [ -16.755297, 28.3725051 ], [ -16.7552615, 28.3725348 ], [ -16.7552251, 28.3725523 ], [ -16.7551842, 28.3725845 ], [ -16.7551642, 28.3726203 ], [ -16.7551557, 28.372663 ], [ -16.7551677, 28.3727308 ], [ -16.7551869, 28.3727988 ], [ -16.7551358, 28.3728236 ], [ -16.7551372, 28.372862 ], [ -16.7551854, 28.3729014 ], [ -16.7553033, 28.3729588 ], [ -16.7553319, 28.3729894 ], [ -16.7553723, 28.3730425 ], [ -16.755398, 28.3730833 ], [ -16.7554304, 28.3731366 ], [ -16.7556648, 28.3734169 ], [ -16.7557849, 28.3735848 ], [ -16.7558351, 28.3736618 ], [ -16.7559086, 28.3737807 ], [ -16.7560037, 28.3739192 ], [ -16.7560729, 28.3740126 ], [ -16.7561459, 28.3741004 ] ] ], [ [ [ -16.740974, 28.374956 ], [ -16.7409683, 28.3749134 ], [ -16.7410271, 28.3749033 ], [ -16.7410162, 28.3748469 ], [ -16.7408782, 28.3748644 ], [ -16.740894, 28.374964 ], [ -16.740974, 28.374956 ] ] ] ] } },
{ "type": "Feature", "properties": { "fid_": 0, "bic_nombre": "LLANOS DE IFARA", "bic_catego": "ZONA ARQUEOLÓGICA", "bic_entorn": 0, "municipio_": "GRANADILLA DE ABONA", "bic_descri": "Bien de Interés Cultural con categoría de Zona Arqueológica de los “Llanos de Ifara”, en el municipio de Granadilla, declarada su delimitación por Decreto 103/2021, de 28 de octubre, del Gobierno de Canarias, publicado en el BOC nº 231 de 10 de", "boletin1_n": "BOC nº 231 de 10 de noviembre de 2021", "boletin1_u": "https://www.gobiernodecanarias.org/boc/2021/231/013.html", "boletin2_n": null, "boletin2_u": null }, "geometry": { "type": "Polygon", "coordinates": [ [ [ -16.5086999, 28.0901126 ], [ -16.5088129, 28.0905507 ], [ -16.5091862, 28.0908567 ], [ -16.5096258, 28.0910327 ], [ -16.50993, 28.0912533 ], [ -16.5100785, 28.0914584 ], [ -16.510201, 28.0918791 ], [ -16.5104503, 28.0920837 ], [ -16.5107164, 28.0923564 ], [ -16.5110108, 28.0925685 ], [ -16.5115032, 28.0927095 ], [ -16.5121949, 28.0928526 ], [ -16.5125619, 28.0930467 ], [ -16.513079, 28.0935621 ], [ -16.5133267, 28.0939082 ], [ -16.5137603, 28.0940068 ], [ -16.5139777, 28.0942714 ], [ -16.5142577, 28.0944923 ], [ -16.5148378, 28.0949941 ], [ -16.5150555, 28.0952803 ], [ -16.5154375, 28.0951555 ], [ -16.5157811, 28.0954144 ], [ -16.5161324, 28.0955311 ], [ -16.5164181, 28.0958165 ], [ -16.5166328, 28.0958874 ], [ -16.516869, 28.0957598 ], [ -16.5169616, 28.0957847 ], [ -16.5214859, 28.0935639 ], [ -16.520936, 28.0931393 ], [ -16.5211401, 28.0928054 ], [ -16.5210045, 28.092837 ], [ -16.5210765, 28.0924314 ], [ -16.5208996, 28.0922869 ], [ -16.5209185, 28.0915545 ], [ -16.5203874, 28.0914312 ], [ -16.5203088, 28.0910272 ], [ -16.5200336, 28.0907977 ], [ -16.5198301, 28.0904856 ], [ -16.5196841, 28.0901211 ], [ -16.5194236, 28.0898957 ], [ -16.5191906, 28.0895581 ], [ -16.5189594, 28.0893496 ], [ -16.5190067, 28.0889184 ], [ -16.5191897, 28.0884641 ], [ -16.5194428, 28.0881598 ], [ -16.5195275, 28.0876205 ], [ -16.5194349, 28.0872512 ], [ -16.5193341, 28.0869939 ], [ -16.5194479, 28.0867945 ], [ -16.5196739, 28.0866369 ], [ -16.5197031, 28.0862964 ], [ -16.5198877, 28.0859584 ], [ -16.519901, 28.0858635 ], [ -16.5196317, 28.0857071 ], [ -16.5195564, 28.0855357 ], [ -16.5194396, 28.0855197 ], [ -16.5193769, 28.0852017 ], [ -16.5193614, 28.0847884 ], [ -16.5194727, 28.0844168 ], [ -16.5187734, 28.0833823 ], [ -16.5124071, 28.086166 ], [ -16.5109041, 28.0870353 ], [ -16.5100129, 28.0878936 ], [ -16.5092225, 28.0890221 ], [ -16.5086999, 28.0901126 ] ] ] } },
{ "type": "Feature", "properties": { "fid_": 0, "bic_nombre": "BARRANCO DEL REY", "bic_catego": "ZONA ARQUEOLÓGICA", "bic_entorn": 0, "municipio_": "ARONA", "bic_descri": "Bien de Interés Cultural con categoría de Zona Arqueológica del “Barranco del Rey”, en el municipio de Arona, con delimitación declarada por Decreto 238/2017, de 4 de diciembre, del Gobierno de Canarias, publicado en el BOC nº 238 de 13 de dicie", "boletin1_n": "BOC nº 238 de 13 de diciembre de 2017", "boletin1_u": "http://www.gobiernodecanarias.org/boc/2017/238/012.html", "boletin2_n": null, "boletin2_u": null }, "geometry": { "type": "Polygon", "coordinates": [ [ [ -16.6973065, 28.0866802 ], [ -16.6973274, 28.0866761 ], [ -16.6973515, 28.0866718 ], [ -16.6973627, 28.0866694 ], [ -16.6973803, 28.0866652 ], [ -16.6974141, 28.0866725 ], [ -16.6974237, 28.0866766 ], [ -16.6974329, 28.0866801 ], [ -16.6974519, 28.0866877 ], [ -16.6974854, 28.0867078 ], [ -16.6974949, 28.0867147 ], [ -16.697515, 28.0867279 ], [ -16.6975706, 28.0867581 ], [ -16.6975954, 28.0867714 ], [ -16.697632, 28.086791 ], [ -16.6976472, 28.0868007 ], [ -16.6977245, 28.0868491 ], [ -16.6977787, 28.0868826 ], [ -16.6978382, 28.0869181 ], [ -16.6978638, 28.0869331 ], [ -16.6978739, 28.0869377 ], [ -16.6979091, 28.0869536 ], [ -16.6979363, 28.0869573 ], [ -16.6979624, 28.0869583 ], [ -16.6980248, 28.086965 ], [ -16.6981503, 28.0869734 ], [ -16.6981959, 28.0869574 ], [ -16.6982536, 28.0869296 ], [ -16.6982765, 28.0868977 ], [ -16.6983182, 28.0868172 ], [ -16.6984509, 28.0866424 ], [ -16.6984643, 28.0865844 ], [ -16.6985316, 28.0864714 ], [ -16.6986801, 28.0862473 ], [ -16.6987545, 28.0861153 ], [ -16.698792, 28.0861003 ], [ -16.6988736, 28.0860406 ], [ -16.6990034, 28.0859368 ], [ -16.699056, 28.0859109 ], [ -16.6991075, 28.0858768 ], [ -16.6991566, 28.0858274 ], [ -16.6991914, 28.0857673 ], [ -16.6993076, 28.0854431 ], [ -16.6993943, 28.0853227 ], [ -16.6996293, 28.0850306 ], [ -16.6997031, 28.0849815 ], [ -16.6997931, 28.0849508 ], [ -16.6999109, 28.0849249 ], [ -16.7000464, 28.0849169 ], [ -16.7002517, 28.084946 ], [ -16.7003591, 28.0849736 ], [ -16.7004367, 28.0849799 ], [ -16.7005045, 28.0849715 ], [ -16.7005808, 28.0849383 ], [ -16.7006585, 28.0848903 ], [ -16.7007834, 28.0848626 ], [ -16.7008578, 28.0848687 ], [ -16.7009422, 28.0848452 ], [ -16.7011655, 28.0846563 ], [ -16.7013886, 28.0843959 ], [ -16.7014782, 28.0842592 ], [ -16.7016419, 28.0841008 ], [ -16.7018118, 28.0840191 ], [ -16.7019055, 28.0840179 ], [ -16.7019974, 28.0840231 ], [ -16.7021377, 28.084006 ], [ -16.702236, 28.0840301 ], [ -16.7024815, 28.0840876 ], [ -16.7027267, 28.084128 ], [ -16.7028442, 28.0841446 ], [ -16.7029634, 28.0841386 ], [ -16.7030547, 28.0841122 ], [ -16.7038837, 28.0838315 ], [ -16.7039854, 28.0838014 ], [ -16.7043837, 28.0836572 ], [ -16.7045425, 28.0835775 ], [ -16.7046574, 28.0834975 ], [ -16.7047646, 28.0833804 ], [ -16.7047858, 28.0832997 ], [ -16.7048406, 28.083158 ], [ -16.7050006, 28.0828369 ], [ -16.7051772, 28.0826585 ], [ -16.705368, 28.0825109 ], [ -16.7055116, 28.0824066 ], [ -16.7056298, 28.0822741 ], [ -16.705734, 28.0821735 ], [ -16.7057726, 28.0821549 ], [ -16.7058393, 28.0820977 ], [ -16.7058875, 28.0820317 ], [ -16.7059339, 28.0819876 ], [ -16.705966, 28.0819454 ], [ -16.7060097, 28.0818594 ], [ -16.7060208, 28.0817866 ], [ -16.7060806, 28.0816805 ], [ -16.7061369, 28.0816108 ], [ -16.7061812, 28.0815648 ], [ -16.7062007, 28.0815028 ], [ -16.7061835, 28.081454 ], [ -16.7061726, 28.0814462 ], [ -16.7061262, 28.0813605 ], [ -16.7061427, 28.0813069 ], [ -16.7061702, 28.0812579 ], [ -16.7061779, 28.0812274 ], [ -16.706201, 28.0811358 ], [ -16.706247, 28.0810607 ], [ -16.7062665, 28.0810005 ], [ -16.7062853, 28.0808931 ], [ -16.7062999, 28.0807821 ], [ -16.7063094, 28.080604 ], [ -16.7063148, 28.0804422 ], [ -16.7063242, 28.080373 ], [ -16.7063393, 28.0800349 ], [ -16.7063486, 28.0799712 ], [ -16.7063414, 28.0799059 ], [ -16.7063335, 28.0797934 ], [ -16.7063429, 28.0797424 ], [ -16.7063636, 28.0795005 ], [ -16.7063741, 28.0793859 ], [ -16.7064347, 28.0792035 ], [ -16.7065437, 28.0789714 ], [ -16.706654, 28.0788544 ], [ -16.7067474, 28.0787708 ], [ -16.706818, 28.0786571 ], [ -16.70691, 28.0785563 ], [ -16.7069868, 28.0784899 ], [ -16.7070272, 28.0784515 ], [ -16.7070951, 28.078387 ], [ -16.7071422, 28.0783481 ], [ -16.7071663, 28.0783151 ], [ -16.7072148, 28.0782763 ], [ -16.7072813, 28.0782419 ], [ -16.7073446, 28.0781911 ], [ -16.707518, 28.0780146 ], [ -16.7078176, 28.0776657 ], [ -16.7078398, 28.0776418 ], [ -16.707902, 28.077561 ], [ -16.7079604, 28.0774986 ], [ -16.7080066, 28.0774398 ], [ -16.7081169, 28.0772913 ], [ -16.7081688, 28.0772035 ], [ -16.708231, 28.0771191 ], [ -16.7082933, 28.0770252 ], [ -16.7083492, 28.0769559 ], [ -16.7083851, 28.0768955 ], [ -16.7084267, 28.076806 ], [ -16.7084505, 28.0767567 ], [ -16.7084701, 28.0766983 ], [ -16.708491, 28.0766094 ], [ -16.7085001, 28.0765571 ], [ -16.7085094, 28.0764671 ], [ -16.7085264, 28.0763543 ], [ -16.708578, 28.0762624 ], [ -16.708664, 28.0761637 ], [ -16.7088649, 28.0760276 ], [ -16.7091491, 28.0758577 ], [ -16.7092383, 28.0758003 ], [ -16.7093094, 28.0757281 ], [ -16.7093631, 28.0756542 ], [ -16.7093987, 28.0755767 ], [ -16.7094131, 28.0755348 ], [ -16.7094153, 28.0754656 ], [ -16.7094238, 28.0753529 ], [ -16.7094325, 28.0753279 ], [ -16.7094376, 28.0752676 ], [ -16.7094577, 28.0752317 ], [ -16.7095012, 28.0751957 ], [ -16.7095215, 28.075121 ], [ -16.709522, 28.0750873 ], [ -16.7095319, 28.0750627 ], [ -16.7095529, 28.0750361 ], [ -16.7095892, 28.0749975 ], [ -16.7096011, 28.0749728 ], [ -16.7096934, 28.0749153 ], [ -16.7097668, 28.0748917 ], [ -16.7097913, 28.0748896 ], [ -16.7099161, 28.0748817 ], [ -16.7100188, 28.0748977 ], [ -16.7101259, 28.0749336 ], [ -16.7101924, 28.0749804 ], [ -16.7102606, 28.0750437 ], [ -16.7102861, 28.0751115 ], [ -16.7103058, 28.0751713 ], [ -16.7103184, 28.0752564 ], [ -16.7103259, 28.0752763 ], [ -16.7103408, 28.0753124 ], [ -16.7103658, 28.0753366 ], [ -16.7103967, 28.0753499 ], [ -16.7104357, 28.0753539 ], [ -16.7105595, 28.0753487 ], [ -16.7108302, 28.0753708 ], [ -16.7109929, 28.0754007 ], [ -16.7111571, 28.0754421 ], [ -16.7112566, 28.0754572 ], [ -16.7113027, 28.0754576 ], [ -16.7113451, 28.0754481 ], [ -16.7113976, 28.0754364 ], [ -16.7114658, 28.0754056 ], [ -16.7115345, 28.0753493 ], [ -16.7115871, 28.0752685 ], [ -16.7116617, 28.0751642 ], [ -16.711707, 28.0751146 ], [ -16.7117495, 28.0750832 ], [ -16.7118227, 28.0750487 ], [ -16.7118715, 28.0750263 ], [ -16.7119222, 28.0749894 ], [ -16.711937, 28.0749618 ], [ -16.7119742, 28.0749448 ], [ -16.7120221, 28.0749036 ], [ -16.7120454, 28.0748669 ], [ -16.7120639, 28.0748267 ], [ -16.7120723, 28.0747644 ], [ -16.7120672, 28.0747086 ], [ -16.7120488, 28.0746507 ], [ -16.7120436, 28.0745772 ], [ -16.7120444, 28.0745654 ], [ -16.7120296, 28.0745356 ], [ -16.7120282, 28.0744502 ], [ -16.712036, 28.0744219 ], [ -16.7120364, 28.0743856 ], [ -16.7120319, 28.0743557 ], [ -16.7120263, 28.0743249 ], [ -16.7120321, 28.0743066 ], [ -16.7120335, 28.0742639 ], [ -16.7120862, 28.0741679 ], [ -16.7121316, 28.0741201 ], [ -16.7122862, 28.0740582 ], [ -16.7123429, 28.0740211 ], [ -16.7125213, 28.0739635 ], [ -16.712647, 28.0738802 ], [ -16.712792, 28.073809 ], [ -16.7128827, 28.073761 ], [ -16.7129862, 28.0737015 ], [ -16.7130286, 28.0736638 ], [ -16.713045, 28.0736608 ], [ -16.7130879, 28.0736539 ], [ -16.7131264, 28.0736289 ], [ -16.7131537, 28.0736041 ], [ -16.7131906, 28.0735936 ], [ -16.7132068, 28.0735943 ], [ -16.7132292, 28.0735851 ], [ -16.7133266, 28.0735283 ], [ -16.7133891, 28.0735268 ], [ -16.7134184, 28.0735099 ], [ -16.7134663, 28.0734958 ], [ -16.7135081, 28.0734834 ], [ -16.7135705, 28.0734771 ], [ -16.7136262, 28.0734933 ], [ -16.7136724, 28.0735059 ], [ -16.713795, 28.0734898 ], [ -16.7138272, 28.0734567 ], [ -16.7138653, 28.0734339 ], [ -16.7138883, 28.0734341 ], [ -16.7139403, 28.073418 ], [ -16.713978, 28.0734048 ], [ -16.7140861, 28.0733735 ], [ -16.714198, 28.0733303 ], [ -16.7143236, 28.0733253 ], [ -16.714391, 28.0733101 ], [ -16.7144562, 28.0732797 ], [ -16.7144949, 28.0732473 ], [ -16.7145204, 28.0732354 ], [ -16.7145522, 28.0731976 ], [ -16.7146945, 28.073004 ], [ -16.7147148, 28.0729996 ], [ -16.7147358, 28.0729796 ], [ -16.7147541, 28.0729326 ], [ -16.7147637, 28.0728971 ], [ -16.7148051, 28.0728527 ], [ -16.7148159, 28.072832 ], [ -16.7148298, 28.0728039 ], [ -16.7148743, 28.0727471 ], [ -16.7149004, 28.0727254 ], [ -16.7149076, 28.0727171 ], [ -16.7149087, 28.0726973 ], [ -16.7149004, 28.0726666 ], [ -16.7149741, 28.0725236 ], [ -16.7149974, 28.0725048 ], [ -16.7149971, 28.0725034 ], [ -16.7150225, 28.0724811 ], [ -16.715031, 28.0724645 ], [ -16.7150362, 28.0724544 ], [ -16.7150367, 28.0724453 ], [ -16.7150359, 28.0724355 ], [ -16.715037, 28.0724175 ], [ -16.715045, 28.0723799 ], [ -16.7150485, 28.0723701 ], [ -16.7150507, 28.07236 ], [ -16.7150572, 28.0723428 ], [ -16.7150628, 28.0723389 ], [ -16.7150734, 28.0723348 ], [ -16.7150834, 28.0723302 ], [ -16.7150898, 28.0723235 ], [ -16.7150995, 28.0723132 ], [ -16.7151052, 28.0723074 ], [ -16.7151142, 28.0722979 ], [ -16.7151237, 28.0722899 ], [ -16.7151369, 28.0722745 ], [ -16.7151495, 28.0722591 ], [ -16.7151575, 28.072251 ], [ -16.7151631, 28.0722439 ], [ -16.7151713, 28.0722371 ], [ -16.7151821, 28.0722262 ], [ -16.7151943, 28.0722158 ], [ -16.7152164, 28.0722003 ], [ -16.7152189, 28.0721986 ], [ -16.7152267, 28.0721921 ], [ -16.7152469, 28.0721682 ], [ -16.7152537, 28.0721616 ], [ -16.7152601, 28.0721535 ], [ -16.7152678, 28.0721473 ], [ -16.7152807, 28.0721342 ], [ -16.7152829, 28.0721321 ], [ -16.7152881, 28.0721253 ], [ -16.7152957, 28.0721178 ], [ -16.7153018, 28.0721102 ], [ -16.7153094, 28.0721039 ], [ -16.7153269, 28.0720918 ], [ -16.7153456, 28.0720854 ], [ -16.7153545, 28.0720804 ], [ -16.7153634, 28.0720741 ], [ -16.7153711, 28.0720679 ], [ -16.7153778, 28.0720597 ], [ -16.7153828, 28.0720396 ], [ -16.7153848, 28.0720357 ], [ -16.7153895, 28.0720276 ], [ -16.7153928, 28.0720229 ], [ -16.7154028, 28.072016 ], [ -16.7154089, 28.0720118 ], [ -16.715418, 28.0720065 ], [ -16.7154312, 28.0720021 ], [ -16.7154792, 28.0719895 ], [ -16.7155018, 28.0719871 ], [ -16.7155114, 28.0719825 ], [ -16.7155292, 28.0719703 ], [ -16.715553, 28.0719504 ], [ -16.7155611, 28.0719447 ], [ -16.715566, 28.071941 ], [ -16.7156202, 28.0718983 ], [ -16.7156544, 28.0718767 ], [ -16.7156737, 28.0718681 ], [ -16.7156824, 28.0718639 ], [ -16.7156864, 28.0718622 ], [ -16.7156899, 28.0718601 ], [ -16.7157059, 28.071852 ], [ -16.7157166, 28.0718492 ], [ -16.7157393, 28.0718387 ], [ -16.7157574, 28.0718317 ], [ -16.7157591, 28.071831 ], [ -16.7157677, 28.0718279 ], [ -16.71579, 28.071822 ], [ -16.715806, 28.0718161 ], [ -16.7158154, 28.0718135 ], [ -16.7158504, 28.0718061 ], [ -16.7158674, 28.0717985 ], [ -16.7158794, 28.0717904 ], [ -16.7158964, 28.0717763 ], [ -16.7159717, 28.071724 ], [ -16.7159813, 28.0717175 ], [ -16.7159896, 28.0717106 ], [ -16.7159963, 28.0717037 ], [ -16.7159985, 28.071701 ], [ -16.7160083, 28.0716888 ], [ -16.7160225, 28.0716746 ], [ -16.7160311, 28.0716671 ], [ -16.7160554, 28.0716478 ], [ -16.7160846, 28.0716038 ], [ -16.7161072, 28.0715697 ], [ -16.7161115, 28.0715632 ], [ -16.716155, 28.071479 ], [ -16.715877, 28.071348 ], [ -16.7156355, 28.0711438 ], [ -16.7156203, 28.0711393 ], [ -16.7156112, 28.0711346 ], [ -16.7155947, 28.0711242 ], [ -16.7155853, 28.0711207 ], [ -16.7155749, 28.0711202 ], [ -16.7155653, 28.0711219 ], [ -16.7155537, 28.0711228 ], [ -16.715531, 28.0711191 ], [ -16.7155267, 28.0711186 ], [ -16.7155192, 28.071118 ], [ -16.7155099, 28.0711175 ], [ -16.7154884, 28.0711194 ], [ -16.7154782, 28.0711177 ], [ -16.7154678, 28.0711147 ], [ -16.7154666, 28.0711145 ], [ -16.7154579, 28.071113 ], [ -16.7154472, 28.0711137 ], [ -16.7154345, 28.0711114 ], [ -16.7154269, 28.071109 ], [ -16.715417, 28.0711041 ], [ -16.7154077, 28.0711014 ], [ -16.7153767, 28.0710999 ], [ -16.7153664, 28.0711005 ], [ -16.7153224, 28.0710965 ], [ -16.7153118, 28.0710984 ], [ -16.7153057, 28.0711014 ], [ -16.7152848, 28.0711004 ], [ -16.7152636, 28.0711011 ], [ -16.7152414, 28.0711007 ], [ -16.7152286, 28.0711018 ], [ -16.7152075, 28.0711032 ], [ -16.7151851, 28.0711013 ], [ -16.7151739, 28.0710989 ], [ -16.7151635, 28.0710984 ], [ -16.7151488, 28.0710955 ], [ -16.7151426, 28.0710943 ], [ -16.7151216, 28.0710877 ], [ -16.7151093, 28.0710863 ], [ -16.715098, 28.0710864 ], [ -16.7150745, 28.071089 ], [ -16.7150539, 28.0710896 ], [ -16.715048, 28.0710901 ], [ -16.7150303, 28.0710914 ], [ -16.7150199, 28.0710909 ], [ -16.7150092, 28.0710928 ], [ -16.7149989, 28.0710955 ], [ -16.7149877, 28.0711008 ], [ -16.7149785, 28.0711054 ], [ -16.7149662, 28.0711105 ], [ -16.7149441, 28.0711259 ], [ -16.714931, 28.071134 ], [ -16.7149107, 28.0711435 ], [ -16.7149019, 28.0711496 ], [ -16.7148745, 28.0711653 ], [ -16.7148651, 28.0711696 ], [ -16.7148328, 28.0711921 ], [ -16.7148297, 28.0711942 ], [ -16.714815, 28.0712087 ], [ -16.714811, 28.0712136 ], [ -16.7147978, 28.0712286 ], [ -16.7147775, 28.0712482 ], [ -16.7147707, 28.0712539 ], [ -16.7147638, 28.0712608 ], [ -16.7147593, 28.0712682 ], [ -16.7147567, 28.0712878 ], [ -16.714756, 28.0712973 ], [ -16.7147546, 28.0713024 ], [ -16.7147464, 28.0713094 ], [ -16.7147387, 28.0713169 ], [ -16.714738, 28.0713177 ], [ -16.7147326, 28.0713245 ], [ -16.7147276, 28.0713321 ], [ -16.7147226, 28.0713414 ], [ -16.7147167, 28.0713487 ], [ -16.714712, 28.0713568 ], [ -16.7147067, 28.0713666 ], [ -16.714701, 28.0713753 ], [ -16.7146907, 28.0713881 ], [ -16.7146841, 28.0713977 ], [ -16.71468, 28.0714073 ], [ -16.7146787, 28.0714269 ], [ -16.7146768, 28.0714335 ], [ -16.714676, 28.0714356 ], [ -16.7146697, 28.0714436 ], [ -16.7146641, 28.0714515 ], [ -16.7146563, 28.0714579 ], [ -16.7146515, 28.0714668 ], [ -16.7146497, 28.0714757 ], [ -16.7146486, 28.0714786 ], [ -16.7146462, 28.0714849 ], [ -16.7146403, 28.0714922 ], [ -16.7146338, 28.0714976 ], [ -16.7146317, 28.0714993 ], [ -16.7146264, 28.0715075 ], [ -16.7146231, 28.0715163 ], [ -16.7146211, 28.0715254 ], [ -16.7146184, 28.0715349 ], [ -16.7146135, 28.0715442 ], [ -16.7146084, 28.0715519 ], [ -16.7146, 28.0715611 ], [ -16.7145895, 28.0715772 ], [ -16.7145823, 28.0715844 ], [ -16.7145813, 28.0715855 ], [ -16.7145768, 28.0715928 ], [ -16.7145743, 28.0715989 ], [ -16.7145734, 28.071602 ], [ -16.714572, 28.0716049 ], [ -16.7145698, 28.0716105 ], [ -16.7145648, 28.0716196 ], [ -16.7145628, 28.0716287 ], [ -16.7145622, 28.0716379 ], [ -16.7145662, 28.0716594 ], [ -16.7145643, 28.071684 ], [ -16.7145657, 28.071694 ], [ -16.7145649, 28.0717047 ], [ -16.7145629, 28.0717139 ], [ -16.7145564, 28.0717314 ], [ -16.7145534, 28.0717424 ], [ -16.7145481, 28.0717507 ], [ -16.714536, 28.0717618 ], [ -16.7145329, 28.0717644 ], [ -16.7144889, 28.0717949 ], [ -16.7144795, 28.0718124 ], [ -16.7144727, 28.0718314 ], [ -16.7144692, 28.0718383 ], [ -16.7144679, 28.0718404 ], [ -16.71446, 28.071847 ], [ -16.7144513, 28.071853 ], [ -16.7144312, 28.0718637 ], [ -16.7144269, 28.0718688 ], [ -16.7144234, 28.0718702 ], [ -16.7144213, 28.0718706 ], [ -16.7144176, 28.0718721 ], [ -16.7144052, 28.0718738 ], [ -16.714395, 28.0718733 ], [ -16.7143843, 28.0718744 ], [ -16.7143624, 28.0718807 ], [ -16.7143485, 28.0718842 ], [ -16.7143414, 28.0718862 ], [ -16.7143308, 28.0718868 ], [ -16.7143204, 28.0718863 ], [ -16.7143081, 28.0718882 ], [ -16.7142971, 28.0718909 ], [ -16.7142875, 28.0718927 ], [ -16.7142782, 28.0718933 ], [ -16.7142669, 28.071893 ], [ -16.7142548, 28.0718909 ], [ -16.7142481, 28.0718878 ], [ -16.7142378, 28.0718885 ], [ -16.7142273, 28.071888 ], [ -16.7141872, 28.0718805 ], [ -16.7141623, 28.0718822 ], [ -16.7141511, 28.0718858 ], [ -16.7141393, 28.0718871 ], [ -16.714121, 28.071884 ], [ -16.7141119, 28.0718825 ], [ -16.7141086, 28.0718819 ], [ -16.7140999, 28.0718791 ], [ -16.7140894, 28.0718798 ], [ -16.7140797, 28.0718824 ], [ -16.7140697, 28.0718841 ], [ -16.7140683, 28.0718844 ], [ -16.7140577, 28.0718851 ], [ -16.7140468, 28.0718839 ], [ -16.7140361, 28.0718846 ], [ -16.7140258, 28.0718841 ], [ -16.7140152, 28.0718848 ], [ -16.7140044, 28.0718879 ], [ -16.7139926, 28.0718929 ], [ -16.7139723, 28.0718981 ], [ -16.7139609, 28.0718994 ], [ -16.7139513, 28.0719026 ], [ -16.7139285, 28.0719052 ], [ -16.7139188, 28.0719077 ], [ -16.7139086, 28.0719114 ], [ -16.7138995, 28.0719158 ], [ -16.7138912, 28.0719199 ], [ -16.7138871, 28.0719217 ], [ -16.7138858, 28.0719225 ], [ -16.7138769, 28.0719287 ], [ -16.7138685, 28.0719336 ], [ -16.7138598, 28.0719385 ], [ -16.7138551, 28.0719407 ], [ -16.71385, 28.0719431 ], [ -16.7138468, 28.0719453 ], [ -16.7138363, 28.0719521 ], [ -16.7138308, 28.071955 ], [ -16.7138229, 28.0719586 ], [ -16.7138127, 28.0719657 ], [ -16.7137982, 28.0719802 ], [ -16.7137753, 28.0719992 ], [ -16.7137682, 28.0720188 ], [ -16.7137591, 28.072036 ], [ -16.7137519, 28.0720431 ], [ -16.7137464, 28.0720478 ], [ -16.7137332, 28.0720574 ], [ -16.7137234, 28.0720659 ], [ -16.7137033, 28.0720847 ], [ -16.7136975, 28.0720919 ], [ -16.7136932, 28.0720998 ], [ -16.713691, 28.0721034 ], [ -16.7136834, 28.0721156 ], [ -16.7136821, 28.072118 ], [ -16.7136745, 28.0721256 ], [ -16.7136694, 28.0721333 ], [ -16.7136643, 28.072143 ], [ -16.7136605, 28.0721519 ], [ -16.7136556, 28.072161 ], [ -16.7136497, 28.0721693 ], [ -16.7136388, 28.0721848 ], [ -16.7136343, 28.0721904 ], [ -16.7136262, 28.0721988 ], [ -16.7136183, 28.0722053 ], [ -16.7136137, 28.0722106 ], [ -16.7136114, 28.0722137 ], [ -16.7136061, 28.0722216 ], [ -16.7135999, 28.0722291 ], [ -16.7135935, 28.0722369 ], [ -16.7135851, 28.0722428 ], [ -16.7135731, 28.0722577 ], [ -16.7135647, 28.0722646 ], [ -16.713557, 28.07227 ], [ -16.7135483, 28.072277 ], [ -16.7135409, 28.0722845 ], [ -16.7135373, 28.0722902 ], [ -16.713537, 28.0722971 ], [ -16.7135316, 28.0723052 ], [ -16.7135305, 28.0723063 ], [ -16.7135202, 28.0723143 ], [ -16.7135177, 28.072316 ], [ -16.7135069, 28.072318 ], [ -16.7134956, 28.072318 ], [ -16.7134885, 28.0723193 ], [ -16.7134871, 28.0723195 ], [ -16.7134615, 28.0723374 ], [ -16.7134543, 28.0723445 ], [ -16.7134376, 28.0723693 ], [ -16.7134291, 28.0723752 ], [ -16.7134241, 28.072381 ], [ -16.7134223, 28.0723895 ], [ -16.7134194, 28.0723997 ], [ -16.713415, 28.0724064 ], [ -16.7134117, 28.072411 ], [ -16.7134073, 28.0724168 ], [ -16.713404, 28.0724258 ], [ -16.7133996, 28.0724321 ], [ -16.7133987, 28.0724326 ], [ -16.7133902, 28.0724365 ], [ -16.7133806, 28.0724399 ], [ -16.7133599, 28.0724472 ], [ -16.7133522, 28.0724529 ], [ -16.713344, 28.0724596 ], [ -16.7133337, 28.0724646 ], [ -16.7133273, 28.0724683 ], [ -16.7133246, 28.0724696 ], [ -16.7133155, 28.072475 ], [ -16.7133073, 28.0724806 ], [ -16.7133007, 28.0724845 ], [ -16.7132969, 28.0724867 ], [ -16.7132911, 28.0724898 ], [ -16.7132801, 28.0724904 ], [ -16.7132702, 28.0724887 ], [ -16.7132489, 28.0724902 ], [ -16.7132434, 28.0724898 ], [ -16.7132389, 28.0724896 ], [ -16.7132282, 28.0724915 ], [ -16.7132093, 28.0724963 ], [ -16.7131874, 28.0725021 ], [ -16.713176, 28.072504 ], [ -16.7131661, 28.0725035 ], [ -16.7131537, 28.0724999 ], [ -16.7131458, 28.0724975 ], [ -16.7131293, 28.0724905 ], [ -16.7131261, 28.0724892 ], [ -16.713116, 28.0724863 ], [ -16.7130946, 28.0724846 ], [ -16.7130835, 28.0724846 ], [ -16.713072, 28.0724858 ], [ -16.7130617, 28.0724853 ], [ -16.7130602, 28.0724848 ], [ -16.71305, 28.0724813 ], [ -16.7130408, 28.0724787 ], [ -16.7130307, 28.072477 ], [ -16.7130194, 28.072477 ], [ -16.713, 28.0724784 ], [ -16.712988, 28.0724791 ], [ -16.7129767, 28.0724792 ], [ -16.7129654, 28.0724792 ], [ -16.7129519, 28.0724777 ], [ -16.7114331, 28.0731697 ], [ -16.7114259, 28.0731755 ], [ -16.7114218, 28.073177 ], [ -16.7114047, 28.0731832 ], [ -16.7114033, 28.0731837 ], [ -16.7113871, 28.0731918 ], [ -16.711378, 28.0731966 ], [ -16.7113559, 28.0732098 ], [ -16.7113466, 28.0732158 ], [ -16.7113322, 28.0732264 ], [ -16.7113247, 28.0732314 ], [ -16.7113139, 28.0732399 ], [ -16.7112993, 28.0732518 ], [ -16.7112779, 28.0732687 ], [ -16.7112672, 28.0732737 ], [ -16.711248, 28.0732823 ], [ -16.7112274, 28.0732949 ], [ -16.7112183, 28.0732999 ], [ -16.7111922, 28.0733213 ], [ -16.7111728, 28.0733348 ], [ -16.711115, 28.0733628 ], [ -16.7110653, 28.0733879 ], [ -16.71103, 28.073406 ], [ -16.7110092, 28.0734173 ], [ -16.7109974, 28.0734242 ], [ -16.7109782, 28.0734356 ], [ -16.710949, 28.073449 ], [ -16.7109011, 28.0734731 ], [ -16.7108969, 28.0734754 ], [ -16.7108703, 28.0734956 ], [ -16.7108469, 28.0735075 ], [ -16.7107971, 28.0735258 ], [ -16.7107554, 28.07354 ], [ -16.7107248, 28.0735485 ], [ -16.7107127, 28.0735537 ], [ -16.7106973, 28.0735612 ], [ -16.710673, 28.0735799 ], [ -16.7106458, 28.0735966 ], [ -16.7106321, 28.0736024 ], [ -16.7106034, 28.07362 ], [ -16.7105925, 28.0736288 ], [ -16.7105753, 28.0736373 ], [ -16.7105407, 28.0736574 ], [ -16.7105124, 28.0736772 ], [ -16.7104889, 28.0736987 ], [ -16.7104732, 28.0737094 ], [ -16.7104631, 28.0737168 ], [ -16.7104398, 28.073738 ], [ -16.7104297, 28.07375 ], [ -16.7103982, 28.0737814 ], [ -16.710372, 28.0738021 ], [ -16.7103634, 28.0738071 ], [ -16.7103494, 28.0738158 ], [ -16.710331, 28.0738254 ], [ -16.7103188, 28.0738315 ], [ -16.7103104, 28.0738367 ], [ -16.7102934, 28.073847 ], [ -16.7102659, 28.0738611 ], [ -16.7102409, 28.0738784 ], [ -16.7101933, 28.0739261 ], [ -16.7101294, 28.0739588 ], [ -16.7101201, 28.0739651 ], [ -16.7100889, 28.0739867 ], [ -16.7100763, 28.0739984 ], [ -16.7100712, 28.0740021 ], [ -16.7100654, 28.0740082 ], [ -16.7100513, 28.0740311 ], [ -16.7100493, 28.0740337 ], [ -16.7100406, 28.0740458 ], [ -16.7100341, 28.0740547 ], [ -16.7100013, 28.0740876 ], [ -16.7099966, 28.0740916 ], [ -16.7099895, 28.0740983 ], [ -16.7099619, 28.0741133 ], [ -16.70994, 28.0741234 ], [ -16.7099303, 28.0741278 ], [ -16.7099069, 28.0741491 ], [ -16.709904, 28.0741649 ], [ -16.7098928, 28.0741907 ], [ -16.709878, 28.0742178 ], [ -16.709862, 28.0742395 ], [ -16.7098575, 28.0742449 ], [ -16.7098333, 28.0742656 ], [ -16.7097808, 28.0743021 ], [ -16.7097575, 28.0743139 ], [ -16.7096864, 28.0743357 ], [ -16.7095933, 28.0743596 ], [ -16.7095629, 28.0743683 ], [ -16.7094698, 28.0743879 ], [ -16.7094375, 28.0743907 ], [ -16.709408, 28.0743989 ], [ -16.7093013, 28.0744105 ], [ -16.7092677, 28.0744133 ], [ -16.7092521, 28.0744146 ], [ -16.709159, 28.0744225 ], [ -16.7091243, 28.0744229 ], [ -16.7090496, 28.0744288 ], [ -16.7089971, 28.0744294 ], [ -16.7089395, 28.0744299 ], [ -16.7089081, 28.0744301 ], [ -16.7088732, 28.0744279 ], [ -16.7088398, 28.0744281 ], [ -16.7088088, 28.074431 ], [ -16.7087961, 28.0744314 ], [ -16.708734, 28.0744319 ], [ -16.7086957, 28.0744297 ], [ -16.7085478, 28.0744308 ], [ -16.7085143, 28.0744286 ], [ -16.7084871, 28.0744289 ], [ -16.708418, 28.0744351 ], [ -16.7083426, 28.0744466 ], [ -16.7083116, 28.0744492 ], [ -16.7082768, 28.0744548 ], [ -16.7082683, 28.0744555 ], [ -16.7082472, 28.0744572 ], [ -16.7081696, 28.0744584 ], [ -16.7081407, 28.0744565 ], [ -16.7081012, 28.0744509 ], [ -16.7080676, 28.0744487 ], [ -16.7080351, 28.0744437 ], [ -16.7080295, 28.0744425 ], [ -16.7080061, 28.0744363 ], [ -16.7079962, 28.074432 ], [ -16.7079693, 28.0744185 ], [ -16.7079573, 28.0744093 ], [ -16.707946, 28.0743988 ], [ -16.7079259, 28.0743789 ], [ -16.7079104, 28.0743637 ], [ -16.7079064, 28.074358 ], [ -16.7078968, 28.0743445 ], [ -16.7078911, 28.0743358 ], [ -16.7078796, 28.074311 ], [ -16.7078586, 28.0742929 ], [ -16.707838, 28.0742877 ], [ -16.7078049, 28.074288 ], [ -16.707795, 28.0742905 ], [ -16.707769, 28.0742944 ], [ -16.7077433, 28.074299 ], [ -16.7077201, 28.0743044 ], [ -16.7076956, 28.0743099 ], [ -16.7076656, 28.074321 ], [ -16.7076399, 28.0743366 ], [ -16.7076184, 28.0743543 ], [ -16.7075741, 28.0743947 ], [ -16.707556, 28.0744264 ], [ -16.7075415, 28.0744462 ], [ -16.7075297, 28.0744603 ], [ -16.7075193, 28.0744723 ], [ -16.7075048, 28.0744961 ], [ -16.7074845, 28.0745198 ], [ -16.7074651, 28.0745425 ], [ -16.7074484, 28.0745619 ], [ -16.7074431, 28.0745683 ], [ -16.7074289, 28.0745917 ], [ -16.707408, 28.0746133 ], [ -16.7073844, 28.074632 ], [ -16.7073424, 28.0746574 ], [ -16.707332, 28.0746637 ], [ -16.7073079, 28.0746827 ], [ -16.7072578, 28.0747076 ], [ -16.707228, 28.0747285 ], [ -16.7071983, 28.0747393 ], [ -16.7071692, 28.0747524 ], [ -16.7071437, 28.0747681 ], [ -16.7071275, 28.0747763 ], [ -16.7071166, 28.0747818 ], [ -16.7070865, 28.0747929 ], [ -16.7070845, 28.0747932 ], [ -16.7070525, 28.0747989 ], [ -16.706965, 28.0748231 ], [ -16.7069473, 28.0748261 ], [ -16.7069325, 28.0748287 ], [ -16.7069028, 28.0748314 ], [ -16.7067598, 28.074833 ], [ -16.7067298, 28.0748332 ], [ -16.7066986, 28.0748326 ], [ -16.7066218, 28.0748309 ], [ -16.7066089, 28.0748306 ], [ -16.7064666, 28.0748232 ], [ -16.7064268, 28.0748159 ], [ -16.7064052, 28.0748075 ], [ -16.7063768, 28.0747784 ], [ -16.7063673, 28.0747658 ], [ -16.7063598, 28.0747423 ], [ -16.7063315, 28.0747028 ], [ -16.7063068, 28.0746877 ], [ -16.7062888, 28.0746642 ], [ -16.7062447, 28.074635 ], [ -16.7062218, 28.0746127 ], [ -16.7061865, 28.0745759 ], [ -16.7061372, 28.074549 ], [ -16.7060848, 28.0745343 ], [ -16.7060019, 28.0745329 ], [ -16.7058934, 28.0745162 ], [ -16.7058025, 28.0745227 ], [ -16.7056912, 28.074525 ], [ -16.7056322, 28.0745366 ], [ -16.7055659, 28.0745465 ], [ -16.7054352, 28.074549 ], [ -16.7052993, 28.0745516 ], [ -16.7051882, 28.0745684 ], [ -16.7050279, 28.0745749 ], [ -16.7049893, 28.0745836 ], [ -16.7049598, 28.0745957 ], [ -16.7049387, 28.0746177 ], [ -16.7049196, 28.0746334 ], [ -16.704889, 28.0746419 ], [ -16.7048277, 28.0746363 ], [ -16.704759, 28.0746209 ], [ -16.7046346, 28.0745744 ], [ -16.7043701, 28.0744415 ], [ -16.7042847, 28.0744129 ], [ -16.7041694, 28.0743957 ], [ -16.7040935, 28.0743852 ], [ -16.7040636, 28.0743854 ], [ -16.7039661, 28.0743857 ], [ -16.7039257, 28.0743847 ], [ -16.7039043, 28.0743853 ], [ -16.7038893, 28.0743886 ], [ -16.7038677, 28.0744 ], [ -16.7038509, 28.0744222 ], [ -16.703844, 28.0744478 ], [ -16.7038445, 28.0744872 ], [ -16.7038522, 28.0745216 ], [ -16.7038646, 28.0745506 ], [ -16.7038786, 28.0745729 ], [ -16.7039125, 28.0746107 ], [ -16.7039379, 28.0746288 ], [ -16.7039967, 28.0746775 ], [ -16.7040473, 28.0747122 ], [ -16.7041332, 28.0747379 ], [ -16.7041388, 28.0747403 ], [ -16.7041764, 28.0747606 ], [ -16.7041884, 28.0747674 ], [ -16.7042155, 28.0747856 ], [ -16.7042378, 28.0748112 ], [ -16.7042459, 28.0748486 ], [ -16.7042408, 28.0748706 ], [ -16.7042305, 28.0748966 ], [ -16.7042129, 28.0749216 ], [ -16.7041908, 28.0749421 ], [ -16.7041656, 28.0749572 ], [ -16.704109, 28.0749825 ], [ -16.7040834, 28.0749908 ], [ -16.7040747, 28.0749936 ], [ -16.7039893, 28.0750113 ], [ -16.7039807, 28.0750115 ], [ -16.7039419, 28.0750122 ], [ -16.7039321, 28.075013 ], [ -16.703886, 28.0750157 ], [ -16.7038734, 28.0750165 ], [ -16.7038164, 28.0750173 ], [ -16.703803, 28.0750173 ], [ -16.7037742, 28.0750164 ], [ -16.7037026, 28.0750082 ], [ -16.7036976, 28.0750078 ], [ -16.7036746, 28.0750025 ], [ -16.7036441, 28.0749952 ], [ -16.7036328, 28.0749901 ], [ -16.703539, 28.0749501 ], [ -16.7035256, 28.0749441 ], [ -16.7035197, 28.0749408 ], [ -16.7034975, 28.0749289 ], [ -16.7034769, 28.0749183 ], [ -16.7034338, 28.0749002 ], [ -16.7034164, 28.0748988 ], [ -16.7033833, 28.0748994 ], [ -16.7033519, 28.0749064 ], [ -16.7033179, 28.0749088 ], [ -16.7033119, 28.07491 ], [ -16.7032581, 28.0749226 ], [ -16.7032186, 28.0749286 ], [ -16.7031678, 28.0749623 ], [ -16.7031524, 28.0749702 ], [ -16.7031301, 28.074983 ], [ -16.7030411, 28.0750399 ], [ -16.7029937, 28.0750877 ], [ -16.7029848, 28.0750983 ], [ -16.7029331, 28.0751927 ], [ -16.7029203, 28.0752263 ], [ -16.7028896, 28.0752619 ], [ -16.7028719, 28.0753083 ], [ -16.702847, 28.075363 ], [ -16.7028173, 28.0754389 ], [ -16.702813, 28.0754522 ], [ -16.7028077, 28.0754661 ], [ -16.7027744, 28.0755188 ], [ -16.7027507, 28.0755403 ], [ -16.7027159, 28.0755626 ], [ -16.7026587, 28.0755938 ], [ -16.7026188, 28.0756175 ], [ -16.7026054, 28.0756258 ], [ -16.7025781, 28.0756405 ], [ -16.7025502, 28.0756529 ], [ -16.7025246, 28.0756712 ], [ -16.7025031, 28.0756929 ], [ -16.70249, 28.0757002 ], [ -16.7024444, 28.0757256 ], [ -16.7024245, 28.075737 ], [ -16.702395, 28.0757604 ], [ -16.7023788, 28.0757712 ], [ -16.7023518, 28.0757882 ], [ -16.702302, 28.0758172 ], [ -16.7022896, 28.0758252 ], [ -16.7022278, 28.0758655 ], [ -16.7022101, 28.0758716 ], [ -16.7021599, 28.0758978 ], [ -16.7021592, 28.0759049 ], [ -16.7021485, 28.0759213 ], [ -16.7021384, 28.0759741 ], [ -16.7021367, 28.0759794 ], [ -16.7021305, 28.0759954 ], [ -16.7021236, 28.0760145 ], [ -16.7021118, 28.0760409 ], [ -16.7020982, 28.0760889 ], [ -16.7020817, 28.0761139 ], [ -16.7020248, 28.0761595 ], [ -16.7019993, 28.0761746 ], [ -16.7019921, 28.0761817 ], [ -16.7019775, 28.0761963 ], [ -16.7019557, 28.076208 ], [ -16.7019375, 28.07621 ], [ -16.70192, 28.076212 ], [ -16.7018891, 28.0762107 ], [ -16.7018607, 28.0762128 ], [ -16.7018487, 28.0762163 ], [ -16.7018189, 28.0762252 ], [ -16.7017749, 28.0762437 ], [ -16.7017573, 28.0762493 ], [ -16.7017236, 28.0762741 ], [ -16.701672, 28.0763179 ], [ -16.7016622, 28.0763285 ], [ -16.7016197, 28.0763763 ], [ -16.7015992, 28.0764018 ], [ -16.7015825, 28.0764266 ], [ -16.7015602, 28.0764679 ], [ -16.7015409, 28.0764892 ], [ -16.7015251, 28.0765036 ], [ -16.7014988, 28.0765196 ], [ -16.7014585, 28.0765638 ], [ -16.7014511, 28.0765713 ], [ -16.7014439, 28.0765767 ], [ -16.7014276, 28.0765873 ], [ -16.7014113, 28.0765986 ], [ -16.7014026, 28.0766034 ], [ -16.7013793, 28.076616 ], [ -16.7013649, 28.0766277 ], [ -16.7013367, 28.0766468 ], [ -16.7013132, 28.0766581 ], [ -16.7012871, 28.0766704 ], [ -16.7012513, 28.076694 ], [ -16.7012104, 28.076718 ], [ -16.7011575, 28.0767394 ], [ -16.7011466, 28.0767435 ], [ -16.7011204, 28.0767522 ], [ -16.7011105, 28.0767566 ], [ -16.7010671, 28.0767749 ], [ -16.7010394, 28.0767931 ], [ -16.701002, 28.0768323 ], [ -16.70099, 28.0768417 ], [ -16.700979, 28.0768502 ], [ -16.7009669, 28.0768644 ], [ -16.7009591, 28.0768738 ], [ -16.7009442, 28.0768968 ], [ -16.7009366, 28.0769045 ], [ -16.7009176, 28.0769231 ], [ -16.7008974, 28.0769387 ], [ -16.7008703, 28.0769504 ], [ -16.7008623, 28.0769549 ], [ -16.7008165, 28.0769797 ], [ -16.700816, 28.0769805 ], [ -16.7007968, 28.0770104 ], [ -16.7007862, 28.077028 ], [ -16.7007535, 28.0770676 ], [ -16.7007447, 28.0770944 ], [ -16.7007396, 28.077121 ], [ -16.7007458, 28.0771454 ], [ -16.7007573, 28.0771602 ], [ -16.7007868, 28.0771709 ], [ -16.7008059, 28.0771757 ], [ -16.7008267, 28.0771968 ], [ -16.7008379, 28.0772177 ], [ -16.7008401, 28.0772212 ], [ -16.7008573, 28.0772359 ], [ -16.700887, 28.0772436 ], [ -16.7009502, 28.0772392 ], [ -16.7009759, 28.0772339 ], [ -16.7010131, 28.0772381 ], [ -16.7010301, 28.0772527 ], [ -16.7010438, 28.0772804 ], [ -16.701052, 28.0773156 ], [ -16.7010541, 28.0773233 ], [ -16.7010616, 28.0773363 ], [ -16.7010864, 28.0773573 ], [ -16.7011053, 28.0773798 ], [ -16.7011229, 28.0774112 ], [ -16.7011312, 28.0774495 ], [ -16.7011423, 28.0775 ], [ -16.7011506, 28.0775434 ], [ -16.7011582, 28.077589 ], [ -16.7011604, 28.0776151 ], [ -16.7011613, 28.0776226 ], [ -16.7011646, 28.0776439 ], [ -16.7011673, 28.0776613 ], [ -16.7011814, 28.0777377 ], [ -16.7011899, 28.0777931 ], [ -16.7011931, 28.077847 ], [ -16.7011944, 28.0779237 ], [ -16.7011972, 28.0779518 ], [ -16.7012032, 28.0779791 ], [ -16.7012056, 28.0780068 ], [ -16.7012145, 28.078067 ], [ -16.7012242, 28.0780927 ], [ -16.7012285, 28.0781425 ], [ -16.7012292, 28.0781491 ], [ -16.7012242, 28.0781768 ], [ -16.7012117, 28.0782034 ], [ -16.7012092, 28.0782175 ], [ -16.701202, 28.0782583 ], [ -16.7011899, 28.0782834 ], [ -16.7011878, 28.0782862 ], [ -16.701147, 28.0783284 ], [ -16.7011201, 28.0783416 ], [ -16.7011071, 28.0783472 ], [ -16.7011017, 28.078372 ], [ -16.7011097, 28.0783962 ], [ -16.7011104, 28.0784178 ], [ -16.7010953, 28.0784441 ], [ -16.7010753, 28.0784679 ], [ -16.7010531, 28.0784863 ], [ -16.7010156, 28.0785058 ], [ -16.7009719, 28.0785245 ], [ -16.7009038, 28.078563 ], [ -16.7008371, 28.0785869 ], [ -16.7007134, 28.0786042 ], [ -16.700681, 28.0786026 ], [ -16.7006499, 28.0786097 ], [ -16.7006161, 28.0786151 ], [ -16.7005845, 28.0786139 ], [ -16.7005682, 28.0786124 ], [ -16.7005295, 28.0786102 ], [ -16.7004892, 28.0786227 ], [ -16.7004658, 28.0786327 ], [ -16.7004302, 28.07864 ], [ -16.7003975, 28.0786403 ], [ -16.7003538, 28.0786558 ], [ -16.7003227, 28.0786943 ], [ -16.7003197, 28.0786998 ], [ -16.700315, 28.0787083 ], [ -16.7002976, 28.0787389 ], [ -16.7002909, 28.0787501 ], [ -16.700285, 28.0787577 ], [ -16.700262, 28.0787855 ], [ -16.7002363, 28.0788092 ], [ -16.7002184, 28.0788322 ], [ -16.7002142, 28.0788386 ], [ -16.7002105, 28.0788452 ], [ -16.7001676, 28.0789162 ], [ -16.7001502, 28.0789394 ], [ -16.7001283, 28.0789691 ], [ -16.700125, 28.0789737 ], [ -16.7001057, 28.0789947 ], [ -16.7000973, 28.0790039 ], [ -16.7000854, 28.079017 ], [ -16.7000776, 28.0790253 ], [ -16.7000755, 28.0790277 ], [ -16.7000448, 28.0790677 ], [ -16.7000198, 28.0791176 ], [ -16.7000151, 28.0791537 ], [ -16.7000082, 28.0791818 ], [ -16.700005, 28.0792101 ], [ -16.6999947, 28.0792529 ], [ -16.6999898, 28.0792896 ], [ -16.6999702, 28.0793277 ], [ -16.6999593, 28.0793514 ], [ -16.6999528, 28.0793622 ], [ -16.6999423, 28.0793795 ], [ -16.6999417, 28.0793808 ], [ -16.6999331, 28.0794122 ], [ -16.6999527, 28.0794629 ], [ -16.6999449, 28.0794823 ], [ -16.6999419, 28.0794899 ], [ -16.6999332, 28.0795026 ], [ -16.6999124, 28.0795269 ], [ -16.6998911, 28.0795464 ], [ -16.6998644, 28.0795613 ], [ -16.699847, 28.0795666 ], [ -16.6998231, 28.0795739 ], [ -16.6997895, 28.079576 ], [ -16.6997575, 28.0795749 ], [ -16.6997198, 28.0795702 ], [ -16.6996612, 28.0795633 ], [ -16.6996308, 28.0795559 ], [ -16.6995904, 28.0795481 ], [ -16.6995557, 28.079555 ], [ -16.6995183, 28.0795606 ], [ -16.699501, 28.0795678 ], [ -16.699489, 28.0795725 ], [ -16.6994631, 28.0795878 ], [ -16.6994467, 28.079603 ], [ -16.6994304, 28.0796281 ], [ -16.6994216, 28.0796552 ], [ -16.699418, 28.0796697 ], [ -16.6994148, 28.0796835 ], [ -16.6994111, 28.0797038 ], [ -16.69941, 28.0797107 ], [ -16.6993973, 28.0797358 ], [ -16.6993779, 28.0797617 ], [ -16.6993685, 28.0797849 ], [ -16.6993662, 28.0797913 ], [ -16.699353, 28.0798318 ], [ -16.6993499, 28.0798582 ], [ -16.6993465, 28.0798699 ], [ -16.6993335, 28.0798954 ], [ -16.6993217, 28.0799129 ], [ -16.6993, 28.0799442 ], [ -16.6992993, 28.0799465 ], [ -16.6992927, 28.0799731 ], [ -16.6992934, 28.0800009 ], [ -16.6992947, 28.0800047 ], [ -16.6993228, 28.0800805 ], [ -16.6993289, 28.0801095 ], [ -16.6993295, 28.0801139 ], [ -16.6993316, 28.0801404 ], [ -16.6993303, 28.0801682 ], [ -16.6993252, 28.080193 ], [ -16.6993127, 28.0802114 ], [ -16.6992833, 28.0802212 ], [ -16.6992513, 28.080229 ], [ -16.6992266, 28.0802451 ], [ -16.6992023, 28.080261 ], [ -16.6991923, 28.0802656 ], [ -16.6991779, 28.0802723 ], [ -16.6991583, 28.0802814 ], [ -16.6991468, 28.0802867 ], [ -16.69914, 28.0802902 ], [ -16.6991084, 28.0803064 ], [ -16.6990852, 28.0803184 ], [ -16.6990772, 28.0803223 ], [ -16.699044, 28.0803411 ], [ -16.6990128, 28.0803548 ], [ -16.6989995, 28.0803666 ], [ -16.6989954, 28.0803695 ], [ -16.6989698, 28.0803852 ], [ -16.6989649, 28.0803876 ], [ -16.6989442, 28.0803967 ], [ -16.6989396, 28.0803988 ], [ -16.6989099, 28.0804075 ], [ -16.698844, 28.0804151 ], [ -16.6988266, 28.0804159 ], [ -16.6987577, 28.0804181 ], [ -16.6986946, 28.0804274 ], [ -16.698665, 28.0804347 ], [ -16.6986375, 28.0804483 ], [ -16.6986119, 28.0804669 ], [ -16.6985939, 28.0804903 ], [ -16.6985793, 28.0805002 ], [ -16.6985646, 28.0805004 ], [ -16.6985519, 28.0805154 ], [ -16.6985439, 28.0805378 ], [ -16.6985378, 28.0805553 ], [ -16.6985286, 28.080565 ], [ -16.6985254, 28.0805683 ], [ -16.6985186, 28.0805738 ], [ -16.6985121, 28.0805771 ], [ -16.6984996, 28.0805985 ], [ -16.6984944, 28.080615 ], [ -16.6984989, 28.0806413 ], [ -16.6985121, 28.0806623 ], [ -16.6985309, 28.0806848 ], [ -16.6985468, 28.0807098 ], [ -16.6985553, 28.0807327 ], [ -16.6985564, 28.0807358 ], [ -16.6985646, 28.0807637 ], [ -16.6985664, 28.0807855 ], [ -16.6985667, 28.0807912 ], [ -16.6985673, 28.0808079 ], [ -16.698558, 28.0808201 ], [ -16.6985698, 28.0808457 ], [ -16.6985758, 28.080864 ], [ -16.6985932, 28.080879 ], [ -16.698599, 28.0808877 ], [ -16.6986083, 28.0809015 ], [ -16.698616, 28.0809211 ], [ -16.6986326, 28.0809382 ], [ -16.6986532, 28.0809891 ], [ -16.6986745, 28.0810485 ], [ -16.6986837, 28.0810518 ], [ -16.698684, 28.0810632 ], [ -16.6986914, 28.0810866 ], [ -16.698696, 28.0811007 ], [ -16.6987002, 28.0811305 ], [ -16.6987081, 28.0811455 ], [ -16.6987105, 28.08115 ], [ -16.6987271, 28.0811827 ], [ -16.6987473, 28.0812068 ], [ -16.6987515, 28.0812149 ], [ -16.6987736, 28.0812563 ], [ -16.6987908, 28.0812791 ], [ -16.6988022, 28.0813018 ], [ -16.6987857, 28.0813101 ], [ -16.6987493, 28.081305 ], [ -16.6987393, 28.0813093 ], [ -16.6986979, 28.0813149 ], [ -16.6986544, 28.0813221 ], [ -16.698631, 28.0813338 ], [ -16.6986155, 28.081346 ], [ -16.6986083, 28.0813484 ], [ -16.6985989, 28.0813516 ], [ -16.6985731, 28.0813616 ], [ -16.6985476, 28.081375 ], [ -16.6985182, 28.081402 ], [ -16.6984999, 28.0814275 ], [ -16.6984843, 28.0814634 ], [ -16.6984851, 28.0815028 ], [ -16.6984914, 28.0815389 ], [ -16.6984829, 28.0815796 ], [ -16.6984818, 28.0816082 ], [ -16.6984823, 28.0816373 ], [ -16.698485, 28.0816774 ], [ -16.6984973, 28.0817333 ], [ -16.6985072, 28.0817597 ], [ -16.6985077, 28.0817877 ], [ -16.6985029, 28.0818149 ], [ -16.6984997, 28.081844 ], [ -16.6985039, 28.0818716 ], [ -16.6985036, 28.0818778 ], [ -16.6985023, 28.0819707 ], [ -16.6984921, 28.08202 ], [ -16.6984834, 28.0820433 ], [ -16.698447, 28.082075 ], [ -16.6984325, 28.0820912 ], [ -16.6983825, 28.0821263 ], [ -16.6983251, 28.0821552 ], [ -16.6982861, 28.0821679 ], [ -16.6982782, 28.082171 ], [ -16.6982593, 28.0821783 ], [ -16.6982537, 28.0821808 ], [ -16.6982374, 28.082188 ], [ -16.6982189, 28.0821964 ], [ -16.698184, 28.082212 ], [ -16.698114, 28.0822648 ], [ -16.6981073, 28.0822704 ], [ -16.6980689, 28.0823035 ], [ -16.698053, 28.0823176 ], [ -16.6980501, 28.0823206 ], [ -16.6980146, 28.0823566 ], [ -16.6980128, 28.0823586 ], [ -16.6979763, 28.0824005 ], [ -16.6979621, 28.082434 ], [ -16.6979689, 28.0824714 ], [ -16.6979759, 28.0824992 ], [ -16.6979768, 28.0825024 ], [ -16.6979867, 28.0825269 ], [ -16.6979967, 28.0825565 ], [ -16.6979949, 28.0825897 ], [ -16.6979923, 28.0825953 ], [ -16.6979748, 28.0826305 ], [ -16.6979724, 28.0826342 ], [ -16.6979512, 28.082664 ], [ -16.6979467, 28.0826717 ], [ -16.6979368, 28.0826877 ], [ -16.6979329, 28.0827028 ], [ -16.6979317, 28.0827508 ], [ -16.6978933, 28.082859 ], [ -16.6978821, 28.0828971 ], [ -16.6978744, 28.08294 ], [ -16.6978721, 28.0829529 ], [ -16.6978574, 28.0830632 ], [ -16.6978577, 28.0831156 ], [ -16.6978578, 28.0831493 ], [ -16.6978666, 28.0831757 ], [ -16.6978676, 28.0831776 ], [ -16.6978903, 28.0832272 ], [ -16.6978889, 28.0832862 ], [ -16.6978817, 28.0833131 ], [ -16.6978818, 28.083333 ], [ -16.697882, 28.0833705 ], [ -16.6978728, 28.0833909 ], [ -16.6978504, 28.0834407 ], [ -16.697836, 28.0834883 ], [ -16.6978306, 28.0835175 ], [ -16.6978209, 28.0835351 ], [ -16.6978168, 28.0835427 ], [ -16.6977987, 28.0835761 ], [ -16.6977878, 28.0835959 ], [ -16.6977844, 28.0836007 ], [ -16.6977719, 28.0836195 ], [ -16.6977456, 28.0836446 ], [ -16.6977182, 28.0836676 ], [ -16.697679, 28.0837248 ], [ -16.6976708, 28.0837429 ], [ -16.6976558, 28.0837758 ], [ -16.697654, 28.0838038 ], [ -16.6976472, 28.083857 ], [ -16.6976185, 28.0838778 ], [ -16.6976062, 28.0839017 ], [ -16.6975918, 28.0839095 ], [ -16.6975891, 28.0839227 ], [ -16.6975589, 28.0839846 ], [ -16.6975198, 28.0840494 ], [ -16.6975164, 28.0840767 ], [ -16.6975184, 28.0841342 ], [ -16.6975205, 28.0841495 ], [ -16.697522, 28.0841606 ], [ -16.6975277, 28.084188 ], [ -16.6975357, 28.0842198 ], [ -16.697542, 28.0842447 ], [ -16.6975458, 28.0842716 ], [ -16.6975496, 28.0843275 ], [ -16.6975497, 28.084357 ], [ -16.6975481, 28.0843849 ], [ -16.697541, 28.0844121 ], [ -16.6975373, 28.0844176 ], [ -16.6975087, 28.0844602 ], [ -16.6974874, 28.0844808 ], [ -16.697468, 28.0845029 ], [ -16.6974354, 28.0845298 ], [ -16.6974217, 28.0845411 ], [ -16.6974163, 28.0845448 ], [ -16.6973967, 28.0845575 ], [ -16.6973944, 28.0845592 ], [ -16.6973406, 28.0845895 ], [ -16.6973284, 28.0845946 ], [ -16.6973104, 28.0846022 ], [ -16.6972156, 28.0846295 ], [ -16.6972021, 28.0846355 ], [ -16.6971538, 28.0846571 ], [ -16.6970618, 28.0847024 ], [ -16.6970262, 28.084719 ], [ -16.6969638, 28.0847523 ], [ -16.6969583, 28.0847554 ], [ -16.6969478, 28.0847616 ], [ -16.696937, 28.0847678 ], [ -16.6969123, 28.0847851 ], [ -16.6969009, 28.0847922 ], [ -16.6968591, 28.0848184 ], [ -16.6968125, 28.0848552 ], [ -16.6967855, 28.0848874 ], [ -16.6967715, 28.0848922 ], [ -16.6967474, 28.0849373 ], [ -16.6967376, 28.0849551 ], [ -16.6967185, 28.0850167 ], [ -16.6967113, 28.0850436 ], [ -16.6966961, 28.0850691 ], [ -16.6966828, 28.0850963 ], [ -16.696674, 28.0851235 ], [ -16.6966567, 28.0851467 ], [ -16.6966374, 28.0851671 ], [ -16.6966121, 28.0851851 ], [ -16.6965971, 28.0851998 ], [ -16.6965921, 28.0852263 ], [ -16.6965778, 28.085281 ], [ -16.696576, 28.0853059 ], [ -16.6965778, 28.0853366 ], [ -16.6965833, 28.0853587 ], [ -16.6965746, 28.0853891 ], [ -16.6965754, 28.0854006 ], [ -16.6965764, 28.0854145 ], [ -16.6965785, 28.0854675 ], [ -16.696591, 28.0855218 ], [ -16.6965915, 28.0855365 ], [ -16.6965932, 28.0855655 ], [ -16.6965926, 28.0855712 ], [ -16.6965913, 28.0855898 ], [ -16.6965882, 28.0856081 ], [ -16.6965859, 28.0856188 ], [ -16.6965758, 28.0856446 ], [ -16.6965667, 28.0856726 ], [ -16.6965504, 28.0856969 ], [ -16.6965362, 28.0857222 ], [ -16.6965167, 28.0857444 ], [ -16.6964933, 28.0857637 ], [ -16.6964686, 28.0857795 ], [ -16.6964257, 28.0857986 ], [ -16.6964104, 28.0858054 ], [ -16.6963878, 28.0858176 ], [ -16.6963834, 28.0858198 ], [ -16.6963534, 28.0858325 ], [ -16.6963475, 28.0858339 ], [ -16.6962912, 28.0858485 ], [ -16.6962499, 28.0858566 ], [ -16.6962414, 28.0858582 ], [ -16.6961925, 28.0858679 ], [ -16.6961158, 28.0858887 ], [ -16.6960978, 28.0858936 ], [ -16.6961464, 28.0859287 ], [ -16.6973065, 28.0866802 ] ] ] } },
{ "type": "Feature", "properties": { "fid_": 0, "bic_nombre": "ACANTILADOS DE TACORONTE Y BARRANCO DE GUAYONJE", "bic_catego": "ZONA ARQUEOLÓGICA", "bic_entorn": 0, "municipio_": "TACORONTE", "bic_descri": "Bien de Interés Cultural con categoría de Zona Arqueológica de los “Acantilados de Tacoronte y El Barranco de Guayonge”, en el municipio de Tacoronte, declarado por Decreto 87/2007, de 8 de mayo, del Gobierno de Canarias, publicado en el BOC nº 1", "boletin1_n": "BOC nº 100 de 18 de mayo de 2007", "boletin1_u": "http://www.gobiernodecanarias.org/boc/2007/100/007.html", "boletin2_n": null, "boletin2_u": null }, "geometry": { "type": "Polygon", "coordinates": [ [ [ -16.430657, 28.4870191 ], [ -16.4303788, 28.4868651 ], [ -16.4299811, 28.4865301 ], [ -16.4297321, 28.4863202 ], [ -16.4294483, 28.4861309 ], [ -16.4291837, 28.4859761 ], [ -16.4290631, 28.4858758 ], [ -16.4289118, 28.4857614 ], [ -16.4288403, 28.4855983 ], [ -16.4286913, 28.4857663 ], [ -16.4285856, 28.4858626 ], [ -16.4282465, 28.4860647 ], [ -16.4279508, 28.4861511 ], [ -16.4278771, 28.4862395 ], [ -16.4277298, 28.486381 ], [ -16.4275153, 28.486556 ], [ -16.4273336, 28.4866821 ], [ -16.4271471, 28.4868234 ], [ -16.4271391, 28.486976 ], [ -16.4271236, 28.4871496 ], [ -16.4271083, 28.4872329 ], [ -16.4270451, 28.4874656 ], [ -16.4270299, 28.4876108 ], [ -16.4269785, 28.4877134 ], [ -16.4269366, 28.487782 ], [ -16.4268623, 28.487878 ], [ -16.4267866, 28.4879292 ], [ -16.4267465, 28.4880273 ], [ -16.426723, 28.488136 ], [ -16.426721, 28.4883075 ], [ -16.4267706, 28.4885447 ], [ -16.4267759, 28.4886751 ], [ -16.4267544, 28.4888765 ], [ -16.4267384, 28.4890708 ], [ -16.4266357, 28.4893342 ], [ -16.4266309, 28.489565 ], [ -16.4267257, 28.4897172 ], [ -16.4267329, 28.4897713 ], [ -16.4267169, 28.4899121 ], [ -16.4266684, 28.4900708 ], [ -16.4266393, 28.4901342 ], [ -16.426612, 28.4901767 ], [ -16.4265396, 28.4903641 ], [ -16.4264823, 28.4905034 ], [ -16.4264639, 28.4906246 ], [ -16.4264648, 28.490745 ], [ -16.4264649, 28.4908074 ], [ -16.4264646, 28.4908327 ], [ -16.4264519, 28.490899 ], [ -16.4263593, 28.4910191 ], [ -16.4262939, 28.4910381 ], [ -16.4261623, 28.4910143 ], [ -16.4260332, 28.4910225 ], [ -16.4259613, 28.4910302 ], [ -16.4258405, 28.4910687 ], [ -16.425748, 28.4910905 ], [ -16.4255945, 28.4910851 ], [ -16.4253587, 28.4909603 ], [ -16.4249753, 28.4908382 ], [ -16.4247595, 28.4908115 ], [ -16.4246135, 28.4907859 ], [ -16.4242428, 28.4905956 ], [ -16.4239158, 28.4904282 ], [ -16.423681, 28.4903178 ], [ -16.4232502, 28.4901773 ], [ -16.4224806, 28.4900454 ], [ -16.422399, 28.4900771 ], [ -16.4222038, 28.4901031 ], [ -16.4221401, 28.490088 ], [ -16.4220781, 28.4900433 ], [ -16.4218293, 28.4897943 ], [ -16.4217393, 28.4896837 ], [ -16.4217157, 28.4896284 ], [ -16.4217123, 28.489585 ], [ -16.4216643, 28.4894682 ], [ -16.421527, 28.4893341 ], [ -16.4215089, 28.4893147 ], [ -16.4214603, 28.4892604 ], [ -16.4214039, 28.4892036 ], [ -16.4212938, 28.4890251 ], [ -16.4212595, 28.4889712 ], [ -16.4207519, 28.4881576 ], [ -16.4202887, 28.4874595 ], [ -16.4199464, 28.4869429 ], [ -16.4199363, 28.4869285 ], [ -16.4197942, 28.4867654 ], [ -16.4194666, 28.4863887 ], [ -16.4193239, 28.4862792 ], [ -16.418809, 28.4858805 ], [ -16.4172116, 28.4855258 ], [ -16.4171713, 28.4856101 ], [ -16.4182126, 28.4861578 ], [ -16.4182205, 28.4861621 ], [ -16.418243, 28.4861852 ], [ -16.4182704, 28.4862095 ], [ -16.4182986, 28.4862338 ], [ -16.4183324, 28.4862574 ], [ -16.4183698, 28.4862747 ], [ -16.4194013, 28.4871598 ], [ -16.4197983, 28.4877079 ], [ -16.4198475, 28.4879218 ], [ -16.4199201, 28.4880635 ], [ -16.4199889, 28.4881441 ], [ -16.4200593, 28.4881799 ], [ -16.4201127, 28.4882229 ], [ -16.4203106, 28.4884547 ], [ -16.4203236, 28.4884678 ], [ -16.4203412, 28.488496 ], [ -16.4204299, 28.4886256 ], [ -16.4211105, 28.4894652 ], [ -16.4212211, 28.4896223 ], [ -16.4212543, 28.4898047 ], [ -16.4213045, 28.4899896 ], [ -16.4213799, 28.49013 ], [ -16.4215483, 28.4903439 ], [ -16.4216379, 28.4904224 ], [ -16.4225096, 28.4910891 ], [ -16.422734, 28.4913824 ], [ -16.4235417, 28.492169 ], [ -16.4235356, 28.4922479 ], [ -16.4234782, 28.4923273 ], [ -16.423291, 28.4926842 ], [ -16.4232329, 28.4928739 ], [ -16.423197, 28.4929159 ], [ -16.4231315, 28.4929254 ], [ -16.4230424, 28.4929301 ], [ -16.4229886, 28.492966 ], [ -16.4229584, 28.4929997 ], [ -16.4229194, 28.4930726 ], [ -16.4228648, 28.4931495 ], [ -16.4226416, 28.4932741 ], [ -16.4226129, 28.4933148 ], [ -16.42257, 28.4934111 ], [ -16.4225054, 28.4934407 ], [ -16.4224356, 28.4935543 ], [ -16.4224067, 28.4937412 ], [ -16.4221535, 28.4938612 ], [ -16.4220455, 28.4938913 ], [ -16.4219311, 28.4939335 ], [ -16.4218953, 28.4939773 ], [ -16.421859, 28.4940319 ], [ -16.4218435, 28.4941021 ], [ -16.4218649, 28.4941529 ], [ -16.4219005, 28.4942005 ], [ -16.4219229, 28.4942236 ], [ -16.4219772, 28.4942797 ], [ -16.4220271, 28.4943807 ], [ -16.4220576, 28.4945286 ], [ -16.4220608, 28.4948255 ], [ -16.4220372, 28.4949247 ], [ -16.4219488, 28.4950378 ], [ -16.4218853, 28.4951469 ], [ -16.4218225, 28.495198 ], [ -16.4216167, 28.4952853 ], [ -16.4216204, 28.4953489 ], [ -16.4216721, 28.4954272 ], [ -16.4217394, 28.4954933 ], [ -16.4217833, 28.4955729 ], [ -16.4219402, 28.4957775 ], [ -16.4220377, 28.4959189 ], [ -16.4221591, 28.4961364 ], [ -16.4222589, 28.4961814 ], [ -16.4222905, 28.4963595 ], [ -16.4223161, 28.4964557 ], [ -16.4222518, 28.4965572 ], [ -16.4223423, 28.496659 ], [ -16.422363, 28.4969249 ], [ -16.4223726, 28.4972671 ], [ -16.4224216, 28.4973 ], [ -16.4224841, 28.4973315 ], [ -16.4225339, 28.4973739 ], [ -16.4225615, 28.4974637 ], [ -16.4225814, 28.4975108 ], [ -16.422591, 28.4975432 ], [ -16.4225955, 28.4976137 ], [ -16.4225755, 28.4977205 ], [ -16.4225682, 28.4977622 ], [ -16.4225467, 28.4978608 ], [ -16.4225338, 28.498016 ], [ -16.4225222, 28.4981126 ], [ -16.4224842, 28.4982063 ], [ -16.4224411, 28.4982855 ], [ -16.4224096, 28.498335 ], [ -16.4223202, 28.4985301 ], [ -16.422229, 28.4987038 ], [ -16.422164, 28.4988054 ], [ -16.4221204, 28.4989105 ], [ -16.4220911, 28.4989549 ], [ -16.422077, 28.4990226 ], [ -16.4220802, 28.4990509 ], [ -16.4221029, 28.4991427 ], [ -16.4220668, 28.4992755 ], [ -16.4221039, 28.499596 ], [ -16.4220747, 28.4996486 ], [ -16.4219562, 28.499757 ], [ -16.4219074, 28.4998401 ], [ -16.421805, 28.4998715 ], [ -16.4217257, 28.4999127 ], [ -16.4216364, 28.499964 ], [ -16.421641, 28.5000365 ], [ -16.4216497, 28.5001032 ], [ -16.4216598, 28.5001126 ], [ -16.4216656, 28.5001163 ], [ -16.4218095, 28.5001526 ], [ -16.4222657, 28.5002664 ], [ -16.4223487, 28.500285 ], [ -16.4224026, 28.5003141 ], [ -16.4224346, 28.500409 ], [ -16.4224151, 28.5005018 ], [ -16.4223246, 28.5007222 ], [ -16.4221815, 28.5008019 ], [ -16.422212, 28.5008413 ], [ -16.4220078, 28.5009928 ], [ -16.4219402, 28.5011133 ], [ -16.42193, 28.5012099 ], [ -16.4219088, 28.5013312 ], [ -16.4218621, 28.5014647 ], [ -16.4218319, 28.5015526 ], [ -16.4217986, 28.5016286 ], [ -16.4217191, 28.5018167 ], [ -16.4216665, 28.5019425 ], [ -16.4216265, 28.5020552 ], [ -16.4216272, 28.502109 ], [ -16.4216338, 28.502182 ], [ -16.4216516, 28.5022327 ], [ -16.421686, 28.5023009 ], [ -16.4217076, 28.5023561 ], [ -16.4217166, 28.5023913 ], [ -16.4217178, 28.5024821 ], [ -16.4216921, 28.5025914 ], [ -16.4216239, 28.5027126 ], [ -16.4215565, 28.5027706 ], [ -16.4214583, 28.5028305 ], [ -16.421414, 28.502856 ], [ -16.4213455, 28.502889 ], [ -16.4212673, 28.5029263 ], [ -16.4211736, 28.5030198 ], [ -16.4210727, 28.5032416 ], [ -16.42207, 28.5032975 ], [ -16.4220967, 28.5032944 ], [ -16.4221111, 28.5032763 ], [ -16.4221922, 28.5030951 ], [ -16.4222413, 28.503 ], [ -16.422344, 28.5027968 ], [ -16.422418, 28.502624 ], [ -16.422541, 28.5023542 ], [ -16.4225742, 28.502294 ], [ -16.4226837, 28.5021076 ], [ -16.4227505, 28.5020058 ], [ -16.4228263, 28.5019684 ], [ -16.4229289, 28.5018745 ], [ -16.4230948, 28.5018373 ], [ -16.4232915, 28.5018077 ], [ -16.4235125, 28.5017871 ], [ -16.4236718, 28.5017579 ], [ -16.4238263, 28.5017546 ], [ -16.4243293, 28.5018462 ], [ -16.4244267, 28.5018463 ], [ -16.4244972, 28.5018301 ], [ -16.4247352, 28.5017588 ], [ -16.4248149, 28.5017471 ], [ -16.424964, 28.5017793 ], [ -16.4253818, 28.5018587 ], [ -16.4254511, 28.5018941 ], [ -16.4255143, 28.5019634 ], [ -16.425497, 28.5017841 ], [ -16.4254594, 28.5017363 ], [ -16.4253295, 28.5016878 ], [ -16.4250962, 28.5016214 ], [ -16.4248515, 28.5016234 ], [ -16.4247061, 28.501622 ], [ -16.424569, 28.5016671 ], [ -16.4243929, 28.5016488 ], [ -16.42424, 28.5016223 ], [ -16.4241735, 28.5016041 ], [ -16.4241447, 28.5015849 ], [ -16.4241307, 28.5015604 ], [ -16.4241197, 28.501463 ], [ -16.4241101, 28.5013794 ], [ -16.4240727, 28.5011556 ], [ -16.424057, 28.5010514 ], [ -16.4240465, 28.5008978 ], [ -16.4241115, 28.5008094 ], [ -16.4241125, 28.5006855 ], [ -16.4241122, 28.5006648 ], [ -16.4240871, 28.5003463 ], [ -16.4241021, 28.5002549 ], [ -16.42412, 28.5001343 ], [ -16.4241404, 28.5000555 ], [ -16.4241804, 28.4999393 ], [ -16.4242465, 28.4998359 ], [ -16.424344, 28.4997466 ], [ -16.4244662, 28.4996633 ], [ -16.4245615, 28.499609 ], [ -16.4246694, 28.4995683 ], [ -16.4247981, 28.4995337 ], [ -16.4249401, 28.4995178 ], [ -16.4251372, 28.4995171 ], [ -16.4253233, 28.4995316 ], [ -16.4253595, 28.499532 ], [ -16.4254304, 28.499531 ], [ -16.4254673, 28.4995249 ], [ -16.4255062, 28.4995072 ], [ -16.4255679, 28.4994678 ], [ -16.4256132, 28.4993921 ], [ -16.4256244, 28.4993189 ], [ -16.4256231, 28.4987877 ], [ -16.4256318, 28.4987123 ], [ -16.4256418, 28.4986572 ], [ -16.4256645, 28.4986079 ], [ -16.4256952, 28.4985723 ], [ -16.4257241, 28.4985501 ], [ -16.4258063, 28.4985109 ], [ -16.4258909, 28.4985014 ], [ -16.4260308, 28.498515 ], [ -16.4260541, 28.4985053 ], [ -16.4261863, 28.4984175 ], [ -16.4262287, 28.4983869 ], [ -16.4262685, 28.4983409 ], [ -16.4262888, 28.4982943 ], [ -16.4262908, 28.4982624 ], [ -16.4262779, 28.4981735 ], [ -16.4261589, 28.498084 ], [ -16.4259833, 28.4979882 ], [ -16.4259571, 28.4979558 ], [ -16.4259266, 28.4978645 ], [ -16.4259162, 28.4978491 ], [ -16.4258193, 28.4978115 ], [ -16.4255567, 28.4977243 ], [ -16.4255282, 28.4977053 ], [ -16.4255233, 28.4977014 ], [ -16.4255144, 28.4976585 ], [ -16.4255497, 28.4975291 ], [ -16.42564, 28.4974 ], [ -16.4256648, 28.4972544 ], [ -16.425655, 28.4969977 ], [ -16.4256562, 28.4967633 ], [ -16.4256267, 28.4966651 ], [ -16.4256143, 28.4965074 ], [ -16.4256121, 28.4963788 ], [ -16.4256278, 28.4962758 ], [ -16.4256425, 28.4962473 ], [ -16.4256854, 28.4962167 ], [ -16.4257104, 28.4961915 ], [ -16.4256915, 28.4960537 ], [ -16.4256963, 28.4960119 ], [ -16.4257283, 28.4959707 ], [ -16.4257416, 28.4959422 ], [ -16.4257494, 28.4959085 ], [ -16.4257477, 28.4958862 ], [ -16.4257306, 28.4958503 ], [ -16.4257035, 28.495823 ], [ -16.4256799, 28.4958052 ], [ -16.4257982, 28.495665 ], [ -16.4259161, 28.4956707 ], [ -16.4259316, 28.4955535 ], [ -16.4259584, 28.49545 ], [ -16.4260201, 28.4953272 ], [ -16.4261148, 28.495128 ], [ -16.4261801, 28.4949552 ], [ -16.4262623, 28.4948047 ], [ -16.4263563, 28.4946605 ], [ -16.4264096, 28.4945666 ], [ -16.4264676, 28.4945045 ], [ -16.4265977, 28.4944033 ], [ -16.4266703, 28.4943664 ], [ -16.4267437, 28.4943278 ], [ -16.42684, 28.4942834 ], [ -16.4269339, 28.4942376 ], [ -16.426985, 28.4942001 ], [ -16.4269986, 28.4940955 ], [ -16.4270052, 28.4940064 ], [ -16.4270015, 28.4939122 ], [ -16.4269791, 28.493761 ], [ -16.426963, 28.4936141 ], [ -16.4269122, 28.4932082 ], [ -16.4268755, 28.4930452 ], [ -16.4268807, 28.4927488 ], [ -16.4268926, 28.4926876 ], [ -16.4269516, 28.4925545 ], [ -16.4269848, 28.4924874 ], [ -16.427022, 28.4924647 ], [ -16.4270579, 28.4924536 ], [ -16.4271045, 28.4924836 ], [ -16.427149, 28.492536 ], [ -16.4271589, 28.4925454 ], [ -16.4272618, 28.4926338 ], [ -16.4273181, 28.4926904 ], [ -16.4273751, 28.4926954 ], [ -16.4274245, 28.4926729 ], [ -16.427456, 28.4926253 ], [ -16.4274681, 28.4925886 ], [ -16.427479, 28.4924586 ], [ -16.4274941, 28.492421 ], [ -16.4275406, 28.4924042 ], [ -16.4276002, 28.4924143 ], [ -16.4276519, 28.492422 ], [ -16.4276961, 28.492452 ], [ -16.4277398, 28.4924408 ], [ -16.4277924, 28.4924463 ], [ -16.427895, 28.4924336 ], [ -16.4279221, 28.4924578 ], [ -16.4279515, 28.4925083 ], [ -16.4279775, 28.4925626 ], [ -16.4279918, 28.4926085 ], [ -16.4280106, 28.4926302 ], [ -16.4280452, 28.4926376 ], [ -16.4280832, 28.4926372 ], [ -16.4281548, 28.4926012 ], [ -16.4281971, 28.4925646 ], [ -16.4282579, 28.4925231 ], [ -16.4283185, 28.4924709 ], [ -16.4284444, 28.4923839 ], [ -16.4285667, 28.4923138 ], [ -16.4285934, 28.492274 ], [ -16.428657, 28.4922256 ], [ -16.4286827, 28.4921832 ], [ -16.4286696, 28.4921476 ], [ -16.4286353, 28.4921007 ], [ -16.4285643, 28.4920313 ], [ -16.4284585, 28.4919451 ], [ -16.4284603, 28.4918986 ], [ -16.4284697, 28.4918766 ], [ -16.4285216, 28.4918236 ], [ -16.4287312, 28.4917018 ], [ -16.4287729, 28.4916536 ], [ -16.4287846, 28.4915756 ], [ -16.4287585, 28.491305 ], [ -16.4287442, 28.4912156 ], [ -16.4287003, 28.4911383 ], [ -16.4286422, 28.4911251 ], [ -16.4285809, 28.4909894 ], [ -16.4285609, 28.4909135 ], [ -16.4285721, 28.4908364 ], [ -16.4285873, 28.4907777 ], [ -16.4286632, 28.4907017 ], [ -16.4287473, 28.4906922 ], [ -16.4288876, 28.4906632 ], [ -16.4289415, 28.4906497 ], [ -16.4289639, 28.4906146 ], [ -16.429066, 28.4903865 ], [ -16.429137, 28.4901668 ], [ -16.4291457, 28.4900884 ], [ -16.4291313, 28.4899775 ], [ -16.4290945, 28.4898981 ], [ -16.4290575, 28.4898452 ], [ -16.4290216, 28.4898295 ], [ -16.4289627, 28.4898416 ], [ -16.4288935, 28.4898665 ], [ -16.4288692, 28.4898586 ], [ -16.4288199, 28.489854 ], [ -16.4287725, 28.4898873 ], [ -16.4287305, 28.4898966 ], [ -16.4286863, 28.4898996 ], [ -16.4286309, 28.4898649 ], [ -16.4285708, 28.4897993 ], [ -16.4285282, 28.4897096 ], [ -16.4285096, 28.4896001 ], [ -16.4285041, 28.4895068 ], [ -16.4285281, 28.4893836 ], [ -16.4285536, 28.4893147 ], [ -16.4286827, 28.4891519 ], [ -16.4287406, 28.4890555 ], [ -16.4289246, 28.4888896 ], [ -16.4290086, 28.4888723 ], [ -16.4292054, 28.4889144 ], [ -16.4292344, 28.4888971 ], [ -16.4292386, 28.4888365 ], [ -16.4292197, 28.4887541 ], [ -16.4292155, 28.4887132 ], [ -16.4292727, 28.4885587 ], [ -16.4293322, 28.4884717 ], [ -16.4293902, 28.4881729 ], [ -16.4294208, 28.4880579 ], [ -16.4295606, 28.4878433 ], [ -16.4296768, 28.4877305 ], [ -16.4298562, 28.4875874 ], [ -16.4299276, 28.4875406 ], [ -16.4300188, 28.4874798 ], [ -16.4300983, 28.4873957 ], [ -16.4302122, 28.4873176 ], [ -16.4302925, 28.4872436 ], [ -16.4304137, 28.4871812 ], [ -16.4305241, 28.4871144 ], [ -16.430657, 28.4870191 ] ] ] } },
{ "type": "Feature", "properties": { "fid_": 0, "bic_nombre": "CONJUNTO HISTÓRICO DE SAN CRISTÓBAL DE LA LAGUNA", "bic_catego": "CONJUNTO HISTÓRICO", "bic_entorn": 0, "municipio_": "LAGUNA (LA)", "bic_descri": "Bien de Interés Cultural con categoría de Conjunto Histórico del “Casco histórico de San Cristóbal de La Laguna”, en el municipio homónimo, declarado por Decreto 602/1985, de 20 de diciembre, del Gobierno de Canarias, publicado en el BOC nº 13", "boletin1_n": "BOC nº 13 de 31 de enero de 1986", "boletin1_u": "http://www.gobiernodecanarias.org/boc/1986/013/005.html", "boletin2_n": null, "boletin2_u": null }, "geometry": { "type": "Polygon", "coordinates": [ [ [ -16.3158829, 28.4874235 ], [ -16.3153177, 28.4870652 ], [ -16.3152269, 28.4869939 ], [ -16.3145214, 28.4857038 ], [ -16.3143111, 28.4853854 ], [ -16.314196, 28.4852502 ], [ -16.3139174, 28.4849389 ], [ -16.3137099, 28.4854255 ], [ -16.3135094, 28.4851567 ], [ -16.3123654, 28.4851632 ], [ -16.3124232, 28.486123 ], [ -16.3128174, 28.486111 ], [ -16.3129295, 28.4870847 ], [ -16.3119905, 28.4869837 ], [ -16.3120781, 28.4878691 ], [ -16.3125805, 28.4885989 ], [ -16.3120119, 28.4906974 ], [ -16.311571, 28.4923867 ], [ -16.3115035, 28.4927077 ], [ -16.3113251, 28.4930686 ], [ -16.3108443, 28.4939262 ], [ -16.3107839, 28.4940775 ], [ -16.3107709, 28.494102 ], [ -16.3111243, 28.4942637 ], [ -16.3112415, 28.4943195 ], [ -16.3116829, 28.4944957 ], [ -16.3119097, 28.4944962 ], [ -16.3124828, 28.4944907 ], [ -16.3128894, 28.4944868 ], [ -16.3132072, 28.4946615 ], [ -16.313234, 28.4946775 ], [ -16.3134098, 28.4941884 ], [ -16.3135402, 28.4938307 ], [ -16.3137332, 28.4933279 ], [ -16.313987, 28.4927063 ], [ -16.3151586, 28.4927762 ], [ -16.315631, 28.4928068 ], [ -16.3168748, 28.4930123 ], [ -16.3170032, 28.4927394 ], [ -16.3171817, 28.4923893 ], [ -16.3174896, 28.4922563 ], [ -16.3175983, 28.4922056 ], [ -16.3177689, 28.4921237 ], [ -16.3178836, 28.4920693 ], [ -16.3180268, 28.4920029 ], [ -16.3182228, 28.491909 ], [ -16.3186005, 28.4917167 ], [ -16.3189637, 28.491511 ], [ -16.3190194, 28.4914788 ], [ -16.319326, 28.4913233 ], [ -16.3194409, 28.4912735 ], [ -16.3194488, 28.4912536 ], [ -16.3195585, 28.4911189 ], [ -16.3197763, 28.4912179 ], [ -16.3199346, 28.4913012 ], [ -16.3200898, 28.4913737 ], [ -16.32054, 28.491595 ], [ -16.3206438, 28.4916445 ], [ -16.320852, 28.4917111 ], [ -16.3211011, 28.4917835 ], [ -16.321343, 28.4918462 ], [ -16.3210864, 28.4913369 ], [ -16.3214514, 28.4911971 ], [ -16.3227525, 28.4907566 ], [ -16.3228089, 28.4906108 ], [ -16.3228533, 28.4904813 ], [ -16.3229252, 28.4902703 ], [ -16.3230371, 28.4899867 ], [ -16.3229365, 28.4899453 ], [ -16.3218334, 28.4894668 ], [ -16.3217614, 28.4894296 ], [ -16.321519, 28.489321 ], [ -16.3213361, 28.4892379 ], [ -16.3211376, 28.4891306 ], [ -16.3207727, 28.4889492 ], [ -16.3205022, 28.4888029 ], [ -16.3202811, 28.4886832 ], [ -16.3198153, 28.4884467 ], [ -16.3193035, 28.4881972 ], [ -16.3192922, 28.488191 ], [ -16.3191326, 28.4880905 ], [ -16.3187644, 28.487891 ], [ -16.318012, 28.4875211 ], [ -16.3175331, 28.4873741 ], [ -16.3176847, 28.4870721 ], [ -16.3172891, 28.4869712 ], [ -16.3171805, 28.4869434 ], [ -16.3161706, 28.4866499 ], [ -16.3160982, 28.4868248 ], [ -16.3160189, 28.4870223 ], [ -16.3158829, 28.4874235 ] ] ] } },
{ "type": "Feature", "properties": { "fid_": 0, "bic_nombre": "EL  PUERTO DE LA CRUZ", "bic_catego": "CONJUNTO HISTÓRICO", "bic_entorn": 0, "municipio_": "PUERTO DE LA CRUZ", "bic_descri": "Bien de Interés Cultural con categoría de Conjunto Histórico del “Puerto de la Cruz”, en el municipio homónimo, declarado por Decreto 65/2006, de 23 de mayo, del Gobierno de Canarias, publicado en el BOC nº 111 de 9 de junio de 2006. No cuenta c", "boletin1_n": "BOC nº 111 de 9 de junio de 2006", "boletin1_u": "http://www.gobiernodecanarias.org/boc/2006/111/009.html", "boletin2_n": null, "boletin2_u": null }, "geometry": { "type": "MultiPolygon", "coordinates": [ [ [ [ -16.5477503, 28.4169911 ], [ -16.547795, 28.4171674 ], [ -16.5477354, 28.4172031 ], [ -16.5474858, 28.4172095 ], [ -16.5458169, 28.4174041 ], [ -16.545355, 28.4174538 ], [ -16.5453066, 28.417541 ], [ -16.5454364, 28.4178129 ], [ -16.54566, 28.417697 ], [ -16.5458418, 28.417584 ], [ -16.5461652, 28.4179462 ], [ -16.5478833, 28.4182017 ], [ -16.5480843, 28.4187598 ], [ -16.5481948, 28.4187775 ], [ -16.5483445, 28.4188182 ], [ -16.5483574, 28.4187982 ], [ -16.5485138, 28.4186006 ], [ -16.5485648, 28.4185955 ], [ -16.5488289, 28.4185745 ], [ -16.5488799, 28.4185712 ], [ -16.5489829, 28.4185682 ], [ -16.5490349, 28.4185649 ], [ -16.549087, 28.4185643 ], [ -16.5491391, 28.4185673 ], [ -16.5491912, 28.418573 ], [ -16.5492423, 28.4185725 ], [ -16.5492912, 28.4185674 ], [ -16.5493424, 28.4185785 ], [ -16.5493946, 28.418587 ], [ -16.5494447, 28.4185963 ], [ -16.5494939, 28.4186093 ], [ -16.5495431, 28.4186232 ], [ -16.5495914, 28.4186398 ], [ -16.5496405, 28.4186528 ], [ -16.5497039, 28.4186575 ], [ -16.5497441, 28.4186868 ], [ -16.549757, 28.4187318 ], [ -16.5497821, 28.418773 ], [ -16.5498143, 28.4188078 ], [ -16.5498545, 28.4188353 ], [ -16.5498998, 28.4188592 ], [ -16.549942, 28.4188867 ], [ -16.5499823, 28.418916 ], [ -16.5500285, 28.4189353 ], [ -16.5500797, 28.4189456 ], [ -16.5501307, 28.4189459 ], [ -16.5501806, 28.4189327 ], [ -16.5501983, 28.4188892 ], [ -16.5501722, 28.4188489 ], [ -16.5501259, 28.4188277 ], [ -16.5500767, 28.4188139 ], [ -16.5500255, 28.4188 ], [ -16.5499793, 28.4187807 ], [ -16.5499361, 28.4187568 ], [ -16.5498958, 28.4187266 ], [ -16.5498677, 28.4186872 ], [ -16.5498466, 28.4186459 ], [ -16.5498327, 28.4186009 ], [ -16.5498233, 28.4185117 ], [ -16.5498165, 28.4184667 ], [ -16.5498049, 28.4183756 ], [ -16.5498012, 28.4183305 ], [ -16.5498282, 28.4182914 ], [ -16.5499267, 28.4182578 ], [ -16.5499787, 28.4182527 ], [ -16.5500307, 28.4182485 ], [ -16.5500827, 28.4182452 ], [ -16.5501337, 28.418241 ], [ -16.5501836, 28.4182278 ], [ -16.5502209, 28.4181958 ], [ -16.5502437, 28.4181549 ], [ -16.5502574, 28.4181097 ], [ -16.5502679, 28.4180644 ], [ -16.5503027, 28.4179305 ], [ -16.550299, 28.4178854 ], [ -16.5502749, 28.4178432 ], [ -16.5502437, 28.4178048 ], [ -16.5502156, 28.4177672 ], [ -16.5501794, 28.4177342 ], [ -16.5502126, 28.4177004 ], [ -16.5502656, 28.4176944 ], [ -16.5503176, 28.4176893 ], [ -16.5503697, 28.4176914 ], [ -16.5504218, 28.4176953 ], [ -16.5504739, 28.4176984 ], [ -16.5505261, 28.417705 ], [ -16.5505762, 28.4177153 ], [ -16.5506264, 28.4177273 ], [ -16.5506717, 28.4177494 ], [ -16.5506774, 28.4177944 ], [ -16.5506587, 28.417838 ], [ -16.5506471, 28.4178841 ], [ -16.5506324, 28.4179267 ], [ -16.5506003, 28.4179659 ], [ -16.5505568, 28.4179889 ], [ -16.5505493, 28.418035 ], [ -16.5505397, 28.4180794 ], [ -16.5505342, 28.4181255 ], [ -16.5505359, 28.4181706 ], [ -16.5505233, 28.418214 ], [ -16.550497, 28.4182288 ], [ -16.5504712, 28.4183554 ], [ -16.5504403, 28.4186807 ], [ -16.5505624, 28.4192172 ], [ -16.5505489, 28.4192678 ], [ -16.5503895, 28.4194709 ], [ -16.5497803, 28.4196981 ], [ -16.549787, 28.4197341 ], [ -16.5498031, 28.4197668 ], [ -16.5497878, 28.4198059 ], [ -16.5498007, 28.4198457 ], [ -16.5498532, 28.4198607 ], [ -16.5499363, 28.4198405 ], [ -16.5501824, 28.4197702 ], [ -16.5503208, 28.419724 ], [ -16.550567, 28.4196153 ], [ -16.5506541, 28.4195531 ], [ -16.5507262, 28.4194641 ], [ -16.5507789, 28.4193752 ], [ -16.5508352, 28.4192916 ], [ -16.5508473, 28.4192748 ], [ -16.5508946, 28.4191757 ], [ -16.5509417, 28.4191077 ], [ -16.5510102, 28.4190918 ], [ -16.5511556, 28.4190793 ], [ -16.5513745, 28.4190758 ], [ -16.551522, 28.4190881 ], [ -16.5519665, 28.4190918 ], [ -16.5521578, 28.4190912 ], [ -16.5522105, 28.4190808 ], [ -16.5524947, 28.4190069 ], [ -16.5526566, 28.4189563 ], [ -16.5528159, 28.4188896 ], [ -16.5529184, 28.4188386 ], [ -16.5530329, 28.4187979 ], [ -16.5532577, 28.4187559 ], [ -16.5534319, 28.4187477 ], [ -16.5535812, 28.4187594 ], [ -16.5537313, 28.4187931 ], [ -16.5538326, 28.4188421 ], [ -16.5541573, 28.4188981 ], [ -16.5544064, 28.4189268 ], [ -16.5545211, 28.4189327 ], [ -16.5546253, 28.4189267 ], [ -16.5547407, 28.4189039 ], [ -16.5548844, 28.4188578 ], [ -16.5550407, 28.418791 ], [ -16.5551748, 28.4187168 ], [ -16.555277, 28.4186459 ], [ -16.5554311, 28.4184974 ], [ -16.5555411, 28.418401 ], [ -16.5556547, 28.4182955 ], [ -16.5556995, 28.4182529 ], [ -16.5557833, 28.4181789 ], [ -16.5558944, 28.4180892 ], [ -16.5559647, 28.41802 ], [ -16.5560335, 28.417949 ], [ -16.5560854, 28.41788 ], [ -16.5561664, 28.4177959 ], [ -16.556308, 28.4176495 ], [ -16.5564062, 28.4175609 ], [ -16.5565388, 28.4174679 ], [ -16.5568831, 28.4172295 ], [ -16.5570226, 28.4171189 ], [ -16.5570471, 28.4170962 ], [ -16.5571138, 28.4170366 ], [ -16.5571749, 28.4169986 ], [ -16.5571949, 28.4169858 ], [ -16.5572263, 28.4169668 ], [ -16.5572535, 28.4169441 ], [ -16.5572726, 28.4169247 ], [ -16.5566896, 28.4163025 ], [ -16.5564003, 28.416015 ], [ -16.5562538, 28.4158551 ], [ -16.5561626, 28.4157783 ], [ -16.5559287, 28.4159873 ], [ -16.5558234, 28.416049 ], [ -16.5557158, 28.4160899 ], [ -16.5549314, 28.4162741 ], [ -16.5548539, 28.4162793 ], [ -16.5541128, 28.4162975 ], [ -16.5540716, 28.416262 ], [ -16.5532982, 28.4164533 ], [ -16.5530362, 28.4165317 ], [ -16.5528653, 28.4165771 ], [ -16.5528484, 28.4165233 ], [ -16.5528302, 28.4163567 ], [ -16.5527506, 28.4158091 ], [ -16.5526547, 28.4158166 ], [ -16.552285, 28.4159147 ], [ -16.5522368, 28.4159254 ], [ -16.5521401, 28.4159511 ], [ -16.5518783, 28.4160209 ], [ -16.5518228, 28.4159899 ], [ -16.5518214, 28.4159009 ], [ -16.551946, 28.4158949 ], [ -16.5520308, 28.4158199 ], [ -16.5520182, 28.4156465 ], [ -16.5518027, 28.4156463 ], [ -16.551787, 28.4153666 ], [ -16.5519226, 28.4153595 ], [ -16.5518905, 28.4152218 ], [ -16.551752, 28.4152383 ], [ -16.5517078, 28.4149489 ], [ -16.5516569, 28.4147473 ], [ -16.5516278, 28.4146826 ], [ -16.5513064, 28.414664 ], [ -16.5512128, 28.4143702 ], [ -16.5511605, 28.4142784 ], [ -16.551115, 28.4141427 ], [ -16.5510573, 28.4141554 ], [ -16.5510281, 28.4139581 ], [ -16.5510519, 28.413952 ], [ -16.5510408, 28.4138568 ], [ -16.5510761, 28.4138506 ], [ -16.5510745, 28.4138188 ], [ -16.551044, 28.4138211 ], [ -16.5510373, 28.4137354 ], [ -16.5512745, 28.4137067 ], [ -16.5512576, 28.4136147 ], [ -16.5512009, 28.4133671 ], [ -16.5511581, 28.413161 ], [ -16.5510687, 28.4127676 ], [ -16.5510308, 28.4127644 ], [ -16.5509343, 28.4129334 ], [ -16.5509115, 28.4129797 ], [ -16.5507794, 28.4133006 ], [ -16.5506628, 28.4136377 ], [ -16.550474, 28.4140723 ], [ -16.5504171, 28.4140537 ], [ -16.5502751, 28.4143004 ], [ -16.5502296, 28.4146611 ], [ -16.5499709, 28.4146605 ], [ -16.5499714, 28.4146991 ], [ -16.5499576, 28.4147005 ], [ -16.5499574, 28.4147338 ], [ -16.5495769, 28.4147465 ], [ -16.5492161, 28.4147614 ], [ -16.5491732, 28.4146326 ], [ -16.5491437, 28.414554 ], [ -16.5491004, 28.41446 ], [ -16.5490689, 28.414393 ], [ -16.5490578, 28.414343 ], [ -16.5490121, 28.4142746 ], [ -16.5489662, 28.4142294 ], [ -16.5489382, 28.4142138 ], [ -16.5487164, 28.4142091 ], [ -16.5486173, 28.4142131 ], [ -16.5485423, 28.4142275 ], [ -16.5484911, 28.414229 ], [ -16.5484895, 28.4142685 ], [ -16.5488401, 28.4142453 ], [ -16.5489068, 28.4142599 ], [ -16.5489353, 28.4142779 ], [ -16.5489722, 28.4143401 ], [ -16.549009, 28.4143999 ], [ -16.5490859, 28.4145903 ], [ -16.5491334, 28.4147063 ], [ -16.5489621, 28.4147718 ], [ -16.5489312, 28.4147452 ], [ -16.5488333, 28.414676 ], [ -16.5486228, 28.4147429 ], [ -16.5485932, 28.4146508 ], [ -16.5485262, 28.4146198 ], [ -16.5484695, 28.4146137 ], [ -16.5484118, 28.4146201 ], [ -16.5483631, 28.4146418 ], [ -16.5483426, 28.4146565 ], [ -16.548319, 28.4146838 ], [ -16.5483137, 28.4146935 ], [ -16.5482883, 28.4147448 ], [ -16.5482944, 28.4149355 ], [ -16.5483011, 28.414947 ], [ -16.5487271, 28.4149412 ], [ -16.5490119, 28.4148956 ], [ -16.5492401, 28.4148479 ], [ -16.5493495, 28.4151794 ], [ -16.5490425, 28.415249 ], [ -16.5487926, 28.4153063 ], [ -16.5488865, 28.4156487 ], [ -16.5485593, 28.4157149 ], [ -16.5484464, 28.4157051 ], [ -16.5478358, 28.4158601 ], [ -16.5477663, 28.4156832 ], [ -16.5476729, 28.4157022 ], [ -16.5477271, 28.4158635 ], [ -16.5475462, 28.4159041 ], [ -16.5475302, 28.4158522 ], [ -16.5476252, 28.4158285 ], [ -16.5475986, 28.4157257 ], [ -16.5473536, 28.415785 ], [ -16.5477329, 28.4167312 ], [ -16.5477503, 28.4169911 ] ] ], [ [ [ -16.5493129, 28.412735 ], [ -16.5494087, 28.4125069 ], [ -16.5494301, 28.4124297 ], [ -16.5495787, 28.4122596 ], [ -16.5486881, 28.4111478 ], [ -16.5486758, 28.4111209 ], [ -16.5486536, 28.410852 ], [ -16.5486677, 28.4106435 ], [ -16.5488415, 28.4096603 ], [ -16.548853, 28.4095358 ], [ -16.5488359, 28.4094671 ], [ -16.5487011, 28.4091494 ], [ -16.5486226, 28.4090445 ], [ -16.5485359, 28.4089614 ], [ -16.548414, 28.4088116 ], [ -16.5483867, 28.408764 ], [ -16.5482328, 28.4083113 ], [ -16.5481986, 28.4082495 ], [ -16.548159, 28.4082054 ], [ -16.5481201, 28.4081748 ], [ -16.5480564, 28.4081373 ], [ -16.5479881, 28.4081112 ], [ -16.5479358, 28.408079 ], [ -16.5478282, 28.4079975 ], [ -16.5477504, 28.4080702 ], [ -16.5472183, 28.4085515 ], [ -16.5468945, 28.4088313 ], [ -16.5468889, 28.4088846 ], [ -16.5468916, 28.4089265 ], [ -16.5469053, 28.40899 ], [ -16.5469304, 28.4090493 ], [ -16.5469879, 28.4091897 ], [ -16.5470019, 28.4092309 ], [ -16.5470005, 28.4092545 ], [ -16.5469919, 28.4092894 ], [ -16.5469766, 28.4093241 ], [ -16.546961, 28.4093517 ], [ -16.5468622, 28.4094421 ], [ -16.5468102, 28.4094848 ], [ -16.5467686, 28.409551 ], [ -16.5467476, 28.4095992 ], [ -16.5467408, 28.4096517 ], [ -16.5467526, 28.4098287 ], [ -16.5467485, 28.4100119 ], [ -16.5467387, 28.4101419 ], [ -16.5467276, 28.4102795 ], [ -16.5472523, 28.4106661 ], [ -16.5473088, 28.410757 ], [ -16.5473322, 28.4108147 ], [ -16.5473489, 28.4108776 ], [ -16.5474338, 28.4111912 ], [ -16.5478687, 28.4117252 ], [ -16.5477607, 28.4117809 ], [ -16.5476501, 28.4118684 ], [ -16.5475596, 28.4119415 ], [ -16.547471, 28.4120568 ], [ -16.5474561, 28.4121063 ], [ -16.547445, 28.4121596 ], [ -16.5474471, 28.4122427 ], [ -16.5474503, 28.4122654 ], [ -16.5474811, 28.4123599 ], [ -16.5476387, 28.4128026 ], [ -16.5476918, 28.4129313 ], [ -16.5477172, 28.4129747 ], [ -16.5477576, 28.413007 ], [ -16.547791, 28.4130209 ], [ -16.5478529, 28.4130303 ], [ -16.5479573, 28.4130182 ], [ -16.5487991, 28.4128163 ], [ -16.5490871, 28.4127575 ], [ -16.5491402, 28.4127519 ], [ -16.5493129, 28.412735 ] ] ], [ [ [ -16.5621764, 28.4093495 ], [ -16.5620321, 28.4088925 ], [ -16.5620301, 28.4088862 ], [ -16.5618705, 28.4083774 ], [ -16.5617637, 28.4083948 ], [ -16.5617117, 28.408194 ], [ -16.5614608, 28.4082564 ], [ -16.5614859, 28.408342 ], [ -16.5613129, 28.408371 ], [ -16.5610844, 28.4083955 ], [ -16.5609757, 28.4079716 ], [ -16.5606404, 28.408088 ], [ -16.5605876, 28.4080951 ], [ -16.5605134, 28.408104 ], [ -16.5599102, 28.4081299 ], [ -16.5597601, 28.4083924 ], [ -16.5598376, 28.4084419 ], [ -16.5598082, 28.4084613 ], [ -16.5600721, 28.4086591 ], [ -16.5601299, 28.4087096 ], [ -16.5601869, 28.4087681 ], [ -16.5604061, 28.4090117 ], [ -16.5605804, 28.4092354 ], [ -16.5605697, 28.4092392 ], [ -16.5603703, 28.4092203 ], [ -16.5602727, 28.4092134 ], [ -16.5599585, 28.4091958 ], [ -16.5597546, 28.4091853 ], [ -16.5595955, 28.4091756 ], [ -16.5596059, 28.4093408 ], [ -16.5595917, 28.4093537 ], [ -16.5595405, 28.4093529 ], [ -16.5594686, 28.4093537 ], [ -16.5594671, 28.4095756 ], [ -16.5592721, 28.4095736 ], [ -16.5592523, 28.4098921 ], [ -16.559434, 28.4099167 ], [ -16.5596446, 28.4107158 ], [ -16.5597454, 28.4111141 ], [ -16.5598369, 28.4114929 ], [ -16.5599821, 28.4114198 ], [ -16.560038, 28.4114022 ], [ -16.5602785, 28.4112794 ], [ -16.5604792, 28.4111839 ], [ -16.5606488, 28.4110905 ], [ -16.5607938, 28.4110164 ], [ -16.5610793, 28.4108644 ], [ -16.5612253, 28.4107962 ], [ -16.5614608, 28.4106759 ], [ -16.5616688, 28.4105754 ], [ -16.5618802, 28.4104708 ], [ -16.5619042, 28.4104452 ], [ -16.5619205, 28.4104136 ], [ -16.5619282, 28.4103893 ], [ -16.5620994, 28.4103311 ], [ -16.5620762, 28.4102777 ], [ -16.5620343, 28.4101411 ], [ -16.5620325, 28.4101256 ], [ -16.5619801, 28.4099368 ], [ -16.5620294, 28.4099193 ], [ -16.5619366, 28.4094056 ], [ -16.5621764, 28.4093495 ] ] ], [ [ [ -16.5474034, 28.4067629 ], [ -16.5474004, 28.4067382 ], [ -16.5473919, 28.4066935 ], [ -16.5473843, 28.4065907 ], [ -16.5473871, 28.4064002 ], [ -16.547399, 28.406279 ], [ -16.5474217, 28.406097 ], [ -16.5474475, 28.4059421 ], [ -16.547489, 28.405808 ], [ -16.5474095, 28.4057851 ], [ -16.5473684, 28.4057834 ], [ -16.5472778, 28.4057951 ], [ -16.5472272, 28.4058194 ], [ -16.5471641, 28.4058761 ], [ -16.5471327, 28.4059342 ], [ -16.5463599, 28.406026 ], [ -16.546467, 28.4067097 ], [ -16.5455772, 28.4067116 ], [ -16.5455693, 28.4067128 ], [ -16.5455732, 28.4067754 ], [ -16.5455679, 28.4067979 ], [ -16.5455145, 28.4068889 ], [ -16.5454679, 28.4069818 ], [ -16.5454359, 28.4070351 ], [ -16.5454106, 28.4070753 ], [ -16.5453726, 28.4071289 ], [ -16.5453017, 28.4072353 ], [ -16.5452588, 28.4073109 ], [ -16.5452459, 28.4073536 ], [ -16.5452355, 28.407393 ], [ -16.5453511, 28.4074079 ], [ -16.5454578, 28.4074349 ], [ -16.5455201, 28.4074508 ], [ -16.5455687, 28.4074572 ], [ -16.5456599, 28.4074705 ], [ -16.5457481, 28.40749 ], [ -16.5458313, 28.4075347 ], [ -16.5458684, 28.4075547 ], [ -16.5459383, 28.4076135 ], [ -16.5459908, 28.4076778 ], [ -16.5460064, 28.4076982 ], [ -16.5460935, 28.4077602 ], [ -16.5461472, 28.4077859 ], [ -16.5462222, 28.4078055 ], [ -16.5462835, 28.4078067 ], [ -16.5463379, 28.4077922 ], [ -16.5463618, 28.4077788 ], [ -16.5464978, 28.4076922 ], [ -16.546702, 28.4075735 ], [ -16.5468252, 28.4075334 ], [ -16.546837, 28.4075306 ], [ -16.5468518, 28.4075258 ], [ -16.5469468, 28.4075054 ], [ -16.547054, 28.4074794 ], [ -16.5471881, 28.4074392 ], [ -16.5473577, 28.4073758 ], [ -16.5473869, 28.4073697 ], [ -16.5474405, 28.4073594 ], [ -16.5474381, 28.4073142 ], [ -16.5474034, 28.4067629 ] ] ], [ [ [ -16.5447354, 28.4153106 ], [ -16.5447199, 28.4151811 ], [ -16.544729, 28.4149849 ], [ -16.544803, 28.4147446 ], [ -16.5448166, 28.4146763 ], [ -16.5448206, 28.4146189 ], [ -16.5448134, 28.4145692 ], [ -16.5447833, 28.414569 ], [ -16.5447544, 28.4145755 ], [ -16.5444964, 28.4147351 ], [ -16.54421, 28.4149127 ], [ -16.5441275, 28.4150057 ], [ -16.5439881, 28.4151405 ], [ -16.5436156, 28.4154283 ], [ -16.5437392, 28.4155566 ], [ -16.5416643, 28.4171253 ], [ -16.5416609, 28.417136 ], [ -16.5416584, 28.4171492 ], [ -16.5416574, 28.4171616 ], [ -16.5416576, 28.4171765 ], [ -16.5416614, 28.4171924 ], [ -16.5416674, 28.4172087 ], [ -16.5416743, 28.4172202 ], [ -16.541685, 28.4172329 ], [ -16.541698, 28.4172417 ], [ -16.5417103, 28.4172492 ], [ -16.5417303, 28.4172586 ], [ -16.5417554, 28.4172652 ], [ -16.5417809, 28.417268 ], [ -16.5418042, 28.4172659 ], [ -16.5438568, 28.4157097 ], [ -16.5439313, 28.4156813 ], [ -16.5442476, 28.4154308 ], [ -16.5447354, 28.4153106 ] ] ], [ [ [ -16.5578067, 28.4135677 ], [ -16.5578627, 28.4135135 ], [ -16.557709, 28.4133841 ], [ -16.557631, 28.4134527 ], [ -16.5575976, 28.4134851 ], [ -16.5575615, 28.4135178 ], [ -16.5575482, 28.4135314 ], [ -16.5575206, 28.4135094 ], [ -16.5574914, 28.4135405 ], [ -16.5574362, 28.4135129 ], [ -16.5573647, 28.4134847 ], [ -16.5570546, 28.4141525 ], [ -16.5569509, 28.4143588 ], [ -16.5571946, 28.4146187 ], [ -16.5573866, 28.4144775 ], [ -16.5575055, 28.4145022 ], [ -16.5576102, 28.4145282 ], [ -16.5576328, 28.4145238 ], [ -16.5577991, 28.4143926 ], [ -16.5578225, 28.4143738 ], [ -16.5579725, 28.4142808 ], [ -16.5580108, 28.4142175 ], [ -16.5580645, 28.4141376 ], [ -16.5580629, 28.4140726 ], [ -16.5580729, 28.4140204 ], [ -16.5580737, 28.4139312 ], [ -16.5580765, 28.4137995 ], [ -16.5578067, 28.4135677 ] ] ], [ [ [ -16.5447472, 28.4144052 ], [ -16.5447815, 28.4144233 ], [ -16.5448161, 28.4144197 ], [ -16.5448309, 28.4144171 ], [ -16.5449909, 28.4143801 ], [ -16.5450172, 28.4143759 ], [ -16.5450392, 28.4143766 ], [ -16.5452242, 28.414324 ], [ -16.545199, 28.4142484 ], [ -16.5451824, 28.4142027 ], [ -16.5451558, 28.4141556 ], [ -16.5451471, 28.4141596 ], [ -16.5451088, 28.4140558 ], [ -16.5451065, 28.414049 ], [ -16.5451156, 28.4139575 ], [ -16.5450707, 28.4138579 ], [ -16.5451339, 28.4138159 ], [ -16.5450592, 28.4136743 ], [ -16.5448968, 28.4137301 ], [ -16.5448468, 28.413616 ], [ -16.5448375, 28.413619 ], [ -16.5448216, 28.4135847 ], [ -16.5447942, 28.413595 ], [ -16.5447999, 28.4135711 ], [ -16.5448072, 28.4135438 ], [ -16.5448103, 28.4135277 ], [ -16.5448077, 28.413503 ], [ -16.5448026, 28.4134884 ], [ -16.5447718, 28.4134514 ], [ -16.544717, 28.4133839 ], [ -16.544712, 28.4133811 ], [ -16.5446491, 28.4133283 ], [ -16.5446041, 28.4133366 ], [ -16.5446019, 28.4133337 ], [ -16.544547, 28.4133382 ], [ -16.5445262, 28.4133098 ], [ -16.5445121, 28.4132064 ], [ -16.5443787, 28.4131837 ], [ -16.5443976, 28.4132709 ], [ -16.5441732, 28.4133 ], [ -16.5440759, 28.4133018 ], [ -16.5442613, 28.4136554 ], [ -16.5443437, 28.4138023 ], [ -16.5443634, 28.4137923 ], [ -16.5443824, 28.4138145 ], [ -16.5444353, 28.4138842 ], [ -16.544499, 28.4139583 ], [ -16.5445398, 28.4140165 ], [ -16.5445505, 28.4140383 ], [ -16.5445641, 28.4140603 ], [ -16.544636, 28.4141703 ], [ -16.5446449, 28.4141731 ], [ -16.544655, 28.4141914 ], [ -16.5446673, 28.4142797 ], [ -16.5446693, 28.4143062 ], [ -16.5446712, 28.4143203 ], [ -16.5446803, 28.4143447 ], [ -16.5447015, 28.4143666 ], [ -16.5447472, 28.4144052 ] ] ], [ [ [ -16.5387085, 28.4165216 ], [ -16.5382948, 28.4158498 ], [ -16.5383103, 28.4157581 ], [ -16.5382506, 28.4156877 ], [ -16.5386184, 28.4155276 ], [ -16.5385544, 28.415449 ], [ -16.5384135, 28.4152619 ], [ -16.5383883, 28.415272 ], [ -16.5382924, 28.4151415 ], [ -16.5378472, 28.4152783 ], [ -16.5378705, 28.4153219 ], [ -16.537807, 28.4153455 ], [ -16.5377841, 28.4152988 ], [ -16.537663, 28.4153408 ], [ -16.5379333, 28.4159132 ], [ -16.5381211, 28.4158419 ], [ -16.538212, 28.4158528 ], [ -16.5384071, 28.4162021 ], [ -16.5386159, 28.4165567 ], [ -16.5387085, 28.4165216 ] ] ], [ [ [ -16.537474, 28.4124035 ], [ -16.5376755, 28.4122574 ], [ -16.537712, 28.412231 ], [ -16.5377994, 28.4121707 ], [ -16.5379453, 28.4120671 ], [ -16.5381181, 28.4119444 ], [ -16.5378724, 28.4117515 ], [ -16.5377095, 28.4116352 ], [ -16.5371516, 28.4120613 ], [ -16.537474, 28.4124035 ] ] ], [ [ [ -16.54853, 28.4050314 ], [ -16.5486379, 28.4047215 ], [ -16.5482935, 28.4048125 ], [ -16.5482656, 28.4045591 ], [ -16.5477181, 28.4047595 ], [ -16.5478248, 28.4049803 ], [ -16.5479507, 28.4052473 ], [ -16.54853, 28.4050314 ] ] ], [ [ [ -16.5332248, 28.4057799 ], [ -16.5331666, 28.4056494 ], [ -16.5331104, 28.405525 ], [ -16.5331002, 28.4055058 ], [ -16.5330892, 28.4054772 ], [ -16.5329044, 28.4055418 ], [ -16.532606, 28.4056312 ], [ -16.5326451, 28.405699 ], [ -16.5326883, 28.4058027 ], [ -16.5327381, 28.4059052 ], [ -16.5327861, 28.4060111 ], [ -16.5327969, 28.4060397 ], [ -16.5328745, 28.4062613 ], [ -16.5333266, 28.4061128 ], [ -16.5333164, 28.4060937 ], [ -16.5332971, 28.4060563 ], [ -16.5332785, 28.4060041 ], [ -16.5332248, 28.4057799 ] ] ], [ [ [ -16.5501488, 28.406119 ], [ -16.5500984, 28.4065883 ], [ -16.5505337, 28.4066249 ], [ -16.5507061, 28.4065072 ], [ -16.5506641, 28.4063233 ], [ -16.550607, 28.406161 ], [ -16.5501488, 28.406119 ] ] ], [ [ [ -16.5522806, 28.414361 ], [ -16.5524409, 28.4142174 ], [ -16.5526589, 28.4140282 ], [ -16.5526638, 28.4140234 ], [ -16.5526492, 28.4140087 ], [ -16.5525958, 28.4139548 ], [ -16.5526047, 28.4139469 ], [ -16.552624, 28.4139296 ], [ -16.5525784, 28.4138912 ], [ -16.552482, 28.41381 ], [ -16.5524526, 28.4137853 ], [ -16.5523866, 28.4137297 ], [ -16.5523808, 28.4137281 ], [ -16.5523587, 28.4137282 ], [ -16.5523432, 28.4137281 ], [ -16.5523273, 28.4137335 ], [ -16.55226, 28.4137559 ], [ -16.5522154, 28.4138184 ], [ -16.5521549, 28.4139039 ], [ -16.5521258, 28.4139688 ], [ -16.5521038, 28.4140596 ], [ -16.5521141, 28.4140938 ], [ -16.5521005, 28.4140966 ], [ -16.5521138, 28.4141211 ], [ -16.5521034, 28.414128 ], [ -16.5521221, 28.4141584 ], [ -16.5521242, 28.4141575 ], [ -16.5521329, 28.4141714 ], [ -16.5521773, 28.4142337 ], [ -16.5521975, 28.4142607 ], [ -16.5521952, 28.4142623 ], [ -16.5522383, 28.4143133 ], [ -16.5522806, 28.414361 ] ] ], [ [ [ -16.5466678, 28.4151665 ], [ -16.5467119, 28.4145645 ], [ -16.5467116, 28.4145421 ], [ -16.5465267, 28.414553 ], [ -16.5464519, 28.414979 ], [ -16.546254, 28.4149685 ], [ -16.5462449, 28.4151613 ], [ -16.5465275, 28.4151741 ], [ -16.5466678, 28.4151665 ] ] ], [ [ [ -16.5465693, 28.4043252 ], [ -16.5466706, 28.4042673 ], [ -16.5469394, 28.4040912 ], [ -16.5469912, 28.4040137 ], [ -16.5468552, 28.4040871 ], [ -16.5466765, 28.4039413 ], [ -16.5463354, 28.40404 ], [ -16.5465078, 28.4043845 ], [ -16.5465607, 28.4043797 ], [ -16.5465693, 28.4043252 ] ] ], [ [ [ -16.5560758, 28.4153596 ], [ -16.5560279, 28.4152781 ], [ -16.5559478, 28.415146 ], [ -16.555475, 28.4153539 ], [ -16.5555966, 28.4155699 ], [ -16.5560613, 28.415366 ], [ -16.5560758, 28.4153596 ] ] ], [ [ [ -16.5478306, 28.4078821 ], [ -16.5479018, 28.407851 ], [ -16.5481169, 28.407699 ], [ -16.5481103, 28.4074828 ], [ -16.547931, 28.4074824 ], [ -16.5478186, 28.4074837 ], [ -16.5477733, 28.4075269 ], [ -16.5477491, 28.4075491 ], [ -16.547744, 28.4075678 ], [ -16.5477391, 28.4075799 ], [ -16.5477194, 28.4076451 ], [ -16.5477192, 28.4076557 ], [ -16.5477305, 28.4076835 ], [ -16.5477653, 28.4077484 ], [ -16.5478052, 28.407824 ], [ -16.5478306, 28.4078821 ] ] ], [ [ [ -16.5526362, 28.4134893 ], [ -16.5526011, 28.4134245 ], [ -16.5525563, 28.4133438 ], [ -16.5523136, 28.4133838 ], [ -16.5519871, 28.4134426 ], [ -16.5519868, 28.4134641 ], [ -16.5519866, 28.4134815 ], [ -16.5519776, 28.413551 ], [ -16.551962, 28.4136808 ], [ -16.5519575, 28.4137218 ], [ -16.5519933, 28.4136876 ], [ -16.552025, 28.4136656 ], [ -16.5520411, 28.4136545 ], [ -16.5520638, 28.4136388 ], [ -16.5520858, 28.4136235 ], [ -16.5520989, 28.4136146 ], [ -16.552107, 28.4136098 ], [ -16.5521269, 28.4135977 ], [ -16.5521329, 28.413594 ], [ -16.552135, 28.4135933 ], [ -16.5521498, 28.4135884 ], [ -16.5521664, 28.4135829 ], [ -16.5521773, 28.4135811 ], [ -16.5521946, 28.413578 ], [ -16.5523086, 28.413561 ], [ -16.5523449, 28.4135556 ], [ -16.5523556, 28.4135538 ], [ -16.5526328, 28.4134902 ], [ -16.5526362, 28.4134893 ] ] ], [ [ [ -16.5389486, 28.4154381 ], [ -16.5395063, 28.4152021 ], [ -16.5393813, 28.4151265 ], [ -16.5389765, 28.4151894 ], [ -16.538942, 28.4151796 ], [ -16.5388404, 28.415196 ], [ -16.5389486, 28.4154381 ] ] ], [ [ [ -16.5464972, 28.4157716 ], [ -16.5461457, 28.4157976 ], [ -16.5460273, 28.4158058 ], [ -16.546017, 28.4159889 ], [ -16.5460271, 28.4160057 ], [ -16.5461076, 28.4159938 ], [ -16.5461093, 28.4160039 ], [ -16.5465517, 28.4159266 ], [ -16.5465454, 28.4159066 ], [ -16.5465221, 28.4158116 ], [ -16.5464972, 28.4157716 ] ] ], [ [ [ -16.534357, 28.404208 ], [ -16.5343616, 28.4042071 ], [ -16.5343658, 28.4042055 ], [ -16.5343696, 28.4042028 ], [ -16.5343724, 28.4041998 ], [ -16.5343745, 28.4041961 ], [ -16.5343755, 28.4041919 ], [ -16.5343755, 28.4041875 ], [ -16.5343744, 28.4041835 ], [ -16.5343721, 28.4041795 ], [ -16.5342803, 28.4040686 ], [ -16.5342707, 28.4040624 ], [ -16.5342538, 28.404057 ], [ -16.5342368, 28.4040564 ], [ -16.5342198, 28.4040604 ], [ -16.5341991, 28.4040874 ], [ -16.5341761, 28.4041184 ], [ -16.5341523, 28.4041495 ], [ -16.5341524, 28.4041573 ], [ -16.5341554, 28.4041651 ], [ -16.5341634, 28.4041733 ], [ -16.5341753, 28.4041779 ], [ -16.5342327, 28.4041802 ], [ -16.534302, 28.4041913 ], [ -16.534357, 28.404208 ] ] ], [ [ [ -16.5573439, 28.3933683 ], [ -16.5573421, 28.3932626 ], [ -16.5572299, 28.3932647 ], [ -16.5572326, 28.3933681 ], [ -16.5573439, 28.3933683 ] ] ], [ [ [ -16.568123, 28.4084862 ], [ -16.5681778, 28.4084357 ], [ -16.5681082, 28.4083822 ], [ -16.568048, 28.4084439 ], [ -16.568123, 28.4084862 ] ] ] ] } },
{ "type": "Feature", "properties": { "fid_": 0, "bic_nombre": "ACANTILADO DE SAN JUAN DE LA RAMBLA Y LADERAS DE LOS BARRANCOS DE LA CHAURERA Y RUÍZ", "bic_catego": "ZONA ARQUEOLÓGICA", "bic_entorn": 0, "municipio_": "SAN JUAN DE LA RAMBLA", "bic_descri": "Bien de Interés Cultural con categoría de Zona Arqueológica de los “Acantilados de San Juan de la Rambla y Laderas de los barrancos de La Chaurera y Ruíz”, en el municipio de San Juan de la Rambla, declarado por Decreto 145/2008, de 1 de julio, d", "boletin1_n": "BOC nº 137 de 9 de julio de 2008", "boletin1_u": "http://www.gobiernodecanarias.org/boc/2008/137/002.html", "boletin2_n": null, "boletin2_u": null }, "geometry": { "type": "Polygon", "coordinates": [ [ [ -16.6263666, 28.3903723 ], [ -16.6264641, 28.3912104 ], [ -16.6265105, 28.3916466 ], [ -16.6266486, 28.3917325 ], [ -16.6271133, 28.3920221 ], [ -16.6271784, 28.3920746 ], [ -16.6278932, 28.3925714 ], [ -16.6280065, 28.3926377 ], [ -16.6281405, 28.3927237 ], [ -16.6283185, 28.392819 ], [ -16.6284079, 28.3928568 ], [ -16.6285154, 28.3928789 ], [ -16.6286186, 28.3928858 ], [ -16.6287483, 28.3928915 ], [ -16.6291221, 28.3929141 ], [ -16.6294531, 28.3929372 ], [ -16.6296075, 28.3929516 ], [ -16.6297161, 28.3929792 ], [ -16.629833, 28.3930157 ], [ -16.629946, 28.393064 ], [ -16.630193, 28.3932027 ], [ -16.6303242, 28.3933031 ], [ -16.630871, 28.3936891 ], [ -16.6309739, 28.3937484 ], [ -16.6310912, 28.3938083 ], [ -16.631233, 28.3938734 ], [ -16.6313511, 28.3939198 ], [ -16.631465, 28.3939618 ], [ -16.6316628, 28.3940118 ], [ -16.6318653, 28.3940382 ], [ -16.6320869, 28.3940527 ], [ -16.6322962, 28.3940574 ], [ -16.6331468, 28.3940166 ], [ -16.6333679, 28.393995 ], [ -16.633488, 28.3939737 ], [ -16.6335917, 28.3939489 ], [ -16.6336862, 28.3939216 ], [ -16.6338272, 28.3938667 ], [ -16.6340895, 28.3937318 ], [ -16.634388, 28.3935649 ], [ -16.6345207, 28.3934992 ], [ -16.634617, 28.3934583 ], [ -16.6347824, 28.3933959 ], [ -16.6349909, 28.3933465 ], [ -16.6351262, 28.3933241 ], [ -16.6352821, 28.3933051 ], [ -16.6360826, 28.3931944 ], [ -16.6363809, 28.3931493 ], [ -16.6365263, 28.3931168 ], [ -16.6374425, 28.3928992 ], [ -16.6376429, 28.392857 ], [ -16.6378882, 28.3928135 ], [ -16.638089, 28.3927993 ], [ -16.6381768, 28.3927974 ], [ -16.6382727, 28.392798 ], [ -16.6383738, 28.392804 ], [ -16.6384689, 28.3928119 ], [ -16.6385701, 28.3928269 ], [ -16.638694, 28.3928516 ], [ -16.63882, 28.3928826 ], [ -16.6391769, 28.3929974 ], [ -16.6395915, 28.3931468 ], [ -16.6418353, 28.3939762 ], [ -16.6420106, 28.3940291 ], [ -16.6421796, 28.3940686 ], [ -16.6423014, 28.3940915 ], [ -16.6424139, 28.39411 ], [ -16.6425725, 28.3941324 ], [ -16.6427125, 28.3941479 ], [ -16.6428944, 28.3941583 ], [ -16.6431709, 28.3941577 ], [ -16.6435217, 28.39414 ], [ -16.6442707, 28.3940641 ], [ -16.6445742, 28.394028 ], [ -16.6446649, 28.3940152 ], [ -16.6448907, 28.3939655 ], [ -16.6449537, 28.3939476 ], [ -16.6451161, 28.3938924 ], [ -16.6452421, 28.3938575 ], [ -16.6473009, 28.3931503 ], [ -16.6477214, 28.3930216 ], [ -16.64807, 28.3929253 ], [ -16.6480893, 28.3928574 ], [ -16.6481161, 28.3928074 ], [ -16.6483777, 28.3924352 ], [ -16.6485575, 28.3922114 ], [ -16.648803, 28.39183 ], [ -16.6488033, 28.3918514 ], [ -16.6488065, 28.3918789 ], [ -16.6487929, 28.3919408 ], [ -16.6487642, 28.3920199 ], [ -16.6487057, 28.3921153 ], [ -16.6486799, 28.3921564 ], [ -16.6486618, 28.3922114 ], [ -16.6486775, 28.3922281 ], [ -16.6487236, 28.3922146 ], [ -16.6488724, 28.3921534 ], [ -16.6489383, 28.3921341 ], [ -16.6489804, 28.3921457 ], [ -16.6490138, 28.3921345 ], [ -16.649081, 28.3920811 ], [ -16.6490997, 28.3920543 ], [ -16.6491472, 28.391955 ], [ -16.6491794, 28.3918695 ], [ -16.6492211, 28.3917446 ], [ -16.6492242, 28.3917108 ], [ -16.6492144, 28.3916644 ], [ -16.6492197, 28.3915945 ], [ -16.6492419, 28.3915059 ], [ -16.6492684, 28.391398 ], [ -16.6493028, 28.3913235 ], [ -16.6493564, 28.3912171 ], [ -16.6493959, 28.3911339 ], [ -16.6494335, 28.3910404 ], [ -16.649448, 28.3909792 ], [ -16.6494439, 28.3909463 ], [ -16.6494128, 28.3908736 ], [ -16.6493849, 28.3908306 ], [ -16.6493455, 28.39075 ], [ -16.6493233, 28.3907262 ], [ -16.6491956, 28.3906266 ], [ -16.649176, 28.3905883 ], [ -16.64913, 28.3904439 ], [ -16.6490853, 28.3903638 ], [ -16.6490595, 28.3903384 ], [ -16.6489607, 28.3902866 ], [ -16.6487836, 28.3901651 ], [ -16.6486613, 28.3900687 ], [ -16.6486299, 28.3900337 ], [ -16.6486104, 28.390001 ], [ -16.6485784, 28.3899316 ], [ -16.6485625, 28.389841 ], [ -16.6485489, 28.3897874 ], [ -16.6485367, 28.3897595 ], [ -16.6485135, 28.389726 ], [ -16.6484656, 28.3896816 ], [ -16.6484309, 28.3896596 ], [ -16.6483584, 28.3896195 ], [ -16.6483238, 28.3896135 ], [ -16.6481622, 28.3896258 ], [ -16.6481452, 28.3896245 ], [ -16.6481051, 28.389617 ], [ -16.648043, 28.3895936 ], [ -16.648, 28.3895693 ], [ -16.6479804, 28.3895358 ], [ -16.6479659, 28.389483 ], [ -16.6479588, 28.3894349 ], [ -16.6479137, 28.3892658 ], [ -16.6478361, 28.3890727 ], [ -16.6478213, 28.3889958 ], [ -16.6478155, 28.3889124 ], [ -16.6478148, 28.3888298 ], [ -16.6478174, 28.3886819 ], [ -16.6478352, 28.3885258 ], [ -16.6478416, 28.3884898 ], [ -16.6478521, 28.388464 ], [ -16.6479007, 28.3884213 ], [ -16.6479221, 28.3884061 ], [ -16.6480006, 28.3883831 ], [ -16.6480166, 28.3883536 ], [ -16.6480168, 28.3883126 ], [ -16.6479836, 28.3882769 ], [ -16.6479556, 28.3882251 ], [ -16.6478919, 28.38816 ], [ -16.6476991, 28.388021 ], [ -16.6476651, 28.387995 ], [ -16.6476493, 28.3879687 ], [ -16.6476398, 28.3879399 ], [ -16.647631, 28.3878349 ], [ -16.6476339, 28.387622 ], [ -16.6476482, 28.3874316 ], [ -16.6475428, 28.387424 ], [ -16.6473449, 28.3874208 ], [ -16.6471563, 28.3874367 ], [ -16.6470368, 28.3874558 ], [ -16.6469887, 28.3874612 ], [ -16.6469343, 28.3874659 ], [ -16.6468779, 28.387457 ], [ -16.6468413, 28.3874365 ], [ -16.6468054, 28.3874032 ], [ -16.6467683, 28.3873579 ], [ -16.6466676, 28.3872434 ], [ -16.6466464, 28.3872189 ], [ -16.646586, 28.3871907 ], [ -16.6465405, 28.3871841 ], [ -16.6465053, 28.3871965 ], [ -16.6464901, 28.3872136 ], [ -16.6464791, 28.3872433 ], [ -16.6464744, 28.3872823 ], [ -16.6464812, 28.3873211 ], [ -16.6465414, 28.3874613 ], [ -16.6465504, 28.3875282 ], [ -16.6465443, 28.3875905 ], [ -16.6464038, 28.3880687 ], [ -16.6463982, 28.3881069 ], [ -16.6463986, 28.3881318 ], [ -16.6464062, 28.3881707 ], [ -16.6464384, 28.388215 ], [ -16.6464709, 28.3882705 ], [ -16.6464803, 28.3883193 ], [ -16.6467451, 28.3884981 ], [ -16.6468061, 28.3886351 ], [ -16.6468093, 28.3886666 ], [ -16.6468094, 28.3887322 ], [ -16.6468057, 28.3887913 ], [ -16.6467956, 28.3888481 ], [ -16.6467957, 28.3889104 ], [ -16.6468249, 28.3889667 ], [ -16.6469644, 28.3891091 ], [ -16.6470065, 28.3891629 ], [ -16.6470291, 28.3892095 ], [ -16.6470663, 28.389303 ], [ -16.6470713, 28.3893288 ], [ -16.6470862, 28.3894056 ], [ -16.64711, 28.389466 ], [ -16.6471474, 28.3895149 ], [ -16.6472984, 28.3896912 ], [ -16.6473433, 28.3897562 ], [ -16.6473794, 28.3898391 ], [ -16.6473917, 28.3899223 ], [ -16.6473943, 28.3899765 ], [ -16.6473777, 28.3900237 ], [ -16.6473709, 28.390061 ], [ -16.6473703, 28.3900756 ], [ -16.6476387, 28.3902758 ], [ -16.6476794, 28.3903341 ], [ -16.6477248, 28.3903901 ], [ -16.647738, 28.3904065 ], [ -16.6478094, 28.3904702 ], [ -16.6478428, 28.3905029 ], [ -16.6478761, 28.3905653 ], [ -16.6479158, 28.3907122 ], [ -16.6479255, 28.3907932 ], [ -16.6479276, 28.3908868 ], [ -16.6479278, 28.3909845 ], [ -16.6479183, 28.3910366 ], [ -16.6478689, 28.3912262 ], [ -16.6478367, 28.3913151 ], [ -16.6477597, 28.3914714 ], [ -16.64773, 28.391558 ], [ -16.6477098, 28.3915914 ], [ -16.6476823, 28.3916506 ], [ -16.6476521, 28.3917006 ], [ -16.6476018, 28.3917498 ], [ -16.6475794, 28.3917623 ], [ -16.6475671, 28.3918532 ], [ -16.6475359, 28.3918627 ], [ -16.6474579, 28.3918815 ], [ -16.6473656, 28.3919178 ], [ -16.6473192, 28.3919447 ], [ -16.6472563, 28.3919675 ], [ -16.6471942, 28.3919863 ], [ -16.6471344, 28.3919944 ], [ -16.6471015, 28.3919988 ], [ -16.6469937, 28.3919935 ], [ -16.6469212, 28.3919727 ], [ -16.6468774, 28.3919642 ], [ -16.646863, 28.391963 ], [ -16.6467298, 28.3919544 ], [ -16.646676, 28.3919601 ], [ -16.6466255, 28.3919761 ], [ -16.6465517, 28.3919914 ], [ -16.6465133, 28.3920033 ], [ -16.6464943, 28.3920052 ], [ -16.6463667, 28.3920203 ], [ -16.6462902, 28.3920391 ], [ -16.6462244, 28.3920598 ], [ -16.6461156, 28.3920726 ], [ -16.6460083, 28.3920905 ], [ -16.6459512, 28.3920848 ], [ -16.6459059, 28.3920605 ], [ -16.64584, 28.3920659 ], [ -16.6458335, 28.3920718 ], [ -16.6458062, 28.3920966 ], [ -16.6457581, 28.3921186 ], [ -16.6457041, 28.3921311 ], [ -16.6456363, 28.3921456 ], [ -16.6455835, 28.3921565 ], [ -16.6455224, 28.392164 ], [ -16.6454668, 28.3921669 ], [ -16.6454443, 28.3921666 ], [ -16.645406, 28.3921654 ], [ -16.645334, 28.3921545 ], [ -16.6453022, 28.3921508 ], [ -16.6450794, 28.3920909 ], [ -16.6449686, 28.3920538 ], [ -16.6449264, 28.3920225 ], [ -16.6448735, 28.3919613 ], [ -16.6448626, 28.3919478 ], [ -16.6447822, 28.3918541 ], [ -16.6447047, 28.3917622 ], [ -16.6446782, 28.3917598 ], [ -16.6446829, 28.3918023 ], [ -16.6447209, 28.3918805 ], [ -16.6447789, 28.3920239 ], [ -16.644739, 28.3920368 ], [ -16.6447043, 28.3920396 ], [ -16.6446803, 28.3920865 ], [ -16.6447246, 28.3922377 ], [ -16.6447288, 28.3922746 ], [ -16.644713, 28.3922948 ], [ -16.6447086, 28.3922992 ], [ -16.644678, 28.3923069 ], [ -16.6446308, 28.3923494 ], [ -16.6446307, 28.3924211 ], [ -16.6446162, 28.392452 ], [ -16.6445875, 28.3924783 ], [ -16.6445805, 28.3924871 ], [ -16.6445611, 28.3925108 ], [ -16.6445444, 28.3925457 ], [ -16.6445331, 28.3925802 ], [ -16.6445177, 28.3926057 ], [ -16.6445117, 28.3926153 ], [ -16.6444773, 28.3926439 ], [ -16.6444336, 28.3926597 ], [ -16.6443896, 28.3926677 ], [ -16.6443274, 28.3926725 ], [ -16.6442795, 28.3926853 ], [ -16.6442269, 28.3927095 ], [ -16.6441741, 28.3927383 ], [ -16.6441361, 28.3927636 ], [ -16.6441013, 28.3927997 ], [ -16.6440585, 28.3928094 ], [ -16.6439535, 28.3927897 ], [ -16.6438931, 28.3927696 ], [ -16.6438737, 28.3927663 ], [ -16.6437145, 28.3927409 ], [ -16.6436093, 28.3927287 ], [ -16.6434482, 28.3926989 ], [ -16.6434089, 28.3926931 ], [ -16.6433683, 28.3927018 ], [ -16.6433372, 28.3927032 ], [ -16.6433163, 28.3927039 ], [ -16.6432629, 28.3926993 ], [ -16.6431219, 28.3926717 ], [ -16.6430839, 28.3926577 ], [ -16.6430452, 28.392635 ], [ -16.6430361, 28.3926279 ], [ -16.6429656, 28.3925713 ], [ -16.6429513, 28.3925611 ], [ -16.64294, 28.3925525 ], [ -16.6428611, 28.3924961 ], [ -16.6428241, 28.3924687 ], [ -16.6427943, 28.3924399 ], [ -16.6427456, 28.3924033 ], [ -16.6426932, 28.3923697 ], [ -16.6425712, 28.3923211 ], [ -16.6425255, 28.3922725 ], [ -16.642493, 28.3922176 ], [ -16.6424526, 28.3921924 ], [ -16.6424073, 28.3922118 ], [ -16.6423956, 28.3922314 ], [ -16.6423554, 28.3922977 ], [ -16.6423125, 28.3923418 ], [ -16.642262, 28.39238 ], [ -16.6421852, 28.3924306 ], [ -16.6421421, 28.3924417 ], [ -16.6420875, 28.3924462 ], [ -16.6420158, 28.3924475 ], [ -16.641946, 28.3924347 ], [ -16.6418769, 28.3924186 ], [ -16.641823, 28.3924063 ], [ -16.6417117, 28.3924009 ], [ -16.6416524, 28.3923864 ], [ -16.6415974, 28.3923599 ], [ -16.6415298, 28.3923038 ], [ -16.6413456, 28.3921513 ], [ -16.6413098, 28.3921319 ], [ -16.6412014, 28.3920854 ], [ -16.6411503, 28.3920509 ], [ -16.6411474, 28.3920486 ], [ -16.6411049, 28.3920127 ], [ -16.6410603, 28.3919896 ], [ -16.6410101, 28.3919795 ], [ -16.6409599, 28.3919588 ], [ -16.6409115, 28.3919241 ], [ -16.6408589, 28.3918813 ], [ -16.6408239, 28.3918496 ], [ -16.6407727, 28.3918029 ], [ -16.6407423, 28.3917752 ], [ -16.6405998, 28.3916451 ], [ -16.6404863, 28.3915598 ], [ -16.6403649, 28.3914786 ], [ -16.6403006, 28.3914321 ], [ -16.6402587, 28.3914189 ], [ -16.6401822, 28.3914114 ], [ -16.6401416, 28.3913922 ], [ -16.6399373, 28.3912785 ], [ -16.6399094, 28.3912753 ], [ -16.6399364, 28.3913205 ], [ -16.6399665, 28.3913499 ], [ -16.6400203, 28.3914286 ], [ -16.6400524, 28.3914663 ], [ -16.6401837, 28.3916388 ], [ -16.6401986, 28.3916715 ], [ -16.6402286, 28.3917501 ], [ -16.6402548, 28.3917987 ], [ -16.6402905, 28.3918429 ], [ -16.6403056, 28.391869 ], [ -16.6403198, 28.3918957 ], [ -16.6403605, 28.39198 ], [ -16.6403904, 28.3920177 ], [ -16.6404103, 28.392054 ], [ -16.6404093, 28.3920933 ], [ -16.640395, 28.3921302 ], [ -16.6403675, 28.3921677 ], [ -16.6403173, 28.3922068 ], [ -16.6402661, 28.3922365 ], [ -16.6402079, 28.3922631 ], [ -16.6401454, 28.3922847 ], [ -16.6400797, 28.3922972 ], [ -16.6400124, 28.3923017 ], [ -16.6399513, 28.3923007 ], [ -16.6398973, 28.3922927 ], [ -16.639833, 28.3922782 ], [ -16.6397888, 28.3922668 ], [ -16.6397416, 28.3922587 ], [ -16.639709, 28.3922526 ], [ -16.6396806, 28.3922527 ], [ -16.6392059, 28.3919161 ], [ -16.6391818, 28.3919039 ], [ -16.6391115, 28.3918435 ], [ -16.6390514, 28.3918 ], [ -16.6389963, 28.3917653 ], [ -16.6388432, 28.3916836 ], [ -16.6387826, 28.3916463 ], [ -16.638601, 28.3915173 ], [ -16.6385346, 28.3914767 ], [ -16.6384762, 28.3914452 ], [ -16.6384163, 28.391418 ], [ -16.6383581, 28.3914064 ], [ -16.6383176, 28.3914193 ], [ -16.6382742, 28.3914238 ], [ -16.6382299, 28.3914007 ], [ -16.6381823, 28.3913673 ], [ -16.6381285, 28.391344 ], [ -16.6380769, 28.3913392 ], [ -16.6380677, 28.3913385 ], [ -16.6379697, 28.3913396 ], [ -16.6379362, 28.3913462 ], [ -16.637916, 28.3913608 ], [ -16.6379106, 28.3914444 ], [ -16.6378984, 28.3914713 ], [ -16.6378206, 28.391512 ], [ -16.6377401, 28.3915493 ], [ -16.6376986, 28.3915635 ], [ -16.6376575, 28.3915651 ], [ -16.6376136, 28.3915522 ], [ -16.6375669, 28.3915287 ], [ -16.6375244, 28.3915023 ], [ -16.6374836, 28.3914853 ], [ -16.6374369, 28.3914851 ], [ -16.6374235, 28.3914876 ], [ -16.6344233, 28.3915953 ], [ -16.6343693, 28.391589 ], [ -16.6343215, 28.3915568 ], [ -16.6342188, 28.3914479 ], [ -16.6340493, 28.3912972 ], [ -16.6340067, 28.3912663 ], [ -16.6340018, 28.3912641 ], [ -16.6339508, 28.3912465 ], [ -16.6338921, 28.3912376 ], [ -16.6338267, 28.3912378 ], [ -16.6337636, 28.3912494 ], [ -16.6337118, 28.3912654 ], [ -16.6336601, 28.3912894 ], [ -16.6336065, 28.3913208 ], [ -16.6334441, 28.3914463 ], [ -16.6333938, 28.3914903 ], [ -16.6333536, 28.3915323 ], [ -16.6333076, 28.3915933 ], [ -16.6332448, 28.3916924 ], [ -16.6332141, 28.3917514 ], [ -16.6331875, 28.3918131 ], [ -16.6331691, 28.391872 ], [ -16.6331632, 28.3919632 ], [ -16.6331673, 28.3922449 ], [ -16.6331308, 28.3922475 ], [ -16.6330525, 28.3922416 ], [ -16.6330013, 28.3922465 ], [ -16.632941, 28.392253 ], [ -16.6329008, 28.3922715 ], [ -16.6328715, 28.3922902 ], [ -16.6328506, 28.392302 ], [ -16.6328246, 28.3923105 ], [ -16.6327841, 28.3923231 ], [ -16.6327198, 28.3923318 ], [ -16.6326503, 28.3923593 ], [ -16.6325883, 28.3924104 ], [ -16.6325409, 28.3924717 ], [ -16.6325082, 28.3925342 ], [ -16.632492, 28.3925627 ], [ -16.6324634, 28.3926076 ], [ -16.6323945, 28.3926608 ], [ -16.6323097, 28.3926807 ], [ -16.6322116, 28.3926669 ], [ -16.6321435, 28.3926525 ], [ -16.6320803, 28.3926259 ], [ -16.6320267, 28.3925941 ], [ -16.6319769, 28.3925541 ], [ -16.6318414, 28.3924156 ], [ -16.6317844, 28.3923846 ], [ -16.6316308, 28.3923703 ], [ -16.6315566, 28.3923576 ], [ -16.631477, 28.3923545 ], [ -16.6313575, 28.3923733 ], [ -16.6312905, 28.3923602 ], [ -16.6312216, 28.3923329 ], [ -16.6311606, 28.3922972 ], [ -16.6311011, 28.3922564 ], [ -16.6310367, 28.3922046 ], [ -16.6309693, 28.3921427 ], [ -16.6309126, 28.3920734 ], [ -16.6308558, 28.3919849 ], [ -16.6308076, 28.3918694 ], [ -16.6308069, 28.3918267 ], [ -16.6308224, 28.3917845 ], [ -16.630828, 28.3917683 ], [ -16.6308684, 28.3917047 ], [ -16.6308928, 28.3916274 ], [ -16.6308928, 28.3915903 ], [ -16.6308925, 28.3915501 ], [ -16.6308746, 28.3915174 ], [ -16.630864, 28.3914957 ], [ -16.6295105, 28.3902276 ], [ -16.62941, 28.390236 ], [ -16.6293089, 28.3902379 ], [ -16.6292255, 28.390233 ], [ -16.6291419, 28.3902191 ], [ -16.6290945, 28.3902055 ], [ -16.6290366, 28.3902151 ], [ -16.6289707, 28.3902184 ], [ -16.6289041, 28.390202 ], [ -16.6288504, 28.3901639 ], [ -16.6287572, 28.3900702 ], [ -16.6287176, 28.390022 ], [ -16.6286852, 28.3899664 ], [ -16.6286788, 28.3899484 ], [ -16.6286613, 28.3899075 ], [ -16.6286596, 28.3898472 ], [ -16.6286715, 28.3898017 ], [ -16.6286757, 28.3897495 ], [ -16.6286632, 28.3896968 ], [ -16.6286492, 28.3896627 ], [ -16.6286396, 28.3896423 ], [ -16.6286287, 28.3895914 ], [ -16.6287994, 28.3895171 ], [ -16.6287983, 28.3894904 ], [ -16.6288011, 28.3894732 ], [ -16.6288128, 28.3894369 ], [ -16.6288317, 28.3894033 ], [ -16.6288891, 28.3893566 ], [ -16.6289835, 28.3893203 ], [ -16.6290301, 28.389299 ], [ -16.6290624, 28.3892787 ], [ -16.6290814, 28.3892469 ], [ -16.6290924, 28.3891713 ], [ -16.629058, 28.3886152 ], [ -16.629048, 28.3885544 ], [ -16.6290488, 28.3884913 ], [ -16.6290733, 28.3883536 ], [ -16.6291604, 28.3880145 ], [ -16.6291525, 28.3879791 ], [ -16.6291578, 28.3879235 ], [ -16.6291734, 28.3878651 ], [ -16.6291786, 28.3878068 ], [ -16.6291668, 28.3877486 ], [ -16.6291366, 28.3876116 ], [ -16.629121, 28.3875193 ], [ -16.6291168, 28.3872733 ], [ -16.629145, 28.3871128 ], [ -16.6261983, 28.3867635 ], [ -16.6261885, 28.3868281 ], [ -16.6261882, 28.3868391 ], [ -16.6261904, 28.3869258 ], [ -16.6262009, 28.3869676 ], [ -16.6263156, 28.3872428 ], [ -16.6263937, 28.3874334 ], [ -16.6264087, 28.3874775 ], [ -16.6264345, 28.3875567 ], [ -16.6264583, 28.3876198 ], [ -16.6264698, 28.3876445 ], [ -16.6264992, 28.3876608 ], [ -16.6265311, 28.387668 ], [ -16.6265588, 28.3876664 ], [ -16.6265969, 28.3876727 ], [ -16.626616, 28.3876883 ], [ -16.6266248, 28.387708 ], [ -16.6266349, 28.3877609 ], [ -16.626641, 28.3878258 ], [ -16.6266431, 28.3878989 ], [ -16.6266413, 28.3879783 ], [ -16.6266309, 28.3880502 ], [ -16.6266179, 28.3881149 ], [ -16.6265799, 28.3882985 ], [ -16.6265804, 28.3883364 ], [ -16.6265908, 28.3884166 ], [ -16.6265841, 28.3885078 ], [ -16.6265722, 28.3885964 ], [ -16.6265557, 28.3886571 ], [ -16.626542, 28.3886952 ], [ -16.6265005, 28.3888482 ], [ -16.6264664, 28.3889524 ], [ -16.6264189, 28.3890549 ], [ -16.6263694, 28.3891512 ], [ -16.6263366, 28.3892102 ], [ -16.6262619, 28.3893284 ], [ -16.626249, 28.3893557 ], [ -16.6262402, 28.3893926 ], [ -16.6262379, 28.389428 ], [ -16.6262302, 28.3895959 ], [ -16.6262332, 28.3896537 ], [ -16.6262462, 28.3897086 ], [ -16.6262761, 28.3897957 ], [ -16.6263223, 28.3898809 ], [ -16.6263476, 28.3899321 ], [ -16.6263469, 28.3900205 ], [ -16.6263868, 28.3900931 ], [ -16.6264082, 28.3901552 ], [ -16.6264056, 28.3902066 ], [ -16.6263984, 28.3902518 ], [ -16.6263811, 28.3903287 ], [ -16.6263666, 28.3903723 ] ] ] } },
{ "type": "Feature", "properties": { "fid_": 0, "bic_nombre": "VILLA DE LA OROTAVA", "bic_catego": "CONJUNTO HISTÓRICO", "bic_entorn": 0, "municipio_": "OROTAVA (LA)", "bic_descri": "Bien de Interés Cultural con categoría de Conjunto Histórico de la “Villa de La Orotava”, en el municipio homónimo, declarado por Real Decreto 3302/1976, publicado en el BOE nº 73, de 26 de marzo de 1977, y delimitación del entorno de protecci", "boletin1_n": "BOE nº 73 de 26 de marzo de 1977", "boletin1_u": "http://www.boe.es/boe/dias/1977/03/26/pdfs/A06924-06924.pdf", "boletin2_n": "BOC nº 45 de 4 de marzo de 2005", "boletin2_u": "http://www.gobiernodecanarias.org/boc/2005/045/004.html" }, "geometry": { "type": "Polygon", "coordinates": [ [ [ -16.5260336, 28.3932027 ], [ -16.5258032, 28.3928835 ], [ -16.5256963, 28.3929461 ], [ -16.5256254, 28.3928644 ], [ -16.5254884, 28.3926775 ], [ -16.5253306, 28.3924715 ], [ -16.5263913, 28.3915029 ], [ -16.5263988, 28.3915598 ], [ -16.5266134, 28.3915323 ], [ -16.5266127, 28.3917493 ], [ -16.5266113, 28.3919691 ], [ -16.5270174, 28.3918695 ], [ -16.527574, 28.3917389 ], [ -16.5273842, 28.3913728 ], [ -16.5273799, 28.3910565 ], [ -16.5273121, 28.390863 ], [ -16.527218, 28.3906354 ], [ -16.5273227, 28.3904288 ], [ -16.5271392, 28.3903638 ], [ -16.5268426, 28.3905333 ], [ -16.5267474, 28.390417 ], [ -16.5267435, 28.3903815 ], [ -16.5266456, 28.39028 ], [ -16.5265478, 28.3901781 ], [ -16.5270599, 28.3898858 ], [ -16.5269033, 28.3898522 ], [ -16.526684, 28.3897776 ], [ -16.5265074, 28.3896899 ], [ -16.5264187, 28.3898179 ], [ -16.5263206, 28.3897394 ], [ -16.5262389, 28.3896738 ], [ -16.5262167, 28.3895566 ], [ -16.5262136, 28.3895392 ], [ -16.5264932, 28.3894881 ], [ -16.5265429, 28.389473 ], [ -16.5267971, 28.3893805 ], [ -16.5267108, 28.3889481 ], [ -16.5266972, 28.3888723 ], [ -16.5266596, 28.3886893 ], [ -16.5266001, 28.3886077 ], [ -16.5265281, 28.3885308 ], [ -16.5264495, 28.3884999 ], [ -16.5262993, 28.388443 ], [ -16.5262903, 28.3883276 ], [ -16.5262508, 28.3881622 ], [ -16.526372, 28.3881743 ], [ -16.5265966, 28.3879488 ], [ -16.5267824, 28.3879432 ], [ -16.5275079, 28.3879384 ], [ -16.5275019, 28.3874938 ], [ -16.5274782, 28.3873012 ], [ -16.5271601, 28.3873546 ], [ -16.5269924, 28.3874453 ], [ -16.5268921, 28.3874761 ], [ -16.5268178, 28.3872159 ], [ -16.5267209, 28.3869589 ], [ -16.526697, 28.3869077 ], [ -16.5266649, 28.3868734 ], [ -16.526609, 28.3868603 ], [ -16.5261953, 28.386895 ], [ -16.5261964, 28.3867525 ], [ -16.525838, 28.3867415 ], [ -16.5259217, 28.3865932 ], [ -16.5260555, 28.3863775 ], [ -16.5263705, 28.3859076 ], [ -16.5266983, 28.3856094 ], [ -16.5269716, 28.3851508 ], [ -16.5270593, 28.3849799 ], [ -16.5270795, 28.3849458 ], [ -16.5271019, 28.384902 ], [ -16.5271294, 28.3848713 ], [ -16.5270511, 28.3845774 ], [ -16.5270154, 28.3844734 ], [ -16.5269721, 28.3844577 ], [ -16.5268569, 28.3845257 ], [ -16.526879, 28.384593 ], [ -16.526589, 28.3846893 ], [ -16.5265712, 28.3846793 ], [ -16.5265605, 28.3846536 ], [ -16.5263674, 28.3847109 ], [ -16.5263743, 28.3847475 ], [ -16.5261797, 28.384805 ], [ -16.5260098, 28.3848563 ], [ -16.5259161, 28.3849434 ], [ -16.525695, 28.3847604 ], [ -16.5257444, 28.3847485 ], [ -16.5256748, 28.3846221 ], [ -16.5257918, 28.3845597 ], [ -16.5256998, 28.3844226 ], [ -16.5255224, 28.3845099 ], [ -16.5253783, 28.384542 ], [ -16.5251561, 28.3843179 ], [ -16.5250822, 28.3843378 ], [ -16.5249919, 28.3842168 ], [ -16.5249549, 28.3841883 ], [ -16.5248961, 28.3841495 ], [ -16.5247812, 28.3841095 ], [ -16.5247187, 28.3840757 ], [ -16.5247164, 28.3840739 ], [ -16.5246375, 28.3839774 ], [ -16.5246254, 28.3839586 ], [ -16.5246141, 28.3839432 ], [ -16.524589, 28.3839677 ], [ -16.524561, 28.3839142 ], [ -16.5245404, 28.3838672 ], [ -16.5243901, 28.3838971 ], [ -16.5242963, 28.3839473 ], [ -16.5241434, 28.3840423 ], [ -16.5239742, 28.3837762 ], [ -16.5237814, 28.3838693 ], [ -16.5237643, 28.3838448 ], [ -16.5234524, 28.3840063 ], [ -16.5232597, 28.3841619 ], [ -16.5231966, 28.384129 ], [ -16.5231844, 28.3841625 ], [ -16.5231321, 28.3841375 ], [ -16.5230349, 28.384113 ], [ -16.5229146, 28.3841102 ], [ -16.5228548, 28.3842023 ], [ -16.5227859, 28.3841794 ], [ -16.5228013, 28.3841523 ], [ -16.5227743, 28.3841404 ], [ -16.52275, 28.3841231 ], [ -16.5227214, 28.3841126 ], [ -16.522709, 28.3841388 ], [ -16.522656, 28.3841257 ], [ -16.5226791, 28.3840685 ], [ -16.5226561, 28.3840577 ], [ -16.5226419, 28.3840809 ], [ -16.5226176, 28.3840773 ], [ -16.5226167, 28.3840607 ], [ -16.522571, 28.3840489 ], [ -16.5225669, 28.3840548 ], [ -16.5225526, 28.3840946 ], [ -16.5225294, 28.3841393 ], [ -16.5224227, 28.3841181 ], [ -16.5224406, 28.3840627 ], [ -16.5223296, 28.3840245 ], [ -16.5223552, 28.3839432 ], [ -16.5222734, 28.3839165 ], [ -16.5222508, 28.3839544 ], [ -16.5221418, 28.3838608 ], [ -16.5220316, 28.3836808 ], [ -16.5219201, 28.3834366 ], [ -16.5218707, 28.3832311 ], [ -16.52159, 28.3832972 ], [ -16.5213246, 28.3833751 ], [ -16.5214241, 28.3834386 ], [ -16.5212666, 28.38356 ], [ -16.5213192, 28.3836131 ], [ -16.5213384, 28.383599 ], [ -16.5213548, 28.383615 ], [ -16.521424, 28.3835818 ], [ -16.5214475, 28.3836098 ], [ -16.521486, 28.3835945 ], [ -16.5215094, 28.3835813 ], [ -16.5215083, 28.3835785 ], [ -16.5215286, 28.383569 ], [ -16.5216541, 28.3837626 ], [ -16.5216609, 28.3838542 ], [ -16.5217009, 28.3840918 ], [ -16.5214237, 28.3842743 ], [ -16.5213015, 28.3841653 ], [ -16.5212167, 28.38418 ], [ -16.5210896, 28.3842611 ], [ -16.5210265, 28.3842976 ], [ -16.5209162, 28.3844964 ], [ -16.5210777, 28.3847191 ], [ -16.5213572, 28.3847259 ], [ -16.5216454, 28.3847196 ], [ -16.5217347, 28.3848343 ], [ -16.5218629, 28.3849866 ], [ -16.5219536, 28.3850953 ], [ -16.5220695, 28.3852538 ], [ -16.5220796, 28.3852765 ], [ -16.5221325, 28.3853358 ], [ -16.5223191, 28.3854883 ], [ -16.5223721, 28.3855391 ], [ -16.5224591, 28.3856126 ], [ -16.5225223, 28.3857084 ], [ -16.522543, 28.3857603 ], [ -16.5225837, 28.3858741 ], [ -16.5226309, 28.3860012 ], [ -16.5225191, 28.3860692 ], [ -16.5226009, 28.3862647 ], [ -16.5226538, 28.3863545 ], [ -16.5227327, 28.3863195 ], [ -16.5227216, 28.3864091 ], [ -16.522666, 28.3864169 ], [ -16.5226608, 28.3864754 ], [ -16.5224278, 28.3865352 ], [ -16.5224621, 28.3866279 ], [ -16.5224717, 28.3866318 ], [ -16.5226727, 28.3865811 ], [ -16.5226891, 28.3866244 ], [ -16.5227915, 28.3865941 ], [ -16.5228089, 28.3869075 ], [ -16.5226284, 28.3869969 ], [ -16.5225508, 28.3870352 ], [ -16.5224124, 28.3871143 ], [ -16.5223855, 28.3871473 ], [ -16.5224074, 28.3871876 ], [ -16.522663, 28.387634 ], [ -16.5227563, 28.3878444 ], [ -16.5226507, 28.3878892 ], [ -16.5226272, 28.387881 ], [ -16.5222153, 28.3880347 ], [ -16.522206, 28.3880566 ], [ -16.5218266, 28.3881962 ], [ -16.521827, 28.3882664 ], [ -16.5218286, 28.3882822 ], [ -16.52184, 28.3883707 ], [ -16.5218754, 28.3884319 ], [ -16.5219083, 28.3884428 ], [ -16.5219251, 28.3884469 ], [ -16.5219994, 28.3884787 ], [ -16.5220462, 28.3885234 ], [ -16.5220716, 28.3885475 ], [ -16.5220772, 28.3886105 ], [ -16.5220624, 28.3887387 ], [ -16.5220235, 28.3887852 ], [ -16.5220965, 28.3889463 ], [ -16.5221293, 28.3890087 ], [ -16.5221497, 28.389065 ], [ -16.5221448, 28.3891011 ], [ -16.5221476, 28.3892342 ], [ -16.5221473, 28.3892666 ], [ -16.5221322, 28.3893886 ], [ -16.522136, 28.3894629 ], [ -16.522118, 28.3895003 ], [ -16.5221132, 28.389509 ], [ -16.5220788, 28.3896838 ], [ -16.5220288, 28.3897452 ], [ -16.5220002, 28.3898122 ], [ -16.5219679, 28.3899663 ], [ -16.5219802, 28.3900539 ], [ -16.5220036, 28.3904198 ], [ -16.5219049, 28.3905578 ], [ -16.5218893, 28.3906097 ], [ -16.5219227, 28.3908777 ], [ -16.5220964, 28.3910952 ], [ -16.5220752, 28.3913534 ], [ -16.5220687, 28.3916182 ], [ -16.5223224, 28.3915965 ], [ -16.5223615, 28.3917953 ], [ -16.5222888, 28.3919672 ], [ -16.5218994, 28.3926115 ], [ -16.521853, 28.3926355 ], [ -16.5218072, 28.3926518 ], [ -16.5213806, 28.3931638 ], [ -16.5213417, 28.3932026 ], [ -16.5213111, 28.3932386 ], [ -16.5212738, 28.3932478 ], [ -16.5211938, 28.3933211 ], [ -16.5211205, 28.3932671 ], [ -16.5210271, 28.3932029 ], [ -16.5209562, 28.3932782 ], [ -16.5208851, 28.3933435 ], [ -16.5209807, 28.3933993 ], [ -16.5209759, 28.3934108 ], [ -16.521063, 28.3934644 ], [ -16.5209759, 28.3935761 ], [ -16.5208459, 28.3937433 ], [ -16.5212106, 28.393767 ], [ -16.5213118, 28.3938269 ], [ -16.521316, 28.3938292 ], [ -16.521463, 28.394046 ], [ -16.5215079, 28.3941119 ], [ -16.5215735, 28.3940821 ], [ -16.5215997, 28.3940959 ], [ -16.5216714, 28.3940784 ], [ -16.5216833, 28.3940172 ], [ -16.5218316, 28.3939409 ], [ -16.522138, 28.3942949 ], [ -16.5225215, 28.3940363 ], [ -16.5225843, 28.3939812 ], [ -16.5229222, 28.3947598 ], [ -16.5235393, 28.3941672 ], [ -16.5247012, 28.3930692 ], [ -16.5250261, 28.393001 ], [ -16.5250927, 28.3929722 ], [ -16.5251722, 28.3930339 ], [ -16.5251824, 28.3930463 ], [ -16.5252444, 28.3931249 ], [ -16.5252876, 28.3932198 ], [ -16.5253283, 28.3932947 ], [ -16.5253383, 28.3933229 ], [ -16.5254003, 28.3933999 ], [ -16.5253868, 28.3934153 ], [ -16.5254441, 28.39349 ], [ -16.5254784, 28.3935376 ], [ -16.5255759, 28.3934898 ], [ -16.5257683, 28.3933811 ], [ -16.5257636, 28.3933598 ], [ -16.5260336, 28.3932027 ] ] ] } },
{ "type": "Feature", "properties": { "fid_": 0, "bic_nombre": "TEGUESTE", "bic_catego": "CONJUNTO HISTÓRICO", "bic_entorn": 0, "municipio_": "TEGUESTE", "bic_descri": "Bien de Interés Cultural con categoría de Conjunto Histórico de “Tegueste”, en el municipio homónimo, declarado por Decreto 158/1986, de 24 de octubre, del Gobierno de Canarias, publicado en el BOC nº 132 de 3 de noviembre de 1986. Cuenta con Pl", "boletin1_n": "BOC nº 132 de 3 de noviembre de 1986", "boletin1_u": "http://www.gobiernodecanarias.org/boc/1986/132/005.html", "boletin2_n": null, "boletin2_u": null }, "geometry": { "type": "Polygon", "coordinates": [ [ [ -16.3297427, 28.5250556 ], [ -16.333435, 28.524815 ], [ -16.333468, 28.5248901 ], [ -16.3335333, 28.5250429 ], [ -16.3335469, 28.5250689 ], [ -16.3335656, 28.5250949 ], [ -16.3335873, 28.5251127 ], [ -16.3336171, 28.525126 ], [ -16.3336611, 28.5251337 ], [ -16.3337146, 28.5251243 ], [ -16.3337629, 28.5251084 ], [ -16.3338266, 28.5250752 ], [ -16.3338573, 28.5250526 ], [ -16.3338938, 28.5250214 ], [ -16.3339564, 28.5249647 ], [ -16.3340019, 28.5249264 ], [ -16.3340882, 28.5248867 ], [ -16.3341696, 28.5248561 ], [ -16.3342256, 28.5248375 ], [ -16.334294, 28.5248305 ], [ -16.3343594, 28.5248362 ], [ -16.3343933, 28.5248449 ], [ -16.33442, 28.5248591 ], [ -16.3344778, 28.5249045 ], [ -16.3347324, 28.5251565 ], [ -16.3348264, 28.5252423 ], [ -16.3348729, 28.5252806 ], [ -16.3349206, 28.5253307 ], [ -16.3349526, 28.5253583 ], [ -16.3350234, 28.5253856 ], [ -16.3350881, 28.5254049 ], [ -16.3351279, 28.5254054 ], [ -16.3351524, 28.5254015 ], [ -16.335186, 28.5253885 ], [ -16.3352914, 28.5253198 ], [ -16.3353249, 28.5253041 ], [ -16.3354604, 28.525273 ], [ -16.3355441, 28.5252614 ], [ -16.3355593, 28.5252531 ], [ -16.3356174, 28.5252408 ], [ -16.3358857, 28.5252093 ], [ -16.3361531, 28.5251814 ], [ -16.3363258, 28.5251788 ], [ -16.3363586, 28.5251884 ], [ -16.3364152, 28.5252167 ], [ -16.3364671, 28.5252785 ], [ -16.3364838, 28.5253099 ], [ -16.3365172, 28.5254431 ], [ -16.33659, 28.5256292 ], [ -16.3366219, 28.5257273 ], [ -16.3366461, 28.525783 ], [ -16.3366702, 28.5258279 ], [ -16.3367011, 28.5258448 ], [ -16.3367308, 28.5258526 ], [ -16.3367677, 28.5258585 ], [ -16.3368116, 28.5258617 ], [ -16.3369116, 28.5258481 ], [ -16.3370716, 28.525814 ], [ -16.3371074, 28.5258119 ], [ -16.3372596, 28.5258077 ], [ -16.3372944, 28.5258118 ], [ -16.3373221, 28.5258179 ], [ -16.3373723, 28.5258354 ], [ -16.3374021, 28.5258478 ], [ -16.3374258, 28.525862 ], [ -16.3374476, 28.5258907 ], [ -16.3375989, 28.5255715 ], [ -16.3376297, 28.5254187 ], [ -16.3376422, 28.5251108 ], [ -16.3376545, 28.5246305 ], [ -16.337655, 28.5245854 ], [ -16.3377128, 28.5230126 ], [ -16.3375606, 28.5225376 ], [ -16.3371756, 28.5212943 ], [ -16.337063, 28.5212437 ], [ -16.3369026, 28.5211677 ], [ -16.3367289, 28.521081 ], [ -16.3365653, 28.5209986 ], [ -16.3364274, 28.5209197 ], [ -16.3361465, 28.5207672 ], [ -16.3355939, 28.5204567 ], [ -16.3346246, 28.5199293 ], [ -16.3342521, 28.5197235 ], [ -16.3339835, 28.5195718 ], [ -16.3337222, 28.51943 ], [ -16.3335559, 28.5193694 ], [ -16.3333732, 28.5193053 ], [ -16.3332716, 28.5192765 ], [ -16.3329164, 28.519222 ], [ -16.3324371, 28.5191753 ], [ -16.33154, 28.519094 ], [ -16.3317267, 28.5191926 ], [ -16.3316655, 28.5199197 ], [ -16.3306264, 28.5240024 ], [ -16.3300305, 28.5245474 ], [ -16.3295757, 28.5248638 ], [ -16.3297427, 28.5250556 ] ] ] } },
{ "type": "Feature", "properties": { "fid_": 0, "bic_nombre": "BARRIO DE LOS HOTELES - PINO DE ORO", "bic_catego": "CONJUNTO HISTÓRICO", "bic_entorn": 0, "municipio_": "SANTA CRUZ DE TENERIFE", "bic_descri": "Bien de Interés Cultural con categoría de Conjunto Histórico del “Barrio de los Hoteles- Pino de Oro”, en el municipio de Santa Cruz, declarado por Decreto 67/2007, de 2 de abril, del Gobierno de Canarias, publicado en el BOC nº 74 de 13 de abril", "boletin1_n": "BOC nº 74 de 13 de abril de 2007", "boletin1_u": "http://www.gobiernodecanarias.org/boc/2007/074/005.html", "boletin2_n": "BOC nº 40 de 27 de febrero de 2023", "boletin2_u": "https://www.gobiernodecanarias.org/boc/2023/040/003.html" }, "geometry": { "type": "Polygon", "coordinates": [ [ [ -16.255254, 28.475621 ], [ -16.255275, 28.475639 ], [ -16.255335, 28.475593 ], [ -16.255345, 28.47553 ], [ -16.255354, 28.475458 ], [ -16.255363, 28.475295 ], [ -16.255381, 28.475159 ], [ -16.255381, 28.475141 ], [ -16.2554, 28.475024 ], [ -16.255409, 28.474915 ], [ -16.255409, 28.47487 ], [ -16.255419, 28.47487 ], [ -16.255419, 28.474843 ], [ -16.255427, 28.474717 ], [ -16.255436, 28.474626 ], [ -16.255446, 28.474536 ], [ -16.255455, 28.4745 ], [ -16.255455, 28.474446 ], [ -16.255455, 28.474437 ], [ -16.255465, 28.474437 ], [ -16.255464, 28.474391 ], [ -16.255493, 28.474193 ], [ -16.255531, 28.473994 ], [ -16.255549, 28.473804 ], [ -16.255559, 28.473759 ], [ -16.255559, 28.47375 ], [ -16.255558, 28.473714 ], [ -16.255569, 28.473714 ], [ -16.255596, 28.473416 ], [ -16.255605, 28.473361 ], [ -16.255615, 28.473361 ], [ -16.255615, 28.473307 ], [ -16.255624, 28.473253 ], [ -16.255634, 28.473208 ], [ -16.255634, 28.473162 ], [ -16.255633, 28.473144 ], [ -16.255643, 28.473126 ], [ -16.255756, 28.473143 ], [ -16.255776, 28.473143 ], [ -16.255786, 28.473089 ], [ -16.255816, 28.473043 ], [ -16.255857, 28.473016 ], [ -16.255877, 28.472998 ], [ -16.255907, 28.472979 ], [ -16.255927, 28.472961 ], [ -16.255968, 28.472943 ], [ -16.256008, 28.472906 ], [ -16.256029, 28.472897 ], [ -16.256039, 28.472888 ], [ -16.256059, 28.472879 ], [ -16.256059, 28.47287 ], [ -16.256069, 28.47287 ], [ -16.25609, 28.472851 ], [ -16.2561, 28.472842 ], [ -16.25613, 28.472824 ], [ -16.256242, 28.472778 ], [ -16.256485, 28.472604 ], [ -16.256515, 28.472586 ], [ -16.256688, 28.472476 ], [ -16.256719, 28.472494 ], [ -16.256901, 28.472375 ], [ -16.256911, 28.472365 ], [ -16.256931, 28.472356 ], [ -16.257014, 28.472401 ], [ -16.257024, 28.472419 ], [ -16.257065, 28.472445 ], [ -16.257116, 28.472409 ], [ -16.257167, 28.472372 ], [ -16.257227, 28.472335 ], [ -16.257308, 28.472272 ], [ -16.257319, 28.472289 ], [ -16.25742, 28.472216 ], [ -16.25741, 28.472207 ], [ -16.257491, 28.472162 ], [ -16.257512, 28.472179 ], [ -16.257511, 28.47217 ], [ -16.257604, 28.472242 ], [ -16.257584, 28.47226 ], [ -16.257646, 28.472305 ], [ -16.257727, 28.472223 ], [ -16.257767, 28.472177 ], [ -16.257828, 28.472122 ], [ -16.257601, 28.471944 ], [ -16.257753, 28.471843 ], [ -16.257854, 28.471779 ], [ -16.257864, 28.47177 ], [ -16.257996, 28.471679 ], [ -16.258371, 28.471449 ], [ -16.258431, 28.471313 ], [ -16.258471, 28.47125 ], [ -16.258805, 28.47103 ], [ -16.258867, 28.471066 ], [ -16.258918, 28.471092 ], [ -16.259189, 28.470684 ], [ -16.260026, 28.470577 ], [ -16.260811, 28.470479 ], [ -16.260861, 28.470397 ], [ -16.261062, 28.470116 ], [ -16.261021, 28.470089 ], [ -16.260959, 28.470063 ], [ -16.260877, 28.470018 ], [ -16.260764, 28.469956 ], [ -16.260712, 28.46992 ], [ -16.260589, 28.469849 ], [ -16.260548, 28.469832 ], [ -16.260394, 28.469743 ], [ -16.260373, 28.469725 ], [ -16.259972, 28.469512 ], [ -16.259746, 28.469379 ], [ -16.259948, 28.469187 ], [ -16.259058, 28.469087 ], [ -16.259068, 28.469024 ], [ -16.259016, 28.469016 ], [ -16.259006, 28.469016 ], [ -16.258986, 28.469016 ], [ -16.258904, 28.469008 ], [ -16.258802, 28.469 ], [ -16.258791, 28.468991 ], [ -16.258648, 28.468974 ], [ -16.258127, 28.468916 ], [ -16.258106, 28.468916 ], [ -16.258034, 28.468898 ], [ -16.257861, 28.468882 ], [ -16.257789, 28.468873 ], [ -16.257818, 28.468693 ], [ -16.257705, 28.468685 ], [ -16.257572, 28.468659 ], [ -16.257562, 28.468659 ], [ -16.257562, 28.46865 ], [ -16.257459, 28.468642 ], [ -16.257449, 28.468651 ], [ -16.257378, 28.468643 ], [ -16.257327, 28.468634 ], [ -16.257306, 28.468634 ], [ -16.257163, 28.468627 ], [ -16.257182, 28.468491 ], [ -16.257221, 28.468319 ], [ -16.25727, 28.468174 ], [ -16.257035, 28.468149 ], [ -16.257064, 28.468005 ], [ -16.257083, 28.467896 ], [ -16.257102, 28.467752 ], [ -16.25713, 28.467562 ], [ -16.257149, 28.467462 ], [ -16.256873, 28.467429 ], [ -16.256949, 28.46695 ], [ -16.256948, 28.46686 ], [ -16.256611, 28.466827 ], [ -16.256181, 28.466794 ], [ -16.256145, 28.467174 ], [ -16.256117, 28.467373 ], [ -16.255381, 28.467316 ], [ -16.255317, 28.467985 ], [ -16.256013, 28.468069 ], [ -16.255488, 28.46866 ], [ -16.254974, 28.469197 ], [ -16.254726, 28.468983 ], [ -16.254666, 28.469038 ], [ -16.254565, 28.469147 ], [ -16.254524, 28.469147 ], [ -16.254484, 28.469193 ], [ -16.254443, 28.469238 ], [ -16.254433, 28.469238 ], [ -16.254423, 28.469239 ], [ -16.254309, 28.46914 ], [ -16.254188, 28.469259 ], [ -16.254054, 28.469161 ], [ -16.254024, 28.469188 ], [ -16.253903, 28.469325 ], [ -16.253862, 28.469361 ], [ -16.253822, 28.469398 ], [ -16.253489, 28.469735 ], [ -16.253428, 28.469798 ], [ -16.253418, 28.469816 ], [ -16.253348, 28.469871 ], [ -16.253337, 28.46988 ], [ -16.253226, 28.46999 ], [ -16.252984, 28.470236 ], [ -16.252934, 28.47029 ], [ -16.252924, 28.470299 ], [ -16.252924, 28.470308 ], [ -16.252903, 28.470309 ], [ -16.252914, 28.470317 ], [ -16.252893, 28.470327 ], [ -16.252904, 28.470327 ], [ -16.252873, 28.470354 ], [ -16.252863, 28.470354 ], [ -16.252863, 28.470363 ], [ -16.252853, 28.470372 ], [ -16.252843, 28.47039 ], [ -16.252812, 28.4704 ], [ -16.252742, 28.470481 ], [ -16.252732, 28.470491 ], [ -16.252661, 28.470554 ], [ -16.252952, 28.470994 ], [ -16.252792, 28.471221 ], [ -16.252771, 28.471239 ], [ -16.252711, 28.47133 ], [ -16.252691, 28.471321 ], [ -16.25251, 28.471621 ], [ -16.25248, 28.471666 ], [ -16.252459, 28.471648 ], [ -16.252389, 28.471757 ], [ -16.252369, 28.471785 ], [ -16.252483, 28.471892 ], [ -16.252531, 28.472514 ], [ -16.252674, 28.472504 ], [ -16.252674, 28.472531 ], [ -16.252685, 28.472576 ], [ -16.252685, 28.472621 ], [ -16.252686, 28.472657 ], [ -16.252686, 28.472684 ], [ -16.252686, 28.472693 ], [ -16.252727, 28.472684 ], [ -16.252727, 28.472702 ], [ -16.252717, 28.472702 ], [ -16.252728, 28.472756 ], [ -16.252728, 28.472783 ], [ -16.252738, 28.472783 ], [ -16.252749, 28.47281 ], [ -16.252759, 28.47281 ], [ -16.252759, 28.472819 ], [ -16.252749, 28.472828 ], [ -16.252719, 28.472846 ], [ -16.252699, 28.472865 ], [ -16.252699, 28.472874 ], [ -16.25272, 28.472928 ], [ -16.25273, 28.472937 ], [ -16.25274, 28.472954 ], [ -16.252791, 28.472936 ], [ -16.252812, 28.47299 ], [ -16.252823, 28.473008 ], [ -16.252802, 28.473017 ], [ -16.252741, 28.473036 ], [ -16.252721, 28.473045 ], [ -16.252732, 28.473063 ], [ -16.252752, 28.473108 ], [ -16.252774, 28.473162 ], [ -16.252784, 28.473198 ], [ -16.252795, 28.473225 ], [ -16.252815, 28.473225 ], [ -16.252826, 28.473288 ], [ -16.252796, 28.473297 ], [ -16.252796, 28.473324 ], [ -16.252796, 28.473333 ], [ -16.252796, 28.473351 ], [ -16.252827, 28.473351 ], [ -16.252828, 28.473405 ], [ -16.252848, 28.473405 ], [ -16.252879, 28.473404 ], [ -16.252889, 28.473459 ], [ -16.25289, 28.473504 ], [ -16.252891, 28.473558 ], [ -16.252902, 28.473621 ], [ -16.252902, 28.473657 ], [ -16.252973, 28.473656 ], [ -16.252963, 28.473674 ], [ -16.252903, 28.473783 ], [ -16.252985, 28.473792 ], [ -16.253047, 28.473791 ], [ -16.253097, 28.473763 ], [ -16.253118, 28.473745 ], [ -16.253128, 28.473772 ], [ -16.253149, 28.473826 ], [ -16.253181, 28.473898 ], [ -16.253223, 28.473997 ], [ -16.253286, 28.474168 ], [ -16.253215, 28.474205 ], [ -16.253103, 28.47426 ], [ -16.253073, 28.474278 ], [ -16.253032, 28.474297 ], [ -16.252951, 28.474333 ], [ -16.252859, 28.47437 ], [ -16.252809, 28.474398 ], [ -16.252788, 28.474407 ], [ -16.252697, 28.474444 ], [ -16.252626, 28.474472 ], [ -16.252544, 28.4745 ], [ -16.252583, 28.475158 ], [ -16.252521, 28.475168 ], [ -16.252195, 28.47518 ], [ -16.252207, 28.475351 ], [ -16.252208, 28.475414 ], [ -16.252473, 28.475403 ], [ -16.252473, 28.475394 ], [ -16.252534, 28.475393 ], [ -16.252545, 28.475402 ], [ -16.252555, 28.475438 ], [ -16.252637, 28.475428 ], [ -16.252657, 28.475428 ], [ -16.252708, 28.475428 ], [ -16.252719, 28.475428 ], [ -16.252729, 28.475428 ], [ -16.252749, 28.475436 ], [ -16.252821, 28.475463 ], [ -16.252862, 28.475481 ], [ -16.252893, 28.475489 ], [ -16.253036, 28.475524 ], [ -16.253159, 28.475559 ], [ -16.25317, 28.475559 ], [ -16.253231, 28.475576 ], [ -16.253272, 28.475585 ], [ -16.253313, 28.475594 ], [ -16.253354, 28.475602 ], [ -16.253385, 28.475611 ], [ -16.253497, 28.475637 ], [ -16.2536, 28.475663 ], [ -16.25361, 28.475663 ], [ -16.25362, 28.475663 ], [ -16.253661, 28.47569 ], [ -16.253826, 28.475769 ], [ -16.253867, 28.475778 ], [ -16.253887, 28.475787 ], [ -16.253918, 28.475805 ], [ -16.254015, 28.475362 ], [ -16.254025, 28.475334 ], [ -16.254044, 28.475217 ], [ -16.254131, 28.474801 ], [ -16.254316, 28.474926 ], [ -16.254708, 28.475211 ], [ -16.254749, 28.475246 ], [ -16.254821, 28.4753 ], [ -16.254852, 28.475327 ], [ -16.254955, 28.475398 ], [ -16.255048, 28.475469 ], [ -16.255069, 28.475478 ], [ -16.255099, 28.475496 ], [ -16.25512, 28.475505 ], [ -16.255141, 28.475523 ], [ -16.255141, 28.475532 ], [ -16.255172, 28.475558 ], [ -16.255254, 28.475621 ] ] ] } },
{ "type": "Feature", "properties": { "fid_": 0, "bic_nombre": "BARRANCO DE  ACENTEJO", "bic_catego": "SITIO HISTÓRICO", "bic_entorn": 0, "municipio_": "MATANZA DE ACENTEJO (LA)", "bic_descri": "Bien de Interés Cultural con categoría de Sitio Histórico del “Barranco de Acentejo”, en el municipio de La Matanza, declarado por Decreto 54/2007, de 13 de marzo, del Gobierno de Canarias, publicado en el BOC nº 58 de 21 de marzo de 2007.", "boletin1_n": "BOC nº 58 de 21 de marzo de 2007", "boletin1_u": "http://www.gobiernodecanarias.org/boc/2007/058/004.html", "boletin2_n": null, "boletin2_u": null }, "geometry": { "type": "Polygon", "coordinates": [ [ [ -16.4507408, 28.4346896 ], [ -16.4507045, 28.4346954 ], [ -16.4507044, 28.4346874 ], [ -16.4505458, 28.4346127 ], [ -16.4504229, 28.434594 ], [ -16.4503834, 28.4345823 ], [ -16.4503507, 28.4345578 ], [ -16.450157, 28.4343704 ], [ -16.4501446, 28.434363 ], [ -16.4501333, 28.4343681 ], [ -16.4501485, 28.4344028 ], [ -16.4501957, 28.4344568 ], [ -16.4502146, 28.4344905 ], [ -16.4502279, 28.4345277 ], [ -16.4502358, 28.4346047 ], [ -16.4503384, 28.4347341 ], [ -16.4504626, 28.4348664 ], [ -16.4505678, 28.4349321 ], [ -16.4506008, 28.4349699 ], [ -16.4506554, 28.4350203 ], [ -16.4507466, 28.4351052 ], [ -16.4507867, 28.4351461 ], [ -16.4508305, 28.435187 ], [ -16.4509178, 28.4352561 ], [ -16.4509506, 28.4352844 ], [ -16.4509763, 28.4353223 ], [ -16.4509983, 28.4353507 ], [ -16.4510275, 28.4353822 ], [ -16.4510688, 28.4354248 ], [ -16.4511408, 28.4354674 ], [ -16.4512386, 28.4355232 ], [ -16.4513014, 28.4355595 ], [ -16.4513687, 28.4355886 ], [ -16.4514374, 28.4356069 ], [ -16.4515097, 28.4356316 ], [ -16.4515604, 28.4356533 ], [ -16.4516255, 28.4356781 ], [ -16.4516654, 28.4356999 ], [ -16.4517055, 28.4357345 ], [ -16.4517456, 28.4357754 ], [ -16.4517746, 28.435791 ], [ -16.4518183, 28.4358224 ], [ -16.4519051, 28.4358565 ], [ -16.45201, 28.4358935 ], [ -16.4520715, 28.4359152 ], [ -16.4521439, 28.4359462 ], [ -16.4522309, 28.4359866 ], [ -16.4523428, 28.4360109 ], [ -16.4524655, 28.4360319 ], [ -16.4525269, 28.4360503 ], [ -16.4525739, 28.4360657 ], [ -16.4526136, 28.4360748 ], [ -16.4526533, 28.4360808 ], [ -16.4527003, 28.436093 ], [ -16.4527544, 28.436102 ], [ -16.4528195, 28.4361235 ], [ -16.4528851, 28.4361347 ], [ -16.4529241, 28.4361383 ], [ -16.4529748, 28.4361632 ], [ -16.45304, 28.4361912 ], [ -16.4531231, 28.4362126 ], [ -16.453224, 28.436221 ], [ -16.4533286, 28.436239 ], [ -16.4534438, 28.436241 ], [ -16.4534978, 28.4362404 ], [ -16.4535483, 28.4362462 ], [ -16.4536097, 28.4362615 ], [ -16.4536819, 28.4362798 ], [ -16.4537457, 28.4363096 ], [ -16.4538341, 28.4363513 ], [ -16.4539063, 28.4363697 ], [ -16.4539881, 28.4364144 ], [ -16.4540519, 28.4364858 ], [ -16.4540991, 28.4365171 ], [ -16.4541752, 28.4365545 ], [ -16.454244, 28.4365792 ], [ -16.4542984, 28.4366136 ], [ -16.4543527, 28.4366353 ], [ -16.4545446, 28.4367192 ], [ -16.4546165, 28.4367089 ], [ -16.4546779, 28.4367273 ], [ -16.4547137, 28.436711 ], [ -16.4548441, 28.4367733 ], [ -16.4549063, 28.4368458 ], [ -16.455073, 28.4369236 ], [ -16.4551238, 28.4369516 ], [ -16.455196, 28.4369668 ], [ -16.4552787, 28.4369659 ], [ -16.4553976, 28.436971 ], [ -16.4555306, 28.4369568 ], [ -16.4556496, 28.4369715 ], [ -16.4557506, 28.4369895 ], [ -16.45583, 28.4370014 ], [ -16.4558807, 28.4370263 ], [ -16.4559069, 28.4370418 ], [ -16.4559357, 28.4370667 ], [ -16.4560937, 28.4370685 ], [ -16.4561587, 28.4370762 ], [ -16.4561976, 28.4370866 ], [ -16.4562356, 28.4371024 ], [ -16.4563045, 28.4371387 ], [ -16.4563436, 28.437159 ], [ -16.4564083, 28.4371863 ], [ -16.4564895, 28.4372216 ], [ -16.4565162, 28.4372339 ], [ -16.4566257, 28.437276 ], [ -16.4567706, 28.4373477 ], [ -16.4569479, 28.4374126 ], [ -16.4570744, 28.4374526 ], [ -16.4571936, 28.43748 ], [ -16.4572983, 28.4375011 ], [ -16.4573705, 28.4375194 ], [ -16.4574649, 28.4375757 ], [ -16.4575673, 28.4376955 ], [ -16.4576359, 28.4377107 ], [ -16.4576682, 28.437704 ], [ -16.4577006, 28.4377036 ], [ -16.4577295, 28.4377065 ], [ -16.4577584, 28.4377157 ], [ -16.4577983, 28.4377376 ], [ -16.4578455, 28.4377657 ], [ -16.457889, 28.4377875 ], [ -16.4579075, 28.4378287 ], [ -16.4579263, 28.4378826 ], [ -16.4579594, 28.4379395 ], [ -16.4580674, 28.4379383 ], [ -16.4581612, 28.43795 ], [ -16.4582442, 28.4379651 ], [ -16.4583055, 28.437974 ], [ -16.4583559, 28.4379734 ], [ -16.4584246, 28.4380013 ], [ -16.4585473, 28.4380223 ], [ -16.4586089, 28.4380471 ], [ -16.4586523, 28.4380625 ], [ -16.458692, 28.4380748 ], [ -16.4587473, 28.4381665 ], [ -16.4587771, 28.4382425 ], [ -16.4587926, 28.4383187 ], [ -16.4588508, 28.4383898 ], [ -16.4588799, 28.4383984 ], [ -16.4589141, 28.4384036 ], [ -16.4589432, 28.43841 ], [ -16.4589938, 28.4384195 ], [ -16.4590545, 28.4384311 ], [ -16.4591963, 28.4384609 ], [ -16.4592733, 28.4384631 ], [ -16.459339, 28.4384694 ], [ -16.4594223, 28.4384662 ], [ -16.4595196, 28.4384775 ], [ -16.4595688, 28.4384769 ], [ -16.4596635, 28.4384628 ], [ -16.4597054, 28.4384712 ], [ -16.459745, 28.438474 ], [ -16.4597918, 28.4384767 ], [ -16.4598423, 28.4384825 ], [ -16.4599036, 28.4384882 ], [ -16.4599758, 28.4385033 ], [ -16.4600877, 28.4385244 ], [ -16.4601889, 28.4385583 ], [ -16.4602757, 28.438586 ], [ -16.4603653, 28.4385596 ], [ -16.4604264, 28.4385526 ], [ -16.460495, 28.4385646 ], [ -16.4605565, 28.4385894 ], [ -16.4606181, 28.4386141 ], [ -16.4606615, 28.4386328 ], [ -16.460716, 28.4386704 ], [ -16.4607817, 28.4387333 ], [ -16.4608862, 28.4387449 ], [ -16.4609656, 28.4387536 ], [ -16.4610342, 28.4387688 ], [ -16.4611075, 28.4387785 ], [ -16.4611833, 28.4387931 ], [ -16.4613156, 28.4388198 ], [ -16.4614921, 28.4388243 ], [ -16.4616145, 28.438823 ], [ -16.4617042, 28.4388061 ], [ -16.4617688, 28.4387927 ], [ -16.4618044, 28.4387637 ], [ -16.4618179, 28.4386999 ], [ -16.4619113, 28.438683 ], [ -16.462084, 28.4386748 ], [ -16.4622459, 28.4386667 ], [ -16.4623833, 28.4387129 ], [ -16.4624197, 28.4387412 ], [ -16.4624384, 28.4387919 ], [ -16.4624726, 28.4389251 ], [ -16.4624775, 28.4390205 ], [ -16.4624723, 28.4391638 ], [ -16.4625382, 28.4392458 ], [ -16.4627168, 28.4394062 ], [ -16.462822, 28.4394687 ], [ -16.4629236, 28.4395248 ], [ -16.4629663, 28.4395519 ], [ -16.4630668, 28.4395887 ], [ -16.4631412, 28.4396402 ], [ -16.4632358, 28.4397156 ], [ -16.4633013, 28.4397658 ], [ -16.4633522, 28.4398002 ], [ -16.4634247, 28.4398408 ], [ -16.463501, 28.4398941 ], [ -16.4635842, 28.4399186 ], [ -16.4636098, 28.4399502 ], [ -16.4636285, 28.4399977 ], [ -16.4636433, 28.4400326 ], [ -16.4638062, 28.4400976 ], [ -16.4639413, 28.4402147 ], [ -16.4640098, 28.440245 ], [ -16.4640785, 28.4402665 ], [ -16.4641689, 28.440291 ], [ -16.4642374, 28.4402998 ], [ -16.4644061, 28.4402662 ], [ -16.4645152, 28.4403477 ], [ -16.4645698, 28.4403917 ], [ -16.4646575, 28.4404862 ], [ -16.4647157, 28.4405269 ], [ -16.4647848, 28.4405803 ], [ -16.4648644, 28.440608 ], [ -16.4649439, 28.4406326 ], [ -16.4650232, 28.4406382 ], [ -16.4651171, 28.4406594 ], [ -16.4652037, 28.4406744 ], [ -16.4652796, 28.4406958 ], [ -16.4653409, 28.4407079 ], [ -16.4653954, 28.4407423 ], [ -16.4655617, 28.4407946 ], [ -16.465692, 28.4408441 ], [ -16.4657969, 28.440878 ], [ -16.4659014, 28.4408928 ], [ -16.4661535, 28.4408996 ], [ -16.4662215, 28.4408671 ], [ -16.4662788, 28.4408474 ], [ -16.4663507, 28.4408402 ], [ -16.4664152, 28.4408204 ], [ -16.4664763, 28.4408134 ], [ -16.4665196, 28.4408161 ], [ -16.4665592, 28.4408221 ], [ -16.4665989, 28.440828 ], [ -16.4666423, 28.4408254 ], [ -16.4667057, 28.4408374 ], [ -16.4668398, 28.4408603 ], [ -16.4669055, 28.4408692 ], [ -16.4669777, 28.4408844 ], [ -16.467021, 28.4408966 ], [ -16.4670823, 28.4409023 ], [ -16.4671977, 28.4409202 ], [ -16.4672951, 28.4409319 ], [ -16.4673601, 28.4409471 ], [ -16.4674288, 28.4409654 ], [ -16.4674721, 28.4409777 ], [ -16.4675085, 28.4410027 ], [ -16.4675807, 28.4410211 ], [ -16.4676501, 28.4410483 ], [ -16.4677256, 28.4410863 ], [ -16.4677691, 28.4411049 ], [ -16.4678016, 28.4411173 ], [ -16.4678487, 28.4411391 ], [ -16.4679066, 28.4411575 ], [ -16.4680074, 28.4411596 ], [ -16.4680938, 28.4411619 ], [ -16.4682624, 28.4411187 ], [ -16.468342, 28.4411465 ], [ -16.4684328, 28.4412028 ], [ -16.4684656, 28.441231 ], [ -16.4685057, 28.4412688 ], [ -16.468597, 28.4413664 ], [ -16.4686408, 28.4414105 ], [ -16.4686988, 28.4414354 ], [ -16.4687782, 28.4414536 ], [ -16.4690227, 28.441435 ], [ -16.4690696, 28.4414409 ], [ -16.4690854, 28.4414486 ], [ -16.4691206, 28.4414817 ], [ -16.4691183, 28.4415129 ], [ -16.4691405, 28.441572 ], [ -16.469144, 28.441603 ], [ -16.469133, 28.4416961 ], [ -16.4691381, 28.4417338 ], [ -16.4691861, 28.441891 ], [ -16.4691957, 28.4419645 ], [ -16.4692462, 28.4419735 ], [ -16.4693761, 28.4420008 ], [ -16.4695133, 28.4420279 ], [ -16.4695964, 28.4420493 ], [ -16.4697122, 28.4420926 ], [ -16.4699398, 28.4421506 ], [ -16.4699857, 28.4420896 ], [ -16.4700079, 28.4420948 ], [ -16.4700291, 28.4421019 ], [ -16.4700942, 28.4421266 ], [ -16.4701487, 28.4421471 ], [ -16.4701987, 28.4421647 ], [ -16.4702498, 28.4421822 ], [ -16.4702896, 28.4421977 ], [ -16.4703475, 28.4422194 ], [ -16.4703832, 28.4422319 ], [ -16.4704307, 28.4422471 ], [ -16.4704953, 28.4422742 ], [ -16.4705412, 28.4422768 ], [ -16.4706107, 28.4424938 ], [ -16.4706458, 28.4425972 ], [ -16.4706744, 28.4426718 ], [ -16.4707051, 28.4427464 ], [ -16.4707845, 28.4428764 ], [ -16.4708271, 28.442931 ], [ -16.4708798, 28.4429755 ], [ -16.4709451, 28.4430425 ], [ -16.4710102, 28.4431041 ], [ -16.4710969, 28.4431717 ], [ -16.4712269, 28.4432669 ], [ -16.4712927, 28.4433014 ], [ -16.4713807, 28.4433138 ], [ -16.4714918, 28.4432964 ], [ -16.4715999, 28.4432831 ], [ -16.4716488, 28.443292 ], [ -16.4717026, 28.4433198 ], [ -16.4717906, 28.4433888 ], [ -16.4718613, 28.4434353 ], [ -16.4719062, 28.4434847 ], [ -16.471948, 28.4435315 ], [ -16.4719869, 28.4435836 ], [ -16.4720315, 28.4436074 ], [ -16.4720684, 28.4436313 ], [ -16.4721056, 28.4436767 ], [ -16.472174, 28.4437676 ], [ -16.4722055, 28.4438374 ], [ -16.4722307, 28.4438964 ], [ -16.4722405, 28.4439462 ], [ -16.4722592, 28.4439689 ], [ -16.4722995, 28.4440197 ], [ -16.4723981, 28.4440888 ], [ -16.4724904, 28.4441471 ], [ -16.4725534, 28.4441787 ], [ -16.4726196, 28.4442279 ], [ -16.4726355, 28.4442695 ], [ -16.472673, 28.4443365 ], [ -16.4727199, 28.4444169 ], [ -16.4729056, 28.4445222 ], [ -16.4731447, 28.4446829 ], [ -16.4735964, 28.4449332 ], [ -16.473669, 28.4449372 ], [ -16.4737639, 28.4450047 ], [ -16.473842, 28.4450418 ], [ -16.4739303, 28.4450751 ], [ -16.4740544, 28.4451153 ], [ -16.4740975, 28.4451338 ], [ -16.4741716, 28.4451754 ], [ -16.4742608, 28.4451988 ], [ -16.4742833, 28.4452013 ], [ -16.4743188, 28.4451819 ], [ -16.474358, 28.44514 ], [ -16.4743845, 28.4451352 ], [ -16.4744613, 28.4451479 ], [ -16.4745364, 28.4451922 ], [ -16.4746349, 28.4452281 ], [ -16.4746779, 28.4452367 ], [ -16.4747589, 28.4452611 ], [ -16.4748634, 28.4452861 ], [ -16.4748785, 28.4452706 ], [ -16.4748741, 28.4452463 ], [ -16.4748411, 28.4452214 ], [ -16.4747642, 28.4451961 ], [ -16.4747352, 28.4451702 ], [ -16.4747052, 28.445138 ], [ -16.474685, 28.4450805 ], [ -16.474698, 28.4450632 ], [ -16.4748283, 28.4450374 ], [ -16.474866, 28.4450253 ], [ -16.4748811, 28.4450125 ], [ -16.4748857, 28.4449763 ], [ -16.4748718, 28.444935 ], [ -16.4748489, 28.4448991 ], [ -16.4748367, 28.4448334 ], [ -16.4748139, 28.4448029 ], [ -16.4747778, 28.4447771 ], [ -16.4747436, 28.4447468 ], [ -16.4747217, 28.4447092 ], [ -16.4746978, 28.4446778 ], [ -16.4746534, 28.4446449 ], [ -16.4746134, 28.44463 ], [ -16.4745632, 28.444617 ], [ -16.4744861, 28.4445827 ], [ -16.4744031, 28.4445601 ], [ -16.4743599, 28.4445416 ], [ -16.474332, 28.4445193 ], [ -16.4743174, 28.4444906 ], [ -16.4743218, 28.4444463 ], [ -16.4743156, 28.4443634 ], [ -16.4743181, 28.4443246 ], [ -16.4743353, 28.4442386 ], [ -16.4743388, 28.4441953 ], [ -16.4743615, 28.444066 ], [ -16.4743645, 28.4439847 ], [ -16.4744117, 28.4438587 ], [ -16.4744141, 28.4438109 ], [ -16.4744033, 28.4437686 ], [ -16.474367, 28.4436553 ], [ -16.4743604, 28.4436165 ], [ -16.4743507, 28.4435805 ], [ -16.4743297, 28.443542 ], [ -16.4742583, 28.4434705 ], [ -16.4742599, 28.4434425 ], [ -16.4743039, 28.4433762 ], [ -16.4743228, 28.4433381 ], [ -16.4743709, 28.4432689 ], [ -16.4744207, 28.4431845 ], [ -16.4744773, 28.4430638 ], [ -16.474488, 28.4430267 ], [ -16.4744827, 28.4429419 ], [ -16.474506, 28.4428541 ], [ -16.4745259, 28.442816 ], [ -16.4746341, 28.4426659 ], [ -16.4746541, 28.4426341 ], [ -16.4747313, 28.4425349 ], [ -16.4748127, 28.4424402 ], [ -16.4748751, 28.4423745 ], [ -16.4749303, 28.4423035 ], [ -16.4749656, 28.4422725 ], [ -16.4750797, 28.4421828 ], [ -16.475114, 28.4421517 ], [ -16.4751879, 28.4421022 ], [ -16.4752525, 28.4420509 ], [ -16.4753218, 28.4419663 ], [ -16.4753832, 28.4419024 ], [ -16.475475, 28.441822 ], [ -16.4756003, 28.4417286 ], [ -16.4758146, 28.4416423 ], [ -16.475859, 28.4416048 ], [ -16.4759744, 28.4415323 ], [ -16.4760633, 28.4414627 ], [ -16.4762445, 28.4413507 ], [ -16.4763834, 28.441212 ], [ -16.4765545, 28.4410278 ], [ -16.4766028, 28.4409822 ], [ -16.4766302, 28.4409674 ], [ -16.4767012, 28.440936 ], [ -16.4768114, 28.4409257 ], [ -16.4769545, 28.440935 ], [ -16.4770538, 28.4409565 ], [ -16.4771994, 28.4410019 ], [ -16.4773034, 28.4410612 ], [ -16.4775099, 28.4411564 ], [ -16.4776115, 28.4411905 ], [ -16.4776812, 28.4412087 ], [ -16.4777856, 28.4412274 ], [ -16.4779724, 28.4412272 ], [ -16.4780377, 28.4412229 ], [ -16.4782025, 28.4412285 ], [ -16.4781984, 28.4401074 ], [ -16.4781471, 28.4400931 ], [ -16.4781011, 28.4400761 ], [ -16.4780497, 28.44005 ], [ -16.4779418, 28.4399766 ], [ -16.4778894, 28.4399415 ], [ -16.477847, 28.4399129 ], [ -16.4777333, 28.4398521 ], [ -16.4776726, 28.4398278 ], [ -16.4775558, 28.439788 ], [ -16.4774819, 28.4397739 ], [ -16.4773835, 28.4397743 ], [ -16.477329, 28.439756 ], [ -16.477289, 28.4397322 ], [ -16.4772451, 28.4396961 ], [ -16.4771903, 28.4396597 ], [ -16.4771113, 28.4396248 ], [ -16.476948, 28.4395826 ], [ -16.4768425, 28.4395603 ], [ -16.4767773, 28.4395354 ], [ -16.4767333, 28.4394974 ], [ -16.4767031, 28.4394627 ], [ -16.476654, 28.4394457 ], [ -16.4765247, 28.4394181 ], [ -16.4764253, 28.4394056 ], [ -16.4763367, 28.4394005 ], [ -16.4762566, 28.4394034 ], [ -16.4760873, 28.4394107 ], [ -16.4760317, 28.4394173 ], [ -16.4759482, 28.4394367 ], [ -16.475878, 28.4394487 ], [ -16.4758196, 28.4394412 ], [ -16.4757638, 28.4394264 ], [ -16.4756942, 28.4393994 ], [ -16.4756415, 28.4393816 ], [ -16.4754957, 28.4393066 ], [ -16.4754693, 28.4392454 ], [ -16.4754397, 28.4392012 ], [ -16.4753384, 28.439089 ], [ -16.475294, 28.4390361 ], [ -16.4752598, 28.4389798 ], [ -16.4752351, 28.439047 ], [ -16.4752024, 28.4391317 ], [ -16.4751215, 28.4392007 ], [ -16.4750598, 28.4392652 ], [ -16.4749643, 28.4393173 ], [ -16.4749023, 28.4393605 ], [ -16.4747878, 28.4394426 ], [ -16.4746589, 28.4395206 ], [ -16.4746069, 28.4395893 ], [ -16.4745647, 28.4396706 ], [ -16.4745562, 28.4397516 ], [ -16.4745718, 28.4398323 ], [ -16.4745489, 28.4399176 ], [ -16.4745018, 28.4399948 ], [ -16.474481, 28.4402333 ], [ -16.4744779, 28.4403525 ], [ -16.4744417, 28.4405232 ], [ -16.4744432, 28.4406295 ], [ -16.4744586, 28.4406975 ], [ -16.474469, 28.4407569 ], [ -16.4744178, 28.4408809 ], [ -16.474347, 28.4409838 ], [ -16.4742472, 28.4410785 ], [ -16.4740801, 28.4411825 ], [ -16.473966, 28.4412901 ], [ -16.4737989, 28.4412217 ], [ -16.4736758, 28.4411954 ], [ -16.47354, 28.4411245 ], [ -16.4734163, 28.4410556 ], [ -16.4733087, 28.4409419 ], [ -16.473223, 28.4408364 ], [ -16.4731209, 28.440763 ], [ -16.4729342, 28.4406714 ], [ -16.4728158, 28.4406198 ], [ -16.4727885, 28.4406363 ], [ -16.4726887, 28.4406564 ], [ -16.4724796, 28.4406704 ], [ -16.472313, 28.4406631 ], [ -16.4721376, 28.4406037 ], [ -16.4719205, 28.4404869 ], [ -16.4717531, 28.4404156 ], [ -16.4716156, 28.4403656 ], [ -16.4715899, 28.4403506 ], [ -16.4715408, 28.4403484 ], [ -16.4714888, 28.4403517 ], [ -16.471398, 28.4403535 ], [ -16.4711965, 28.4403304 ], [ -16.4711565, 28.4403146 ], [ -16.4711012, 28.4403035 ], [ -16.4710785, 28.4402911 ], [ -16.4709049, 28.4403652 ], [ -16.4708473, 28.4404046 ], [ -16.4707895, 28.4405821 ], [ -16.4707805, 28.4405958 ], [ -16.4707639, 28.4406483 ], [ -16.4707594, 28.4406917 ], [ -16.4707458, 28.4407405 ], [ -16.4706868, 28.4409109 ], [ -16.4706803, 28.4409551 ], [ -16.4706845, 28.4410336 ], [ -16.4706974, 28.4410804 ], [ -16.4707152, 28.441119 ], [ -16.4707871, 28.4412166 ], [ -16.4708039, 28.4412498 ], [ -16.4708233, 28.441329 ], [ -16.4708097, 28.4414501 ], [ -16.4707959, 28.4414864 ], [ -16.470756, 28.4415554 ], [ -16.4707201, 28.4416145 ], [ -16.4707035, 28.4416751 ], [ -16.4706993, 28.4417356 ], [ -16.4707406, 28.4418444 ], [ -16.4707557, 28.4418993 ], [ -16.4707564, 28.4419525 ], [ -16.4707633, 28.4420247 ], [ -16.4707495, 28.442068 ], [ -16.4707315, 28.4421022 ], [ -16.4706917, 28.4421113 ], [ -16.4704642, 28.4419892 ], [ -16.4702712, 28.441929 ], [ -16.4700922, 28.4419023 ], [ -16.469883, 28.4418471 ], [ -16.4696385, 28.4417827 ], [ -16.4695431, 28.4417359 ], [ -16.4694905, 28.4416528 ], [ -16.46946, 28.4415957 ], [ -16.469427, 28.4415595 ], [ -16.4693802, 28.4415062 ], [ -16.4693293, 28.4414481 ], [ -16.4692064, 28.4413264 ], [ -16.4691744, 28.4413051 ], [ -16.4690882, 28.4412354 ], [ -16.4690189, 28.4412122 ], [ -16.4689499, 28.4412202 ], [ -16.468823, 28.4412407 ], [ -16.4687971, 28.4412278 ], [ -16.4687352, 28.4411519 ], [ -16.4686872, 28.441107 ], [ -16.4686053, 28.4410582 ], [ -16.4684568, 28.4409526 ], [ -16.4683754, 28.4408771 ], [ -16.4683173, 28.4408375 ], [ -16.4682656, 28.440826 ], [ -16.4682019, 28.4408267 ], [ -16.4680406, 28.4408364 ], [ -16.4679919, 28.4408393 ], [ -16.4679622, 28.4408118 ], [ -16.4679421, 28.4407826 ], [ -16.4679228, 28.4407396 ], [ -16.4678585, 28.440553 ], [ -16.4678262, 28.4405158 ], [ -16.4677314, 28.4405024 ], [ -16.4676462, 28.4405069 ], [ -16.4675612, 28.4405234 ], [ -16.4675166, 28.440531 ], [ -16.467376, 28.4405409 ], [ -16.4673205, 28.4405391 ], [ -16.4673016, 28.4405393 ], [ -16.4671491, 28.4405566 ], [ -16.4670308, 28.4405525 ], [ -16.4669665, 28.440509 ], [ -16.4669144, 28.4404654 ], [ -16.466857, 28.440397 ], [ -16.4668027, 28.4403796 ], [ -16.4667508, 28.4403479 ], [ -16.4666323, 28.4402433 ], [ -16.4665907, 28.4401901 ], [ -16.466572, 28.4401568 ], [ -16.4665483, 28.440082 ], [ -16.4664762, 28.4401351 ], [ -16.466472, 28.4401566 ], [ -16.4664701, 28.4402086 ], [ -16.4664788, 28.4402515 ], [ -16.4664928, 28.4402849 ], [ -16.4665232, 28.44033 ], [ -16.4665288, 28.44037 ], [ -16.466524, 28.4403862 ], [ -16.4665038, 28.4403948 ], [ -16.4664294, 28.4403968 ], [ -16.4663943, 28.4404056 ], [ -16.4663839, 28.4404332 ], [ -16.4663625, 28.4404562 ], [ -16.4662797, 28.440507 ], [ -16.4661998, 28.440536 ], [ -16.4660365, 28.4405726 ], [ -16.4659461, 28.4405862 ], [ -16.4658286, 28.4406031 ], [ -16.4656972, 28.4405961 ], [ -16.4656274, 28.4405347 ], [ -16.4655908, 28.4404322 ], [ -16.4655602, 28.4403787 ], [ -16.4655206, 28.4403468 ], [ -16.4654631, 28.4403008 ], [ -16.4654018, 28.4402751 ], [ -16.4653187, 28.4402329 ], [ -16.4652888, 28.4402213 ], [ -16.4652602, 28.4402084 ], [ -16.4651637, 28.4401855 ], [ -16.4650962, 28.4401923 ], [ -16.4650448, 28.4401988 ], [ -16.464951, 28.4401675 ], [ -16.4649141, 28.4401404 ], [ -16.4649, 28.4400999 ], [ -16.4648256, 28.440005 ], [ -16.4647641, 28.4399602 ], [ -16.4646917, 28.4399107 ], [ -16.4646031, 28.4398686 ], [ -16.4645392, 28.4398454 ], [ -16.4644712, 28.4398222 ], [ -16.4643548, 28.439821 ], [ -16.4642924, 28.4398073 ], [ -16.464212, 28.4397675 ], [ -16.464139, 28.4396786 ], [ -16.4640896, 28.4396265 ], [ -16.4640678, 28.4396131 ], [ -16.4639854, 28.4395617 ], [ -16.463892, 28.4395239 ], [ -16.4638069, 28.4395031 ], [ -16.4637642, 28.4394888 ], [ -16.4637138, 28.4394666 ], [ -16.4636635, 28.4394469 ], [ -16.4636051, 28.4394295 ], [ -16.4634898, 28.4393147 ], [ -16.4634311, 28.439203 ], [ -16.4633922, 28.4392021 ], [ -16.4633149, 28.4391375 ], [ -16.4632009, 28.4390762 ], [ -16.4630946, 28.4390211 ], [ -16.4630251, 28.4389848 ], [ -16.462946, 28.4389402 ], [ -16.4628546, 28.4388885 ], [ -16.4627319, 28.4388205 ], [ -16.4626513, 28.4387687 ], [ -16.4625954, 28.4387394 ], [ -16.46252, 28.438666 ], [ -16.4624229, 28.4385941 ], [ -16.4623588, 28.4385577 ], [ -16.4622934, 28.4385309 ], [ -16.4619508, 28.438513 ], [ -16.4618545, 28.4384949 ], [ -16.4617675, 28.4384684 ], [ -16.4616942, 28.4384548 ], [ -16.4615696, 28.4384454 ], [ -16.4614297, 28.4384122 ], [ -16.4613157, 28.4383847 ], [ -16.461279, 28.4383731 ], [ -16.461129, 28.4382958 ], [ -16.4610351, 28.4382597 ], [ -16.460903, 28.4381929 ], [ -16.4607453, 28.4381444 ], [ -16.4606188, 28.4380955 ], [ -16.4604295, 28.4381083 ], [ -16.4602533, 28.4380898 ], [ -16.4601652, 28.4380788 ], [ -16.4601068, 28.4380663 ], [ -16.4600386, 28.4380264 ], [ -16.4598989, 28.4380063 ], [ -16.4597742, 28.4379945 ], [ -16.4596417, 28.4380019 ], [ -16.4595892, 28.4380192 ], [ -16.4594919, 28.4380358 ], [ -16.4593566, 28.4380361 ], [ -16.4593092, 28.4380354 ], [ -16.4592565, 28.4380407 ], [ -16.4592241, 28.4380459 ], [ -16.4591781, 28.438044 ], [ -16.4591293, 28.4380409 ], [ -16.4590683, 28.4380368 ], [ -16.4590046, 28.4380243 ], [ -16.4589074, 28.4379452 ], [ -16.458824, 28.4378851 ], [ -16.4587397, 28.4378561 ], [ -16.458654, 28.4378235 ], [ -16.4586309, 28.4378142 ], [ -16.4585844, 28.4377848 ], [ -16.4585557, 28.4377635 ], [ -16.4585298, 28.4377471 ], [ -16.4584818, 28.4376997 ], [ -16.4584612, 28.437682 ], [ -16.4583887, 28.4376218 ], [ -16.4583084, 28.4375903 ], [ -16.4582482, 28.4375407 ], [ -16.4582181, 28.4375195 ], [ -16.4581964, 28.437515 ], [ -16.4580808, 28.4374755 ], [ -16.4580059, 28.4374393 ], [ -16.4578912, 28.4373627 ], [ -16.4578145, 28.4373013 ], [ -16.4577257, 28.4372389 ], [ -16.4576726, 28.4372143 ], [ -16.4575406, 28.4371595 ], [ -16.45747, 28.4371495 ], [ -16.4573645, 28.4371542 ], [ -16.4572157, 28.4371534 ], [ -16.4571204, 28.4371265 ], [ -16.4570682, 28.4370593 ], [ -16.4570134, 28.4370097 ], [ -16.45696, 28.4369684 ], [ -16.4568646, 28.4368876 ], [ -16.4568369, 28.4368588 ], [ -16.456824, 28.4368156 ], [ -16.4568194, 28.4367773 ], [ -16.4568027, 28.4367443 ], [ -16.4567616, 28.4367107 ], [ -16.4567162, 28.436679 ], [ -16.456673, 28.4366473 ], [ -16.4566363, 28.436625 ], [ -16.4565933, 28.4366065 ], [ -16.4565373, 28.4365844 ], [ -16.4564771, 28.4365624 ], [ -16.456405, 28.4365407 ], [ -16.4563417, 28.4365185 ], [ -16.456309, 28.4365104 ], [ -16.456264, 28.4364968 ], [ -16.4561293, 28.4364772 ], [ -16.4560651, 28.4364798 ], [ -16.4559753, 28.4364789 ], [ -16.4558981, 28.4364683 ], [ -16.4558316, 28.4364596 ], [ -16.4557823, 28.4364507 ], [ -16.4557394, 28.4364436 ], [ -16.4556687, 28.4364349 ], [ -16.455568, 28.4364246 ], [ -16.455388, 28.4364006 ], [ -16.4552014, 28.4363645 ], [ -16.455103, 28.4363209 ], [ -16.4550489, 28.4362861 ], [ -16.4550158, 28.4362565 ], [ -16.4549362, 28.4361953 ], [ -16.4548774, 28.4361558 ], [ -16.4547462, 28.4361005 ], [ -16.454639, 28.4360903 ], [ -16.4545639, 28.4360703 ], [ -16.4544522, 28.4360374 ], [ -16.4543833, 28.4360079 ], [ -16.4543441, 28.4359554 ], [ -16.4543154, 28.4358971 ], [ -16.4542333, 28.4358393 ], [ -16.4541945, 28.4358189 ], [ -16.4541087, 28.4357971 ], [ -16.453997, 28.4357662 ], [ -16.453937, 28.435763 ], [ -16.4538945, 28.4357629 ], [ -16.4538257, 28.4357623 ], [ -16.4536951, 28.4357562 ], [ -16.4536177, 28.4357559 ], [ -16.4535235, 28.435738 ], [ -16.4535112, 28.4357354 ], [ -16.45346, 28.4357251 ], [ -16.4534467, 28.4357189 ], [ -16.4531822, 28.4356432 ], [ -16.4531444, 28.4356382 ], [ -16.4530738, 28.4356299 ], [ -16.4530492, 28.4356266 ], [ -16.452994, 28.43562 ], [ -16.4529214, 28.4356108 ], [ -16.4528614, 28.4356126 ], [ -16.4528178, 28.4355995 ], [ -16.452747, 28.4355828 ], [ -16.4525117, 28.4355872 ], [ -16.452441, 28.4355785 ], [ -16.4523894, 28.4355639 ], [ -16.4522927, 28.4355309 ], [ -16.4522518, 28.4355124 ], [ -16.4521764, 28.4354754 ], [ -16.4521137, 28.4354326 ], [ -16.4520473, 28.4354205 ], [ -16.4520056, 28.4354276 ], [ -16.4519671, 28.4354271 ], [ -16.4519294, 28.4354095 ], [ -16.4518797, 28.4353741 ], [ -16.4518137, 28.4353181 ], [ -16.4517903, 28.4352301 ], [ -16.4517682, 28.4352003 ], [ -16.4517443, 28.4351878 ], [ -16.4517047, 28.4351679 ], [ -16.451671, 28.435143 ], [ -16.4516406, 28.4351353 ], [ -16.4515893, 28.4351519 ], [ -16.4515465, 28.4351791 ], [ -16.4514965, 28.435199 ], [ -16.4514367, 28.4352129 ], [ -16.4513769, 28.4352211 ], [ -16.4513343, 28.4352215 ], [ -16.4512939, 28.4352138 ], [ -16.4512772, 28.4351978 ], [ -16.4512651, 28.4351773 ], [ -16.4512432, 28.4351416 ], [ -16.4512222, 28.4350917 ], [ -16.4512045, 28.4350503 ], [ -16.4512311, 28.4350368 ], [ -16.4512554, 28.4350186 ], [ -16.4512601, 28.4350001 ], [ -16.4512398, 28.4349659 ], [ -16.4511974, 28.4349309 ], [ -16.4511649, 28.4349244 ], [ -16.4511643, 28.434927 ], [ -16.451126, 28.4349259 ], [ -16.4510864, 28.4349323 ], [ -16.4510639, 28.4349383 ], [ -16.4510195, 28.4349143 ], [ -16.4509796, 28.4348746 ], [ -16.4509487, 28.434832 ], [ -16.4509326, 28.4347599 ], [ -16.4508687, 28.4347418 ], [ -16.4508045, 28.4346997 ], [ -16.4507408, 28.4346896 ] ] ] } },
{ "type": "Feature", "properties": { "fid_": 0, "bic_nombre": "CAMINO DE CANDELARIA", "bic_catego": "SITIO HISTÓRICO", "bic_entorn": 0, "municipio_": "CANDELARIA", "bic_descri": "Bien de Interés Cultural con categoría de Sitio Histórico del “Camino de Candelaria”, en los municipios de El Rosario y Candelaria, declarado por Decreto 227/2008, de 25 de noviembre, del Gobierno de Canarias, publicado en el BOC nº 245 de 9 de d", "boletin1_n": "BOC nº 245 de 9 de diciembre de 2008", "boletin1_u": "http://www.gobiernodecanarias.org/boc/2008/245/008.html", "boletin2_n": null, "boletin2_u": null }, "geometry": { "type": "MultiPolygon", "coordinates": [ [ [ [ -16.3628902, 28.3949631 ], [ -16.3629677, 28.3949774 ], [ -16.3632559, 28.3950591 ], [ -16.3632953, 28.3950668 ], [ -16.3633203, 28.3950712 ], [ -16.3633582, 28.3950674 ], [ -16.3634, 28.3950542 ], [ -16.3634234, 28.3950401 ], [ -16.3634493, 28.3950131 ], [ -16.3634686, 28.3949828 ], [ -16.3634774, 28.3949549 ], [ -16.3634861, 28.3949212 ], [ -16.3635136, 28.3948108 ], [ -16.3635289, 28.3947793 ], [ -16.3635468, 28.3947432 ], [ -16.3635669, 28.3947117 ], [ -16.3635866, 28.3946878 ], [ -16.3636439, 28.3946495 ], [ -16.3639476, 28.3944771 ], [ -16.3639831, 28.3944619 ], [ -16.364023, 28.3944438 ], [ -16.3640852, 28.3944215 ], [ -16.3641442, 28.39441 ], [ -16.3641821, 28.3944054 ], [ -16.3642109, 28.3944004 ], [ -16.364604, 28.3942887 ], [ -16.3647215, 28.3942439 ], [ -16.3647992, 28.3942116 ], [ -16.3651984, 28.3940242 ], [ -16.3652244, 28.3940078 ], [ -16.365253, 28.3939878 ], [ -16.3652659, 28.3939702 ], [ -16.3652879, 28.393948 ], [ -16.3653126, 28.3939362 ], [ -16.3653467, 28.393937 ], [ -16.3653731, 28.393946 ], [ -16.3653916, 28.3939643 ], [ -16.3654089, 28.3939804 ], [ -16.3654353, 28.3939987 ], [ -16.365463, 28.39401 ], [ -16.3655116, 28.3940188 ], [ -16.365547, 28.3940196 ], [ -16.3656073, 28.3940167 ], [ -16.3656309, 28.3940164 ], [ -16.3656702, 28.3940126 ], [ -16.3656949, 28.3939984 ], [ -16.3657431, 28.3939794 ], [ -16.3657769, 28.3939582 ], [ -16.365799, 28.3939371 ], [ -16.3659305, 28.3937642 ], [ -16.3659656, 28.3937476 ], [ -16.3660744, 28.3937489 ], [ -16.3661177, 28.3937461 ], [ -16.366266, 28.3937608 ], [ -16.3663185, 28.3937661 ], [ -16.3663617, 28.3937622 ], [ -16.3664047, 28.3937421 ], [ -16.3664333, 28.3937232 ], [ -16.3665265, 28.3936342 ], [ -16.366551, 28.393598 ], [ -16.3665623, 28.393562 ], [ -16.3665579, 28.3935214 ], [ -16.366547, 28.3934914 ], [ -16.3665561, 28.393489 ], [ -16.3665757, 28.3934795 ], [ -16.3666029, 28.3934561 ], [ -16.3666261, 28.393428 ], [ -16.3666349, 28.3933978 ], [ -16.3666423, 28.3933641 ], [ -16.3666353, 28.3933294 ], [ -16.3666244, 28.3932913 ], [ -16.3666142, 28.393216 ], [ -16.3666479, 28.3931832 ], [ -16.3667706, 28.3931449 ], [ -16.366928, 28.393148 ], [ -16.3669777, 28.3931405 ], [ -16.3670259, 28.3931215 ], [ -16.3670596, 28.3930922 ], [ -16.3670814, 28.3930525 ], [ -16.3670929, 28.3930269 ], [ -16.367087, 28.3929771 ], [ -16.3670672, 28.3928637 ], [ -16.3670616, 28.3928383 ], [ -16.3670521, 28.392814 ], [ -16.3670768, 28.3927976 ], [ -16.3671134, 28.3927891 ], [ -16.3671499, 28.3927748 ], [ -16.3671668, 28.3927619 ], [ -16.3672525, 28.3926984 ], [ -16.3673519, 28.39268 ], [ -16.367378, 28.392674 ], [ -16.3675154, 28.3926541 ], [ -16.3675572, 28.3926432 ], [ -16.3675859, 28.3926302 ], [ -16.3676237, 28.3926112 ], [ -16.3676495, 28.3925785 ], [ -16.3678097, 28.3923972 ], [ -16.3678461, 28.3923737 ], [ -16.3678994, 28.3923407 ], [ -16.3679269, 28.3923346 ], [ -16.3680028, 28.3923292 ], [ -16.3681828, 28.3923576 ], [ -16.3682259, 28.3923513 ], [ -16.3684431, 28.3923213 ], [ -16.3684759, 28.3923164 ], [ -16.3685046, 28.392308 ], [ -16.3686937, 28.3922365 ], [ -16.3687199, 28.3922316 ], [ -16.3687537, 28.3922116 ], [ -16.3688045, 28.3921918 ], [ -16.3688876, 28.392191 ], [ -16.3690776, 28.3921874 ], [ -16.3692845, 28.3922098 ], [ -16.3697752, 28.3923452 ], [ -16.3698215, 28.3923643 ], [ -16.3698477, 28.3923934 ], [ -16.3698667, 28.392434 ], [ -16.3698861, 28.3925056 ], [ -16.3699757, 28.3926467 ], [ -16.3702676, 28.3928334 ], [ -16.3703148, 28.3928364 ], [ -16.3703362, 28.392824 ], [ -16.3703536, 28.3928012 ], [ -16.3703532, 28.3927682 ], [ -16.3703527, 28.3927282 ], [ -16.3703661, 28.3927055 ], [ -16.3703856, 28.3926932 ], [ -16.3704033, 28.3926912 ], [ -16.3704466, 28.3926978 ], [ -16.3704959, 28.3927112 ], [ -16.3705335, 28.3927316 ], [ -16.3707037, 28.3927438 ], [ -16.3707307, 28.3927614 ], [ -16.3707689, 28.3927937 ], [ -16.3708227, 28.3928144 ], [ -16.3708633, 28.3928172 ], [ -16.3709067, 28.3928135 ], [ -16.3709126, 28.3928412 ], [ -16.3709283, 28.3928811 ], [ -16.3709454, 28.3929047 ], [ -16.3709658, 28.3929224 ], [ -16.3709777, 28.3929341 ], [ -16.3709946, 28.3929429 ], [ -16.3710318, 28.3929603 ], [ -16.3710504, 28.3929765 ], [ -16.3710707, 28.3929837 ], [ -16.3710943, 28.3929924 ], [ -16.3711263, 28.3929935 ], [ -16.3711598, 28.3929932 ], [ -16.3711917, 28.3929884 ], [ -16.3712337, 28.392991 ], [ -16.3712706, 28.3929861 ], [ -16.3712957, 28.3929785 ], [ -16.3713275, 28.3929677 ], [ -16.3713558, 28.3929467 ], [ -16.3714056, 28.3929031 ], [ -16.3715767, 28.3926236 ], [ -16.371887, 28.391805 ], [ -16.3718967, 28.3917766 ], [ -16.3719214, 28.3917378 ], [ -16.3719613, 28.3917077 ], [ -16.3719897, 28.391691 ], [ -16.3722126, 28.3915861 ], [ -16.3724434, 28.3915039 ], [ -16.3726855, 28.3913798 ], [ -16.3729114, 28.3912658 ], [ -16.3729433, 28.3912596 ], [ -16.3731771, 28.3912546 ], [ -16.3732056, 28.3912513 ], [ -16.3734521, 28.3912177 ], [ -16.3735568, 28.3911943 ], [ -16.3735827, 28.3911874 ], [ -16.3736211, 28.3911699 ], [ -16.3737048, 28.3911423 ], [ -16.3737249, 28.3911406 ], [ -16.3737518, 28.3911419 ], [ -16.3738293, 28.3911604 ], [ -16.3738681, 28.3911689 ], [ -16.3739033, 28.39117 ], [ -16.3739402, 28.3911637 ], [ -16.3739703, 28.3911515 ], [ -16.3739962, 28.3911409 ], [ -16.3740396, 28.3911174 ], [ -16.3740795, 28.3910903 ], [ -16.3741061, 28.3910655 ], [ -16.3741268, 28.39104 ], [ -16.37414, 28.3910213 ], [ -16.3741522, 28.3909945 ], [ -16.3741986, 28.390818 ], [ -16.3741992, 28.3907927 ], [ -16.3741839, 28.3905181 ], [ -16.3741802, 28.3904936 ], [ -16.3741685, 28.3904373 ], [ -16.3741572, 28.3904077 ], [ -16.3741495, 28.3903907 ], [ -16.3739881, 28.3901227 ], [ -16.3736005, 28.3896966 ], [ -16.3735851, 28.389673 ], [ -16.3734929, 28.389561 ], [ -16.3734841, 28.3895284 ], [ -16.3734839, 28.3895106 ], [ -16.3735021, 28.3894896 ], [ -16.3737405, 28.3893491 ], [ -16.3737587, 28.3893325 ], [ -16.3737803, 28.389313 ], [ -16.3739657, 28.3890995 ], [ -16.3741105, 28.3888678 ], [ -16.3741782, 28.3887735 ], [ -16.3742075, 28.3887056 ], [ -16.3742114, 28.3886789 ], [ -16.3742105, 28.3886135 ], [ -16.374206, 28.3885913 ], [ -16.3741964, 28.3885639 ], [ -16.3741827, 28.388541 ], [ -16.3741639, 28.388513 ], [ -16.3741188, 28.3884681 ], [ -16.3738457, 28.3882614 ], [ -16.3738372, 28.3882548 ], [ -16.3738019, 28.3881883 ], [ -16.3737977, 28.3881215 ], [ -16.3738422, 28.3879941 ], [ -16.3738538, 28.3879784 ], [ -16.3739695, 28.3878353 ], [ -16.3741848, 28.3876277 ], [ -16.3741981, 28.3876128 ], [ -16.374303, 28.3874795 ], [ -16.374312, 28.3874616 ], [ -16.3743587, 28.387372 ], [ -16.3743644, 28.3873549 ], [ -16.3743691, 28.3873325 ], [ -16.3743713, 28.3873013 ], [ -16.3743687, 28.3871706 ], [ -16.3743545, 28.3871054 ], [ -16.3743497, 28.3870602 ], [ -16.374352, 28.3870423 ], [ -16.3743526, 28.3870252 ], [ -16.3743608, 28.3870125 ], [ -16.374375, 28.3870012 ], [ -16.3744807, 28.3869326 ], [ -16.3747575, 28.3867724 ], [ -16.3749966, 28.3866288 ], [ -16.3750109, 28.386625 ], [ -16.3750227, 28.3866315 ], [ -16.3750634, 28.3867307 ], [ -16.3750789, 28.3867602 ], [ -16.3750994, 28.3867823 ], [ -16.3751104, 28.3867933 ], [ -16.375303, 28.3869414 ], [ -16.3754283, 28.3870181 ], [ -16.3755478, 28.387103 ], [ -16.3757517, 28.3872243 ], [ -16.3759155, 28.3872909 ], [ -16.3761625, 28.3873649 ], [ -16.3761937, 28.3873758 ], [ -16.376246, 28.3873871 ], [ -16.3762898, 28.3873978 ], [ -16.3763629, 28.3874045 ], [ -16.376488, 28.387404 ], [ -16.3768018, 28.387377 ], [ -16.376842, 28.3873722 ], [ -16.3772281, 28.3872902 ], [ -16.377346, 28.3872535 ], [ -16.3774529, 28.3872063 ], [ -16.3775013, 28.3871843 ], [ -16.3775338, 28.3871654 ], [ -16.377553, 28.3871511 ], [ -16.3778507, 28.3869268 ], [ -16.3778847, 28.3868938 ], [ -16.3779008, 28.3868749 ], [ -16.3779312, 28.3868308 ], [ -16.3779624, 28.3867685 ], [ -16.3779714, 28.3867465 ], [ -16.3779793, 28.3867254 ], [ -16.3779841, 28.386698 ], [ -16.3779927, 28.3864731 ], [ -16.3779847, 28.3863751 ], [ -16.3779704, 28.3862483 ], [ -16.3779634, 28.3862131 ], [ -16.377883, 28.3859714 ], [ -16.37788, 28.3859021 ], [ -16.3778755, 28.3858739 ], [ -16.3778576, 28.3858422 ], [ -16.3778356, 28.385816 ], [ -16.3777775, 28.3857629 ], [ -16.3779218, 28.3852954 ], [ -16.3780154, 28.3850083 ], [ -16.3778665, 28.3848679 ], [ -16.3777735, 28.384773 ], [ -16.3776768, 28.3846937 ], [ -16.3776464, 28.3846785 ], [ -16.377614, 28.3846667 ], [ -16.3775778, 28.3846611 ], [ -16.3775437, 28.3846588 ], [ -16.3775096, 28.3846635 ], [ -16.3774755, 28.3846681 ], [ -16.3769998, 28.3843162 ], [ -16.3768743, 28.3842266 ], [ -16.3768319, 28.384279 ], [ -16.3769387, 28.3843697 ], [ -16.37664, 28.384762 ], [ -16.3765459, 28.3847012 ], [ -16.3764854, 28.3846558 ], [ -16.3764368, 28.3846215 ], [ -16.3763805, 28.3846012 ], [ -16.3763441, 28.3845921 ], [ -16.3763163, 28.3845758 ], [ -16.3762946, 28.3845674 ], [ -16.3762618, 28.3845355 ], [ -16.3762007, 28.3845231 ], [ -16.3761949, 28.3845267 ], [ -16.3761725, 28.384546 ], [ -16.3761614, 28.3845965 ], [ -16.3761581, 28.3846495 ], [ -16.3761423, 28.384714 ], [ -16.3761521, 28.3847904 ], [ -16.3761592, 28.3848103 ], [ -16.3761645, 28.3849145 ], [ -16.3761614, 28.3849403 ], [ -16.3761157, 28.3850158 ], [ -16.3760899, 28.3850734 ], [ -16.3760695, 28.3850892 ], [ -16.3760913, 28.385334 ], [ -16.3761232, 28.3853641 ], [ -16.3761607, 28.3854549 ], [ -16.3762263, 28.3855168 ], [ -16.3763007, 28.3856499 ], [ -16.3765285, 28.3857892 ], [ -16.3766468, 28.385821 ], [ -16.3768228, 28.3859044 ], [ -16.3769058, 28.3859452 ], [ -16.3769888, 28.3859783 ], [ -16.377099, 28.3859972 ], [ -16.3771668, 28.385993 ], [ -16.3772138, 28.3859821 ], [ -16.3772792, 28.3859519 ], [ -16.3774133, 28.3858367 ], [ -16.3774407, 28.3858251 ], [ -16.3774678, 28.3858361 ], [ -16.3774898, 28.3858632 ], [ -16.3775169, 28.3858867 ], [ -16.3775461, 28.3859137 ], [ -16.3775582, 28.3859499 ], [ -16.3775775, 28.3860338 ], [ -16.3775882, 28.3860592 ], [ -16.3776148, 28.3861264 ], [ -16.3776596, 28.386241 ], [ -16.3776608, 28.3862648 ], [ -16.377662, 28.3862945 ], [ -16.3776852, 28.3866217 ], [ -16.3776772, 28.3866464 ], [ -16.3776723, 28.3866647 ], [ -16.3776471, 28.3867051 ], [ -16.3776319, 28.3867308 ], [ -16.3776208, 28.3867455 ], [ -16.3775689, 28.3867839 ], [ -16.3775063, 28.3868273 ], [ -16.3773463, 28.3869512 ], [ -16.3773306, 28.3869655 ], [ -16.3772444, 28.3869938 ], [ -16.3772219, 28.3870052 ], [ -16.3768116, 28.3870999 ], [ -16.3767714, 28.387104 ], [ -16.3764401, 28.3871393 ], [ -16.3763569, 28.3871365 ], [ -16.3763182, 28.3871257 ], [ -16.3762751, 28.3871105 ], [ -16.3762305, 28.3870991 ], [ -16.376174, 28.3870819 ], [ -16.3760373, 28.3870313 ], [ -16.3758887, 28.3869726 ], [ -16.3757297, 28.3868806 ], [ -16.3756009, 28.3867921 ], [ -16.3755052, 28.3867306 ], [ -16.3753271, 28.3865973 ], [ -16.3752245, 28.3864474 ], [ -16.3752079, 28.3864076 ], [ -16.375184, 28.3863759 ], [ -16.3751602, 28.3863569 ], [ -16.3751324, 28.3863445 ], [ -16.3751045, 28.3863359 ], [ -16.3750659, 28.3863326 ], [ -16.3750097, 28.3863398 ], [ -16.3749235, 28.3863615 ], [ -16.374579, 28.3865447 ], [ -16.3743089, 28.3867019 ], [ -16.374155, 28.3868096 ], [ -16.3741358, 28.3868224 ], [ -16.3741209, 28.3868397 ], [ -16.3740665, 28.3869204 ], [ -16.3740543, 28.3869488 ], [ -16.3740503, 28.3869614 ], [ -16.3740403, 28.3870358 ], [ -16.3740424, 28.3870655 ], [ -16.3740615, 28.3871774 ], [ -16.3740661, 28.3872799 ], [ -16.3740292, 28.3873464 ], [ -16.3739456, 28.3874423 ], [ -16.3737139, 28.3876775 ], [ -16.3735734, 28.3878572 ], [ -16.3735611, 28.3878766 ], [ -16.3734917, 28.3881016 ], [ -16.3734988, 28.388262 ], [ -16.373511, 28.3882901 ], [ -16.3735255, 28.38831 ], [ -16.3736094, 28.3884354 ], [ -16.3736205, 28.3884501 ], [ -16.3736358, 28.3884626 ], [ -16.3738595, 28.3886163 ], [ -16.3738697, 28.3886273 ], [ -16.3738808, 28.3886413 ], [ -16.373892, 28.388662 ], [ -16.3738888, 28.3886769 ], [ -16.3738557, 28.3887159 ], [ -16.3738384, 28.3887391 ], [ -16.3737159, 28.3889416 ], [ -16.373706, 28.388955 ], [ -16.3735462, 28.3891312 ], [ -16.3735387, 28.3891394 ], [ -16.373282, 28.3892935 ], [ -16.3732621, 28.3893093 ], [ -16.3732323, 28.3893431 ], [ -16.373187, 28.3894193 ], [ -16.3731765, 28.3894491 ], [ -16.3731678, 28.3894885 ], [ -16.3731685, 28.389542 ], [ -16.3731791, 28.3895835 ], [ -16.3731933, 28.3896428 ], [ -16.373214, 28.3896827 ], [ -16.3732345, 28.3897092 ], [ -16.3733319, 28.3898374 ], [ -16.3733506, 28.3898595 ], [ -16.3737391, 28.3902842 ], [ -16.3738411, 28.3904465 ], [ -16.3738652, 28.3904916 ], [ -16.3738732, 28.3905227 ], [ -16.3738759, 28.3905383 ], [ -16.3738786, 28.3905546 ], [ -16.3738831, 28.3905761 ], [ -16.3738926, 28.3907891 ], [ -16.3738752, 28.3908784 ], [ -16.3738595, 28.3908979 ], [ -16.373847, 28.390904 ], [ -16.3738211, 28.3909106 ], [ -16.3737628, 28.3908235 ], [ -16.3736739, 28.3906703 ], [ -16.3735311, 28.3906324 ], [ -16.3734122, 28.3906342 ], [ -16.3732396, 28.3906973 ], [ -16.3730617, 28.39077 ], [ -16.3730063, 28.3907758 ], [ -16.3729576, 28.3907148 ], [ -16.3728131, 28.39057 ], [ -16.3727611, 28.3904856 ], [ -16.3727042, 28.3904064 ], [ -16.3726916, 28.3904039 ], [ -16.3726738, 28.3903933 ], [ -16.3726611, 28.3903845 ], [ -16.3726535, 28.3903757 ], [ -16.3726377, 28.3903602 ], [ -16.3726269, 28.3903339 ], [ -16.3726104, 28.3902966 ], [ -16.372589, 28.3902627 ], [ -16.3725639, 28.390234 ], [ -16.3725033, 28.3901831 ], [ -16.3724334, 28.3901458 ], [ -16.3723186, 28.3901043 ], [ -16.3723132, 28.3901032 ], [ -16.372277, 28.3900958 ], [ -16.3722324, 28.3900958 ], [ -16.3722144, 28.3900986 ], [ -16.3721553, 28.3901052 ], [ -16.3721125, 28.3901052 ], [ -16.37207, 28.390099 ], [ -16.3720287, 28.3900876 ], [ -16.3719792, 28.3900627 ], [ -16.3719525, 28.3900463 ], [ -16.3719307, 28.3900305 ], [ -16.3719127, 28.3900148 ], [ -16.3718962, 28.3899993 ], [ -16.3718433, 28.3899438 ], [ -16.3717996, 28.3898737 ], [ -16.3717585, 28.3897801 ], [ -16.3717472, 28.3897614 ], [ -16.3717383, 28.3897436 ], [ -16.3717183, 28.389723 ], [ -16.3717127, 28.3897167 ], [ -16.3716115, 28.3896509 ], [ -16.3715069, 28.3896018 ], [ -16.3714318, 28.389555 ], [ -16.3713989, 28.3895297 ], [ -16.3713681, 28.3895022 ], [ -16.3713432, 28.3894801 ], [ -16.3713105, 28.3894604 ], [ -16.37127, 28.3894505 ], [ -16.3712285, 28.3894524 ], [ -16.3711557, 28.3894765 ], [ -16.3710737, 28.3894948 ], [ -16.3710686, 28.3894948 ], [ -16.3710304, 28.3894922 ], [ -16.3709495, 28.3894719 ], [ -16.3708989, 28.3894774 ], [ -16.3708634, 28.3894921 ], [ -16.3708353, 28.3895102 ], [ -16.3707962, 28.38957 ], [ -16.3707866, 28.3896054 ], [ -16.3707864, 28.3896213 ], [ -16.3707859, 28.3896819 ], [ -16.3707928, 28.3897308 ], [ -16.3707996, 28.3897642 ], [ -16.3708555, 28.3900055 ], [ -16.3708649, 28.3900413 ], [ -16.3709094, 28.3901437 ], [ -16.3709129, 28.390248 ], [ -16.3709091, 28.3903168 ], [ -16.3709039, 28.390372 ], [ -16.3709082, 28.3905798 ], [ -16.3709153, 28.3906955 ], [ -16.3709118, 28.3907289 ], [ -16.3708998, 28.3907688 ], [ -16.370893, 28.3907793 ], [ -16.3708571, 28.3908413 ], [ -16.370844, 28.390867 ], [ -16.37084, 28.3908804 ], [ -16.3708205, 28.3909389 ], [ -16.3708134, 28.3909735 ], [ -16.3708138, 28.3910032 ], [ -16.370812, 28.3910233 ], [ -16.370814, 28.3910508 ], [ -16.370823, 28.3910938 ], [ -16.3708455, 28.3911492 ], [ -16.3708704, 28.3912567 ], [ -16.3708724, 28.3912804 ], [ -16.3708711, 28.3913072 ], [ -16.3708707, 28.3913421 ], [ -16.3708556, 28.3914113 ], [ -16.3708361, 28.391462 ], [ -16.3708256, 28.3914926 ], [ -16.3708085, 28.391538 ], [ -16.3708008, 28.3915871 ], [ -16.3707946, 28.3916332 ], [ -16.3708, 28.3916577 ], [ -16.3708077, 28.391671 ], [ -16.3708256, 28.3916923 ], [ -16.3708765, 28.3917305 ], [ -16.3709667, 28.3918202 ], [ -16.3709922, 28.3918437 ], [ -16.3710903, 28.3918991 ], [ -16.3711708, 28.3920157 ], [ -16.3711721, 28.3921152 ], [ -16.371164, 28.3921435 ], [ -16.3711297, 28.3922166 ], [ -16.3710984, 28.3923922 ], [ -16.3710918, 28.3924012 ], [ -16.37108, 28.3924043 ], [ -16.3710443, 28.392372 ], [ -16.3710071, 28.3923486 ], [ -16.3709916, 28.3923175 ], [ -16.3709576, 28.3922911 ], [ -16.3709441, 28.3922824 ], [ -16.3706377, 28.392229 ], [ -16.3702742, 28.392158 ], [ -16.3702445, 28.3921433 ], [ -16.3702078, 28.3921378 ], [ -16.3701645, 28.3921394 ], [ -16.3701345, 28.392149 ], [ -16.3700068, 28.3921406 ], [ -16.3699476, 28.3921248 ], [ -16.3693993, 28.3919525 ], [ -16.3693289, 28.3919353 ], [ -16.3691165, 28.3919162 ], [ -16.3689061, 28.3919118 ], [ -16.3688618, 28.3919122 ], [ -16.3688287, 28.3919158 ], [ -16.3687863, 28.3919244 ], [ -16.3687496, 28.3919362 ], [ -16.3685922, 28.3919825 ], [ -16.3683847, 28.3920576 ], [ -16.3683468, 28.3920696 ], [ -16.3682212, 28.3920848 ], [ -16.3681949, 28.3920816 ], [ -16.3680124, 28.3920556 ], [ -16.3679731, 28.392056 ], [ -16.367867, 28.3920617 ], [ -16.3678395, 28.3920677 ], [ -16.3677834, 28.3920869 ], [ -16.3676974, 28.3921294 ], [ -16.3676702, 28.3921541 ], [ -16.3676288, 28.3921927 ], [ -16.3675383, 28.3922956 ], [ -16.3674555, 28.3923788 ], [ -16.3674307, 28.3923871 ], [ -16.367415, 28.3923908 ], [ -16.3672999, 28.3924035 ], [ -16.3672384, 28.3924169 ], [ -16.367117, 28.3924529 ], [ -16.3669869, 28.3925353 ], [ -16.3668892, 28.3925827 ], [ -16.3667665, 28.3926175 ], [ -16.3667391, 28.3926329 ], [ -16.3667145, 28.3926563 ], [ -16.3666875, 28.3926983 ], [ -16.3666804, 28.3927517 ], [ -16.366686, 28.3927818 ], [ -16.3667075, 28.392821 ], [ -16.3667327, 28.3928439 ], [ -16.3667433, 28.3928565 ], [ -16.3667422, 28.3928739 ], [ -16.3667056, 28.3928813 ], [ -16.3666744, 28.3929024 ], [ -16.3666485, 28.3929236 ], [ -16.3665507, 28.3929628 ], [ -16.3665114, 28.3929655 ], [ -16.3664708, 28.3929682 ], [ -16.3664356, 28.3929837 ], [ -16.3663863, 28.3930247 ], [ -16.3663502, 28.3930703 ], [ -16.3663336, 28.3931018 ], [ -16.3663276, 28.3931447 ], [ -16.3663138, 28.393299 ], [ -16.3663077, 28.3933362 ], [ -16.3662793, 28.3934674 ], [ -16.3662314, 28.3935178 ], [ -16.3662104, 28.3935157 ], [ -16.3661893, 28.3935089 ], [ -16.3661616, 28.3934906 ], [ -16.3661326, 28.3934805 ], [ -16.3660893, 28.3934728 ], [ -16.3660578, 28.393472 ], [ -16.3658799, 28.3935004 ], [ -16.3658367, 28.3935032 ], [ -16.3657949, 28.3935175 ], [ -16.3657728, 28.3935293 ], [ -16.365752, 28.3935492 ], [ -16.3657379, 28.3935726 ], [ -16.3656011, 28.3937385 ], [ -16.3655803, 28.3937492 ], [ -16.3655488, 28.3937483 ], [ -16.3655236, 28.3937289 ], [ -16.3654958, 28.3937013 ], [ -16.3654614, 28.393682 ], [ -16.3654207, 28.3936719 ], [ -16.3653799, 28.3936608 ], [ -16.3653379, 28.3936565 ], [ -16.3652855, 28.3936594 ], [ -16.3651993, 28.3936846 ], [ -16.3650523, 28.3937765 ], [ -16.3650276, 28.3937895 ], [ -16.3649443, 28.3938332 ], [ -16.3646677, 28.3939639 ], [ -16.3645196, 28.394023 ], [ -16.3644857, 28.3940372 ], [ -16.3644591, 28.3940493 ], [ -16.3641851, 28.394126 ], [ -16.3641616, 28.394132 ], [ -16.3641184, 28.3941371 ], [ -16.3640226, 28.3941528 ], [ -16.363967, 28.3941603 ], [ -16.3639014, 28.3941797 ], [ -16.3638493, 28.3942068 ], [ -16.3638127, 28.3942259 ], [ -16.3634095, 28.3944629 ], [ -16.3633913, 28.3944735 ], [ -16.3633534, 28.3945057 ], [ -16.3633259, 28.3945326 ], [ -16.3632995, 28.3945625 ], [ -16.363283, 28.3945844 ], [ -16.36327, 28.3946101 ], [ -16.3632613, 28.394629 ], [ -16.3632532, 28.3946465 ], [ -16.3632419, 28.3946814 ], [ -16.3632397, 28.3947139 ], [ -16.3632468, 28.3947578 ], [ -16.3632553, 28.3948064 ], [ -16.363241, 28.394817 ], [ -16.3632001, 28.3947954 ], [ -16.3631115, 28.3947395 ], [ -16.363043, 28.3947089 ], [ -16.3629761, 28.3947084 ], [ -16.3629237, 28.3947077 ], [ -16.3628582, 28.3947119 ], [ -16.3628123, 28.3947123 ], [ -16.3627755, 28.3947081 ], [ -16.3627516, 28.394684 ], [ -16.362716, 28.3946635 ], [ -16.3626739, 28.3946523 ], [ -16.3626294, 28.394655 ], [ -16.3626545, 28.3947881 ], [ -16.3627735, 28.3948721 ], [ -16.3628902, 28.3949631 ] ] ], [ [ [ -16.3472679, 28.4257908 ], [ -16.3472789, 28.4257674 ], [ -16.3472962, 28.4257514 ], [ -16.3473305, 28.4257307 ], [ -16.3473972, 28.425691 ], [ -16.3474583, 28.4256582 ], [ -16.3475212, 28.4256202 ], [ -16.3475954, 28.4255685 ], [ -16.3476667, 28.4255116 ], [ -16.3476904, 28.4254912 ], [ -16.3477565, 28.4254094 ], [ -16.3478245, 28.4253116 ], [ -16.3478845, 28.4252007 ], [ -16.3479575, 28.4250523 ], [ -16.3480209, 28.4249006 ], [ -16.3480326, 28.4248833 ], [ -16.3480474, 28.4248681 ], [ -16.3481276, 28.4247967 ], [ -16.3482182, 28.4247493 ], [ -16.3482468, 28.4247337 ], [ -16.3483464, 28.424687 ], [ -16.3484388, 28.4246548 ], [ -16.3485181, 28.4246243 ], [ -16.3485565, 28.4246065 ], [ -16.3485948, 28.4245792 ], [ -16.3486238, 28.4245251 ], [ -16.3486312, 28.4244751 ], [ -16.3486217, 28.4244293 ], [ -16.3485944, 28.4243924 ], [ -16.3485715, 28.4243652 ], [ -16.3485408, 28.4243379 ], [ -16.348505, 28.4243085 ], [ -16.348467, 28.424282 ], [ -16.3484289, 28.4242606 ], [ -16.3483544, 28.4242192 ], [ -16.3483131, 28.4242021 ], [ -16.3482619, 28.4241794 ], [ -16.3482321, 28.4241623 ], [ -16.3482122, 28.4241458 ], [ -16.3481989, 28.4241306 ], [ -16.3481863, 28.4241133 ], [ -16.348172, 28.4240888 ], [ -16.3481518, 28.4240183 ], [ -16.3481453, 28.4239572 ], [ -16.3481389, 28.4239098 ], [ -16.34813, 28.4238815 ], [ -16.3481222, 28.4238547 ], [ -16.3481138, 28.4238351 ], [ -16.3481037, 28.4238193 ], [ -16.3480904, 28.4238034 ], [ -16.3480771, 28.4237905 ], [ -16.3480506, 28.423774 ], [ -16.3480083, 28.4237566 ], [ -16.3479718, 28.4237519 ], [ -16.3479303, 28.4237491 ], [ -16.3478448, 28.4237327 ], [ -16.3477502, 28.4236929 ], [ -16.3476766, 28.423641 ], [ -16.3476135, 28.4235823 ], [ -16.3475868, 28.4235462 ], [ -16.3475382, 28.4234811 ], [ -16.3474893, 28.4234086 ], [ -16.3474286, 28.4233175 ], [ -16.3473817, 28.423249 ], [ -16.3473457, 28.4231985 ], [ -16.3471065, 28.4228964 ], [ -16.3470877, 28.4228728 ], [ -16.346952, 28.4226789 ], [ -16.3469346, 28.4226498 ], [ -16.3469118, 28.4226058 ], [ -16.3468965, 28.4225638 ], [ -16.3468934, 28.4225101 ], [ -16.3468999, 28.4224083 ], [ -16.3469026, 28.422364 ], [ -16.3469036, 28.4223433 ], [ -16.3469063, 28.4223284 ], [ -16.346911, 28.4223178 ], [ -16.3470226, 28.4220728 ], [ -16.347032, 28.4220499 ], [ -16.347043, 28.4220233 ], [ -16.3470491, 28.4219976 ], [ -16.3470911, 28.4218037 ], [ -16.3471061, 28.4217735 ], [ -16.3471788, 28.4216471 ], [ -16.3471897, 28.4216213 ], [ -16.3472006, 28.4215848 ], [ -16.3472759, 28.4213492 ], [ -16.3472899, 28.421304 ], [ -16.3473433, 28.4211214 ], [ -16.3474022, 28.4209909 ], [ -16.3474514, 28.4208519 ], [ -16.3474576, 28.4208311 ], [ -16.3474621, 28.4208111 ], [ -16.3474643, 28.4207925 ], [ -16.3474781, 28.4206067 ], [ -16.347472, 28.4205668 ], [ -16.3474546, 28.4205194 ], [ -16.3474363, 28.4204948 ], [ -16.3471774, 28.4201296 ], [ -16.3471677, 28.420116 ], [ -16.3471636, 28.4201037 ], [ -16.3470695, 28.419776 ], [ -16.3470701, 28.4197381 ], [ -16.3470746, 28.4197053 ], [ -16.3471398, 28.4195634 ], [ -16.3471622, 28.4195208 ], [ -16.3471778, 28.4194871 ], [ -16.3471832, 28.4194446 ], [ -16.3471693, 28.4188159 ], [ -16.347167, 28.4187912 ], [ -16.3471606, 28.4187595 ], [ -16.3470055, 28.4183512 ], [ -16.3469993, 28.4183336 ], [ -16.346991, 28.4183072 ], [ -16.3468128, 28.4178851 ], [ -16.3467994, 28.4178525 ], [ -16.3466018, 28.4176302 ], [ -16.3465865, 28.417602 ], [ -16.3465773, 28.4175845 ], [ -16.3465471, 28.4174903 ], [ -16.3465447, 28.4174611 ], [ -16.3465379, 28.4173923 ], [ -16.3466815, 28.4168981 ], [ -16.3466941, 28.4168706 ], [ -16.3467479, 28.4167782 ], [ -16.3467595, 28.4167498 ], [ -16.3467643, 28.4167304 ], [ -16.346768, 28.4167082 ], [ -16.3467797, 28.4166057 ], [ -16.3467813, 28.4165809 ], [ -16.346778, 28.4165554 ], [ -16.3467727, 28.4165316 ], [ -16.3467375, 28.4164321 ], [ -16.3467284, 28.4163448 ], [ -16.3467881, 28.4162426 ], [ -16.3467977, 28.4162116 ], [ -16.3468236, 28.4160515 ], [ -16.346833, 28.4156875 ], [ -16.3468376, 28.4156575 ], [ -16.3468397, 28.415585 ], [ -16.3468474, 28.4155646 ], [ -16.346875, 28.4155361 ], [ -16.3469195, 28.4155003 ], [ -16.3470216, 28.4154375 ], [ -16.3470711, 28.4153999 ], [ -16.3471689, 28.4153133 ], [ -16.3471974, 28.4152741 ], [ -16.347211, 28.4152475 ], [ -16.3472207, 28.4152236 ], [ -16.3472274, 28.4152014 ], [ -16.34723, 28.4151731 ], [ -16.3472267, 28.4151458 ], [ -16.3472149, 28.4150832 ], [ -16.3472076, 28.4150577 ], [ -16.3471454, 28.4149576 ], [ -16.347123, 28.4149243 ], [ -16.3469332, 28.4147681 ], [ -16.346922, 28.4147514 ], [ -16.3469147, 28.414725 ], [ -16.3469202, 28.4146878 ], [ -16.34693, 28.4146701 ], [ -16.3469555, 28.4146345 ], [ -16.3470258, 28.4145084 ], [ -16.3470415, 28.4144808 ], [ -16.3470463, 28.414472 ], [ -16.34706, 28.4144462 ], [ -16.3471527, 28.4143508 ], [ -16.3471823, 28.4143178 ], [ -16.3471969, 28.4142929 ], [ -16.3472077, 28.4142752 ], [ -16.347264, 28.4141448 ], [ -16.3472756, 28.4141138 ], [ -16.3473349, 28.41391 ], [ -16.3473506, 28.4138825 ], [ -16.3473945, 28.4138008 ], [ -16.3474416, 28.4137332 ], [ -16.3474582, 28.4137057 ], [ -16.3474843, 28.4136357 ], [ -16.347488, 28.4136144 ], [ -16.3475046, 28.4135039 ], [ -16.3475142, 28.4134773 ], [ -16.3475376, 28.4134285 ], [ -16.3475728, 28.4133672 ], [ -16.3476353, 28.4132579 ], [ -16.3476501, 28.4132437 ], [ -16.3476902, 28.4131753 ], [ -16.3476961, 28.4131637 ], [ -16.3477009, 28.4131487 ], [ -16.3477016, 28.4131266 ], [ -16.3477013, 28.4131001 ], [ -16.3476905, 28.4130401 ], [ -16.3476852, 28.4130172 ], [ -16.3476529, 28.4129072 ], [ -16.3476463, 28.4128657 ], [ -16.3476528, 28.4128233 ], [ -16.3476583, 28.4127852 ], [ -16.347664, 28.4127569 ], [ -16.347686, 28.4126852 ], [ -16.3476929, 28.4126745 ], [ -16.3477488, 28.412598 ], [ -16.3477626, 28.4125802 ], [ -16.3477762, 28.4125527 ], [ -16.3478609, 28.4122948 ], [ -16.3478792, 28.4122452 ], [ -16.3478776, 28.4121984 ], [ -16.3478751, 28.4121534 ], [ -16.3478725, 28.4121084 ], [ -16.3480804, 28.4118846 ], [ -16.3483095, 28.4116739 ], [ -16.3483282, 28.4116525 ], [ -16.348337, 28.4116392 ], [ -16.3483681, 28.4115709 ], [ -16.3483989, 28.4114734 ], [ -16.3484156, 28.4114539 ], [ -16.3485428, 28.4113219 ], [ -16.3485735, 28.4112977 ], [ -16.3488566, 28.4110971 ], [ -16.3488765, 28.4110898 ], [ -16.3489294, 28.4110893 ], [ -16.3489624, 28.4110908 ], [ -16.3489953, 28.4110834 ], [ -16.3490281, 28.411076 ], [ -16.34906, 28.4110633 ], [ -16.3490936, 28.4110382 ], [ -16.3491202, 28.4110115 ], [ -16.3492572, 28.4108609 ], [ -16.3493638, 28.4106867 ], [ -16.3494151, 28.4106306 ], [ -16.3495131, 28.4105642 ], [ -16.3495539, 28.410547 ], [ -16.3495816, 28.4105318 ], [ -16.3496174, 28.4105155 ], [ -16.3496481, 28.4104993 ], [ -16.3497687, 28.4103965 ], [ -16.3498441, 28.4103534 ], [ -16.3499087, 28.4103263 ], [ -16.3499484, 28.4103056 ], [ -16.349977, 28.4102814 ], [ -16.3499977, 28.4102565 ], [ -16.3500173, 28.4102298 ], [ -16.3500387, 28.4101846 ], [ -16.3500452, 28.4101439 ], [ -16.3500449, 28.4101244 ], [ -16.3500386, 28.4100954 ], [ -16.3500055, 28.4099261 ], [ -16.34995, 28.409803 ], [ -16.3499097, 28.4096974 ], [ -16.3498929, 28.409634 ], [ -16.3498376, 28.4095259 ], [ -16.3498222, 28.4094943 ], [ -16.3497448, 28.4093025 ], [ -16.3497456, 28.4092831 ], [ -16.3497627, 28.4092167 ], [ -16.3498117, 28.4091376 ], [ -16.3498261, 28.4090933 ], [ -16.3498601, 28.4090197 ], [ -16.3498846, 28.4089806 ], [ -16.3499189, 28.4089299 ], [ -16.3499743, 28.4088878 ], [ -16.3500358, 28.4088501 ], [ -16.3500999, 28.4088208 ], [ -16.3501359, 28.4088098 ], [ -16.35016, 28.4088021 ], [ -16.3501939, 28.4087956 ], [ -16.3502594, 28.4087926 ], [ -16.3503369, 28.4087998 ], [ -16.3504033, 28.4088045 ], [ -16.3505453, 28.4088209 ], [ -16.3506329, 28.4088315 ], [ -16.3506932, 28.4088345 ], [ -16.3507375, 28.4088332 ], [ -16.3507765, 28.4088186 ], [ -16.3508074, 28.4088023 ], [ -16.3508313, 28.408778 ], [ -16.350858, 28.4087493 ], [ -16.3508939, 28.4087223 ], [ -16.350945, 28.4087129 ], [ -16.351072, 28.4087312 ], [ -16.3511223, 28.4087414 ], [ -16.3511807, 28.4087479 ], [ -16.3512532, 28.4087561 ], [ -16.3513095, 28.4087502 ], [ -16.3513636, 28.4087372 ], [ -16.3514916, 28.4086844 ], [ -16.3516375, 28.4086189 ], [ -16.3518435, 28.4085262 ], [ -16.3519395, 28.4084879 ], [ -16.3519834, 28.4084608 ], [ -16.3520909, 28.408378 ], [ -16.3521821, 28.4082722 ], [ -16.3522433, 28.4081862 ], [ -16.3522791, 28.4081556 ], [ -16.352311, 28.4081358 ], [ -16.352334, 28.4081249 ], [ -16.3523571, 28.4081246 ], [ -16.3523843, 28.4081253 ], [ -16.3524105, 28.4081339 ], [ -16.3525167, 28.4081782 ], [ -16.352606, 28.4082431 ], [ -16.3526507, 28.4082799 ], [ -16.3526883, 28.4083134 ], [ -16.3527278, 28.4083361 ], [ -16.3527751, 28.4083427 ], [ -16.3528042, 28.4083398 ], [ -16.3528384, 28.4083368 ], [ -16.3528614, 28.408325 ], [ -16.3528873, 28.4083123 ], [ -16.3529252, 28.4082852 ], [ -16.352966, 28.4082519 ], [ -16.3530711, 28.4081371 ], [ -16.353113, 28.4081082 ], [ -16.3531409, 28.4080875 ], [ -16.3532087, 28.4080486 ], [ -16.3533347, 28.4079958 ], [ -16.353479, 28.4079535 ], [ -16.3536112, 28.4079202 ], [ -16.3539297, 28.4078192 ], [ -16.3539516, 28.4078083 ], [ -16.3539735, 28.4077903 ], [ -16.3540013, 28.4077599 ], [ -16.354017, 28.4077295 ], [ -16.3541416, 28.4074118 ], [ -16.3541471, 28.4073691 ], [ -16.3541445, 28.4073246 ], [ -16.3541184, 28.4071631 ], [ -16.354118, 28.4070556 ], [ -16.3541225, 28.4070173 ], [ -16.354169, 28.4068728 ], [ -16.3541903, 28.4068122 ], [ -16.3542227, 28.4066679 ], [ -16.3542335, 28.4066535 ], [ -16.3542445, 28.4066427 ], [ -16.3543353, 28.4065894 ], [ -16.3543812, 28.4065658 ], [ -16.3546879, 28.4064143 ], [ -16.3548737, 28.40632 ], [ -16.3549175, 28.4062876 ], [ -16.3549374, 28.4062714 ], [ -16.3549523, 28.4062526 ], [ -16.3549659, 28.4062317 ], [ -16.3549791, 28.4062077 ], [ -16.3549839, 28.4061897 ], [ -16.3549886, 28.4061628 ], [ -16.3549849, 28.4061359 ], [ -16.3549779, 28.4061136 ], [ -16.3549708, 28.4060897 ], [ -16.3549412, 28.4059526 ], [ -16.3549367, 28.4059317 ], [ -16.3549356, 28.4059123 ], [ -16.3549431, 28.4059003 ], [ -16.3549717, 28.405891 ], [ -16.3550069, 28.4058743 ], [ -16.3550573, 28.4058469 ], [ -16.3550858, 28.4058324 ], [ -16.3551092, 28.405815 ], [ -16.3551443, 28.4057847 ], [ -16.355171, 28.4057591 ], [ -16.3551893, 28.4057335 ], [ -16.3551991, 28.4057065 ], [ -16.3552068, 28.4056482 ], [ -16.3552379, 28.4055687 ], [ -16.3552761, 28.405519 ], [ -16.3553347, 28.4054751 ], [ -16.3554961, 28.4054122 ], [ -16.3559312, 28.4052167 ], [ -16.3559647, 28.4051954 ], [ -16.3560016, 28.4051712 ], [ -16.3560275, 28.40515 ], [ -16.3561375, 28.4050324 ], [ -16.3562012, 28.4049869 ], [ -16.3562279, 28.4049635 ], [ -16.3562512, 28.4049379 ], [ -16.3563775, 28.40477 ], [ -16.3564611, 28.4047005 ], [ -16.3564946, 28.4046777 ], [ -16.3565197, 28.4046551 ], [ -16.3566665, 28.4045102 ], [ -16.3566983, 28.4044852 ], [ -16.3567217, 28.4044678 ], [ -16.3567518, 28.4044459 ], [ -16.3571314, 28.4041351 ], [ -16.3571556, 28.4041072 ], [ -16.3572396, 28.4040055 ], [ -16.3572561, 28.4039785 ], [ -16.3572701, 28.403947 ], [ -16.3572807, 28.403914 ], [ -16.35732, 28.403818 ], [ -16.3573365, 28.4037879 ], [ -16.3573529, 28.4037504 ], [ -16.3573643, 28.4037189 ], [ -16.3573809, 28.4036941 ], [ -16.3574127, 28.4036662 ], [ -16.3574529, 28.4036449 ], [ -16.3574865, 28.4036266 ], [ -16.3575148, 28.4035964 ], [ -16.3575347, 28.4035619 ], [ -16.357564, 28.4034779 ], [ -16.3575686, 28.403439 ], [ -16.3575778, 28.4033642 ], [ -16.3575773, 28.4033269 ], [ -16.357519, 28.4033294 ], [ -16.3574277, 28.4033259 ], [ -16.3573734, 28.403307 ], [ -16.3573325, 28.4032745 ], [ -16.3572973, 28.4032341 ], [ -16.3572757, 28.4032627 ], [ -16.3572643, 28.4032912 ], [ -16.3572547, 28.4033376 ], [ -16.3572522, 28.4034048 ], [ -16.3572223, 28.403447 ], [ -16.3571721, 28.4034796 ], [ -16.3571503, 28.403497 ], [ -16.3571295, 28.4035218 ], [ -16.3570897, 28.4035783 ], [ -16.3570625, 28.4036316 ], [ -16.3570487, 28.403678 ], [ -16.3570201, 28.4037508 ], [ -16.3569847, 28.4038273 ], [ -16.3568934, 28.403953 ], [ -16.3567102, 28.404093 ], [ -16.3565179, 28.404254 ], [ -16.3562891, 28.4044624 ], [ -16.3562657, 28.4044828 ], [ -16.3561551, 28.4045512 ], [ -16.3560783, 28.4046236 ], [ -16.3560099, 28.4047625 ], [ -16.3559941, 28.4047813 ], [ -16.3557894, 28.4049567 ], [ -16.3557634, 28.4049719 ], [ -16.3553276, 28.4051809 ], [ -16.3551829, 28.4052271 ], [ -16.3551308, 28.4052545 ], [ -16.3549924, 28.4053934 ], [ -16.3549606, 28.4054206 ], [ -16.3549423, 28.4054402 ], [ -16.3549291, 28.4054672 ], [ -16.3549227, 28.4054986 ], [ -16.3549181, 28.405536 ], [ -16.3549136, 28.4055809 ], [ -16.3548736, 28.4056201 ], [ -16.3548333, 28.4056399 ], [ -16.3547963, 28.4056508 ], [ -16.3547558, 28.4056571 ], [ -16.354712, 28.405668 ], [ -16.3546902, 28.4056802 ], [ -16.3546667, 28.4056969 ], [ -16.3546469, 28.4057284 ], [ -16.3546304, 28.4057585 ], [ -16.3546275, 28.4057989 ], [ -16.3546291, 28.4058608 ], [ -16.3546359, 28.4059258 ], [ -16.3546379, 28.4059511 ], [ -16.3546485, 28.4059854 ], [ -16.354672, 28.4060464 ], [ -16.3546902, 28.4060821 ], [ -16.3546837, 28.4060971 ], [ -16.3546669, 28.4061107 ], [ -16.3541732, 28.4063403 ], [ -16.3541483, 28.4063521 ], [ -16.3541243, 28.4063666 ], [ -16.353993, 28.4064746 ], [ -16.3539782, 28.4064943 ], [ -16.3539654, 28.4065175 ], [ -16.3538878, 28.4067405 ], [ -16.3538725, 28.4067993 ], [ -16.3538281, 28.4069473 ], [ -16.3538185, 28.4069821 ], [ -16.3538108, 28.4070097 ], [ -16.353808, 28.4070302 ], [ -16.3538014, 28.4070632 ], [ -16.353805, 28.4071893 ], [ -16.3538248, 28.407318 ], [ -16.3538292, 28.4073527 ], [ -16.3538298, 28.4073971 ], [ -16.353809, 28.4075013 ], [ -16.3537975, 28.4075432 ], [ -16.3537827, 28.40757 ], [ -16.3537668, 28.4075826 ], [ -16.3537498, 28.4075926 ], [ -16.3537278, 28.4076017 ], [ -16.3534573, 28.407671 ], [ -16.3531888, 28.4077484 ], [ -16.353023, 28.4078309 ], [ -16.35297, 28.4078581 ], [ -16.3529461, 28.4078752 ], [ -16.3529143, 28.407904 ], [ -16.3528855, 28.4079274 ], [ -16.3528438, 28.4079705 ], [ -16.3527904, 28.4080439 ], [ -16.3527785, 28.4080529 ], [ -16.3527584, 28.4080584 ], [ -16.3527342, 28.4080498 ], [ -16.3526732, 28.4079988 ], [ -16.3525434, 28.4079095 ], [ -16.3524564, 28.4078659 ], [ -16.352414, 28.407853 ], [ -16.3523737, 28.4078489 ], [ -16.3523506, 28.4078491 ], [ -16.3523215, 28.4078512 ], [ -16.3522975, 28.4078577 ], [ -16.3522685, 28.4078704 ], [ -16.3522295, 28.4078895 ], [ -16.3520938, 28.4079708 ], [ -16.3519963, 28.40805 ], [ -16.3518873, 28.4081737 ], [ -16.3518246, 28.4082233 ], [ -16.3517736, 28.4082487 ], [ -16.3516776, 28.4082878 ], [ -16.3514656, 28.4083788 ], [ -16.3512716, 28.408459 ], [ -16.3512325, 28.4084709 ], [ -16.3511814, 28.4084794 ], [ -16.3510507, 28.4084861 ], [ -16.3508616, 28.4084755 ], [ -16.3507953, 28.4084797 ], [ -16.3507572, 28.4084854 ], [ -16.350721, 28.4084911 ], [ -16.350695, 28.4085011 ], [ -16.3506671, 28.4085183 ], [ -16.3506462, 28.4085381 ], [ -16.3506314, 28.4085551 ], [ -16.3506174, 28.408565 ], [ -16.3505993, 28.4085652 ], [ -16.3505509, 28.408555 ], [ -16.3505015, 28.4085422 ], [ -16.3504471, 28.408532 ], [ -16.3503958, 28.408529 ], [ -16.3503445, 28.4085295 ], [ -16.3502415, 28.4085328 ], [ -16.3501267, 28.4085375 ], [ -16.3500838, 28.4085405 ], [ -16.3500469, 28.4085453 ], [ -16.349975, 28.4085678 ], [ -16.349866, 28.4086178 ], [ -16.3498482, 28.4086303 ], [ -16.3496948, 28.4087431 ], [ -16.349677, 28.4087601 ], [ -16.3495796, 28.4088785 ], [ -16.3495659, 28.4088989 ], [ -16.3495552, 28.4089193 ], [ -16.3495226, 28.4090248 ], [ -16.3495128, 28.4090425 ], [ -16.3494777, 28.4091073 ], [ -16.349464, 28.4091287 ], [ -16.3494447, 28.4091845 ], [ -16.349439, 28.4092102 ], [ -16.3494371, 28.4092959 ], [ -16.3495264, 28.4095617 ], [ -16.3495348, 28.4095969 ], [ -16.3495401, 28.4096181 ], [ -16.3495871, 28.4097006 ], [ -16.3496029, 28.4097632 ], [ -16.3496451, 28.4098687 ], [ -16.3497027, 28.4099998 ], [ -16.349709, 28.4100174 ], [ -16.3497417, 28.4100753 ], [ -16.3497399, 28.4100974 ], [ -16.3497192, 28.4101179 ], [ -16.3496447, 28.4101461 ], [ -16.349597, 28.4101651 ], [ -16.3494486, 28.410284 ], [ -16.349394, 28.4103049 ], [ -16.3493306, 28.4103488 ], [ -16.3492681, 28.410383 ], [ -16.349183, 28.4104465 ], [ -16.3491248, 28.4105071 ], [ -16.3490659, 28.4105881 ], [ -16.3489886, 28.4107134 ], [ -16.3489418, 28.4108083 ], [ -16.348923, 28.4108182 ], [ -16.3488851, 28.4108266 ], [ -16.3487982, 28.4108265 ], [ -16.3487703, 28.4108312 ], [ -16.3487355, 28.4108448 ], [ -16.3483424, 28.4111119 ], [ -16.3481578, 28.4112904 ], [ -16.3481381, 28.4113144 ], [ -16.3481255, 28.4113375 ], [ -16.3480997, 28.4114296 ], [ -16.3480676, 28.4115006 ], [ -16.3480538, 28.4115201 ], [ -16.3478051, 28.4117566 ], [ -16.3475963, 28.4119892 ], [ -16.3475875, 28.4120008 ], [ -16.3475729, 28.4120363 ], [ -16.3475674, 28.4120716 ], [ -16.3475689, 28.41219 ], [ -16.3475652, 28.4122191 ], [ -16.3475029, 28.4124202 ], [ -16.3474803, 28.4124558 ], [ -16.3474126, 28.4125536 ], [ -16.3473971, 28.4125856 ], [ -16.3473605, 28.4126963 ], [ -16.3473529, 28.4127238 ], [ -16.3473502, 28.4127529 ], [ -16.347339, 28.4128122 ], [ -16.3473368, 28.4128732 ], [ -16.3473361, 28.4128988 ], [ -16.3473365, 28.4129262 ], [ -16.3473418, 28.4129509 ], [ -16.347379, 28.4130521 ], [ -16.3473823, 28.4130776 ], [ -16.3473826, 28.4131015 ], [ -16.3473719, 28.4131237 ], [ -16.3473091, 28.4132091 ], [ -16.3472894, 28.413234 ], [ -16.3472788, 28.4132615 ], [ -16.3472213, 28.4133769 ], [ -16.3472106, 28.4133982 ], [ -16.3472001, 28.413438 ], [ -16.3471621, 28.4135947 ], [ -16.3470753, 28.4137572 ], [ -16.3470606, 28.4137821 ], [ -16.3470509, 28.4138078 ], [ -16.3469779, 28.4140363 ], [ -16.3469226, 28.4141694 ], [ -16.3469119, 28.4141871 ], [ -16.3468162, 28.4142817 ], [ -16.3467611, 28.4143529 ], [ -16.3466472, 28.4145881 ], [ -16.3466188, 28.4146325 ], [ -16.3466102, 28.41466 ], [ -16.3465951, 28.4147325 ], [ -16.3465947, 28.4147776 ], [ -16.3466166, 28.4148524 ], [ -16.346633, 28.4148841 ], [ -16.3466493, 28.414906 ], [ -16.3466795, 28.4149304 ], [ -16.3468543, 28.4150832 ], [ -16.3469041, 28.4151481 ], [ -16.3469062, 28.4151622 ], [ -16.3469015, 28.4151782 ], [ -16.3468787, 28.4151969 ], [ -16.3468539, 28.4152095 ], [ -16.3467904, 28.415242 ], [ -16.3467308, 28.4152735 ], [ -16.3466943, 28.4153074 ], [ -16.3466153, 28.4153815 ], [ -16.3465937, 28.4154082 ], [ -16.3465761, 28.4154384 ], [ -16.3465654, 28.415465 ], [ -16.3465454, 28.4155358 ], [ -16.3465313, 28.4156066 ], [ -16.3465248, 28.4156455 ], [ -16.3465234, 28.4156985 ], [ -16.3465095, 28.4160202 ], [ -16.3465031, 28.4160609 ], [ -16.346489, 28.4161343 ], [ -16.3464824, 28.4161653 ], [ -16.3464166, 28.4163364 ], [ -16.346415, 28.4163664 ], [ -16.3464219, 28.4164379 ], [ -16.3464705, 28.4165663 ], [ -16.3464696, 28.4165787 ], [ -16.3464496, 28.4166549 ], [ -16.3464419, 28.4166788 ], [ -16.3463904, 28.4167862 ], [ -16.3463817, 28.4168101 ], [ -16.3462171, 28.4173867 ], [ -16.3462145, 28.4174132 ], [ -16.3462165, 28.41749 ], [ -16.3462228, 28.4175156 ], [ -16.3462342, 28.4175517 ], [ -16.3462972, 28.41771 ], [ -16.3463115, 28.4177381 ], [ -16.3463348, 28.4177653 ], [ -16.3465069, 28.4179411 ], [ -16.3465396, 28.4180043 ], [ -16.3466925, 28.4184038 ], [ -16.3467029, 28.4184337 ], [ -16.3468532, 28.4187855 ], [ -16.3468536, 28.4188155 ], [ -16.346856, 28.4188491 ], [ -16.3468868, 28.4193857 ], [ -16.3468751, 28.4194123 ], [ -16.3468695, 28.4194424 ], [ -16.3467645, 28.4196713 ], [ -16.3467609, 28.4197014 ], [ -16.3467593, 28.4197314 ], [ -16.3467616, 28.4197544 ], [ -16.3468649, 28.4201843 ], [ -16.3468722, 28.4202037 ], [ -16.3468815, 28.4202319 ], [ -16.3468907, 28.4202485 ], [ -16.3469019, 28.4202634 ], [ -16.3469141, 28.420281 ], [ -16.3471578, 28.420593 ], [ -16.3471616, 28.4206142 ], [ -16.3471635, 28.4206341 ], [ -16.3471579, 28.4207663 ], [ -16.3471541, 28.4207827 ], [ -16.3471204, 28.4208666 ], [ -16.3471094, 28.4208903 ], [ -16.3470505, 28.4210251 ], [ -16.3469903, 28.4212427 ], [ -16.3469684, 28.4213001 ], [ -16.3469033, 28.4215142 ], [ -16.3468947, 28.4215364 ], [ -16.3468141, 28.4216814 ], [ -16.3468087, 28.4217008 ], [ -16.3467432, 28.4219456 ], [ -16.346741, 28.4219606 ], [ -16.3467363, 28.4219728 ], [ -16.346655, 28.4221435 ], [ -16.3466413, 28.4221676 ], [ -16.3466325, 28.4221858 ], [ -16.3466213, 28.4222063 ], [ -16.3466046, 28.4222486 ], [ -16.3465951, 28.4222835 ], [ -16.3465903, 28.4223175 ], [ -16.3465852, 28.4223453 ], [ -16.3465833, 28.4223831 ], [ -16.3465811, 28.4225027 ], [ -16.346586, 28.4225824 ], [ -16.3465902, 28.4226129 ], [ -16.346626, 28.4227127 ], [ -16.3466693, 28.4227955 ], [ -16.346683, 28.4228174 ], [ -16.3468414, 28.423045 ], [ -16.3470831, 28.4233515 ], [ -16.3471537, 28.4234442 ], [ -16.3472085, 28.4235268 ], [ -16.3472438, 28.4235808 ], [ -16.3472824, 28.4236458 ], [ -16.3473243, 28.42371 ], [ -16.3473452, 28.4237396 ], [ -16.3473919, 28.4237944 ], [ -16.3474546, 28.423852 ], [ -16.3475127, 28.4238871 ], [ -16.3475591, 28.4239138 ], [ -16.3476055, 28.4239388 ], [ -16.3476402, 28.4239537 ], [ -16.3477, 28.4239701 ], [ -16.3477693, 28.4239847 ], [ -16.3478118, 28.4239921 ], [ -16.3478463, 28.4240026 ], [ -16.3478658, 28.4240279 ], [ -16.347876, 28.4240719 ], [ -16.3478787, 28.4241347 ], [ -16.347889, 28.4241923 ], [ -16.3479026, 28.4242244 ], [ -16.347917, 28.4242547 ], [ -16.3479429, 28.4242886 ], [ -16.3479852, 28.4243194 ], [ -16.348025, 28.4243474 ], [ -16.3480987, 28.4243931 ], [ -16.3481864, 28.424446 ], [ -16.3482006, 28.4244593 ], [ -16.3482019, 28.4244687 ], [ -16.348195, 28.4244768 ], [ -16.3481877, 28.4244797 ], [ -16.3481401, 28.4244878 ], [ -16.3481131, 28.4244928 ], [ -16.3480869, 28.4245022 ], [ -16.3479648, 28.424565 ], [ -16.3478677, 28.4246288 ], [ -16.3477847, 28.42471 ], [ -16.3477604, 28.42474 ], [ -16.3476623, 28.4249364 ], [ -16.3475854, 28.4250797 ], [ -16.3475178, 28.425206 ], [ -16.3474518, 28.4253017 ], [ -16.3474063, 28.425348 ], [ -16.3473626, 28.425379 ], [ -16.3472941, 28.4254306 ], [ -16.3472294, 28.4254737 ], [ -16.3471827, 28.4255047 ], [ -16.3471468, 28.425529 ], [ -16.3470334, 28.4256165 ], [ -16.3469973, 28.4256591 ], [ -16.3469786, 28.4256867 ], [ -16.3469579, 28.4257191 ], [ -16.3469506, 28.4257515 ], [ -16.3469462, 28.4257787 ], [ -16.3469442, 28.42585 ], [ -16.3469565, 28.4259178 ], [ -16.3469862, 28.4259888 ], [ -16.3472727, 28.4258654 ], [ -16.3472665, 28.4258298 ], [ -16.3472654, 28.4258075 ], [ -16.3472679, 28.4257908 ] ] ], [ [ [ -16.3741118, 28.3778373 ], [ -16.3740908, 28.3778482 ], [ -16.3740547, 28.37787 ], [ -16.3739925, 28.3779231 ], [ -16.3740208, 28.3779526 ], [ -16.3740525, 28.3779573 ], [ -16.3740643, 28.3779607 ], [ -16.3740887, 28.377972 ], [ -16.3741108, 28.3779882 ], [ -16.3741681, 28.3780296 ], [ -16.3742307, 28.3780759 ], [ -16.3742434, 28.3780862 ], [ -16.3742618, 28.3781014 ], [ -16.3745404, 28.3782369 ], [ -16.3746102, 28.3782496 ], [ -16.3746554, 28.3782411 ], [ -16.3747036, 28.3782225 ], [ -16.37474, 28.3781895 ], [ -16.3747605, 28.3781523 ], [ -16.374798, 28.3780095 ], [ -16.3748, 28.3779588 ], [ -16.3747813, 28.3779108 ], [ -16.3746029, 28.3776879 ], [ -16.3745754, 28.3776603 ], [ -16.3745108, 28.3775088 ], [ -16.3745141, 28.3774837 ], [ -16.3745213, 28.3774559 ], [ -16.3745779, 28.3772831 ], [ -16.3745852, 28.377252 ], [ -16.3745883, 28.3772298 ], [ -16.3746512, 28.3769704 ], [ -16.3746497, 28.3769412 ], [ -16.3746185, 28.3768089 ], [ -16.3746084, 28.3767873 ], [ -16.374592, 28.376757 ], [ -16.374542, 28.3767173 ], [ -16.3744844, 28.3767019 ], [ -16.374387, 28.3766601 ], [ -16.3743436, 28.3766476 ], [ -16.3742476, 28.3766374 ], [ -16.3741957, 28.3766058 ], [ -16.3741609, 28.3763919 ], [ -16.3741518, 28.3763506 ], [ -16.374143, 28.3761475 ], [ -16.3741441, 28.3761194 ], [ -16.374164, 28.3759604 ], [ -16.3741838, 28.3759103 ], [ -16.3741982, 28.3758567 ], [ -16.3742261, 28.3757677 ], [ -16.3742036, 28.3757504 ], [ -16.3741585, 28.3757037 ], [ -16.3741398, 28.3756709 ], [ -16.3740943, 28.3755899 ], [ -16.3740797, 28.3755675 ], [ -16.3740659, 28.3755431 ], [ -16.3740148, 28.3754607 ], [ -16.3739547, 28.375506 ], [ -16.373922, 28.3755518 ], [ -16.3739074, 28.3755921 ], [ -16.3739008, 28.3757794 ], [ -16.3738835, 28.3758465 ], [ -16.3738398, 28.3760723 ], [ -16.3738341, 28.3761093 ], [ -16.3738334, 28.3761474 ], [ -16.3738462, 28.3763798 ], [ -16.3738455, 28.3764194 ], [ -16.373855, 28.3764541 ], [ -16.3738674, 28.376478 ], [ -16.3739796, 28.3767364 ], [ -16.3739891, 28.3767684 ], [ -16.374017, 28.3768216 ], [ -16.3740416, 28.3768481 ], [ -16.3740871, 28.3768653 ], [ -16.3741253, 28.3768736 ], [ -16.3742462, 28.3769083 ], [ -16.3742966, 28.3769178 ], [ -16.3743152, 28.3769185 ], [ -16.374335, 28.3769324 ], [ -16.3743394, 28.3769521 ], [ -16.3743418, 28.3769823 ], [ -16.3743434, 28.3770106 ], [ -16.3743119, 28.3771424 ], [ -16.374291, 28.3771881 ], [ -16.3742811, 28.3772307 ], [ -16.3742058, 28.3773956 ], [ -16.374194, 28.377437 ], [ -16.3741945, 28.3774739 ], [ -16.374201, 28.3775032 ], [ -16.3743051, 28.3777608 ], [ -16.3743142, 28.3777827 ], [ -16.3743201, 28.3778084 ], [ -16.3743327, 28.3778431 ], [ -16.3743816, 28.3778827 ], [ -16.3744425, 28.3779169 ], [ -16.3744747, 28.3779268 ], [ -16.3744958, 28.3779396 ], [ -16.3744912, 28.3779647 ], [ -16.3744838, 28.377968 ], [ -16.3744642, 28.3779693 ], [ -16.374411, 28.377947 ], [ -16.3743305, 28.3779011 ], [ -16.374292, 28.3778743 ], [ -16.3742633, 28.3778545 ], [ -16.3742276, 28.3778347 ], [ -16.3741903, 28.3778258 ], [ -16.3741537, 28.3778256 ], [ -16.374136, 28.3778344 ], [ -16.3741118, 28.3778373 ] ] ] ] } },
{ "type": "Feature", "properties": { "fid_": 0, "bic_nombre": "ICOD DE LOS VINOS", "bic_catego": "CONJUNTO HISTÓRICO", "bic_entorn": 0, "municipio_": "ICOD DE LOS VINOS", "bic_descri": "Bien de Interés Cultural con categoría de Conjunto Histórico de “Icod de los Vinos”, en el municipio homónimo, declarado por Decreto 142/2004, de 5 de octubre, del Gobierno de Canarias, publicado en el BOC nº 205 de 22 de octubre de 2004. No cue", "boletin1_n": "BOC nº 205 de 22 de octubre de 2004", "boletin1_u": "http://www.gobiernodecanarias.org/boc/2004/205/004.html", "boletin2_n": null, "boletin2_u": null }, "geometry": { "type": "MultiPolygon", "coordinates": [ [ [ [ -16.720497, 28.3677427 ], [ -16.7208869, 28.3676291 ], [ -16.7210189, 28.3676206 ], [ -16.7211541, 28.3678133 ], [ -16.7212295, 28.3679169 ], [ -16.7213014, 28.3679855 ], [ -16.7213883, 28.3680575 ], [ -16.7214792, 28.3681303 ], [ -16.7215486, 28.3681926 ], [ -16.7216691, 28.3683265 ], [ -16.7219398, 28.3686001 ], [ -16.7220979, 28.3687226 ], [ -16.7222905, 28.368898 ], [ -16.7223919, 28.368986 ], [ -16.722798, 28.3693654 ], [ -16.7232375, 28.369793 ], [ -16.7233099, 28.3698662 ], [ -16.7233322, 28.3698353 ], [ -16.7233755, 28.3697656 ], [ -16.7234253, 28.3696853 ], [ -16.7234612, 28.3695713 ], [ -16.723469, 28.3694301 ], [ -16.7234045, 28.3689744 ], [ -16.7234026, 28.3689091 ], [ -16.7233998, 28.3688395 ], [ -16.7234099, 28.3687018 ], [ -16.7234392, 28.3685644 ], [ -16.7234858, 28.3684482 ], [ -16.7235345, 28.3683578 ], [ -16.7235769, 28.3682874 ], [ -16.7236454, 28.3681887 ], [ -16.7236706, 28.3681552 ], [ -16.7237299, 28.3680787 ], [ -16.723781, 28.3680242 ], [ -16.7238359, 28.3679636 ], [ -16.7239119, 28.3678942 ], [ -16.7239409, 28.3678681 ], [ -16.7239982, 28.3678303 ], [ -16.7240633, 28.3677877 ], [ -16.7241616, 28.3677393 ], [ -16.7241841, 28.367729 ], [ -16.7243145, 28.3676952 ], [ -16.7244455, 28.367678 ], [ -16.7245783, 28.3676806 ], [ -16.7246929, 28.3677011 ], [ -16.7247865, 28.3677275 ], [ -16.7244621, 28.3674141 ], [ -16.7240013, 28.366975 ], [ -16.7236806, 28.3666693 ], [ -16.7231096, 28.3661282 ], [ -16.7230519, 28.366017 ], [ -16.7227139, 28.3652418 ], [ -16.7222952, 28.3652701 ], [ -16.7221192, 28.3652994 ], [ -16.7219057, 28.3653858 ], [ -16.7217962, 28.3654308 ], [ -16.7216838, 28.3654962 ], [ -16.7216238, 28.3655464 ], [ -16.721444, 28.3656923 ], [ -16.7212097, 28.3658451 ], [ -16.7211731, 28.3657905 ], [ -16.7210572, 28.3655841 ], [ -16.7209657, 28.3654122 ], [ -16.7208935, 28.3653215 ], [ -16.720743, 28.3650568 ], [ -16.7206262, 28.364839 ], [ -16.7205382, 28.3646334 ], [ -16.7204748, 28.3644971 ], [ -16.7204252, 28.3643307 ], [ -16.7203853, 28.3642013 ], [ -16.720348, 28.3641007 ], [ -16.7202837, 28.3639716 ], [ -16.7202181, 28.3638875 ], [ -16.7200913, 28.3636825 ], [ -16.7200145, 28.3635355 ], [ -16.7199799, 28.3634772 ], [ -16.7199329, 28.3634146 ], [ -16.719826, 28.3632996 ], [ -16.7196759, 28.3631661 ], [ -16.719558, 28.3630647 ], [ -16.7194105, 28.3629664 ], [ -16.7193157, 28.3629107 ], [ -16.7189232, 28.3627379 ], [ -16.718613, 28.362611 ], [ -16.7185385, 28.3626679 ], [ -16.7181775, 28.3628737 ], [ -16.7179216, 28.3630597 ], [ -16.7181315, 28.3633715 ], [ -16.7181493, 28.3634028 ], [ -16.7182141, 28.3635064 ], [ -16.7182362, 28.3635594 ], [ -16.718471, 28.364183 ], [ -16.7185305, 28.3643249 ], [ -16.7186161, 28.3645079 ], [ -16.7186372, 28.3645555 ], [ -16.7188767, 28.3649347 ], [ -16.7189539, 28.3650234 ], [ -16.7189828, 28.3650573 ], [ -16.7189977, 28.3650834 ], [ -16.7190208, 28.3651228 ], [ -16.7190619, 28.3652053 ], [ -16.7190833, 28.3652655 ], [ -16.7190954, 28.3653168 ], [ -16.7184479, 28.3655298 ], [ -16.7184584, 28.3655531 ], [ -16.7188973, 28.3667793 ], [ -16.7174667, 28.3671032 ], [ -16.7173087, 28.3673362 ], [ -16.7175422, 28.3674365 ], [ -16.7175991, 28.3674527 ], [ -16.7176822, 28.3675207 ], [ -16.7186072, 28.3673507 ], [ -16.7186717, 28.3674749 ], [ -16.7180426, 28.3678202 ], [ -16.718196, 28.3679492 ], [ -16.7188577, 28.3675918 ], [ -16.7192417, 28.3683606 ], [ -16.7197545, 28.3683513 ], [ -16.7199996, 28.3684587 ], [ -16.7202083, 28.3685578 ], [ -16.7202679, 28.3685804 ], [ -16.7203272, 28.3685883 ], [ -16.7203801, 28.3685922 ], [ -16.7204445, 28.3685886 ], [ -16.720495, 28.3685758 ], [ -16.7205726, 28.3685259 ], [ -16.7202464, 28.3681182 ], [ -16.7200887, 28.3679612 ], [ -16.7203018, 28.3678349 ], [ -16.720497, 28.3677427 ] ] ], [ [ [ -16.7289565, 28.3716688 ], [ -16.7284987, 28.3710481 ], [ -16.7278566, 28.3714045 ], [ -16.7283048, 28.3720168 ], [ -16.7289565, 28.3716688 ] ] ], [ [ [ -16.7218794, 28.3625236 ], [ -16.7223196, 28.3620709 ], [ -16.7217591, 28.3616933 ], [ -16.72137, 28.3621694 ], [ -16.7218794, 28.3625236 ] ] ], [ [ [ -16.7142985, 28.3698472 ], [ -16.7143494, 28.3697714 ], [ -16.7142779, 28.3694455 ], [ -16.7140182, 28.369187 ], [ -16.7139043, 28.3691229 ], [ -16.7138075, 28.3691813 ], [ -16.7138655, 28.3692622 ], [ -16.7138162, 28.3693071 ], [ -16.7138122, 28.3693389 ], [ -16.713801, 28.3693719 ], [ -16.7137504, 28.369471 ], [ -16.7137674, 28.369783 ], [ -16.7138269, 28.3699557 ], [ -16.7142985, 28.3698472 ] ] ], [ [ [ -16.7251751, 28.3711113 ], [ -16.7252275, 28.3710476 ], [ -16.7252211, 28.370918 ], [ -16.7253106, 28.3708321 ], [ -16.7253075, 28.3708113 ], [ -16.7252904, 28.3707603 ], [ -16.72523, 28.3707154 ], [ -16.7251506, 28.3706871 ], [ -16.7250512, 28.3706657 ], [ -16.724965, 28.3706602 ], [ -16.7248557, 28.3706389 ], [ -16.7246994, 28.3705135 ], [ -16.7245196, 28.3703488 ], [ -16.72448, 28.3703226 ], [ -16.7242218, 28.3705483 ], [ -16.72447, 28.3707394 ], [ -16.7251751, 28.3711113 ] ] ], [ [ [ -16.726088, 28.3694586 ], [ -16.7260368, 28.3694571 ], [ -16.7259672, 28.3694518 ], [ -16.7258338, 28.3694418 ], [ -16.7257142, 28.3694184 ], [ -16.7255883, 28.3693776 ], [ -16.7254124, 28.3693041 ], [ -16.72527, 28.3692066 ], [ -16.725239, 28.3691838 ], [ -16.7251099, 28.3690835 ], [ -16.7250308, 28.3690106 ], [ -16.7249647, 28.3689501 ], [ -16.7250069, 28.3690901 ], [ -16.7250938, 28.3692607 ], [ -16.7252868, 28.369616 ], [ -16.7253308, 28.369703 ], [ -16.7253367, 28.3697143 ], [ -16.7253908, 28.3697631 ], [ -16.7254575, 28.3697867 ], [ -16.7255104, 28.3697843 ], [ -16.7255649, 28.3697696 ], [ -16.7256905, 28.3697284 ], [ -16.7258831, 28.3696205 ], [ -16.7259562, 28.369567 ], [ -16.7260381, 28.3695072 ], [ -16.726088, 28.3694586 ] ] ], [ [ [ -16.7281064, 28.375393 ], [ -16.7277777, 28.3748087 ], [ -16.7274507, 28.3749613 ], [ -16.7277548, 28.3755404 ], [ -16.7281064, 28.375393 ] ] ], [ [ [ -16.717986, 28.3626896 ], [ -16.7179465, 28.3626586 ], [ -16.7179137, 28.3626264 ], [ -16.7178899, 28.362603 ], [ -16.7178594, 28.3625707 ], [ -16.7178262, 28.3625333 ], [ -16.7177737, 28.3625647 ], [ -16.7177989, 28.3625958 ], [ -16.7177119, 28.3626591 ], [ -16.7176181, 28.3627277 ], [ -16.7176242, 28.362734 ], [ -16.7176932, 28.3628085 ], [ -16.7177014, 28.362824 ], [ -16.7177237, 28.3628512 ], [ -16.7177035, 28.3628667 ], [ -16.7177663, 28.3629331 ], [ -16.7180099, 28.3627592 ], [ -16.718015, 28.3627568 ], [ -16.7179694, 28.3627061 ], [ -16.717986, 28.3626896 ] ] ] ] } },
{ "type": "Feature", "properties": { "fid_": 0, "bic_nombre": "CAMINO DEL SOCORRO", "bic_catego": "SITIO HISTÓRICO", "bic_entorn": 0, "municipio_": "GÜIMAR", "bic_descri": "Bien de Interés Cultural con categoría de Sitio Histórico del “Camino del Socorro”, en el municipio de Güímar, declarado por Decreto 118/2011, de 17 de mayo, del Gobierno de Canarias, publicado en el BOC nº 106 de 31 de mayo de 2011.", "boletin1_n": "BOC nº 106 de 31 de mayo de 2011", "boletin1_u": "http://www.gobiernodecanarias.org/boc/2011/106/012.html", "boletin2_n": null, "boletin2_u": null }, "geometry": { "type": "Polygon", "coordinates": [ [ [ -16.3654765, 28.3276316 ], [ -16.3665382, 28.3273292 ], [ -16.3677043, 28.3269175 ], [ -16.3689087, 28.3267361 ], [ -16.3697215, 28.3262979 ], [ -16.3701164, 28.3261787 ], [ -16.3709192, 28.3260193 ], [ -16.3710692, 28.3259649 ], [ -16.3718253, 28.3254397 ], [ -16.3724859, 28.3248555 ], [ -16.3728448, 28.3245728 ], [ -16.3731362, 28.324249 ], [ -16.3736327, 28.3236595 ], [ -16.3737926, 28.3235392 ], [ -16.3740544, 28.3232377 ], [ -16.3740739, 28.3232089 ], [ -16.3741176, 28.3231294 ], [ -16.3741562, 28.3230433 ], [ -16.3741823, 28.3229463 ], [ -16.3741697, 28.3227355 ], [ -16.3741793, 28.3227112 ], [ -16.3742064, 28.3226978 ], [ -16.3742484, 28.3226776 ], [ -16.3742879, 28.3226618 ], [ -16.3748553, 28.3223682 ], [ -16.3753735, 28.3219191 ], [ -16.3763445, 28.3213424 ], [ -16.3764059, 28.3212912 ], [ -16.3764549, 28.321238 ], [ -16.3765087, 28.3211693 ], [ -16.376608, 28.3209793 ], [ -16.3766373, 28.3209351 ], [ -16.3766616, 28.3208931 ], [ -16.3766958, 28.3208554 ], [ -16.3767276, 28.3208111 ], [ -16.3767718, 28.3207733 ], [ -16.3768161, 28.3207443 ], [ -16.3768753, 28.3207173 ], [ -16.3769668, 28.3206812 ], [ -16.3770574, 28.320645 ], [ -16.3770997, 28.3206045 ], [ -16.3773153, 28.3202683 ], [ -16.3781429, 28.3195683 ], [ -16.3782165, 28.3195123 ], [ -16.3783894, 28.3192321 ], [ -16.3784068, 28.3191987 ], [ -16.3786518, 28.3186433 ], [ -16.3786774, 28.3185872 ], [ -16.3787088, 28.3185132 ], [ -16.3787733, 28.3184389 ], [ -16.3788702, 28.3183538 ], [ -16.379547, 28.3178995 ], [ -16.3796649, 28.3177973 ], [ -16.3797672, 28.3176468 ], [ -16.3798349, 28.3175011 ], [ -16.3799323, 28.3173551 ], [ -16.3804469, 28.3167189 ], [ -16.3806096, 28.3165716 ], [ -16.3806462, 28.3165281 ], [ -16.3806621, 28.3165012 ], [ -16.380732, 28.3163487 ], [ -16.3807714, 28.3161656 ], [ -16.3808014, 28.316153 ], [ -16.3811713, 28.3162457 ], [ -16.3812689, 28.316255 ], [ -16.3813639, 28.3162519 ], [ -16.3818966, 28.3161891 ], [ -16.3826155, 28.316188 ], [ -16.3828034, 28.3161881 ], [ -16.383245, 28.3162616 ], [ -16.3846538, 28.3165203 ], [ -16.385044, 28.3165574 ], [ -16.3856287, 28.3165802 ], [ -16.385932, 28.3165402 ], [ -16.3870324, 28.3162601 ], [ -16.3873146, 28.316208 ], [ -16.3874071, 28.3161845 ], [ -16.3876637, 28.3161224 ], [ -16.3879175, 28.3160151 ], [ -16.3880723, 28.3159684 ], [ -16.3882272, 28.3159319 ], [ -16.388433, 28.3158888 ], [ -16.3886252, 28.3158642 ], [ -16.3888758, 28.3158719 ], [ -16.3891685, 28.3159059 ], [ -16.3893986, 28.3159426 ], [ -16.390678, 28.3160588 ], [ -16.3907151, 28.3160585 ], [ -16.390759, 28.3160498 ], [ -16.3914234, 28.3159507 ], [ -16.392033, 28.3159219 ], [ -16.3922973, 28.3159171 ], [ -16.3930534, 28.3159197 ], [ -16.3930974, 28.3159131 ], [ -16.3931391, 28.3159106 ], [ -16.3932016, 28.3158956 ], [ -16.3932755, 28.3158743 ], [ -16.3933562, 28.3158406 ], [ -16.3934391, 28.3157946 ], [ -16.3935243, 28.3157425 ], [ -16.393639, 28.3156469 ], [ -16.3937586, 28.3155697 ], [ -16.3938737, 28.315507 ], [ -16.3939798, 28.3154607 ], [ -16.3940952, 28.3154185 ], [ -16.3941923, 28.3153908 ], [ -16.3948238, 28.3152694 ], [ -16.3949442, 28.3152497 ], [ -16.3953171, 28.3152151 ], [ -16.3953635, 28.3152147 ], [ -16.39541, 28.3152203 ], [ -16.3954797, 28.3152319 ], [ -16.395546, 28.3152437 ], [ -16.3956044, 28.3152486 ], [ -16.3956628, 28.3152507 ], [ -16.3957419, 28.3152436 ], [ -16.3957951, 28.3152328 ], [ -16.3958575, 28.3152117 ], [ -16.3959518, 28.3151573 ], [ -16.3960025, 28.3151322 ], [ -16.3960338, 28.3151084 ], [ -16.3960705, 28.3150944 ], [ -16.3961273, 28.3150979 ], [ -16.3964479, 28.3151358 ], [ -16.3967849, 28.3151878 ], [ -16.3970502, 28.315261 ], [ -16.3970989, 28.3152605 ], [ -16.3971429, 28.315258 ], [ -16.3971869, 28.3152473 ], [ -16.3979072, 28.3149998 ], [ -16.3983743, 28.3148924 ], [ -16.3984092, 28.3148982 ], [ -16.3984327, 28.3149246 ], [ -16.3984728, 28.3149735 ], [ -16.3985243, 28.315012 ], [ -16.3985617, 28.3150342 ], [ -16.3986013, 28.3150461 ], [ -16.3986526, 28.3150681 ], [ -16.3987107, 28.3150798 ], [ -16.3987596, 28.3150875 ], [ -16.3989265, 28.3150838 ], [ -16.3992624, 28.3150557 ], [ -16.3996217, 28.3150418 ], [ -16.4006128, 28.3150993 ], [ -16.4010217, 28.3151505 ], [ -16.4015703, 28.3152537 ], [ -16.4017077, 28.3152913 ], [ -16.4022458, 28.3154725 ], [ -16.4022831, 28.3154844 ], [ -16.4024785, 28.3155337 ], [ -16.4025273, 28.3155394 ], [ -16.4025993, 28.3155428 ], [ -16.4037213, 28.3156811 ], [ -16.4039601, 28.3156745 ], [ -16.4040041, 28.3156699 ], [ -16.4040504, 28.3156633 ], [ -16.4051162, 28.3154101 ], [ -16.4054212, 28.3153208 ], [ -16.4066493, 28.3150578 ], [ -16.406691, 28.3150553 ], [ -16.4068965, 28.3150851 ], [ -16.4069614, 28.314994 ], [ -16.4070079, 28.3148115 ], [ -16.4070241, 28.3146414 ], [ -16.4067569, 28.3146031 ], [ -16.4067314, 28.3145992 ], [ -16.4066827, 28.3145997 ], [ -16.4066155, 28.3146066 ], [ -16.4052948, 28.3148808 ], [ -16.4050084, 28.3149679 ], [ -16.4039264, 28.3152274 ], [ -16.4038986, 28.3152318 ], [ -16.4037687, 28.3152331 ], [ -16.4026838, 28.3150945 ], [ -16.4026398, 28.3150949 ], [ -16.4025934, 28.3150933 ], [ -16.402577, 28.3150874 ], [ -16.4024281, 28.3150519 ], [ -16.4023862, 28.3150401 ], [ -16.4018923, 28.3148686 ], [ -16.401862, 28.3148587 ], [ -16.4017177, 28.3148212 ], [ -16.4016852, 28.3148133 ], [ -16.4011039, 28.3147043 ], [ -16.4006695, 28.3146513 ], [ -16.3996947, 28.3145915 ], [ -16.3996575, 28.3145899 ], [ -16.3996251, 28.3145902 ], [ -16.399231, 28.3146024 ], [ -16.3988974, 28.3146325 ], [ -16.3988557, 28.3146391 ], [ -16.3988047, 28.3146376 ], [ -16.3987534, 28.3146155 ], [ -16.3987137, 28.3145954 ], [ -16.3986385, 28.3145223 ], [ -16.39858, 28.3144839 ], [ -16.3985054, 28.3144539 ], [ -16.398445, 28.3144443 ], [ -16.3983754, 28.314445 ], [ -16.397841, 28.314549 ], [ -16.3978064, 28.3145575 ], [ -16.3977763, 28.3145619 ], [ -16.3971069, 28.3148089 ], [ -16.3970814, 28.3148112 ], [ -16.3970559, 28.3148074 ], [ -16.3968904, 28.3147455 ], [ -16.3965046, 28.3146858 ], [ -16.3961137, 28.3146417 ], [ -16.3959864, 28.3146498 ], [ -16.3958761, 28.3146686 ], [ -16.3958258, 28.3146935 ], [ -16.395771, 28.3147226 ], [ -16.3957193, 28.3147574 ], [ -16.3956756, 28.3147805 ], [ -16.395643, 28.3147959 ], [ -16.3956123, 28.3147962 ], [ -16.3955759, 28.3147876 ], [ -16.3954481, 28.3147684 ], [ -16.3953854, 28.3147629 ], [ -16.3953205, 28.3147615 ], [ -16.394878, 28.3147989 ], [ -16.3947368, 28.3148208 ], [ -16.3940729, 28.3149528 ], [ -16.3939366, 28.3149912 ], [ -16.393798, 28.3150377 ], [ -16.3936804, 28.3150902 ], [ -16.3935836, 28.3151343 ], [ -16.3934983, 28.3151783 ], [ -16.3934316, 28.31522 ], [ -16.3933627, 28.3152679 ], [ -16.393241, 28.3153657 ], [ -16.3931881, 28.315399 ], [ -16.3931352, 28.3154304 ], [ -16.3930752, 28.3154556 ], [ -16.3930151, 28.3154685 ], [ -16.3929896, 28.3154729 ], [ -16.3922822, 28.3154678 ], [ -16.3920086, 28.3154726 ], [ -16.391378, 28.3154955 ], [ -16.391334, 28.3155 ], [ -16.3906929, 28.315603 ], [ -16.3894901, 28.3154942 ], [ -16.3892391, 28.3154516 ], [ -16.3888978, 28.3154222 ], [ -16.3885151, 28.315422 ], [ -16.3883114, 28.3154508 ], [ -16.3880338, 28.315507 ], [ -16.3878789, 28.3155455 ], [ -16.3877288, 28.3155963 ], [ -16.387549, 28.3156823 ], [ -16.3875051, 28.315693 ], [ -16.3873295, 28.315742 ], [ -16.387267, 28.3157549 ], [ -16.3869015, 28.3158243 ], [ -16.3858196, 28.3161 ], [ -16.3856043, 28.3161269 ], [ -16.3850775, 28.3161035 ], [ -16.3847385, 28.31607 ], [ -16.3833668, 28.3158171 ], [ -16.3828788, 28.3157461 ], [ -16.3826537, 28.315734 ], [ -16.3818513, 28.315738 ], [ -16.3813164, 28.3158071 ], [ -16.38127, 28.3158034 ], [ -16.3808767, 28.3157007 ], [ -16.3807395, 28.3156733 ], [ -16.3806121, 28.3156828 ], [ -16.3805037, 28.3157291 ], [ -16.3804188, 28.3158018 ], [ -16.380337, 28.3159339 ], [ -16.380257, 28.3162036 ], [ -16.3802483, 28.3162468 ], [ -16.3802186, 28.31628 ], [ -16.3800672, 28.3164149 ], [ -16.3800489, 28.3164356 ], [ -16.3795071, 28.3171176 ], [ -16.3794444, 28.3172175 ], [ -16.3793309, 28.3174075 ], [ -16.3792627, 28.3175108 ], [ -16.3791509, 28.3176047 ], [ -16.3785713, 28.317986 ], [ -16.3784447, 28.3180819 ], [ -16.3783877, 28.3181365 ], [ -16.3783461, 28.3181765 ], [ -16.3783125, 28.318221 ], [ -16.3782902, 28.3182578 ], [ -16.3782675, 28.3182947 ], [ -16.378179, 28.3184643 ], [ -16.3779177, 28.3190631 ], [ -16.377838, 28.3192032 ], [ -16.3777999, 28.3192456 ], [ -16.3769707, 28.3199325 ], [ -16.3769398, 28.3199618 ], [ -16.376915, 28.3199949 ], [ -16.3767492, 28.3202714 ], [ -16.3767315, 28.3202834 ], [ -16.3765849, 28.3203401 ], [ -16.3764568, 28.3204183 ], [ -16.3763684, 28.3204961 ], [ -16.3762974, 28.3205759 ], [ -16.3762339, 28.3206557 ], [ -16.3761875, 28.3207199 ], [ -16.3761317, 28.3208237 ], [ -16.3760906, 28.3209054 ], [ -16.376054, 28.3209585 ], [ -16.3760148, 28.3209985 ], [ -16.3750807, 28.3215463 ], [ -16.3745649, 28.3219932 ], [ -16.374047, 28.3222709 ], [ -16.3739877, 28.3222935 ], [ -16.3739283, 28.3223138 ], [ -16.373859, 28.3223321 ], [ -16.3737874, 28.3223614 ], [ -16.3737259, 28.3224082 ], [ -16.3736893, 28.3224591 ], [ -16.3736799, 28.3225009 ], [ -16.3736706, 28.3225494 ], [ -16.3736663, 28.3225977 ], [ -16.3736801, 28.3229053 ], [ -16.3736657, 28.3229428 ], [ -16.3734603, 28.3231931 ], [ -16.3732612, 28.3233512 ], [ -16.3727255, 28.323985 ], [ -16.3724438, 28.3242889 ], [ -16.3721487, 28.3245138 ], [ -16.3714737, 28.3251177 ], [ -16.3708076, 28.3255736 ], [ -16.3707536, 28.3255922 ], [ -16.3699683, 28.3257466 ], [ -16.3694789, 28.3259016 ], [ -16.3687335, 28.3263103 ], [ -16.3675697, 28.3264793 ], [ -16.3663185, 28.3269206 ], [ -16.3652081, 28.3272356 ], [ -16.3648793, 28.3273157 ], [ -16.3649409, 28.3275673 ], [ -16.3652549, 28.3275029 ], [ -16.3652786, 28.3276552 ], [ -16.3654765, 28.3276316 ] ] ] } },
{ "type": "Feature", "properties": { "fid_": 0, "bic_nombre": "RISCO DE LA SABINA", "bic_catego": "ZONA ARQUEOLÓGICA", "bic_entorn": 0, "municipio_": "VICTORIA DE ACENTEJO (LA)", "bic_descri": "Bien de Interés Cultural con categoría de Zona Arqueológica del “Risco de la Sabina”, en los municipios de La Victoria y La Matanza de Acentejo, declarado por Decreto 10/2004, de 3 de febrero, del Gobierno de Canarias, publicado en el BOC nº 25 d", "boletin1_n": "BOC nº 25 de 6 de febrero de 2004", "boletin1_u": "http://www.gobiernodecanarias.org/boc/2004/025/005.html", "boletin2_n": null, "boletin2_u": null }, "geometry": { "type": "Polygon", "coordinates": [ [ [ -16.4782025, 28.4412285 ], [ -16.4781979, 28.4401064 ], [ -16.4781488, 28.4400929 ], [ -16.4780989, 28.4400745 ], [ -16.4780525, 28.4400515 ], [ -16.4780266, 28.4400334 ], [ -16.4779981, 28.4400145 ], [ -16.4778452, 28.439911 ], [ -16.4777478, 28.4398595 ], [ -16.4776744, 28.4398277 ], [ -16.4775531, 28.4397877 ], [ -16.4774809, 28.439773 ], [ -16.4773836, 28.4397732 ], [ -16.4773263, 28.4397549 ], [ -16.4772899, 28.4397309 ], [ -16.4772358, 28.4396882 ], [ -16.4772093, 28.4396713 ], [ -16.4771514, 28.4396404 ], [ -16.477109, 28.4396248 ], [ -16.4769518, 28.4395838 ], [ -16.476849, 28.4395616 ], [ -16.4767776, 28.439534 ], [ -16.4767336, 28.4394955 ], [ -16.4767029, 28.4394623 ], [ -16.476655, 28.4394462 ], [ -16.4765245, 28.4394181 ], [ -16.4764244, 28.4394051 ], [ -16.4763296, 28.4393998 ], [ -16.4760888, 28.4394096 ], [ -16.4760279, 28.4394174 ], [ -16.4759493, 28.4394352 ], [ -16.4758794, 28.4394474 ], [ -16.4758326, 28.4394448 ], [ -16.4757828, 28.4394318 ], [ -16.4757453, 28.4394173 ], [ -16.4756423, 28.4393812 ], [ -16.4754973, 28.4393094 ], [ -16.4754711, 28.4392448 ], [ -16.47544, 28.4391999 ], [ -16.4753405, 28.4390897 ], [ -16.4752936, 28.439034 ], [ -16.4752598, 28.4389828 ], [ -16.4752312, 28.4390685 ], [ -16.4752059, 28.4391152 ], [ -16.4750714, 28.4392446 ], [ -16.4750239, 28.4392795 ], [ -16.4749667, 28.4393151 ], [ -16.474808, 28.4394275 ], [ -16.47466, 28.4395203 ], [ -16.4746403, 28.4395446 ], [ -16.4746167, 28.4395735 ], [ -16.4745932, 28.4396139 ], [ -16.4745667, 28.4396698 ], [ -16.4745548, 28.4397439 ], [ -16.4745703, 28.4398309 ], [ -16.4745479, 28.4399052 ], [ -16.4745354, 28.4399386 ], [ -16.4745052, 28.4400043 ], [ -16.4744735, 28.440242 ], [ -16.474474, 28.4403768 ], [ -16.4744449, 28.4405227 ], [ -16.4744483, 28.4406288 ], [ -16.4744683, 28.440757 ], [ -16.4744495, 28.4408031 ], [ -16.4744041, 28.4409017 ], [ -16.4743693, 28.4409628 ], [ -16.4743495, 28.4409849 ], [ -16.4743227, 28.4410207 ], [ -16.4742843, 28.4410572 ], [ -16.474245, 28.4410818 ], [ -16.4741073, 28.441163 ], [ -16.4740688, 28.4411898 ], [ -16.4739888, 28.4412698 ], [ -16.4739632, 28.441293 ], [ -16.4738892, 28.4412439 ], [ -16.4738636, 28.4412287 ], [ -16.4737934, 28.4412174 ], [ -16.4736724, 28.4411918 ], [ -16.4734194, 28.4410574 ], [ -16.4733101, 28.4409399 ], [ -16.4732237, 28.4408342 ], [ -16.4731247, 28.4407636 ], [ -16.4728171, 28.4406195 ], [ -16.4727862, 28.4406376 ], [ -16.4727449, 28.4406478 ], [ -16.4726969, 28.4406552 ], [ -16.4726081, 28.4406619 ], [ -16.4724844, 28.4406707 ], [ -16.4724233, 28.4406679 ], [ -16.4723142, 28.4406622 ], [ -16.472135, 28.4406011 ], [ -16.4719454, 28.4404982 ], [ -16.4717391, 28.4404081 ], [ -16.4716159, 28.4403636 ], [ -16.471593, 28.4403523 ], [ -16.471545, 28.4403488 ], [ -16.4713981, 28.4403525 ], [ -16.4711912, 28.4403289 ], [ -16.4711559, 28.4403138 ], [ -16.4711007, 28.4403036 ], [ -16.4710784, 28.4402934 ], [ -16.4710506, 28.440285 ], [ -16.4709952, 28.4402534 ], [ -16.4709407, 28.440218 ], [ -16.4708686, 28.4401296 ], [ -16.4708561, 28.4401491 ], [ -16.4708312, 28.4401756 ], [ -16.4708129, 28.4401738 ], [ -16.4707744, 28.4401599 ], [ -16.470731, 28.4401532 ], [ -16.4706828, 28.4401584 ], [ -16.4705922, 28.4401819 ], [ -16.4705439, 28.4401988 ], [ -16.4704971, 28.4402288 ], [ -16.4704617, 28.4402661 ], [ -16.4704446, 28.4403119 ], [ -16.4704389, 28.4404021 ], [ -16.4704755, 28.4405139 ], [ -16.4705029, 28.4405857 ], [ -16.4705383, 28.4406565 ], [ -16.4705476, 28.4406924 ], [ -16.4705424, 28.4407076 ], [ -16.4705159, 28.4407206 ], [ -16.4705276, 28.4408094 ], [ -16.4705081, 28.4409069 ], [ -16.470496, 28.4409595 ], [ -16.4704941, 28.4410259 ], [ -16.4705008, 28.4410736 ], [ -16.4705488, 28.4411376 ], [ -16.470636, 28.4412032 ], [ -16.4706574, 28.4412219 ], [ -16.470727, 28.4412946 ], [ -16.4707441, 28.4413477 ], [ -16.4707274, 28.4414175 ], [ -16.4707067, 28.4414907 ], [ -16.470676, 28.441569 ], [ -16.4706716, 28.4416082 ], [ -16.4706792, 28.4416657 ], [ -16.4706992, 28.441736 ], [ -16.4707403, 28.4418439 ], [ -16.4707562, 28.4419001 ], [ -16.4707564, 28.4419513 ], [ -16.4707631, 28.4420243 ], [ -16.4707487, 28.4420703 ], [ -16.4707311, 28.4421027 ], [ -16.4706971, 28.442113 ], [ -16.4705416, 28.4422769 ], [ -16.4706249, 28.4425251 ], [ -16.4707055, 28.4427473 ], [ -16.4708071, 28.4429032 ], [ -16.4708129, 28.4429339 ], [ -16.4708803, 28.4429771 ], [ -16.4710112, 28.443105 ], [ -16.4711076, 28.443179 ], [ -16.4711682, 28.4432234 ], [ -16.4712257, 28.4432738 ], [ -16.4712928, 28.4433028 ], [ -16.4713695, 28.4433293 ], [ -16.4714867, 28.4433547 ], [ -16.4715176, 28.4433363 ], [ -16.4716388, 28.4433095 ], [ -16.4716833, 28.4433368 ], [ -16.4717426, 28.443399 ], [ -16.4719242, 28.4435593 ], [ -16.4719332, 28.4435767 ], [ -16.4720699, 28.4437989 ], [ -16.472109, 28.4438805 ], [ -16.4721938, 28.4439813 ], [ -16.4722862, 28.4440922 ], [ -16.4723241, 28.4441371 ], [ -16.4724085, 28.4442551 ], [ -16.4727202, 28.4444166 ], [ -16.4729013, 28.4445196 ], [ -16.4731024, 28.4446539 ], [ -16.4731449, 28.4446824 ], [ -16.4735971, 28.4449336 ], [ -16.4736685, 28.4449365 ], [ -16.4737642, 28.4450049 ], [ -16.4738426, 28.4450428 ], [ -16.4739293, 28.4450751 ], [ -16.4740544, 28.445115 ], [ -16.4740913, 28.445131 ], [ -16.4741008, 28.4451366 ], [ -16.4741724, 28.4451757 ], [ -16.4742619, 28.4451982 ], [ -16.4742831, 28.445202 ], [ -16.4743197, 28.4451812 ], [ -16.4743581, 28.4451407 ], [ -16.474385, 28.4451358 ], [ -16.4744624, 28.4451484 ], [ -16.4745369, 28.4451921 ], [ -16.4746348, 28.445228 ], [ -16.4746901, 28.4452403 ], [ -16.4747578, 28.4452611 ], [ -16.474862, 28.445286 ], [ -16.4748783, 28.4452704 ], [ -16.4748748, 28.4452475 ], [ -16.4748413, 28.4452212 ], [ -16.4747644, 28.4451971 ], [ -16.4747046, 28.4451401 ], [ -16.4746846, 28.4450815 ], [ -16.474699, 28.445063 ], [ -16.4748174, 28.4450399 ], [ -16.4748281, 28.4450381 ], [ -16.4748662, 28.4450251 ], [ -16.4748806, 28.4450126 ], [ -16.4748849, 28.4449753 ], [ -16.4748711, 28.4449338 ], [ -16.4748489, 28.4448997 ], [ -16.4748375, 28.4448333 ], [ -16.4748131, 28.444804 ], [ -16.4747767, 28.4447769 ], [ -16.4747439, 28.4447463 ], [ -16.4747209, 28.4447035 ], [ -16.4746972, 28.4446765 ], [ -16.4746533, 28.4446443 ], [ -16.4746135, 28.4446301 ], [ -16.474564, 28.444618 ], [ -16.4744853, 28.4445825 ], [ -16.4744016, 28.4445599 ], [ -16.4743599, 28.444542 ], [ -16.4743317, 28.4445199 ], [ -16.4743166, 28.4444891 ], [ -16.4743224, 28.4444403 ], [ -16.4743159, 28.4443649 ], [ -16.4743185, 28.4443228 ], [ -16.4743346, 28.4442426 ], [ -16.4743388, 28.4441955 ], [ -16.4743614, 28.4440645 ], [ -16.4743648, 28.4439819 ], [ -16.4744114, 28.4438601 ], [ -16.4744143, 28.4438119 ], [ -16.474404, 28.4437702 ], [ -16.474367, 28.4436562 ], [ -16.4743606, 28.4436155 ], [ -16.4743504, 28.4435806 ], [ -16.4743285, 28.4435405 ], [ -16.4742587, 28.4434707 ], [ -16.4742603, 28.4434411 ], [ -16.4743038, 28.4433764 ], [ -16.4743072, 28.4433623 ], [ -16.4743126, 28.4433537 ], [ -16.4743692, 28.4432702 ], [ -16.4744202, 28.4431859 ], [ -16.4744776, 28.4430652 ], [ -16.4744878, 28.4430275 ], [ -16.4744833, 28.4429406 ], [ -16.4745068, 28.4428529 ], [ -16.4745273, 28.4428146 ], [ -16.4746371, 28.4426634 ], [ -16.4746533, 28.4426354 ], [ -16.474755, 28.4425067 ], [ -16.4748154, 28.4424393 ], [ -16.4748726, 28.4423779 ], [ -16.4749303, 28.4423038 ], [ -16.4749533, 28.4422821 ], [ -16.4751221, 28.4421466 ], [ -16.4751896, 28.4421006 ], [ -16.4752576, 28.4420505 ], [ -16.4753003, 28.4419927 ], [ -16.4753195, 28.4419727 ], [ -16.4753799, 28.4419081 ], [ -16.4754491, 28.4418452 ], [ -16.4756081, 28.441727 ], [ -16.4757581, 28.4416675 ], [ -16.4758126, 28.4416494 ], [ -16.4758581, 28.4416056 ], [ -16.4759379, 28.4415554 ], [ -16.4759736, 28.4415333 ], [ -16.4760621, 28.4414638 ], [ -16.4762442, 28.4413514 ], [ -16.4763418, 28.4412549 ], [ -16.4766037, 28.4409822 ], [ -16.476702, 28.4409358 ], [ -16.4768102, 28.4409258 ], [ -16.4769553, 28.4409351 ], [ -16.4770627, 28.4409583 ], [ -16.4771999, 28.4410018 ], [ -16.4773032, 28.4410621 ], [ -16.4775099, 28.4411573 ], [ -16.4776819, 28.4412093 ], [ -16.4777853, 28.4412274 ], [ -16.4779728, 28.4412265 ], [ -16.478037, 28.4412227 ], [ -16.4782025, 28.4412285 ] ] ] } },
{ "type": "Feature", "properties": { "fid_": 0, "bic_nombre": "CASERÍO DE ICOR", "bic_catego": "CONJUNTO HISTÓRICO", "bic_entorn": 0, "municipio_": "ARICO", "bic_descri": "Bien de Interés Cultural con categoría de Conjunto Histórico del “Caserío de Icor”, en el municipio de Arico, declarado por Decreto 76/2005, de 17 de mayo, del Gobierno de Canarias, publicado en el BOC nº 103 de 26 de mayo de 2005. No cuenta con", "boletin1_n": "BOC Nº 103 de 26 de mayo de 2005", "boletin1_u": "http://www.gobiernodecanarias.org/boc/2005/103/005.html", "boletin2_n": null, "boletin2_u": null }, "geometry": { "type": "Polygon", "coordinates": [ [ [ -16.4565628, 28.2073005 ], [ -16.4582015, 28.2056865 ], [ -16.4582206, 28.2056646 ], [ -16.4595937, 28.2042998 ], [ -16.4596139, 28.2042842 ], [ -16.459637, 28.204256 ], [ -16.4596557, 28.2042134 ], [ -16.4596513, 28.2040392 ], [ -16.4596031, 28.2039423 ], [ -16.4595421, 28.2038707 ], [ -16.4594894, 28.2038217 ], [ -16.4594502, 28.203786 ], [ -16.459257, 28.203659 ], [ -16.459105, 28.2035721 ], [ -16.4589206, 28.2034992 ], [ -16.4586719, 28.2034152 ], [ -16.4584152, 28.2033421 ], [ -16.458251, 28.2033276 ], [ -16.4580861, 28.2033393 ], [ -16.4579943, 28.203334 ], [ -16.4578981, 28.2033007 ], [ -16.4576457, 28.2031662 ], [ -16.4575482, 28.2031185 ], [ -16.4574896, 28.2030785 ], [ -16.4574594, 28.2030301 ], [ -16.4574524, 28.2029607 ], [ -16.4574591, 28.2028523 ], [ -16.4572952, 28.2026374 ], [ -16.457242, 28.20262 ], [ -16.4571449, 28.2026002 ], [ -16.4570761, 28.2025567 ], [ -16.4570035, 28.2025377 ], [ -16.4569075, 28.202527 ], [ -16.456807, 28.202547 ], [ -16.4567632, 28.2025492 ], [ -16.4566989, 28.2025409 ], [ -16.4566784, 28.2025303 ], [ -16.4566494, 28.2024954 ], [ -16.4566839, 28.2024156 ], [ -16.4567179, 28.2023665 ], [ -16.4567349, 28.2023429 ], [ -16.4567786, 28.2022594 ], [ -16.4568093, 28.2021968 ], [ -16.4568164, 28.2021173 ], [ -16.4568034, 28.2020596 ], [ -16.4567774, 28.2020229 ], [ -16.4566889, 28.2019562 ], [ -16.4564581, 28.2018359 ], [ -16.4563585, 28.2017837 ], [ -16.4531215, 28.2031105 ], [ -16.4531689, 28.2032996 ], [ -16.453232, 28.2034487 ], [ -16.4532955, 28.2035455 ], [ -16.4534083, 28.2036743 ], [ -16.4534909, 28.2037574 ], [ -16.4536177, 28.2038697 ], [ -16.4536542, 28.2039325 ], [ -16.4537016, 28.2040421 ], [ -16.4537357, 28.2041555 ], [ -16.4538209, 28.2044326 ], [ -16.4539366, 28.2049223 ], [ -16.4539697, 28.2049626 ], [ -16.4543959, 28.2052099 ], [ -16.4545812, 28.2053532 ], [ -16.4546246, 28.205397 ], [ -16.4546652, 28.2054588 ], [ -16.4548739, 28.2056714 ], [ -16.4550535, 28.2058491 ], [ -16.4551414, 28.2059402 ], [ -16.4552763, 28.2060489 ], [ -16.4553906, 28.206211 ], [ -16.4554655, 28.2063285 ], [ -16.4556158, 28.2065182 ], [ -16.4556366, 28.2065487 ], [ -16.4558129, 28.2067011 ], [ -16.4559217, 28.2068317 ], [ -16.456197, 28.2069994 ], [ -16.456403, 28.2071624 ], [ -16.4565628, 28.2073005 ] ] ] } },
{ "type": "Feature", "properties": { "fid_": 0, "bic_nombre": "MORRO GRUESO", "bic_catego": "ZONA ARQUEOLÓGICA", "bic_entorn": 0, "municipio_": "ADEJE", "bic_descri": "Bien de Interés Cultural con categoría de Zona Arqueológica de “Morro Grueso”, en el municipio de Adeje, declarado en virtud del artículo 62.2.a) de la Ley 4/1999, de 15 de marzo, de Patrimonio Histórico de Canarias y delimitación por Decreto 6", "boletin1_n": "BOC nº 65 de 22 de mayo de 2002", "boletin1_u": "http://www.gobiernodecanarias.org/boc/2002/065/016.html", "boletin2_n": null, "boletin2_u": null }, "geometry": { "type": "Polygon", "coordinates": [ [ [ -16.7266207, 28.1100393 ], [ -16.7266314, 28.1100264 ], [ -16.7266345, 28.1100026 ], [ -16.7266207, 28.109977 ], [ -16.7265901, 28.1099567 ], [ -16.7264982, 28.1099197 ], [ -16.7264349, 28.1098962 ], [ -16.7264048, 28.1098906 ], [ -16.7263398, 28.1098814 ], [ -16.7263107, 28.1098797 ], [ -16.7262461, 28.1098806 ], [ -16.7262078, 28.1098872 ], [ -16.7261158, 28.109911 ], [ -16.7259979, 28.109942 ], [ -16.7259092, 28.1099601 ], [ -16.7257423, 28.1099957 ], [ -16.7256053, 28.110031 ], [ -16.7255107, 28.1100533 ], [ -16.7254103, 28.110066 ], [ -16.7252758, 28.1100677 ], [ -16.7252171, 28.1100716 ], [ -16.7251608, 28.1100805 ], [ -16.7250563, 28.1101179 ], [ -16.7248996, 28.1101654 ], [ -16.7247525, 28.110209 ], [ -16.724661, 28.1102411 ], [ -16.7245797, 28.1102753 ], [ -16.7244107, 28.1103826 ], [ -16.7242653, 28.1104895 ], [ -16.7239898, 28.1106749 ], [ -16.7238428, 28.1107613 ], [ -16.7236855, 28.1108629 ], [ -16.7235516, 28.1109528 ], [ -16.7235208, 28.1109713 ], [ -16.7234486, 28.1110073 ], [ -16.7233861, 28.1110298 ], [ -16.7232551, 28.1110665 ], [ -16.7231845, 28.1110943 ], [ -16.7230555, 28.1111434 ], [ -16.7228764, 28.1111864 ], [ -16.7226692, 28.1111931 ], [ -16.7225371, 28.1111917 ], [ -16.722393, 28.1111777 ], [ -16.7222173, 28.1111673 ], [ -16.7221652, 28.1111597 ], [ -16.7220269, 28.1111276 ], [ -16.7218124, 28.1110672 ], [ -16.7217232, 28.1110378 ], [ -16.7215662, 28.1109768 ], [ -16.721415, 28.1109111 ], [ -16.7212968, 28.1108634 ], [ -16.7212453, 28.1108523 ], [ -16.7211905, 28.1108499 ], [ -16.721144, 28.1108567 ], [ -16.7210652, 28.1108762 ], [ -16.7210221, 28.110892 ], [ -16.7209003, 28.1109356 ], [ -16.7207618, 28.1109802 ], [ -16.7205417, 28.1110836 ], [ -16.7203509, 28.1111603 ], [ -16.7202657, 28.1111866 ], [ -16.7201568, 28.1112174 ], [ -16.7199493, 28.1112727 ], [ -16.7198374, 28.1113009 ], [ -16.7197287, 28.1113136 ], [ -16.7196834, 28.1113178 ], [ -16.7195694, 28.1113254 ], [ -16.7194391, 28.1113276 ], [ -16.7193972, 28.1113307 ], [ -16.7192107, 28.1113501 ], [ -16.7189741, 28.1113737 ], [ -16.7188624, 28.1113751 ], [ -16.7185393, 28.1113714 ], [ -16.7183815, 28.1113682 ], [ -16.7182569, 28.1113651 ], [ -16.7181537, 28.1113561 ], [ -16.7149305, 28.1117566 ], [ -16.7147835, 28.1122283 ], [ -16.7147643, 28.1122912 ], [ -16.7147452, 28.1123586 ], [ -16.7146807, 28.1124311 ], [ -16.7145855, 28.1124815 ], [ -16.7145154, 28.1125182 ], [ -16.7144861, 28.1125813 ], [ -16.7144473, 28.1126803 ], [ -16.7144332, 28.1127477 ], [ -16.7144088, 28.1128017 ], [ -16.7143488, 28.1128383 ], [ -16.7142849, 28.112951 ], [ -16.7142311, 28.1130637 ], [ -16.7141876, 28.1131851 ], [ -16.714138, 28.1132439 ], [ -16.714074, 28.1133477 ], [ -16.7139907, 28.1135055 ], [ -16.7139067, 28.113623 ], [ -16.7138586, 28.1137759 ], [ -16.7137946, 28.113986 ], [ -16.7161247, 28.114178 ], [ -16.71844, 28.1135057 ], [ -16.7184579, 28.1134967 ], [ -16.71853, 28.1134907 ], [ -16.7185727, 28.1134977 ], [ -16.7187346, 28.113518 ], [ -16.7189623, 28.1135376 ], [ -16.7190493, 28.1135342 ], [ -16.7191487, 28.1135247 ], [ -16.7192795, 28.1135096 ], [ -16.7193858, 28.1134875 ], [ -16.7196257, 28.1134274 ], [ -16.7196877, 28.1134132 ], [ -16.7197699, 28.1133801 ], [ -16.7199134, 28.1133151 ], [ -16.7199841, 28.1132747 ], [ -16.7200493, 28.1132373 ], [ -16.7200875, 28.1132239 ], [ -16.7201282, 28.1132213 ], [ -16.7201644, 28.1132135 ], [ -16.7202466, 28.1131651 ], [ -16.7202863, 28.1130981 ], [ -16.7202984, 28.1130685 ], [ -16.7203148, 28.1130218 ], [ -16.7203393, 28.112988 ], [ -16.7204329, 28.1129503 ], [ -16.7204753, 28.1129403 ], [ -16.7205085, 28.1129359 ], [ -16.7206092, 28.1129168 ], [ -16.7207588, 28.1129043 ], [ -16.7207982, 28.112895 ], [ -16.7209028, 28.1128839 ], [ -16.7209318, 28.1128769 ], [ -16.7209814, 28.1128488 ], [ -16.7210627, 28.1127632 ], [ -16.7210976, 28.112725 ], [ -16.7212209, 28.1126094 ], [ -16.7212566, 28.1125853 ], [ -16.7212841, 28.1125545 ], [ -16.7213167, 28.1124797 ], [ -16.7213398, 28.1124005 ], [ -16.721371, 28.112349 ], [ -16.7214316, 28.112278 ], [ -16.7214911, 28.1122154 ], [ -16.7215319, 28.1121796 ], [ -16.7216308, 28.1121037 ], [ -16.7218503, 28.1119616 ], [ -16.7219588, 28.1119014 ], [ -16.7219836, 28.1118876 ], [ -16.7220477, 28.1118564 ], [ -16.7221079, 28.1118334 ], [ -16.7222028, 28.111804 ], [ -16.7223435, 28.1117619 ], [ -16.7224125, 28.1117388 ], [ -16.7224698, 28.1117159 ], [ -16.7225548, 28.1116828 ], [ -16.7226301, 28.1116591 ], [ -16.7227072, 28.1116406 ], [ -16.7227589, 28.1116322 ], [ -16.722912, 28.1116159 ], [ -16.7230283, 28.1115901 ], [ -16.7230891, 28.1115713 ], [ -16.7232073, 28.1115316 ], [ -16.7233393, 28.1114896 ], [ -16.7234298, 28.1114616 ], [ -16.7235203, 28.1114336 ], [ -16.7236458, 28.1113872 ], [ -16.7237662, 28.1113364 ], [ -16.7239335, 28.1112619 ], [ -16.7240069, 28.1112259 ], [ -16.7240904, 28.1111773 ], [ -16.724166, 28.111132 ], [ -16.7242835, 28.1110598 ], [ -16.724442, 28.1109517 ], [ -16.7245458, 28.1108986 ], [ -16.7246931, 28.1108239 ], [ -16.7250837, 28.1106433 ], [ -16.7252066, 28.1105811 ], [ -16.7252712, 28.1105447 ], [ -16.725503, 28.1104401 ], [ -16.7255954, 28.110393 ], [ -16.7257066, 28.110326 ], [ -16.7258195, 28.1102838 ], [ -16.7259454, 28.1102413 ], [ -16.7260703, 28.1102059 ], [ -16.7261958, 28.110175 ], [ -16.7262903, 28.1101528 ], [ -16.7263849, 28.1101306 ], [ -16.7264675, 28.1101121 ], [ -16.7265346, 28.110089 ], [ -16.7265878, 28.1100649 ], [ -16.7266207, 28.1100393 ] ] ] } },
{ "type": "Feature", "properties": { "fid_": 0, "bic_nombre": "ROQUE DE CHIJAFE", "bic_catego": "ZONA ARQUEOLÓGICA", "bic_entorn": 0, "municipio_": "ARONA", "bic_descri": "Bien de Interés Cultural con categoría de Zona Arqueológica del “Roque de Chijafe”, en el municipio de Arona, declarado por Decreto 208/2008, de 14 de octubre, del Gobierno de Canarias, publicado en el BOC nº 213 de 23 de octubre de 2008.", "boletin1_n": "BOC nº 213 de 23 de octubre de 2008", "boletin1_u": "http://www.gobiernodecanarias.org/boc/2008/213/005.html", "boletin2_n": null, "boletin2_u": null }, "geometry": { "type": "Polygon", "coordinates": [ [ [ -16.6780927, 28.0748877 ], [ -16.6786654, 28.0742543 ], [ -16.6787359, 28.0741901 ], [ -16.678776, 28.0741588 ], [ -16.6788598, 28.0740841 ], [ -16.6788938, 28.0740322 ], [ -16.678941, 28.0739631 ], [ -16.6789822, 28.0738838 ], [ -16.6790201, 28.0738371 ], [ -16.6790501, 28.0737767 ], [ -16.679067, 28.0737474 ], [ -16.679088, 28.07373 ], [ -16.679105, 28.0737041 ], [ -16.6791221, 28.0736833 ], [ -16.6791409, 28.073654 ], [ -16.6791737, 28.0736043 ], [ -16.6792032, 28.0735607 ], [ -16.6792546, 28.0735104 ], [ -16.6792945, 28.0734705 ], [ -16.6793742, 28.0733787 ], [ -16.6794211, 28.073314 ], [ -16.6794704, 28.0732432 ], [ -16.6795941, 28.0731105 ], [ -16.6796834, 28.0730134 ], [ -16.6798617, 28.0728039 ], [ -16.6799432, 28.0727035 ], [ -16.6800638, 28.072505 ], [ -16.6801551, 28.0722932 ], [ -16.6801959, 28.072183 ], [ -16.6802193, 28.0720697 ], [ -16.6802687, 28.0718926 ], [ -16.6802999, 28.0717894 ], [ -16.6803463, 28.0716706 ], [ -16.6804066, 28.0715739 ], [ -16.680452, 28.07151 ], [ -16.6805666, 28.0713822 ], [ -16.6838005, 28.072093 ], [ -16.6840174, 28.0719684 ], [ -16.6841744, 28.0717894 ], [ -16.6842218, 28.0717533 ], [ -16.6842471, 28.071736 ], [ -16.684369, 28.0716623 ], [ -16.6844083, 28.0716207 ], [ -16.6844195, 28.0715885 ], [ -16.6844153, 28.0715596 ], [ -16.6843892, 28.071526 ], [ -16.684344, 28.0714982 ], [ -16.6842958, 28.0714775 ], [ -16.6839325, 28.0713402 ], [ -16.6837043, 28.0712234 ], [ -16.6836265, 28.0711901 ], [ -16.683572, 28.0711667 ], [ -16.6835017, 28.0711128 ], [ -16.6834278, 28.0710828 ], [ -16.6832527, 28.0710028 ], [ -16.6831359, 28.0709459 ], [ -16.6830037, 28.0708893 ], [ -16.6828166, 28.0707854 ], [ -16.6824215, 28.0705649 ], [ -16.682329, 28.0704795 ], [ -16.6822181, 28.0703061 ], [ -16.6820961, 28.0701603 ], [ -16.6820325, 28.0700514 ], [ -16.6819967, 28.0699833 ], [ -16.6819605, 28.0698878 ], [ -16.6819521, 28.0697931 ], [ -16.6826037, 28.0694132 ], [ -16.6826265, 28.069041 ], [ -16.6826111, 28.0689992 ], [ -16.6825835, 28.0689618 ], [ -16.6825389, 28.0689238 ], [ -16.6823849, 28.0688614 ], [ -16.6822142, 28.0688155 ], [ -16.6821287, 28.0687858 ], [ -16.6819544, 28.0687536 ], [ -16.679364, 28.0688105 ], [ -16.679232, 28.0690782 ], [ -16.6791981, 28.06913 ], [ -16.6791835, 28.0691885 ], [ -16.6791727, 28.0692366 ], [ -16.6791127, 28.0693573 ], [ -16.6790869, 28.069433 ], [ -16.6790534, 28.0695156 ], [ -16.6790269, 28.0695536 ], [ -16.6790011, 28.0696293 ], [ -16.6789486, 28.0697328 ], [ -16.678893, 28.0698842 ], [ -16.6788373, 28.0700288 ], [ -16.6787748, 28.0702352 ], [ -16.678738, 28.0703522 ], [ -16.6786968, 28.0704349 ], [ -16.6786404, 28.0705315 ], [ -16.6785992, 28.0706177 ], [ -16.6785774, 28.0707071 ], [ -16.6785258, 28.0708688 ], [ -16.6784807, 28.0709481 ], [ -16.6783794, 28.0711378 ], [ -16.6783269, 28.0712413 ], [ -16.6782131, 28.0713797 ], [ -16.6781484, 28.0714422 ], [ -16.678091, 28.0714772 ], [ -16.678022, 28.0715089 ], [ -16.6779685, 28.0715472 ], [ -16.6778803, 28.0715894 ], [ -16.6777729, 28.0716387 ], [ -16.6776925, 28.0716876 ], [ -16.6776469, 28.0717362 ], [ -16.6776282, 28.0717731 ], [ -16.6776097, 28.0718257 ], [ -16.6776182, 28.0718804 ], [ -16.6776649, 28.0722967 ], [ -16.6776661, 28.0723728 ], [ -16.6776591, 28.0724611 ], [ -16.677632, 28.0725636 ], [ -16.6775982, 28.0727044 ], [ -16.6775842, 28.0727301 ], [ -16.6775016, 28.0729737 ], [ -16.677495, 28.073012 ], [ -16.677482, 28.0731015 ], [ -16.6774843, 28.0732483 ], [ -16.6774713, 28.0733378 ], [ -16.677467, 28.073523 ], [ -16.6774684, 28.0736187 ], [ -16.6774414, 28.0737276 ], [ -16.6774282, 28.0738043 ], [ -16.6774295, 28.0738937 ], [ -16.6774163, 28.0739704 ], [ -16.6773887, 28.0740474 ], [ -16.6773396, 28.0741245 ], [ -16.6773117, 28.0741823 ], [ -16.6772981, 28.0742336 ], [ -16.677293, 28.0743174 ], [ -16.6773145, 28.074461 ], [ -16.6773346, 28.0745122 ], [ -16.677397, 28.074577 ], [ -16.6775351, 28.0746647 ], [ -16.6776368, 28.0747273 ], [ -16.6777599, 28.0747768 ], [ -16.6779189, 28.0748196 ], [ -16.6780927, 28.0748877 ] ] ] } },
{ "type": "Feature", "properties": { "fid_": 0, "bic_nombre": "CASERIOS DE CHIRCHE  Y  ARIPE", "bic_catego": "CONJUNTO HISTÓRICO", "bic_entorn": 0, "municipio_": "GUIA DE ISORA", "bic_descri": "Bien de Interés Cultural con categoría de Conjunto Histórico de los “Caseríos de Chirche y Aripe”, en el municipio de Guía de Isora, declarado por Decreto 223/2008, de 18 de noviembre, del Gobierno de Canarias, publicado en el BOC nº 239 de 28", "boletin1_n": "BOC nº 239 de 28 de noviembre de 2008", "boletin1_u": "http://www.gobiernodecanarias.org/boc/2008/239/011.html", "boletin2_n": null, "boletin2_u": null }, "geometry": { "type": "MultiPolygon", "coordinates": [ [ [ [ -16.7688579, 28.2154522 ], [ -16.7681283, 28.215 ], [ -16.7681356, 28.2150008 ], [ -16.7681468, 28.2149999 ], [ -16.7682054, 28.2149876 ], [ -16.7682152, 28.2149843 ], [ -16.7682416, 28.21497 ], [ -16.7682491, 28.2149631 ], [ -16.7683199, 28.2148775 ], [ -16.7683234, 28.2148691 ], [ -16.7683451, 28.2147725 ], [ -16.768332, 28.2147702 ], [ -16.7682947, 28.2147585 ], [ -16.7682755, 28.2147558 ], [ -16.768186, 28.2147451 ], [ -16.7681038, 28.2147244 ], [ -16.7680708, 28.214715 ], [ -16.7679983, 28.2146842 ], [ -16.767947, 28.2146562 ], [ -16.7678789, 28.2146171 ], [ -16.7678299, 28.2145943 ], [ -16.7678051, 28.2145894 ], [ -16.7677889, 28.21459 ], [ -16.7676522, 28.2146251 ], [ -16.7675749, 28.2146463 ], [ -16.7674777, 28.2146737 ], [ -16.7674358, 28.2146801 ], [ -16.7674203, 28.2146788 ], [ -16.7674034, 28.2146745 ], [ -16.7673793, 28.2146643 ], [ -16.7673647, 28.2146601 ], [ -16.7673109, 28.2146453 ], [ -16.7672764, 28.2146399 ], [ -16.7672469, 28.2146339 ], [ -16.7672081, 28.2146333 ], [ -16.7671643, 28.2146342 ], [ -16.7671167, 28.2146369 ], [ -16.7670143, 28.2146453 ], [ -16.7668581, 28.2146623 ], [ -16.7667867, 28.2146777 ], [ -16.7667921, 28.2146956 ], [ -16.7667896, 28.2147043 ], [ -16.7667846, 28.2147134 ], [ -16.7667766, 28.2147256 ], [ -16.7667678, 28.2147342 ], [ -16.7666887, 28.2147929 ], [ -16.7666175, 28.2148464 ], [ -16.7665109, 28.2148988 ], [ -16.7664694, 28.2149184 ], [ -16.7663716, 28.2149565 ], [ -16.7663002, 28.2149858 ], [ -16.7662121, 28.2150599 ], [ -16.7662044, 28.2150686 ], [ -16.766119, 28.2151934 ], [ -16.7660639, 28.2153064 ], [ -16.7660635, 28.2153193 ], [ -16.7660719, 28.2154585 ], [ -16.7660768, 28.2154798 ], [ -16.7660981, 28.2155208 ], [ -16.7661249, 28.2155504 ], [ -16.7661329, 28.2155551 ], [ -16.7661563, 28.2155638 ], [ -16.7661747, 28.2155686 ], [ -16.7662411, 28.2155774 ], [ -16.7662523, 28.2155767 ], [ -16.7662552, 28.2155764 ], [ -16.7662694, 28.2155743 ], [ -16.7662913, 28.2156329 ], [ -16.7663542, 28.2158023 ], [ -16.7663434, 28.2158395 ], [ -16.7663446, 28.2158591 ], [ -16.7663481, 28.2158758 ], [ -16.7663616, 28.2159178 ], [ -16.7664013, 28.2160183 ], [ -16.7664233, 28.2160395 ], [ -16.766392, 28.2160817 ], [ -16.766345, 28.2161186 ], [ -16.7663178, 28.2161304 ], [ -16.7660801, 28.2162093 ], [ -16.7659895, 28.2162464 ], [ -16.7658769, 28.2163193 ], [ -16.7658005, 28.2163593 ], [ -16.7657352, 28.2163839 ], [ -16.7656945, 28.2163997 ], [ -16.7656147, 28.2164307 ], [ -16.7655989, 28.2164369 ], [ -16.765539, 28.216464 ], [ -16.7654558, 28.2165017 ], [ -16.7653825, 28.216535 ], [ -16.7653114, 28.2165817 ], [ -16.7652654, 28.2166186 ], [ -16.7651927, 28.2166767 ], [ -16.7651452, 28.2167146 ], [ -16.7651272, 28.2167278 ], [ -16.765021, 28.2168058 ], [ -16.7649667, 28.2168647 ], [ -16.7649508, 28.2168817 ], [ -16.7649316, 28.2169023 ], [ -16.7649108, 28.2169279 ], [ -16.7648967, 28.2169493 ], [ -16.764883, 28.2171317 ], [ -16.7648779, 28.217195 ], [ -16.7648222, 28.2172823 ], [ -16.7645588, 28.2174465 ], [ -16.7644157, 28.2175367 ], [ -16.7647645, 28.2178078 ], [ -16.7648179, 28.2178211 ], [ -16.7648853, 28.2178435 ], [ -16.7650225, 28.2178816 ], [ -16.7651374, 28.2179075 ], [ -16.7651857, 28.2179137 ], [ -16.7652217, 28.217897 ], [ -16.7652686, 28.21787 ], [ -16.7653168, 28.2178595 ], [ -16.7653611, 28.2178714 ], [ -16.765393, 28.2179055 ], [ -16.7653985, 28.2179509 ], [ -16.7654005, 28.2180502 ], [ -16.7654124, 28.2180955 ], [ -16.7654439, 28.2181246 ], [ -16.7654938, 28.2181291 ], [ -16.7655443, 28.2181029 ], [ -16.7655914, 28.2180911 ], [ -16.7656329, 28.2180886 ], [ -16.7656739, 28.2181048 ], [ -16.7657005, 28.2181383 ], [ -16.7657098, 28.2181699 ], [ -16.7657446, 28.2181249 ], [ -16.7657758, 28.2180924 ], [ -16.7658228, 28.2180567 ], [ -16.7658493, 28.2180402 ], [ -16.7659148, 28.2180039 ], [ -16.7659444, 28.2179896 ], [ -16.7660358, 28.2179527 ], [ -16.7660727, 28.2179339 ], [ -16.7660956, 28.2179206 ], [ -16.7661142, 28.2179055 ], [ -16.7661413, 28.2178749 ], [ -16.7661683, 28.2178455 ], [ -16.7662365, 28.2177686 ], [ -16.7662807, 28.2177784 ], [ -16.7664341, 28.2178765 ], [ -16.7665698, 28.217957 ], [ -16.7665964, 28.2179537 ], [ -16.7666789, 28.2179367 ], [ -16.7668106, 28.217914 ], [ -16.7668512, 28.2179026 ], [ -16.7669013, 28.2178798 ], [ -16.7669438, 28.2178565 ], [ -16.7670406, 28.217792 ], [ -16.767123, 28.2177368 ], [ -16.7671695, 28.2177101 ], [ -16.7672176, 28.2176945 ], [ -16.7672621, 28.2176916 ], [ -16.7672696, 28.2176925 ], [ -16.7672932, 28.2176656 ], [ -16.7673222, 28.2176406 ], [ -16.7673789, 28.2175954 ], [ -16.767409, 28.2175755 ], [ -16.7674277, 28.2175571 ], [ -16.767452, 28.2175225 ], [ -16.7674715, 28.2175284 ], [ -16.7675382, 28.2175389 ], [ -16.7676354, 28.2175566 ], [ -16.7676795, 28.2175681 ], [ -16.7677551, 28.2176022 ], [ -16.7677982, 28.2176234 ], [ -16.7678347, 28.2176359 ], [ -16.7678766, 28.2176346 ], [ -16.7679327, 28.2176524 ], [ -16.7679689, 28.2176733 ], [ -16.7679862, 28.2176874 ], [ -16.767997, 28.2176986 ], [ -16.7679989, 28.217701 ], [ -16.768014, 28.217728 ], [ -16.7681206, 28.2176977 ], [ -16.7681604, 28.2176826 ], [ -16.7681852, 28.2176711 ], [ -16.768198, 28.2176583 ], [ -16.7682076, 28.2176472 ], [ -16.7682198, 28.2176292 ], [ -16.7682274, 28.2175913 ], [ -16.7682346, 28.2175462 ], [ -16.768255, 28.2175391 ], [ -16.7682687, 28.2175158 ], [ -16.7687855, 28.2170651 ], [ -16.7686242, 28.2167165 ], [ -16.7685054, 28.2166243 ], [ -16.7684325, 28.2165676 ], [ -16.7683332, 28.2164934 ], [ -16.768289, 28.2164455 ], [ -16.7682138, 28.2163366 ], [ -16.7682056, 28.2163179 ], [ -16.7682072, 28.2162951 ], [ -16.7682134, 28.2162804 ], [ -16.7682459, 28.216251 ], [ -16.7682861, 28.2162367 ], [ -16.7684058, 28.2162215 ], [ -16.768469, 28.2162186 ], [ -16.7684814, 28.216218 ], [ -16.7684821, 28.2162157 ], [ -16.7685145, 28.2161777 ], [ -16.7684738, 28.2160722 ], [ -16.7684137, 28.2159533 ], [ -16.7683984, 28.2159125 ], [ -16.7684273, 28.2158912 ], [ -16.7684546, 28.2158745 ], [ -16.7685491, 28.2158155 ], [ -16.7686251, 28.2157464 ], [ -16.7687604, 28.2155874 ], [ -16.7687766, 28.2155646 ], [ -16.7688579, 28.2154522 ] ] ], [ [ [ -16.7625779, 28.2183342 ], [ -16.7625862, 28.2183048 ], [ -16.762534, 28.2182651 ], [ -16.7624507, 28.2182378 ], [ -16.7624011, 28.218232 ], [ -16.7623375, 28.218225 ], [ -16.7622617, 28.2182217 ], [ -16.7621495, 28.218169 ], [ -16.7621001, 28.2181559 ], [ -16.7620224, 28.2181331 ], [ -16.7619009, 28.2180887 ], [ -16.7618758, 28.2180793 ], [ -16.7617929, 28.2180371 ], [ -16.7617473, 28.2180374 ], [ -16.7617122, 28.2180479 ], [ -16.7616762, 28.2180658 ], [ -16.7616534, 28.218077 ], [ -16.7616134, 28.2181042 ], [ -16.7615694, 28.2181432 ], [ -16.761527, 28.2181678 ], [ -16.7614858, 28.218183 ], [ -16.7614446, 28.2181933 ], [ -16.7613743, 28.2182079 ], [ -16.7613345, 28.2182116 ], [ -16.761306, 28.2182079 ], [ -16.7611747, 28.2181615 ], [ -16.760895, 28.2180593 ], [ -16.7607315, 28.2180347 ], [ -16.7605334, 28.2180166 ], [ -16.7603132, 28.2180289 ], [ -16.7600124, 28.2180682 ], [ -16.7598312, 28.218041 ], [ -16.7595273, 28.2180273 ], [ -16.7593826, 28.2180313 ], [ -16.7592489, 28.218031 ], [ -16.7592298, 28.2180314 ], [ -16.7590862, 28.2180413 ], [ -16.7589451, 28.2180802 ], [ -16.7588912, 28.2181037 ], [ -16.758867, 28.218117 ], [ -16.7588521, 28.2181274 ], [ -16.7587095, 28.2182243 ], [ -16.7586348, 28.2182756 ], [ -16.7585471, 28.2183405 ], [ -16.7584641, 28.2184012 ], [ -16.7583837, 28.2184596 ], [ -16.7583423, 28.2184901 ], [ -16.7582309, 28.2185661 ], [ -16.7581987, 28.2185898 ], [ -16.7581794, 28.2186046 ], [ -16.7581455, 28.2186393 ], [ -16.7580743, 28.2187176 ], [ -16.7580074, 28.2187757 ], [ -16.7579506, 28.218799 ], [ -16.7578869, 28.2188093 ], [ -16.7577617, 28.2187884 ], [ -16.7576406, 28.2187741 ], [ -16.7576091, 28.2187703 ], [ -16.7575527, 28.2187725 ], [ -16.7575097, 28.2187836 ], [ -16.757413, 28.2187883 ], [ -16.7573623, 28.218789 ], [ -16.7572545, 28.2187895 ], [ -16.7571932, 28.2187914 ], [ -16.7571252, 28.2187899 ], [ -16.7570438, 28.2187793 ], [ -16.7569898, 28.2187624 ], [ -16.7569759, 28.2187521 ], [ -16.7569439, 28.2187274 ], [ -16.7569168, 28.2186863 ], [ -16.7568881, 28.2186635 ], [ -16.7568344, 28.2186735 ], [ -16.7567782, 28.2187076 ], [ -16.7567423, 28.2187634 ], [ -16.7567181, 28.2188245 ], [ -16.7567054, 28.218842 ], [ -16.7566798, 28.2188774 ], [ -16.7566466, 28.2189061 ], [ -16.7566132, 28.2189253 ], [ -16.7565566, 28.219003 ], [ -16.7565298, 28.2190503 ], [ -16.7565284, 28.219092 ], [ -16.7565486, 28.2190986 ], [ -16.7565703, 28.2191795 ], [ -16.7566119, 28.219197 ], [ -16.7566693, 28.2192089 ], [ -16.7566903, 28.2192156 ], [ -16.7569361, 28.2191891 ], [ -16.7570943, 28.2192235 ], [ -16.7571195, 28.219229 ], [ -16.7571568, 28.2192372 ], [ -16.7572479, 28.2192525 ], [ -16.7572941, 28.2192601 ], [ -16.7573109, 28.219265 ], [ -16.7573411, 28.2192742 ], [ -16.7574205, 28.2192983 ], [ -16.7574859, 28.2193181 ], [ -16.7575953, 28.2193494 ], [ -16.757561, 28.21939 ], [ -16.7575431, 28.2194429 ], [ -16.757532, 28.2194979 ], [ -16.7575356, 28.2195665 ], [ -16.7575438, 28.2196138 ], [ -16.7575495, 28.2197144 ], [ -16.7575342, 28.2197487 ], [ -16.7575231, 28.2197893 ], [ -16.7575154, 28.2198147 ], [ -16.7574989, 28.2198482 ], [ -16.7574709, 28.2199134 ], [ -16.7574538, 28.2199562 ], [ -16.7574679, 28.2199801 ], [ -16.7574898, 28.2199885 ], [ -16.757532, 28.2199889 ], [ -16.7575385, 28.2199881 ], [ -16.7576054, 28.2199838 ], [ -16.7576564, 28.2199918 ], [ -16.7576862, 28.2200039 ], [ -16.7577441, 28.2200441 ], [ -16.7577968, 28.2201163 ], [ -16.7578002, 28.2201209 ], [ -16.7578102, 28.2201758 ], [ -16.7578207, 28.2202749 ], [ -16.7578174, 28.2203161 ], [ -16.7578163, 28.2203278 ], [ -16.7578167, 28.220387 ], [ -16.7578273, 28.2204259 ], [ -16.7578712, 28.2204724 ], [ -16.7579049, 28.2204811 ], [ -16.7579327, 28.2204816 ], [ -16.7579848, 28.2204778 ], [ -16.7580655, 28.2204471 ], [ -16.7580987, 28.2204362 ], [ -16.7581157, 28.2204362 ], [ -16.7581305, 28.2204425 ], [ -16.7581458, 28.220469 ], [ -16.7581497, 28.2204874 ], [ -16.7582254, 28.2204847 ], [ -16.7584627, 28.2204755 ], [ -16.7585207, 28.2204114 ], [ -16.758542, 28.220374 ], [ -16.7586005, 28.2202323 ], [ -16.7586154, 28.2201817 ], [ -16.7586265, 28.2201584 ], [ -16.7586831, 28.2200406 ], [ -16.7587366, 28.2199955 ], [ -16.7587791, 28.2199599 ], [ -16.7589558, 28.2198225 ], [ -16.7590249, 28.2198124 ], [ -16.7590999, 28.2198209 ], [ -16.7591873, 28.2198654 ], [ -16.7591919, 28.2198687 ], [ -16.759226, 28.2198924 ], [ -16.7593284, 28.2199177 ], [ -16.7595282, 28.2199424 ], [ -16.7596391, 28.2199952 ], [ -16.7597378, 28.2200521 ], [ -16.7598082, 28.2201022 ], [ -16.7598816, 28.2201366 ], [ -16.7599938, 28.2201472 ], [ -16.7600523, 28.220126 ], [ -16.7601118, 28.2201009 ], [ -16.7601581, 28.2200794 ], [ -16.7603153, 28.2199756 ], [ -16.7603188, 28.2199712 ], [ -16.7603275, 28.2199705 ], [ -16.7604184, 28.2199479 ], [ -16.7604653, 28.2199252 ], [ -16.7604916, 28.2199094 ], [ -16.7605073, 28.2198991 ], [ -16.7605299, 28.2199315 ], [ -16.7605433, 28.2199442 ], [ -16.7606023, 28.21985 ], [ -16.7607092, 28.2199536 ], [ -16.7607574, 28.2199922 ], [ -16.7608858, 28.2200241 ], [ -16.7609422, 28.2199282 ], [ -16.7613513, 28.2197303 ], [ -16.761405, 28.2197029 ], [ -16.7612672, 28.219516 ], [ -16.7614295, 28.2194262 ], [ -16.7614924, 28.2193918 ], [ -16.7616795, 28.2192894 ], [ -16.7616901, 28.2192482 ], [ -16.7617476, 28.2191793 ], [ -16.7617916, 28.2191414 ], [ -16.7618446, 28.2191178 ], [ -16.7618908, 28.2190874 ], [ -16.7619772, 28.2189922 ], [ -16.7619854, 28.218956 ], [ -16.7620709, 28.2189572 ], [ -16.7621456, 28.2189551 ], [ -16.7622505, 28.2189382 ], [ -16.7622769, 28.2189287 ], [ -16.7622696, 28.2188772 ], [ -16.7622995, 28.2188476 ], [ -16.7623066, 28.2188076 ], [ -16.7622933, 28.2187817 ], [ -16.7623151, 28.2187725 ], [ -16.762355, 28.2186571 ], [ -16.7623783, 28.2185968 ], [ -16.7623846, 28.2185491 ], [ -16.7623689, 28.2184599 ], [ -16.7623753, 28.2184151 ], [ -16.7624095, 28.218388 ], [ -16.7624561, 28.218371 ], [ -16.7625464, 28.2183495 ], [ -16.7625779, 28.2183342 ] ] ] ] } },
{ "type": "Feature", "properties": { "fid_": 0, "bic_nombre": "CASERIO  DE MASCA", "bic_catego": "CONJUNTO HISTÓRICO", "bic_entorn": 0, "municipio_": "BUENAVISTA DEL NORTE", "bic_descri": "Bien de Interés Cultural con categoría de Conjunto Histórico del “Caserío de Masca”, en el municipio de Buenavista del Norte, declarado por Decreto 126/2004, de 7 de septiembre, del Gobierno de Canarias, publicado en el BOC nº 185 de 23 de septi", "boletin1_n": "BOC nº 185 de 23 de septiembre de 2004", "boletin1_u": "http://www.gobiernodecanarias.org/boc/2004/185/004.html", "boletin2_n": null, "boletin2_u": null }, "geometry": { "type": "Polygon", "coordinates": [ [ [ -16.8419498, 28.3100346 ], [ -16.8419588, 28.3100264 ], [ -16.8420399, 28.3099991 ], [ -16.8421493, 28.309957 ], [ -16.8421969, 28.3099392 ], [ -16.8422589, 28.3099249 ], [ -16.8422905, 28.3099271 ], [ -16.8423397, 28.3099409 ], [ -16.8423726, 28.3099576 ], [ -16.8424057, 28.3099797 ], [ -16.842445, 28.3100135 ], [ -16.8424679, 28.3100412 ], [ -16.8425079, 28.3101155 ], [ -16.8425414, 28.3101665 ], [ -16.8425686, 28.3102013 ], [ -16.8426075, 28.3102116 ], [ -16.8426657, 28.3102172 ], [ -16.8428022, 28.310209 ], [ -16.8428602, 28.3102001 ], [ -16.8430052, 28.3101557 ], [ -16.843066, 28.3101315 ], [ -16.8432146, 28.3100545 ], [ -16.8432619, 28.3100196 ], [ -16.8432876, 28.3099769 ], [ -16.843306, 28.3099161 ], [ -16.8433148, 28.3093015 ], [ -16.8432965, 28.3090707 ], [ -16.8432846, 28.308912 ], [ -16.8432642, 28.3087932 ], [ -16.8432368, 28.3086826 ], [ -16.8431889, 28.3085659 ], [ -16.8431693, 28.3085163 ], [ -16.843143, 28.3084582 ], [ -16.8430909, 28.3083732 ], [ -16.842942, 28.3082914 ], [ -16.8428984, 28.3082501 ], [ -16.8427927, 28.3081201 ], [ -16.8426818, 28.3080105 ], [ -16.8426729, 28.3080038 ], [ -16.8425425, 28.3079101 ], [ -16.842538, 28.3079043 ], [ -16.8424182, 28.3077861 ], [ -16.8423666, 28.3076641 ], [ -16.8423412, 28.3075934 ], [ -16.8423186, 28.3075635 ], [ -16.8422942, 28.3075492 ], [ -16.8422821, 28.3075493 ], [ -16.8422325, 28.3075481 ], [ -16.8422106, 28.3075542 ], [ -16.8421493, 28.3075706 ], [ -16.842123, 28.3075817 ], [ -16.8421002, 28.3075995 ], [ -16.8420678, 28.3076331 ], [ -16.842055, 28.3076566 ], [ -16.8420465, 28.3076753 ], [ -16.8419867, 28.3077813 ], [ -16.8419488, 28.3079444 ], [ -16.8419254, 28.3080587 ], [ -16.8419078, 28.3081223 ], [ -16.8419004, 28.308137 ], [ -16.8418746, 28.3081081 ], [ -16.8418632, 28.3080868 ], [ -16.8417933, 28.3079933 ], [ -16.8417844, 28.3079856 ], [ -16.8416865, 28.3079256 ], [ -16.8416709, 28.307916 ], [ -16.8416295, 28.3078718 ], [ -16.8415656, 28.3078054 ], [ -16.8415578, 28.3078007 ], [ -16.8415112, 28.3077799 ], [ -16.8414902, 28.3077753 ], [ -16.8414494, 28.30777 ], [ -16.8413372, 28.3077725 ], [ -16.8413262, 28.3077746 ], [ -16.8412977, 28.3077828 ], [ -16.8409975, 28.3078599 ], [ -16.8409327, 28.3078685 ], [ -16.8409117, 28.307862 ], [ -16.8409852, 28.307786 ], [ -16.8410548, 28.3077354 ], [ -16.8410634, 28.3077226 ], [ -16.8410913, 28.3076833 ], [ -16.8411384, 28.3076067 ], [ -16.841147, 28.3075949 ], [ -16.8412598, 28.3074959 ], [ -16.8413783, 28.3074135 ], [ -16.8413913, 28.3074016 ], [ -16.8414011, 28.3073947 ], [ -16.8414632, 28.3072955 ], [ -16.8414986, 28.3071752 ], [ -16.8415144, 28.307137 ], [ -16.8415706, 28.3070739 ], [ -16.8416084, 28.3070325 ], [ -16.8417015, 28.3069416 ], [ -16.8417155, 28.3069258 ], [ -16.8417414, 28.3068953 ], [ -16.8417618, 28.3067995 ], [ -16.8417627, 28.3067908 ], [ -16.8417524, 28.3067052 ], [ -16.8417421, 28.3066771 ], [ -16.8417273, 28.30665 ], [ -16.8417116, 28.3066366 ], [ -16.8416592, 28.3066258 ], [ -16.8416111, 28.3066155 ], [ -16.8414685, 28.3065765 ], [ -16.8413973, 28.3065356 ], [ -16.8413649, 28.3065049 ], [ -16.841349, 28.3064759 ], [ -16.8413455, 28.3064633 ], [ -16.8413453, 28.3064555 ], [ -16.8414027, 28.3063972 ], [ -16.8415298, 28.3063049 ], [ -16.8416556, 28.3061922 ], [ -16.8417163, 28.3061388 ], [ -16.8417499, 28.3061081 ], [ -16.8417768, 28.3060746 ], [ -16.841781, 28.3060639 ], [ -16.8418072, 28.3059866 ], [ -16.8418218, 28.3059386 ], [ -16.8418378, 28.3059092 ], [ -16.8418892, 28.3058257 ], [ -16.8419052, 28.3058002 ], [ -16.8419172, 28.3057922 ], [ -16.8419736, 28.3057437 ], [ -16.8420169, 28.3057022 ], [ -16.8421506, 28.305606 ], [ -16.8422176, 28.305533 ], [ -16.8422788, 28.3054416 ], [ -16.842311, 28.305334 ], [ -16.8423173, 28.3053134 ], [ -16.8423303, 28.3052402 ], [ -16.8423305, 28.3051886 ], [ -16.8423231, 28.305139 ], [ -16.8423027, 28.3051091 ], [ -16.8421775, 28.3049958 ], [ -16.8421652, 28.3049804 ], [ -16.8420989, 28.3049024 ], [ -16.8420697, 28.3048687 ], [ -16.8420258, 28.3048119 ], [ -16.8419864, 28.3047647 ], [ -16.8419429, 28.3047312 ], [ -16.841924, 28.3047178 ], [ -16.8419118, 28.304714 ], [ -16.8417861, 28.3046972 ], [ -16.8417044, 28.3046847 ], [ -16.8416084, 28.3046714 ], [ -16.8415391, 28.3046684 ], [ -16.8414994, 28.304668 ], [ -16.8413926, 28.3046645 ], [ -16.8413101, 28.3046637 ], [ -16.841277, 28.3046632 ], [ -16.8411938, 28.3046848 ], [ -16.8411247, 28.3047023 ], [ -16.8410544, 28.3047071 ], [ -16.8410147, 28.3047028 ], [ -16.840977, 28.3046896 ], [ -16.8409514, 28.3046705 ], [ -16.8409346, 28.3046542 ], [ -16.8409133, 28.3046301 ], [ -16.8409042, 28.3046146 ], [ -16.8408813, 28.3045633 ], [ -16.8408556, 28.3044869 ], [ -16.8408572, 28.3043766 ], [ -16.8408751, 28.3042456 ], [ -16.8408844, 28.3040988 ], [ -16.8409215, 28.3039621 ], [ -16.8410341, 28.3038202 ], [ -16.841074, 28.3037662 ], [ -16.8410776, 28.3036282 ], [ -16.8410946, 28.3035843 ], [ -16.841182, 28.303508 ], [ -16.8412365, 28.3034602 ], [ -16.841287, 28.3034158 ], [ -16.8413278, 28.3033768 ], [ -16.8413547, 28.3033346 ], [ -16.841387, 28.3032893 ], [ -16.8413966, 28.3032502 ], [ -16.8414016, 28.3031977 ], [ -16.8414207, 28.3031555 ], [ -16.8414418, 28.3031221 ], [ -16.8414729, 28.3030955 ], [ -16.8415238, 28.3030703 ], [ -16.8415588, 28.3030419 ], [ -16.8415701, 28.3030121 ], [ -16.8415716, 28.3029824 ], [ -16.8415634, 28.302965 ], [ -16.8415356, 28.3029532 ], [ -16.8415138, 28.30295 ], [ -16.8414822, 28.3029504 ], [ -16.8414487, 28.3029526 ], [ -16.8414095, 28.3029636 ], [ -16.8413567, 28.302994 ], [ -16.8413139, 28.3030295 ], [ -16.8412853, 28.3030858 ], [ -16.8412511, 28.3031613 ], [ -16.8412243, 28.3032123 ], [ -16.841168, 28.3032672 ], [ -16.8411153, 28.3032994 ], [ -16.8410839, 28.3033068 ], [ -16.8410072, 28.3033253 ], [ -16.840913, 28.3033527 ], [ -16.8408449, 28.3034078 ], [ -16.8407809, 28.3034715 ], [ -16.8407598, 28.3035085 ], [ -16.8407194, 28.3035667 ], [ -16.8406357, 28.3036568 ], [ -16.8406136, 28.3036761 ], [ -16.8404683, 28.3037709 ], [ -16.8404197, 28.3038117 ], [ -16.8403601, 28.3039394 ], [ -16.8402773, 28.3042212 ], [ -16.8402734, 28.3042293 ], [ -16.8402095, 28.3043114 ], [ -16.8402015, 28.3043197 ], [ -16.8400629, 28.3043838 ], [ -16.8400213, 28.3043961 ], [ -16.840002, 28.3043999 ], [ -16.8398834, 28.3044404 ], [ -16.8398662, 28.3044487 ], [ -16.8398389, 28.3044581 ], [ -16.8398206, 28.304462 ], [ -16.8398104, 28.3044621 ], [ -16.8398021, 28.3044568 ], [ -16.8397065, 28.3043489 ], [ -16.8396412, 28.3042884 ], [ -16.8396266, 28.3042696 ], [ -16.8395562, 28.3041515 ], [ -16.8394946, 28.3040061 ], [ -16.839406, 28.3038918 ], [ -16.8393987, 28.3038847 ], [ -16.839333, 28.3038567 ], [ -16.8393114, 28.3038497 ], [ -16.8393022, 28.303849 ], [ -16.8391482, 28.3038429 ], [ -16.8391176, 28.3038442 ], [ -16.8390788, 28.3038412 ], [ -16.8390583, 28.3038369 ], [ -16.839043, 28.3037731 ], [ -16.8390434, 28.3037388 ], [ -16.8390401, 28.3037253 ], [ -16.8390084, 28.303658 ], [ -16.8390021, 28.30365 ], [ -16.8388881, 28.3035414 ], [ -16.8387774, 28.3034481 ], [ -16.8386616, 28.3033559 ], [ -16.8385296, 28.3032692 ], [ -16.8384583, 28.3032169 ], [ -16.83845, 28.3032098 ], [ -16.8384026, 28.303177 ], [ -16.8382453, 28.3031043 ], [ -16.8381016, 28.3030457 ], [ -16.8380749, 28.3030344 ], [ -16.8380646, 28.3030282 ], [ -16.8380552, 28.3030184 ], [ -16.8380478, 28.3030031 ], [ -16.8380477, 28.3029959 ], [ -16.8380514, 28.302976 ], [ -16.838069, 28.3029298 ], [ -16.8380927, 28.3028843 ], [ -16.8381414, 28.3027528 ], [ -16.8381727, 28.3026188 ], [ -16.8382261, 28.3023411 ], [ -16.8382696, 28.302206 ], [ -16.8383099, 28.3020584 ], [ -16.8383173, 28.3020141 ], [ -16.8383159, 28.3019338 ], [ -16.8383125, 28.3019112 ], [ -16.8383039, 28.3018852 ], [ -16.8382944, 28.3018673 ], [ -16.8382892, 28.3018619 ], [ -16.8382768, 28.3018513 ], [ -16.8382655, 28.3018451 ], [ -16.8382583, 28.3018425 ], [ -16.8381858, 28.3018381 ], [ -16.8381655, 28.3018392 ], [ -16.8380122, 28.3018214 ], [ -16.8379825, 28.3018146 ], [ -16.8378985, 28.3017914 ], [ -16.8378104, 28.3017655 ], [ -16.8377101, 28.3017461 ], [ -16.8376582, 28.3017486 ], [ -16.8375881, 28.3017685 ], [ -16.8375487, 28.3017862 ], [ -16.8375003, 28.3018193 ], [ -16.8374228, 28.3018799 ], [ -16.8373879, 28.3019228 ], [ -16.837336, 28.3019894 ], [ -16.8372502, 28.3020979 ], [ -16.8371295, 28.3022557 ], [ -16.8368857, 28.3025423 ], [ -16.8367359, 28.3027275 ], [ -16.8366479, 28.3028866 ], [ -16.8365476, 28.3030459 ], [ -16.8365168, 28.3031492 ], [ -16.8364923, 28.3032677 ], [ -16.8365015, 28.3033876 ], [ -16.836503, 28.3034743 ], [ -16.8365174, 28.3035399 ], [ -16.8365315, 28.3035912 ], [ -16.8365468, 28.3036052 ], [ -16.836563, 28.3036275 ], [ -16.8365864, 28.3036466 ], [ -16.8366488, 28.3036758 ], [ -16.8366889, 28.3036742 ], [ -16.8367363, 28.3036768 ], [ -16.8367523, 28.3036884 ], [ -16.8367797, 28.3037321 ], [ -16.8368109, 28.3037789 ], [ -16.8368551, 28.3038804 ], [ -16.8368751, 28.3039124 ], [ -16.836895, 28.3039379 ], [ -16.8369605, 28.3040058 ], [ -16.8370221, 28.3040566 ], [ -16.8370651, 28.3040861 ], [ -16.837097, 28.3041029 ], [ -16.8371312, 28.3041153 ], [ -16.8371836, 28.3041275 ], [ -16.8372309, 28.3041247 ], [ -16.8373423, 28.3041071 ], [ -16.8373968, 28.3040999 ], [ -16.8374442, 28.3040982 ], [ -16.8374953, 28.3041061 ], [ -16.8375552, 28.3041279 ], [ -16.8376518, 28.3041685 ], [ -16.8377093, 28.3041946 ], [ -16.8377792, 28.3042302 ], [ -16.8378528, 28.3042765 ], [ -16.8378982, 28.3043049 ], [ -16.8379596, 28.3043449 ], [ -16.8379979, 28.3043701 ], [ -16.8380392, 28.3043984 ], [ -16.8380948, 28.3044338 ], [ -16.8381672, 28.3044807 ], [ -16.8382384, 28.3045281 ], [ -16.8382986, 28.3045703 ], [ -16.8383589, 28.3046125 ], [ -16.8383921, 28.3046378 ], [ -16.8384412, 28.3046716 ], [ -16.8384855, 28.3047011 ], [ -16.8385212, 28.3047317 ], [ -16.8385691, 28.3047633 ], [ -16.838612, 28.3047853 ], [ -16.8386633, 28.3048008 ], [ -16.838718, 28.3048054 ], [ -16.8387641, 28.3048048 ], [ -16.838832, 28.3047996 ], [ -16.8388782, 28.3048011 ], [ -16.8389244, 28.3048058 ], [ -16.8389549, 28.304813 ], [ -16.8389807, 28.3048298 ], [ -16.8390067, 28.3048617 ], [ -16.8390319, 28.3049151 ], [ -16.8390522, 28.3049653 ], [ -16.839075, 28.3050177 ], [ -16.839132, 28.3050825 ], [ -16.8391691, 28.3051207 ], [ -16.839195, 28.3051493 ], [ -16.8392188, 28.3051866 ], [ -16.8392483, 28.305212 ], [ -16.8392791, 28.3052331 ], [ -16.8393232, 28.3052551 ], [ -16.8393953, 28.3052863 ], [ -16.8394796, 28.3053131 ], [ -16.8395271, 28.3053243 ], [ -16.8395954, 28.3053374 ], [ -16.8396452, 28.3053378 ], [ -16.8397142, 28.3053293 ], [ -16.839776, 28.305322 ], [ -16.8398209, 28.3053161 ], [ -16.8398718, 28.3053143 ], [ -16.8399192, 28.3053147 ], [ -16.8399498, 28.3053294 ], [ -16.8399817, 28.3053514 ], [ -16.8400531, 28.30541 ], [ -16.8402031, 28.305537 ], [ -16.8402684, 28.3056011 ], [ -16.8402873, 28.3056324 ], [ -16.8403018, 28.3057044 ], [ -16.8403168, 28.3058026 ], [ -16.8403205, 28.3058404 ], [ -16.8403211, 28.3058747 ], [ -16.8403128, 28.305929 ], [ -16.8402974, 28.3059797 ], [ -16.8402687, 28.3060316 ], [ -16.840228, 28.3060971 ], [ -16.8401964, 28.306158 ], [ -16.8401711, 28.3062269 ], [ -16.8401634, 28.3062514 ], [ -16.8401571, 28.3063011 ], [ -16.8401576, 28.3063282 ], [ -16.840203, 28.3066569 ], [ -16.8402058, 28.3067029 ], [ -16.8402071, 28.3067778 ], [ -16.8402112, 28.30684 ], [ -16.8402151, 28.3068833 ], [ -16.8402217, 28.3069139 ], [ -16.8402283, 28.3069409 ], [ -16.8402515, 28.3069866 ], [ -16.8402883, 28.3070483 ], [ -16.8403248, 28.3070993 ], [ -16.8403426, 28.3071252 ], [ -16.8403541, 28.3071431 ], [ -16.8403763, 28.3071852 ], [ -16.8403827, 28.3072041 ], [ -16.8403841, 28.3072257 ], [ -16.8403805, 28.3072537 ], [ -16.8403647, 28.3072864 ], [ -16.8402269, 28.3074507 ], [ -16.8402171, 28.3074779 ], [ -16.8402105, 28.3075069 ], [ -16.8401861, 28.3075704 ], [ -16.8401586, 28.3076303 ], [ -16.8401338, 28.3076695 ], [ -16.8401168, 28.3076896 ], [ -16.8400159, 28.307755 ], [ -16.8398523, 28.3077888 ], [ -16.8397572, 28.3078298 ], [ -16.8396555, 28.3079043 ], [ -16.8395365, 28.3080421 ], [ -16.8394845, 28.3080979 ], [ -16.83944, 28.3081824 ], [ -16.8394892, 28.3082575 ], [ -16.8395637, 28.3083179 ], [ -16.8396534, 28.3083781 ], [ -16.8396976, 28.3083982 ], [ -16.8398695, 28.3084907 ], [ -16.839962, 28.3085309 ], [ -16.8400193, 28.3085428 ], [ -16.8401275, 28.3085521 ], [ -16.8402969, 28.3085571 ], [ -16.8403768, 28.3085768 ], [ -16.840427, 28.3085914 ], [ -16.8407628, 28.3086681 ], [ -16.8408561, 28.3086975 ], [ -16.840886, 28.308717 ], [ -16.840925, 28.3087923 ], [ -16.8409996, 28.308923 ], [ -16.8410424, 28.3089802 ], [ -16.8412676, 28.3092091 ], [ -16.8412938, 28.3092466 ], [ -16.8413188, 28.3092761 ], [ -16.8413614, 28.309502 ], [ -16.8414135, 28.3098605 ], [ -16.8414151, 28.3098975 ], [ -16.8414128, 28.309939 ], [ -16.8414211, 28.3100057 ], [ -16.8414629, 28.3100683 ], [ -16.8415183, 28.3100856 ], [ -16.8415684, 28.3100921 ], [ -16.8416305, 28.3100904 ], [ -16.8419498, 28.3100346 ] ] ] } },
{ "type": "Feature", "properties": { "fid_": 0, "bic_nombre": "CASERIO DE LA HOYA", "bic_catego": "SITIO HISTÓRICO", "bic_entorn": 0, "municipio_": "SAN MIGUEL", "bic_descri": "Bien de Interés Cultural con categoría de Sitio Etnológico del “Caserío de la Hoya”, en el municipio de San Miguel, declarado por Decreto 44/2015, de 9 de abril, del Gobierno de Canarias, publicado en el BOC nº 73 de 17 de abril de 2015.", "boletin1_n": "BOC nº 73 de 17 de abril de 2015", "boletin1_u": "http://www.gobiernodecanarias.org/boc/2015/073/index.html", "boletin2_n": null, "boletin2_u": null }, "geometry": { "type": "Polygon", "coordinates": [ [ [ -16.6345306, 28.085474 ], [ -16.634439, 28.0850733 ], [ -16.634439, 28.0850732 ], [ -16.6331345, 28.0842703 ], [ -16.6331134, 28.0842445 ], [ -16.6330528, 28.0842229 ], [ -16.6326721, 28.084098 ], [ -16.632517, 28.0840437 ], [ -16.6325037, 28.0840391 ], [ -16.6324409, 28.0840034 ], [ -16.6324225, 28.0839718 ], [ -16.6324252, 28.0839184 ], [ -16.6323712, 28.0836905 ], [ -16.6323366, 28.0835809 ], [ -16.6323176, 28.0835493 ], [ -16.6323139, 28.0835436 ], [ -16.6322881, 28.0835028 ], [ -16.6322384, 28.0834556 ], [ -16.6322187, 28.0834369 ], [ -16.6321837, 28.0834145 ], [ -16.6321622, 28.0833997 ], [ -16.6321313, 28.0833801 ], [ -16.6321202, 28.0833722 ], [ -16.6320379, 28.0833473 ], [ -16.6319246, 28.0833209 ], [ -16.6317173, 28.0832862 ], [ -16.6317047, 28.0833158 ], [ -16.6316401, 28.0834671 ], [ -16.6315554, 28.0836361 ], [ -16.6313956, 28.0839734 ], [ -16.631351, 28.0840735 ], [ -16.6313358, 28.0841078 ], [ -16.6307478, 28.0839286 ], [ -16.6296407, 28.0854203 ], [ -16.6294917, 28.0854018 ], [ -16.6294827, 28.0854007 ], [ -16.629382, 28.0853951 ], [ -16.6293126, 28.0853776 ], [ -16.6292523, 28.0853565 ], [ -16.6291993, 28.0853334 ], [ -16.6291838, 28.0853307 ], [ -16.6290936, 28.0853272 ], [ -16.6290514, 28.0853208 ], [ -16.6290007, 28.0852775 ], [ -16.6289766, 28.0852577 ], [ -16.6289653, 28.0852493 ], [ -16.6289326, 28.085194 ], [ -16.6289271, 28.085168 ], [ -16.6289126, 28.0850664 ], [ -16.6289007, 28.0850528 ], [ -16.628807, 28.0849813 ], [ -16.6287413, 28.0849271 ], [ -16.628679, 28.0848686 ], [ -16.628609, 28.084797 ], [ -16.6285591, 28.0846982 ], [ -16.6284616, 28.084799 ], [ -16.6284503, 28.0848364 ], [ -16.6284809, 28.0848889 ], [ -16.6285351, 28.0849253 ], [ -16.6285957, 28.0849724 ], [ -16.6285842, 28.0850097 ], [ -16.6285907, 28.0850415 ], [ -16.6286029, 28.0850676 ], [ -16.6286335, 28.0851043 ], [ -16.6286581, 28.0851465 ], [ -16.628689, 28.0852103 ], [ -16.6287137, 28.085273 ], [ -16.6287206, 28.0853313 ], [ -16.6287523, 28.0853964 ], [ -16.6287701, 28.085442 ], [ -16.6287297, 28.0855485 ], [ -16.6287221, 28.0856385 ], [ -16.6287197, 28.085665 ], [ -16.6287021, 28.0856919 ], [ -16.6286552, 28.0857453 ], [ -16.6286087, 28.0858047 ], [ -16.6285974, 28.0858192 ], [ -16.6285555, 28.0858682 ], [ -16.6284619, 28.0860236 ], [ -16.6284298, 28.0861219 ], [ -16.6277757, 28.0857275 ], [ -16.6277604, 28.0858889 ], [ -16.6277583, 28.0859783 ], [ -16.6277681, 28.0860332 ], [ -16.6277945, 28.0860924 ], [ -16.627807, 28.0861175 ], [ -16.6278273, 28.0861583 ], [ -16.6278716, 28.0862791 ], [ -16.6278768, 28.0863235 ], [ -16.6279174, 28.0864161 ], [ -16.6279327, 28.0864531 ], [ -16.6279374, 28.0865034 ], [ -16.6279233, 28.0865498 ], [ -16.6278982, 28.0866054 ], [ -16.6278755, 28.0866814 ], [ -16.6278634, 28.0867244 ], [ -16.6278537, 28.0867728 ], [ -16.6278073, 28.0868714 ], [ -16.6277895, 28.0869122 ], [ -16.6277634, 28.0869951 ], [ -16.6277318, 28.087064 ], [ -16.6277271, 28.0871158 ], [ -16.6277294, 28.0872236 ], [ -16.627729, 28.0872836 ], [ -16.6277157, 28.0874855 ], [ -16.627697, 28.0876055 ], [ -16.6276754, 28.0876669 ], [ -16.6276489, 28.0877011 ], [ -16.6276445, 28.0877046 ], [ -16.6277178, 28.0877217 ], [ -16.6277537, 28.0877235 ], [ -16.6277709, 28.0877244 ], [ -16.6277855, 28.0877251 ], [ -16.6278339, 28.0877228 ], [ -16.6278512, 28.087723 ], [ -16.6278787, 28.087723 ], [ -16.6279021, 28.0877345 ], [ -16.6279075, 28.0877608 ], [ -16.6279107, 28.0877923 ], [ -16.6279281, 28.0877974 ], [ -16.6279593, 28.0877876 ], [ -16.6280132, 28.0877591 ], [ -16.6280505, 28.0877123 ], [ -16.6280722, 28.0876938 ], [ -16.6280945, 28.0876993 ], [ -16.6281102, 28.0877245 ], [ -16.6281234, 28.087746 ], [ -16.6281665, 28.0878166 ], [ -16.6281747, 28.087865 ], [ -16.6281522, 28.0878976 ], [ -16.6281221, 28.0879226 ], [ -16.6281013, 28.0879408 ], [ -16.6280688, 28.0879818 ], [ -16.6280778, 28.087995 ], [ -16.6281872, 28.0880279 ], [ -16.6281984, 28.0880367 ], [ -16.6282035, 28.088047 ], [ -16.6281784, 28.0880603 ], [ -16.6281442, 28.0880712 ], [ -16.6281158, 28.0880772 ], [ -16.6280153, 28.0881127 ], [ -16.6279896, 28.0881182 ], [ -16.627976, 28.0881401 ], [ -16.6279848, 28.0881618 ], [ -16.628015, 28.0881859 ], [ -16.6280909, 28.0882161 ], [ -16.6281751, 28.0882315 ], [ -16.6282412, 28.0882308 ], [ -16.6283528, 28.0882224 ], [ -16.6284288, 28.0882186 ], [ -16.6285397, 28.0882096 ], [ -16.6286743, 28.0881899 ], [ -16.6287895, 28.0881568 ], [ -16.6288833, 28.0881094 ], [ -16.6289493, 28.0880564 ], [ -16.6290127, 28.0879618 ], [ -16.6290317, 28.0879094 ], [ -16.6290432, 28.0878413 ], [ -16.6290361, 28.0878097 ], [ -16.6290165, 28.087732 ], [ -16.629015, 28.0877226 ], [ -16.6290039, 28.087643 ], [ -16.6290102, 28.0875802 ], [ -16.6290279, 28.0875284 ], [ -16.6290742, 28.087441 ], [ -16.6292102, 28.0873015 ], [ -16.6292753, 28.0872299 ], [ -16.6293119, 28.0871972 ], [ -16.6294103, 28.0871063 ], [ -16.6294561, 28.0870724 ], [ -16.6294784, 28.0870621 ], [ -16.6295782, 28.0870568 ], [ -16.6296444, 28.0870672 ], [ -16.6296962, 28.0870801 ], [ -16.6298977, 28.0871568 ], [ -16.6300161, 28.0872053 ], [ -16.6300565, 28.0872101 ], [ -16.6301072, 28.0871999 ], [ -16.6301276, 28.0871881 ], [ -16.6301978, 28.0871538 ], [ -16.6302738, 28.0871078 ], [ -16.6303265, 28.0870966 ], [ -16.630372, 28.0870855 ], [ -16.6304037, 28.0870869 ], [ -16.6304396, 28.087097 ], [ -16.6304943, 28.0871292 ], [ -16.6305303, 28.0873264 ], [ -16.6305485, 28.0873924 ], [ -16.6305935, 28.0874365 ], [ -16.6306766, 28.0874677 ], [ -16.630743, 28.0874869 ], [ -16.6307694, 28.087486 ], [ -16.6307973, 28.0874909 ], [ -16.6308382, 28.087484 ], [ -16.6308986, 28.0874563 ], [ -16.6309489, 28.0874164 ], [ -16.631002, 28.0873876 ], [ -16.6310631, 28.0873599 ], [ -16.6311263, 28.0873433 ], [ -16.6312807, 28.0873263 ], [ -16.6313323, 28.0873233 ], [ -16.6314585, 28.0873207 ], [ -16.6315007, 28.0873154 ], [ -16.6315674, 28.0873041 ], [ -16.6316457, 28.0872832 ], [ -16.6317062, 28.0872596 ], [ -16.6318416, 28.087163 ], [ -16.6319291, 28.0870899 ], [ -16.6319767, 28.0870465 ], [ -16.632062, 28.0869605 ], [ -16.6321775, 28.0868588 ], [ -16.6322063, 28.086838 ], [ -16.63226, 28.0868045 ], [ -16.6323282, 28.0867708 ], [ -16.6324238, 28.0867342 ], [ -16.6324839, 28.0867127 ], [ -16.6325426, 28.0866959 ], [ -16.6325972, 28.0866841 ], [ -16.6326365, 28.0866768 ], [ -16.6327268, 28.0866569 ], [ -16.6327945, 28.0866401 ], [ -16.6328472, 28.0866247 ], [ -16.6329127, 28.0866004 ], [ -16.6329979, 28.0865664 ], [ -16.633027, 28.0865547 ], [ -16.6330619, 28.08654 ], [ -16.6330987, 28.0865347 ], [ -16.6331353, 28.0865328 ], [ -16.6331756, 28.0865349 ], [ -16.6332025, 28.0865384 ], [ -16.6332312, 28.0865457 ], [ -16.6332629, 28.0865549 ], [ -16.633287, 28.0865645 ], [ -16.633317, 28.0865805 ], [ -16.6333365, 28.0865942 ], [ -16.6333519, 28.0866052 ], [ -16.6333744, 28.0866267 ], [ -16.6333882, 28.0866427 ], [ -16.6334047, 28.0866661 ], [ -16.6337539, 28.0865224 ], [ -16.6337258, 28.0864631 ], [ -16.6337121, 28.0864357 ], [ -16.6336893, 28.0863639 ], [ -16.6336544, 28.0862941 ], [ -16.633637, 28.086267 ], [ -16.6336351, 28.086264 ], [ -16.6345306, 28.085474 ] ] ] } },
{ "type": "Feature", "properties": { "fid_": 0, "bic_nombre": "BARRANCO DE AGUA DE DIOS", "bic_catego": "ZONA ARQUEOLÓGICA", "bic_entorn": 0, "municipio_": "TEGUESTE", "bic_descri": "Bien de Interés Cultural con categoría de Zona Arqueológica del “Barranco de Agua de Dios”, en los municipios de Tegueste y San Cristóbal de La Laguna, declarado por Decreto 166/2006, de 14 de noviembre, del Gobierno de Canarias, publicado en el", "boletin1_n": "BOC nº 228 de 23 de noviembre de 2006", "boletin1_u": "http://www.gobiernodecanarias.org/boc/2006/228/005.html", "boletin2_n": "BOC nº 13 de 20 de enero de 2021", "boletin2_u": "http://www.gobiernodecanarias.org/boc/2021/013/022.html" }, "geometry": { "type": "Polygon", "coordinates": [ [ [ -16.3435236, 28.5261165 ], [ -16.343545, 28.5261132 ], [ -16.3436767, 28.5260624 ], [ -16.3438636, 28.5259527 ], [ -16.3439455, 28.525911 ], [ -16.3440104, 28.5258838 ], [ -16.3441071, 28.5258828 ], [ -16.34424, 28.5259265 ], [ -16.344309, 28.5259537 ], [ -16.3443934, 28.5259979 ], [ -16.3444291, 28.5260219 ], [ -16.3444739, 28.5260423 ], [ -16.3445425, 28.5260775 ], [ -16.3445903, 28.5261279 ], [ -16.3446913, 28.5261339 ], [ -16.3448765, 28.5261691 ], [ -16.3450132, 28.5262024 ], [ -16.3451501, 28.5262532 ], [ -16.3451939, 28.5262955 ], [ -16.3452376, 28.5263275 ], [ -16.3453139, 28.5263499 ], [ -16.3454514, 28.5263497 ], [ -16.3455244, 28.5263131 ], [ -16.3455879, 28.5262592 ], [ -16.3456842, 28.5262062 ], [ -16.3457819, 28.5261636 ], [ -16.3458916, 28.5261359 ], [ -16.3459979, 28.5261452 ], [ -16.3461109, 28.5261719 ], [ -16.3461952, 28.5262046 ], [ -16.3462833, 28.526228 ], [ -16.3463795, 28.5262711 ], [ -16.3464988, 28.5263775 ], [ -16.3465769, 28.5264439 ], [ -16.3466509, 28.5264883 ], [ -16.3467314, 28.5265303 ], [ -16.34696, 28.5266854 ], [ -16.3470634, 28.5267735 ], [ -16.3471311, 28.5268457 ], [ -16.3471818, 28.5269181 ], [ -16.347324, 28.527073 ], [ -16.3474161, 28.5272565 ], [ -16.3474234, 28.5273768 ], [ -16.34739, 28.527618 ], [ -16.3473809, 28.5278148 ], [ -16.3473934, 28.527891 ], [ -16.3475568, 28.5282014 ], [ -16.3477505, 28.5286404 ], [ -16.3478054, 28.5287297 ], [ -16.3478852, 28.5288103 ], [ -16.348143, 28.5290062 ], [ -16.3481915, 28.5290379 ], [ -16.3482681, 28.5290287 ], [ -16.3484371, 28.529027 ], [ -16.3486758, 28.5290704 ], [ -16.3489151, 28.5291681 ], [ -16.3492513, 28.5293309 ], [ -16.3493345, 28.529381 ], [ -16.3493889, 28.529433 ], [ -16.3494722, 28.5294898 ], [ -16.3496404, 28.529578 ], [ -16.3497486, 28.5296295 ], [ -16.3498469, 28.5296608 ], [ -16.3499047, 28.5296738 ], [ -16.3499644, 28.5296867 ], [ -16.3500671, 28.5296951 ], [ -16.3505814, 28.529825 ], [ -16.3505971, 28.5298486 ], [ -16.3506199, 28.5299041 ], [ -16.3506749, 28.5300661 ], [ -16.3507768, 28.530401 ], [ -16.3507793, 28.5305985 ], [ -16.3507932, 28.5306565 ], [ -16.3508288, 28.5307026 ], [ -16.3508865, 28.5307524 ], [ -16.3509545, 28.530926 ], [ -16.3509988, 28.5309604 ], [ -16.3511261, 28.5309746 ], [ -16.3512583, 28.5310236 ], [ -16.3513151, 28.5310571 ], [ -16.3525018, 28.5305934 ], [ -16.3532191, 28.5300301 ], [ -16.3531681, 28.5299899 ], [ -16.3530838, 28.5299075 ], [ -16.3529687, 28.5298215 ], [ -16.3528829, 28.529801 ], [ -16.3528018, 28.5298057 ], [ -16.352738, 28.5297889 ], [ -16.3526103, 28.5297457 ], [ -16.3525217, 28.5296768 ], [ -16.3524897, 28.5295745 ], [ -16.3524899, 28.5294196 ], [ -16.3524938, 28.5292104 ], [ -16.3523634, 28.5291304 ], [ -16.3523059, 28.5289218 ], [ -16.3522249, 28.52876 ], [ -16.3521714, 28.5286908 ], [ -16.3520695, 28.5286105 ], [ -16.3516641, 28.5282814 ], [ -16.3513544, 28.5280676 ], [ -16.3510329, 28.5277881 ], [ -16.3508911, 28.5276772 ], [ -16.3507944, 28.5276588 ], [ -16.3504678, 28.5274916 ], [ -16.3502801, 28.5273928 ], [ -16.3502115, 28.5273431 ], [ -16.3501433, 28.5273225 ], [ -16.3499456, 28.5272974 ], [ -16.3498685, 28.5272691 ], [ -16.3496838, 28.527054 ], [ -16.3494625, 28.5268974 ], [ -16.3490143, 28.5266502 ], [ -16.3486748, 28.5265083 ], [ -16.3482156, 28.526265 ], [ -16.3479734, 28.5261802 ], [ -16.3475941, 28.5260117 ], [ -16.3468457, 28.5256124 ], [ -16.3467252, 28.5256175 ], [ -16.3466856, 28.5256063 ], [ -16.3466503, 28.5255931 ], [ -16.3465198, 28.5255033 ], [ -16.3464384, 28.5254942 ], [ -16.3463859, 28.525493 ], [ -16.3462933, 28.5254533 ], [ -16.3462298, 28.5254578 ], [ -16.3461663, 28.5254662 ], [ -16.346044, 28.5255003 ], [ -16.3459063, 28.5255365 ], [ -16.3455182, 28.5255346 ], [ -16.3451764, 28.5255593 ], [ -16.345047, 28.5255509 ], [ -16.3448003, 28.5255568 ], [ -16.3446728, 28.5255401 ], [ -16.3445071, 28.5255117 ], [ -16.344301, 28.5255118 ], [ -16.3441499, 28.5255249 ], [ -16.3439833, 28.5255536 ], [ -16.3438741, 28.5255727 ], [ -16.3437585, 28.5256159 ], [ -16.3437155, 28.5256505 ], [ -16.343669, 28.5257054 ], [ -16.343581, 28.5258926 ], [ -16.343514, 28.52598 ], [ -16.3434596, 28.5260303 ], [ -16.3434559, 28.52605 ], [ -16.34346, 28.5260674 ], [ -16.3434853, 28.5260984 ], [ -16.3435038, 28.5261109 ], [ -16.3435236, 28.5261165 ] ] ] } },
{ "type": "Feature", "properties": { "fid_": 0, "bic_nombre": "PICO  YEJE", "bic_catego": "ZONA ARQUEOLÓGICA", "bic_entorn": 0, "municipio_": "BUENAVISTA DEL NORTE", "bic_descri": "Bien de Interés Cultural con categoría de Zona Arqueológica de “Pico Yeje”, en el municipio de Buenavista del Norte, declarado por Decreto 74/2006, de 31 de mayo, del Gobierno de Canarias, publicado en el BOC nº 113 de 13 de junio de 2006.", "boletin1_n": "BOC nº 113 de 13 de junio de 2006", "boletin1_u": "http://www.gobiernodecanarias.org/boc/2006/113/005.html", "boletin2_n": null, "boletin2_u": null }, "geometry": { "type": "Polygon", "coordinates": [ [ [ -16.8473206, 28.3096308 ], [ -16.8491121, 28.3094648 ], [ -16.8491896, 28.3094536 ], [ -16.849622, 28.309305 ], [ -16.8499554, 28.3090991 ], [ -16.8502954, 28.3087784 ], [ -16.8506209, 28.3084102 ], [ -16.850556, 28.3083712 ], [ -16.8504292, 28.3082913 ], [ -16.8504111, 28.3082803 ], [ -16.8503978, 28.3082685 ], [ -16.8503913, 28.3082621 ], [ -16.8503785, 28.3082474 ], [ -16.850374, 28.3082398 ], [ -16.8503499, 28.3081863 ], [ -16.850337, 28.3081406 ], [ -16.8503339, 28.3080954 ], [ -16.8503233, 28.3079814 ], [ -16.8503203, 28.3079708 ], [ -16.8502885, 28.3079031 ], [ -16.8502372, 28.3077927 ], [ -16.8502361, 28.307789 ], [ -16.8502359, 28.3077263 ], [ -16.8502365, 28.3077209 ], [ -16.8502465, 28.3076926 ], [ -16.8502526, 28.3076833 ], [ -16.8502664, 28.3076694 ], [ -16.8503005, 28.3076407 ], [ -16.8503211, 28.3076226 ], [ -16.8503431, 28.3076025 ], [ -16.8503772, 28.3075746 ], [ -16.8504068, 28.3075586 ], [ -16.8505187, 28.3075019 ], [ -16.8505538, 28.307488 ], [ -16.8506254, 28.3074628 ], [ -16.8507195, 28.307443 ], [ -16.8508094, 28.3074229 ], [ -16.8508819, 28.3074127 ], [ -16.8509279, 28.307407 ], [ -16.8509603, 28.3074028 ], [ -16.8511233, 28.3073687 ], [ -16.8511384, 28.3073634 ], [ -16.8511755, 28.3073456 ], [ -16.8511862, 28.3073346 ], [ -16.851191, 28.3073231 ], [ -16.8511958, 28.3073083 ], [ -16.8511969, 28.3072866 ], [ -16.8511945, 28.3072458 ], [ -16.8511924, 28.307234 ], [ -16.8511728, 28.3071754 ], [ -16.8511676, 28.3071595 ], [ -16.8511583, 28.3071411 ], [ -16.8511516, 28.3071319 ], [ -16.8511286, 28.307085 ], [ -16.8511054, 28.307041 ], [ -16.8511025, 28.3070248 ], [ -16.8510879, 28.3069857 ], [ -16.8510829, 28.3069719 ], [ -16.8510769, 28.3069643 ], [ -16.8510613, 28.3069468 ], [ -16.8510551, 28.3069438 ], [ -16.8510413, 28.3069392 ], [ -16.851019, 28.3069354 ], [ -16.8509797, 28.3069322 ], [ -16.8508466, 28.3069192 ], [ -16.8508152, 28.306916 ], [ -16.8508022, 28.3069046 ], [ -16.8507944, 28.3068953 ], [ -16.8507877, 28.3068852 ], [ -16.8507817, 28.3068693 ], [ -16.8507713, 28.3068196 ], [ -16.8507722, 28.3068084 ], [ -16.8507791, 28.3067628 ], [ -16.8507801, 28.3067379 ], [ -16.8507793, 28.3066233 ], [ -16.8507705, 28.30661 ], [ -16.8507516, 28.306588 ], [ -16.8507085, 28.3065503 ], [ -16.8506944, 28.3065376 ], [ -16.8506548, 28.3065023 ], [ -16.8506417, 28.3064946 ], [ -16.8505837, 28.3064653 ], [ -16.8505342, 28.3064396 ], [ -16.8505061, 28.3064255 ], [ -16.8504993, 28.3064208 ], [ -16.85049, 28.3064125 ], [ -16.8504564, 28.3063743 ], [ -16.8504527, 28.3063679 ], [ -16.8504417, 28.3063404 ], [ -16.8504401, 28.3063311 ], [ -16.8504348, 28.3062814 ], [ -16.8504376, 28.3062225 ], [ -16.8504401, 28.3062124 ], [ -16.8504531, 28.3060996 ], [ -16.8504569, 28.3060654 ], [ -16.8504616, 28.3060546 ], [ -16.8504751, 28.3060432 ], [ -16.8504784, 28.3060395 ], [ -16.8504945, 28.306021 ], [ -16.8505181, 28.3059726 ], [ -16.8505216, 28.3059602 ], [ -16.8505287, 28.3059065 ], [ -16.8505288, 28.305896 ], [ -16.8505346, 28.3058686 ], [ -16.8505501, 28.3058657 ], [ -16.8506075, 28.3058671 ], [ -16.8507709, 28.3058724 ], [ -16.8508659, 28.3058742 ], [ -16.8509008, 28.3058736 ], [ -16.8510361, 28.3058682 ], [ -16.8511207, 28.3058555 ], [ -16.8511826, 28.3058466 ], [ -16.8511876, 28.3058396 ], [ -16.8511889, 28.3058313 ], [ -16.8511888, 28.3058217 ], [ -16.8511862, 28.3058054 ], [ -16.8511811, 28.3057777 ], [ -16.8511779, 28.30577 ], [ -16.8511608, 28.3057407 ], [ -16.8511506, 28.3057291 ], [ -16.8511123, 28.3056667 ], [ -16.8510756, 28.3056068 ], [ -16.8510564, 28.3054609 ], [ -16.8510517, 28.3054481 ], [ -16.8509913, 28.305316 ], [ -16.8509673, 28.3051714 ], [ -16.8509676, 28.3051615 ], [ -16.8509768, 28.3051546 ], [ -16.8509789, 28.3051539 ], [ -16.8509846, 28.3051535 ], [ -16.8510632, 28.3051365 ], [ -16.8511102, 28.3051208 ], [ -16.8511741, 28.3050909 ], [ -16.8512042, 28.3050745 ], [ -16.8512423, 28.305054 ], [ -16.8513099, 28.305017 ], [ -16.8513164, 28.3050118 ], [ -16.8513393, 28.3049882 ], [ -16.8513621, 28.3049652 ], [ -16.8513737, 28.3049491 ], [ -16.8514062, 28.3048909 ], [ -16.8514161, 28.3048774 ], [ -16.8514301, 28.3048618 ], [ -16.8514535, 28.304845 ], [ -16.8506048, 28.303363 ], [ -16.8505208, 28.303397 ], [ -16.8504876, 28.3034062 ], [ -16.8503277, 28.3034178 ], [ -16.8502209, 28.303413 ], [ -16.8501714, 28.303411 ], [ -16.8501569, 28.3034088 ], [ -16.8501117, 28.3034019 ], [ -16.8499598, 28.3033597 ], [ -16.849935, 28.3033518 ], [ -16.8499183, 28.3033484 ], [ -16.849811, 28.3033422 ], [ -16.8497712, 28.3033446 ], [ -16.8497556, 28.3033476 ], [ -16.8496507, 28.3034045 ], [ -16.8496293, 28.3034197 ], [ -16.8495923, 28.3034461 ], [ -16.8495746, 28.3034558 ], [ -16.8495369, 28.3034679 ], [ -16.8493848, 28.3034965 ], [ -16.8493696, 28.3034999 ], [ -16.8493138, 28.3035233 ], [ -16.8493066, 28.3035279 ], [ -16.8492801, 28.3035517 ], [ -16.8492407, 28.3035981 ], [ -16.8486372, 28.3036573 ], [ -16.8485919, 28.3037626 ], [ -16.8485575, 28.3038488 ], [ -16.8485423, 28.3038871 ], [ -16.8485364, 28.3039035 ], [ -16.8484944, 28.3040361 ], [ -16.8484775, 28.30408 ], [ -16.8484453, 28.3041658 ], [ -16.8483998, 28.3043518 ], [ -16.8483929, 28.3044093 ], [ -16.8483835, 28.3044906 ], [ -16.8483817, 28.3046366 ], [ -16.8483802, 28.3047811 ], [ -16.8483865, 28.3049219 ], [ -16.8484069, 28.3050515 ], [ -16.8484342, 28.305196 ], [ -16.8484666, 28.3053202 ], [ -16.8484829, 28.3053792 ], [ -16.8485255, 28.3057019 ], [ -16.8485289, 28.3057306 ], [ -16.8485539, 28.3059893 ], [ -16.848571, 28.3061468 ], [ -16.8485721, 28.3061569 ], [ -16.8485783, 28.3064385 ], [ -16.8485759, 28.3064633 ], [ -16.8485344, 28.3066352 ], [ -16.8485287, 28.3066595 ], [ -16.8485253, 28.3066704 ], [ -16.848523, 28.3067059 ], [ -16.8485229, 28.3067169 ], [ -16.8485182, 28.3067794 ], [ -16.8485159, 28.3068099 ], [ -16.8485156, 28.3068179 ], [ -16.8484995, 28.3069079 ], [ -16.8484954, 28.3069209 ], [ -16.848451, 28.3070486 ], [ -16.8484472, 28.3070563 ], [ -16.8484295, 28.3071342 ], [ -16.8484168, 28.3071965 ], [ -16.8484151, 28.307207 ], [ -16.8484029, 28.3072458 ], [ -16.848389, 28.3072889 ], [ -16.8483802, 28.3073167 ], [ -16.84837, 28.3073373 ], [ -16.8483611, 28.307364 ], [ -16.8483579, 28.3073817 ], [ -16.8483213, 28.3074691 ], [ -16.8482925, 28.307516 ], [ -16.8482463, 28.3075919 ], [ -16.84824, 28.3076002 ], [ -16.8482327, 28.3076062 ], [ -16.8481537, 28.3076732 ], [ -16.8481293, 28.3076943 ], [ -16.8480344, 28.3077736 ], [ -16.8480096, 28.3077943 ], [ -16.8478872, 28.3078915 ], [ -16.8477618, 28.3080203 ], [ -16.8477532, 28.308027 ], [ -16.8477393, 28.3080353 ], [ -16.8477193, 28.3080434 ], [ -16.8476618, 28.3080573 ], [ -16.8476507, 28.3080587 ], [ -16.8475654, 28.3080696 ], [ -16.8474015, 28.3080714 ], [ -16.8473867, 28.3080724 ], [ -16.8472422, 28.3081274 ], [ -16.8472275, 28.3081345 ], [ -16.8472176, 28.3081413 ], [ -16.8472065, 28.3081511 ], [ -16.847195, 28.3081659 ], [ -16.8471229, 28.3082917 ], [ -16.847112, 28.3083075 ], [ -16.8470559, 28.3083495 ], [ -16.8470396, 28.3083586 ], [ -16.8470212, 28.3083658 ], [ -16.8468683, 28.3083956 ], [ -16.846814, 28.3084104 ], [ -16.8467961, 28.3084176 ], [ -16.8467387, 28.3084557 ], [ -16.8467086, 28.3084759 ], [ -16.8466724, 28.3084999 ], [ -16.8466611, 28.3085064 ], [ -16.8466471, 28.3085154 ], [ -16.8465957, 28.3085383 ], [ -16.846577, 28.308544 ], [ -16.8465416, 28.3085463 ], [ -16.8468313, 28.3088213 ], [ -16.8468233, 28.3088335 ], [ -16.8468206, 28.308847 ], [ -16.846822, 28.3088595 ], [ -16.8468222, 28.3088612 ], [ -16.846834, 28.3089026 ], [ -16.8468384, 28.3089125 ], [ -16.8468581, 28.3089379 ], [ -16.8469169, 28.3089955 ], [ -16.8469661, 28.3090421 ], [ -16.846984, 28.3090579 ], [ -16.8469889, 28.3090623 ], [ -16.8470174, 28.3090877 ], [ -16.8470267, 28.309096 ], [ -16.8470287, 28.3090975 ], [ -16.8470355, 28.3091021 ], [ -16.8470418, 28.3091064 ], [ -16.8470571, 28.3091213 ], [ -16.8470601, 28.3091255 ], [ -16.8470621, 28.3091284 ], [ -16.8470655, 28.3091359 ], [ -16.8471525, 28.3092426 ], [ -16.8471724, 28.3092664 ], [ -16.8472247, 28.3093404 ], [ -16.8472561, 28.3093956 ], [ -16.8472879, 28.3094519 ], [ -16.8473044, 28.3094883 ], [ -16.8473189, 28.3095388 ], [ -16.8473212, 28.3095582 ], [ -16.8473232, 28.3095772 ], [ -16.8473206, 28.3096308 ] ] ] } },
{ "type": "Feature", "properties": { "fid_": 0, "bic_nombre": "JUAN FERNANDEZ - LA FUENTECILLA", "bic_catego": "ZONA ARQUEOLÓGICA", "bic_entorn": 0, "municipio_": "TACORONTE", "bic_descri": "Bien de Interés Cultural con categoría de Zona Arqueológica de “Juan Fernández-La Fuentecilla” en el municipio de Tacoronte, declarado por Decreto 128/2008, de 3 de junio, del Gobierno de Canarias, publicado en el BOC nº 118 de 13 de junio de 20", "boletin1_n": "BOC nº 118 de 13 de junio de 2008", "boletin1_u": "http://www.gobiernodecanarias.org/boc/2008/118/007.html", "boletin2_n": null, "boletin2_u": null }, "geometry": { "type": "MultiPolygon", "coordinates": [ [ [ [ -16.4157696, 28.5213563 ], [ -16.4159488, 28.5212264 ], [ -16.4159818, 28.5212097 ], [ -16.4161, 28.5211512 ], [ -16.4164252, 28.5209923 ], [ -16.4164996, 28.5209002 ], [ -16.4164919, 28.5207624 ], [ -16.4166401, 28.5207186 ], [ -16.416659, 28.5207861 ], [ -16.4166124, 28.5208382 ], [ -16.4165913, 28.5209039 ], [ -16.4166552, 28.5209399 ], [ -16.4167294, 28.5209094 ], [ -16.4168883, 28.5207505 ], [ -16.4170236, 28.5206909 ], [ -16.4171763, 28.52066 ], [ -16.4172435, 28.5206167 ], [ -16.4172696, 28.5205582 ], [ -16.4174537, 28.5206821 ], [ -16.4175219, 28.520715 ], [ -16.4175976, 28.5207228 ], [ -16.417652, 28.520668 ], [ -16.4176697, 28.5206036 ], [ -16.4177386, 28.5205732 ], [ -16.4178191, 28.5205753 ], [ -16.4178929, 28.5205517 ], [ -16.4179499, 28.5205085 ], [ -16.417995, 28.5204529 ], [ -16.4179955, 28.5203835 ], [ -16.4179741, 28.5203157 ], [ -16.4178898, 28.5201988 ], [ -16.4178593, 28.5199948 ], [ -16.4177576, 28.5198935 ], [ -16.4177275, 28.5198285 ], [ -16.4177632, 28.5197666 ], [ -16.4181536, 28.519612 ], [ -16.4182319, 28.5196026 ], [ -16.4183508, 28.5196091 ], [ -16.418488, 28.5197448 ], [ -16.4185788, 28.5198346 ], [ -16.418701, 28.5199744 ], [ -16.4187457, 28.5200041 ], [ -16.4188264, 28.5200282 ], [ -16.4188836, 28.5200155 ], [ -16.4189365, 28.5199961 ], [ -16.4189414, 28.5200382 ], [ -16.4189541, 28.5200746 ], [ -16.4190119, 28.5200981 ], [ -16.4190582, 28.5200318 ], [ -16.4190611, 28.5199561 ], [ -16.4190558, 28.519886 ], [ -16.4190164, 28.5198206 ], [ -16.4186486, 28.5194094 ], [ -16.4186059, 28.5193475 ], [ -16.4187444, 28.5192867 ], [ -16.4188383, 28.5191777 ], [ -16.4188369, 28.5191098 ], [ -16.4188016, 28.5190487 ], [ -16.4188201, 28.5189818 ], [ -16.4188901, 28.5188624 ], [ -16.4191294, 28.5185846 ], [ -16.4192802, 28.5184604 ], [ -16.4194955, 28.5183627 ], [ -16.4198014, 28.5183264 ], [ -16.4199808, 28.5184553 ], [ -16.4201317, 28.5184872 ], [ -16.4202076, 28.518477 ], [ -16.4202634, 28.5184278 ], [ -16.4202752, 28.5183658 ], [ -16.4203152, 28.5183 ], [ -16.4203936, 28.5182948 ], [ -16.4204638, 28.5182636 ], [ -16.4205269, 28.5181395 ], [ -16.4205166, 28.5180647 ], [ -16.4204522, 28.5179441 ], [ -16.4204056, 28.5178878 ], [ -16.4202785, 28.517813 ], [ -16.420262, 28.5177453 ], [ -16.420312, 28.5176935 ], [ -16.4203752, 28.5176537 ], [ -16.4204534, 28.5176357 ], [ -16.4205095, 28.5176816 ], [ -16.4205366, 28.517886 ], [ -16.4207424, 28.5180921 ], [ -16.4208556, 28.5181812 ], [ -16.4209169, 28.5181401 ], [ -16.4208449, 28.5180316 ], [ -16.4207997, 28.517965 ], [ -16.4208472, 28.5178776 ], [ -16.4208681, 28.517843 ], [ -16.4208468, 28.5177787 ], [ -16.4209007, 28.5177265 ], [ -16.4210549, 28.5177146 ], [ -16.421175, 28.5176299 ], [ -16.4212586, 28.5176187 ], [ -16.4213242, 28.5176473 ], [ -16.4213689, 28.5176348 ], [ -16.4213999, 28.5176284 ], [ -16.4214629, 28.5176742 ], [ -16.4215006, 28.5177289 ], [ -16.4215739, 28.5177427 ], [ -16.421611, 28.5176821 ], [ -16.4215667, 28.5173523 ], [ -16.4215259, 28.5172899 ], [ -16.4214487, 28.5172709 ], [ -16.4213718, 28.5172752 ], [ -16.421312, 28.5172422 ], [ -16.4213521, 28.5171868 ], [ -16.4213239, 28.5171174 ], [ -16.4211603, 28.5169677 ], [ -16.4211225, 28.5169122 ], [ -16.4211282, 28.5168313 ], [ -16.4212203, 28.5165817 ], [ -16.4213502, 28.5163859 ], [ -16.4213635, 28.5163617 ], [ -16.4214298, 28.5162225 ], [ -16.4214934, 28.5161737 ], [ -16.4216513, 28.5161832 ], [ -16.4217023, 28.5161379 ], [ -16.4216489, 28.5160757 ], [ -16.4216054, 28.5160306 ], [ -16.4214844, 28.5159346 ], [ -16.4213463, 28.5158802 ], [ -16.4212795, 28.5158387 ], [ -16.4211676, 28.5156988 ], [ -16.4210983, 28.5156127 ], [ -16.4210323, 28.5154869 ], [ -16.4210061, 28.5153521 ], [ -16.4209586, 28.515295 ], [ -16.4209305, 28.515088 ], [ -16.4208343, 28.5150033 ], [ -16.4207794, 28.514954 ], [ -16.4207024, 28.5148819 ], [ -16.4206237, 28.5147814 ], [ -16.4205184, 28.5144213 ], [ -16.4197318, 28.5148978 ], [ -16.4197759, 28.5149453 ], [ -16.4197873, 28.5149816 ], [ -16.4197833, 28.5150124 ], [ -16.4197794, 28.5150431 ], [ -16.419782, 28.5150738 ], [ -16.4198086, 28.5151195 ], [ -16.4198567, 28.5151363 ], [ -16.4199026, 28.5151608 ], [ -16.4199994, 28.5152557 ], [ -16.4200114, 28.5153399 ], [ -16.4200031, 28.5154581 ], [ -16.4200081, 28.5155041 ], [ -16.4200662, 28.5156913 ], [ -16.4200722, 28.5157404 ], [ -16.4199915, 28.5157921 ], [ -16.4202891, 28.5160923 ], [ -16.4203558, 28.516223 ], [ -16.4203434, 28.516283 ], [ -16.4203319, 28.5162982 ], [ -16.4202483, 28.5163908 ], [ -16.4201238, 28.5165308 ], [ -16.4199903, 28.5165434 ], [ -16.4198538, 28.5164725 ], [ -16.4194638, 28.5161608 ], [ -16.4193809, 28.5162017 ], [ -16.4193263, 28.5162406 ], [ -16.4192919, 28.516291 ], [ -16.4192789, 28.5163385 ], [ -16.4193747, 28.5165033 ], [ -16.4193839, 28.5166045 ], [ -16.4193233, 28.5166689 ], [ -16.4191715, 28.5167726 ], [ -16.4191124, 28.5168357 ], [ -16.4189573, 28.5169135 ], [ -16.418923, 28.5169346 ], [ -16.4187609, 28.5170328 ], [ -16.4187387, 28.5170149 ], [ -16.4187113, 28.5170122 ], [ -16.418686, 28.517018 ], [ -16.4186393, 28.5170616 ], [ -16.4185473, 28.5171457 ], [ -16.4183611, 28.5172666 ], [ -16.4181591, 28.5171123 ], [ -16.4181264, 28.5171109 ], [ -16.4179984, 28.5171687 ], [ -16.4179332, 28.5172193 ], [ -16.4178694, 28.5172286 ], [ -16.4178245, 28.5172657 ], [ -16.4178111, 28.517358 ], [ -16.4177733, 28.5174463 ], [ -16.4177549, 28.5175676 ], [ -16.4177415, 28.5176203 ], [ -16.4177304, 28.5176665 ], [ -16.4175993, 28.5178178 ], [ -16.4175822, 28.5178563 ], [ -16.4175512, 28.5178739 ], [ -16.417525, 28.5179146 ], [ -16.4174825, 28.5179495 ], [ -16.4174591, 28.5179877 ], [ -16.4174236, 28.5180299 ], [ -16.4173361, 28.5181669 ], [ -16.4172314, 28.5182107 ], [ -16.4170946, 28.5182293 ], [ -16.4170111, 28.5182293 ], [ -16.4169287, 28.5182255 ], [ -16.4168655, 28.5182063 ], [ -16.4167973, 28.5181768 ], [ -16.4167405, 28.5181973 ], [ -16.4167308, 28.5182426 ], [ -16.4167253, 28.5183387 ], [ -16.4167899, 28.5186082 ], [ -16.4168251, 28.5187982 ], [ -16.4168194, 28.5188857 ], [ -16.4168016, 28.5189381 ], [ -16.4167599, 28.5189936 ], [ -16.4167095, 28.5190157 ], [ -16.4166024, 28.5190328 ], [ -16.4164349, 28.5190892 ], [ -16.4161843, 28.5192138 ], [ -16.416077, 28.5192437 ], [ -16.4160654, 28.5192525 ], [ -16.4162984, 28.5195335 ], [ -16.4163125, 28.5195674 ], [ -16.4163126, 28.5196161 ], [ -16.4163003, 28.5196412 ], [ -16.4161433, 28.5197523 ], [ -16.4160789, 28.5197551 ], [ -16.4160107, 28.5197627 ], [ -16.4157289, 28.5198415 ], [ -16.4153993, 28.5199246 ], [ -16.4152068, 28.5199809 ], [ -16.4151489, 28.5199862 ], [ -16.4151328, 28.5199856 ], [ -16.4149394, 28.5199695 ], [ -16.4148413, 28.519967 ], [ -16.414308, 28.5199536 ], [ -16.41409, 28.5199607 ], [ -16.4140447, 28.5199607 ], [ -16.413948, 28.5199574 ], [ -16.4139319, 28.5199563 ], [ -16.4137497, 28.5199332 ], [ -16.4144213, 28.5204057 ], [ -16.4147271, 28.5206222 ], [ -16.4151186, 28.5208982 ], [ -16.4157696, 28.5213563 ] ] ], [ [ [ -16.4214435, 28.5181495 ], [ -16.421468, 28.5181331 ], [ -16.4215405, 28.5181002 ], [ -16.4215569, 28.5180644 ], [ -16.4215979, 28.5180134 ], [ -16.4216022, 28.5179432 ], [ -16.4215831, 28.5178801 ], [ -16.4215384, 28.5178496 ], [ -16.421459, 28.5178469 ], [ -16.421363, 28.5178721 ], [ -16.4212837, 28.517881 ], [ -16.4212565, 28.5178905 ], [ -16.4212255, 28.5179103 ], [ -16.4211958, 28.5179302 ], [ -16.4211728, 28.5179638 ], [ -16.4211841, 28.5180246 ], [ -16.4212689, 28.5181375 ], [ -16.421346, 28.5181563 ], [ -16.4214435, 28.5181495 ] ] ] ] } },
{ "type": "Feature", "properties": { "fid_": 0, "bic_nombre": "ANTIGUO SANTA CRUZ", "bic_catego": "CONJUNTO HISTÓRICO", "bic_entorn": 0, "municipio_": "SANTA CRUZ DE TENERIFE", "bic_descri": "Bien de Interés Cultural con categoría de Conjunto Histórico del “Antiguo Santa Cruz”, en el municipio homónimo, declarado por Decreto 299/2007, de 31 de julio, del Gobierno de Canarias, publicado en el BOC nº 161 del 10 de agosto de 2007, y mod", "boletin1_n": "BOC nº 161 del 10 de agosto de 2007", "boletin1_u": "http://www.gobiernodecanarias.org/boc/2007/161/004.html", "boletin2_n": "BOC nº 4 de 8 de enero de 2015", "boletin2_u": "http://www.gobiernodecanarias.org/boc/2015/004/004.html" }, "geometry": { "type": "Polygon", "coordinates": [ [ [ -16.2546351, 28.4675417 ], [ -16.2546944, 28.4673891 ], [ -16.2547412, 28.4672588 ], [ -16.2540193, 28.4671911 ], [ -16.2536197, 28.4671565 ], [ -16.2525904, 28.4669426 ], [ -16.2520495, 28.4668467 ], [ -16.2518971, 28.4668109 ], [ -16.2515421, 28.4666561 ], [ -16.2512665, 28.4664792 ], [ -16.2513053, 28.4662958 ], [ -16.251336, 28.4662114 ], [ -16.2513621, 28.4661402 ], [ -16.2514085, 28.4659096 ], [ -16.2514454, 28.4657804 ], [ -16.2514774, 28.465621 ], [ -16.251493, 28.4655451 ], [ -16.2515093, 28.4654525 ], [ -16.2515408, 28.4654353 ], [ -16.251568, 28.4652981 ], [ -16.2516667, 28.4648296 ], [ -16.2517198, 28.4645704 ], [ -16.2517396, 28.4644783 ], [ -16.2517692, 28.4643363 ], [ -16.2518023, 28.4641733 ], [ -16.2518443, 28.4639304 ], [ -16.2518078, 28.4639273 ], [ -16.2517761, 28.4639221 ], [ -16.2517663, 28.4639192 ], [ -16.2517557, 28.4639161 ], [ -16.2517438, 28.4639112 ], [ -16.2517212, 28.4639016 ], [ -16.2517031, 28.4638902 ], [ -16.2516871, 28.4638779 ], [ -16.2516722, 28.4638634 ], [ -16.2516702, 28.4638613 ], [ -16.2516582, 28.4638485 ], [ -16.2516521, 28.4638415 ], [ -16.2516472, 28.4638359 ], [ -16.2516354, 28.46382 ], [ -16.2516259, 28.4637975 ], [ -16.2516204, 28.4637767 ], [ -16.2516157, 28.4637492 ], [ -16.2516153, 28.4637147 ], [ -16.2513343, 28.4636669 ], [ -16.2512888, 28.463665 ], [ -16.2500502, 28.4634028 ], [ -16.2499279, 28.4633769 ], [ -16.2497569, 28.4633399 ], [ -16.2494266, 28.4632688 ], [ -16.2492688, 28.4632346 ], [ -16.2490607, 28.4631518 ], [ -16.2490106, 28.4632416 ], [ -16.2489583, 28.463335 ], [ -16.2489389, 28.4633698 ], [ -16.2487636, 28.4636971 ], [ -16.2487289, 28.463757 ], [ -16.2486655, 28.4638629 ], [ -16.2486307, 28.463921 ], [ -16.2485998, 28.4639776 ], [ -16.248564, 28.4640437 ], [ -16.248539, 28.4640908 ], [ -16.2481884, 28.4647514 ], [ -16.2481398, 28.4648427 ], [ -16.2478815, 28.4653297 ], [ -16.2482859, 28.4654781 ], [ -16.2485716, 28.465576 ], [ -16.2485837, 28.4655802 ], [ -16.248738, 28.465632 ], [ -16.2487475, 28.4656357 ], [ -16.2486187, 28.4659552 ], [ -16.2485588, 28.4662746 ], [ -16.2485167, 28.4662996 ], [ -16.2484438, 28.4666985 ], [ -16.247725, 28.4666068 ], [ -16.2478548, 28.4673755 ], [ -16.2490487, 28.4674626 ], [ -16.2491028, 28.4674638 ], [ -16.2491161, 28.4672063 ], [ -16.2491112, 28.4672065 ], [ -16.2491326, 28.4669772 ], [ -16.2491376, 28.4669239 ], [ -16.2491405, 28.4668961 ], [ -16.2494111, 28.4669345 ], [ -16.2494457, 28.466945 ], [ -16.2496019, 28.4669642 ], [ -16.2496297, 28.4669649 ], [ -16.2499901, 28.4670158 ], [ -16.2501529, 28.4670333 ], [ -16.2500953, 28.4673581 ], [ -16.2501747, 28.4673697 ], [ -16.2501993, 28.4673698 ], [ -16.2501967, 28.4673592 ], [ -16.2502177, 28.4673615 ], [ -16.2502205, 28.4673371 ], [ -16.2502256, 28.4673375 ], [ -16.2502504, 28.46734 ], [ -16.2502549, 28.4673148 ], [ -16.2502929, 28.4673203 ], [ -16.2502984, 28.4672829 ], [ -16.2503031, 28.4672446 ], [ -16.2503154, 28.467152 ], [ -16.2503189, 28.4671287 ], [ -16.2503204, 28.467119 ], [ -16.2503827, 28.4671236 ], [ -16.2503629, 28.4672408 ], [ -16.2504622, 28.467251 ], [ -16.2504665, 28.4672253 ], [ -16.2505865, 28.4672403 ], [ -16.2506584, 28.4672492 ], [ -16.2506943, 28.4672541 ], [ -16.2507129, 28.4672566 ], [ -16.2507485, 28.4672616 ], [ -16.250744, 28.4672889 ], [ -16.2508165, 28.4672976 ], [ -16.2508244, 28.4672987 ], [ -16.2508352, 28.4673001 ], [ -16.2508328, 28.4673392 ], [ -16.2508778, 28.4673434 ], [ -16.2508993, 28.4673454 ], [ -16.2508996, 28.4673491 ], [ -16.250925, 28.4673508 ], [ -16.2509337, 28.4673514 ], [ -16.2510065, 28.4673627 ], [ -16.2510416, 28.4673666 ], [ -16.2510075, 28.4675153 ], [ -16.2509997, 28.4675641 ], [ -16.2512196, 28.4676094 ], [ -16.2512387, 28.4675343 ], [ -16.2512476, 28.4674987 ], [ -16.2513113, 28.4675098 ], [ -16.2513464, 28.4675161 ], [ -16.2513745, 28.4675202 ], [ -16.2513789, 28.4674706 ], [ -16.2513879, 28.4674132 ], [ -16.2513982, 28.467416 ], [ -16.2514164, 28.4674184 ], [ -16.2514588, 28.4674235 ], [ -16.2515298, 28.467433 ], [ -16.2515955, 28.4674418 ], [ -16.251651, 28.4674492 ], [ -16.2516844, 28.4674537 ], [ -16.2517105, 28.4674572 ], [ -16.2517463, 28.4674623 ], [ -16.2516961, 28.4676727 ], [ -16.2518506, 28.4677045 ], [ -16.2518841, 28.4677114 ], [ -16.2522288, 28.4677825 ], [ -16.2522796, 28.4677937 ], [ -16.2523363, 28.4678063 ], [ -16.2523534, 28.467755 ], [ -16.2523817, 28.4677626 ], [ -16.2524058, 28.4677691 ], [ -16.2524231, 28.4677737 ], [ -16.252447, 28.4677806 ], [ -16.2524595, 28.4677841 ], [ -16.2524634, 28.4677852 ], [ -16.2525293, 28.4678037 ], [ -16.2525533, 28.4678105 ], [ -16.2525663, 28.4678155 ], [ -16.2526003, 28.467828 ], [ -16.2526287, 28.4678318 ], [ -16.2526379, 28.4677838 ], [ -16.2526663, 28.4677855 ], [ -16.252672, 28.467775 ], [ -16.2527473, 28.467796 ], [ -16.2528027, 28.4677367 ], [ -16.2528057, 28.4677385 ], [ -16.2528227, 28.4677196 ], [ -16.252826, 28.4677159 ], [ -16.2528392, 28.4677013 ], [ -16.252875, 28.4676704 ], [ -16.2528873, 28.4676586 ], [ -16.2528935, 28.4676521 ], [ -16.2529058, 28.4676381 ], [ -16.2529124, 28.4676306 ], [ -16.2529283, 28.4676124 ], [ -16.2529431, 28.4675958 ], [ -16.2529938, 28.4676118 ], [ -16.2530354, 28.4676453 ], [ -16.2530848, 28.4676569 ], [ -16.2531135, 28.4676727 ], [ -16.2531249, 28.4676766 ], [ -16.2531218, 28.4676816 ], [ -16.2531354, 28.4676873 ], [ -16.2531654, 28.4677005 ], [ -16.2531891, 28.4677096 ], [ -16.2532369, 28.4677294 ], [ -16.2532664, 28.467703 ], [ -16.2534015, 28.4675725 ], [ -16.2534245, 28.4675923 ], [ -16.2534501, 28.4676129 ], [ -16.2534691, 28.4676282 ], [ -16.2534972, 28.4676507 ], [ -16.2535169, 28.4676664 ], [ -16.2535435, 28.4676889 ], [ -16.2535857, 28.4676497 ], [ -16.2536752, 28.4677209 ], [ -16.253689, 28.4677503 ], [ -16.2539409, 28.4679676 ], [ -16.2542618, 28.4676699 ], [ -16.2545071, 28.4678537 ], [ -16.2547491, 28.4676078 ], [ -16.2546351, 28.4675417 ] ] ] } },
{ "type": "Feature", "properties": { "fid_": 0, "bic_nombre": "BARRANCO DE MILÁN", "bic_catego": "ZONA ARQUEOLÓGICA", "bic_entorn": 0, "municipio_": "LAGUNA (LA)", "bic_descri": "Bien de Interés Cultural con categoría de Zona Arqueológica del \"Barranco de Milán\", en el municipio de San Cristóbal de La Laguna, incoado por Resolución de 5 de junio de 2023, del Director Insular de Planificación del Territorio y Patrimonio His", "boletin1_n": "BOC nº 131 de 6 de julio de 2023", "boletin1_u": "https://www.gobiernodecanarias.org/boc/2023/131/019.html", "boletin2_n": null, "boletin2_u": null }, "geometry": null },
{ "type": "Feature", "properties": { "fid_": 0, "bic_nombre": "CONJUNTO HISTÓRICO DE LOS SILOS", "bic_catego": "CONJUNTO HISTÓRICO", "bic_entorn": 0, "municipio_": "SILOS (LOS)", "bic_descri": "Bien de Interés Cultural con categoría de Conjunto Histórico de “Los Silos”, en el municipio homónimo, declarado por Decreto 137/2004, de 29 de septiembre, del Gobierno de Canarias, publicado en el BOC nº 196 de 8 de octubre de 2004. Cuenta con", "boletin1_n": "BOC nº 196 de 8 de octubre de 2004", "boletin1_u": "http://www.gobiernodecanarias.org/boc/2004/196/002.html", "boletin2_n": null, "boletin2_u": null }, "geometry": { "type": "MultiPolygon", "coordinates": [ [ [ [ -16.8197036, 28.3656147 ], [ -16.8169679, 28.3647084 ], [ -16.816927, 28.3647288 ], [ -16.8167982, 28.3647918 ], [ -16.8166434, 28.3648836 ], [ -16.816473, 28.3649291 ], [ -16.8162616, 28.364968 ], [ -16.8161045, 28.3649798 ], [ -16.8159911, 28.3649804 ], [ -16.8155878, 28.3649162 ], [ -16.8154135, 28.3648525 ], [ -16.8152076, 28.3648614 ], [ -16.8150327, 28.3650924 ], [ -16.8141524, 28.3650464 ], [ -16.814203, 28.3655675 ], [ -16.8142136, 28.3657963 ], [ -16.814066, 28.366073 ], [ -16.8132394, 28.366856 ], [ -16.8130802, 28.3673679 ], [ -16.8132198, 28.3675655 ], [ -16.8140439, 28.3672605 ], [ -16.8140845, 28.3671895 ], [ -16.8143514, 28.3671947 ], [ -16.8146362, 28.3672006 ], [ -16.8149217, 28.3672157 ], [ -16.8149929, 28.3672221 ], [ -16.8152236, 28.3672264 ], [ -16.8154343, 28.367199 ], [ -16.8156911, 28.3671612 ], [ -16.8161442, 28.3671092 ], [ -16.8167085, 28.367035 ], [ -16.8174145, 28.3674887 ], [ -16.8178829, 28.3676902 ], [ -16.8186987, 28.3676412 ], [ -16.8201001, 28.3670755 ], [ -16.8201818, 28.3669532 ], [ -16.8201804, 28.366876 ], [ -16.8200809, 28.3665508 ], [ -16.8200418, 28.3664237 ], [ -16.8200375, 28.3663644 ], [ -16.8200283, 28.3662191 ], [ -16.8200185, 28.3660382 ], [ -16.8200097, 28.3659166 ], [ -16.820025, 28.3656315 ], [ -16.8197036, 28.3656147 ] ] ], [ [ [ -16.8132108, 28.3782609 ], [ -16.8134554, 28.3782395 ], [ -16.8134189, 28.377897 ], [ -16.8131129, 28.3779012 ], [ -16.8132108, 28.3782609 ] ] ] ] } },
{ "type": "Feature", "properties": { "fid_": 0, "bic_nombre": "LA BARRANQUERA", "bic_catego": "ZONA ARQUEOLÓGICA", "bic_entorn": 0, "municipio_": "LAGUNA (LA)", "bic_descri": "Bien de Interés Cultural con categoría de Zona Arqueológica de “La Barranquera”, en el municipio de San Cristóbal de La Laguna, declarado por Decreto 214/2005, de 24 de noviembre, del Gobierno de Canarias, publicado en el BOC nº 237 de 2 de dici", "boletin1_n": "BOC nº 237 de 2 de diciembre de 2005", "boletin1_u": "http://www.gobiernodecanarias.org/boc/2005/237/011.html", "boletin2_n": null, "boletin2_u": null }, "geometry": { "type": "Polygon", "coordinates": [ [ [ -16.3971189, 28.535882 ], [ -16.3981599, 28.5359422 ], [ -16.3981763, 28.5358754 ], [ -16.3981867, 28.5357614 ], [ -16.3981823, 28.535685 ], [ -16.3981568, 28.5355563 ], [ -16.3981285, 28.5354697 ], [ -16.398094, 28.5352992 ], [ -16.398095, 28.5352467 ], [ -16.3980674, 28.5350822 ], [ -16.3980166, 28.5348309 ], [ -16.3979977, 28.5346842 ], [ -16.3979887, 28.5345225 ], [ -16.398014, 28.5343783 ], [ -16.3980496, 28.5342476 ], [ -16.398096, 28.5341617 ], [ -16.3981542, 28.5340742 ], [ -16.398273, 28.5339411 ], [ -16.3982894, 28.5339019 ], [ -16.398274, 28.5337627 ], [ -16.3982953, 28.533707 ], [ -16.3983639, 28.5336269 ], [ -16.3984222, 28.5335484 ], [ -16.3984945, 28.5334967 ], [ -16.3985452, 28.5334767 ], [ -16.3986282, 28.5334668 ], [ -16.3986515, 28.5334306 ], [ -16.3987693, 28.5333589 ], [ -16.3988321, 28.5333553 ], [ -16.3988865, 28.5333637 ], [ -16.3989565, 28.533396 ], [ -16.399011, 28.5334164 ], [ -16.3990637, 28.5334174 ], [ -16.3991074, 28.5333899 ], [ -16.3992098, 28.533302 ], [ -16.3992654, 28.5332714 ], [ -16.3993651, 28.5332374 ], [ -16.3994799, 28.5331943 ], [ -16.3996268, 28.5331418 ], [ -16.3997268, 28.5331318 ], [ -16.3998358, 28.5331546 ], [ -16.4000083, 28.5331154 ], [ -16.4001051, 28.5331159 ], [ -16.4002172, 28.5331282 ], [ -16.4002821, 28.533159 ], [ -16.4003763, 28.5332225 ], [ -16.4004597, 28.5332396 ], [ -16.400521, 28.5332699 ], [ -16.4005577, 28.5333315 ], [ -16.4005752, 28.5333778 ], [ -16.4006027, 28.533403 ], [ -16.4006811, 28.5334292 ], [ -16.4007018, 28.5334529 ], [ -16.4007044, 28.5335233 ], [ -16.4007056, 28.5336117 ], [ -16.4007265, 28.533652 ], [ -16.4007488, 28.5336697 ], [ -16.4007839, 28.5337593 ], [ -16.4008098, 28.533792 ], [ -16.4008439, 28.5338037 ], [ -16.4009002, 28.533827 ], [ -16.4009342, 28.5338312 ], [ -16.4009701, 28.5338473 ], [ -16.400979, 28.5338817 ], [ -16.4010032, 28.5339174 ], [ -16.4010306, 28.5339291 ], [ -16.4010632, 28.5339343 ], [ -16.4010914, 28.5339135 ], [ -16.4011114, 28.5338803 ], [ -16.401087, 28.5338341 ], [ -16.4010562, 28.5338135 ], [ -16.4010336, 28.5337747 ], [ -16.401007, 28.5336851 ], [ -16.4009743, 28.5335265 ], [ -16.400968, 28.5334322 ], [ -16.4009861, 28.5333915 ], [ -16.4010566, 28.5333324 ], [ -16.401224, 28.5332842 ], [ -16.4013679, 28.5332632 ], [ -16.4015257, 28.5332616 ], [ -16.4017668, 28.5332636 ], [ -16.4017891, 28.5332843 ], [ -16.4018181, 28.5332975 ], [ -16.4018348, 28.5332779 ], [ -16.4018584, 28.5332671 ], [ -16.4018994, 28.5332847 ], [ -16.4019137, 28.53334 ], [ -16.4019785, 28.5333618 ], [ -16.4020168, 28.5334364 ], [ -16.4020549, 28.5334899 ], [ -16.4020977, 28.533518 ], [ -16.4021163, 28.5335193 ], [ -16.4021395, 28.5334771 ], [ -16.4021406, 28.5334306 ], [ -16.4021265, 28.5333918 ], [ -16.4020726, 28.5332889 ], [ -16.4020824, 28.5332603 ], [ -16.4021022, 28.5332227 ], [ -16.402173, 28.533183 ], [ -16.4022523, 28.5331522 ], [ -16.4023049, 28.5331471 ], [ -16.4024354, 28.5331338 ], [ -16.4024898, 28.5331437 ], [ -16.4025562, 28.5331595 ], [ -16.4025814, 28.5331368 ], [ -16.4025826, 28.5331023 ], [ -16.4025685, 28.5330635 ], [ -16.4025376, 28.5330323 ], [ -16.4025068, 28.5330147 ], [ -16.4024894, 28.5329879 ], [ -16.4024972, 28.5329338 ], [ -16.4025222, 28.5328976 ], [ -16.4025961, 28.5327095 ], [ -16.4026309, 28.5326522 ], [ -16.4026438, 28.5325981 ], [ -16.4026017, 28.5323662 ], [ -16.4026605, 28.5321903 ], [ -16.4027247, 28.5319154 ], [ -16.4027582, 28.5317547 ], [ -16.4028086, 28.5315848 ], [ -16.4029481, 28.5312297 ], [ -16.4029827, 28.5311716 ], [ -16.4031043, 28.5309748 ], [ -16.4031627, 28.5309037 ], [ -16.403285, 28.5307811 ], [ -16.4033252, 28.5307462 ], [ -16.4033807, 28.5307081 ], [ -16.4034109, 28.5306808 ], [ -16.4035016, 28.530608 ], [ -16.4035352, 28.5305851 ], [ -16.4036193, 28.5305258 ], [ -16.4036935, 28.5304891 ], [ -16.4037609, 28.5304539 ], [ -16.4038838, 28.5303792 ], [ -16.4039445, 28.5303486 ], [ -16.4041065, 28.530281 ], [ -16.4041776, 28.5302653 ], [ -16.4043267, 28.5302488 ], [ -16.4044604, 28.5302277 ], [ -16.4045465, 28.5293829 ], [ -16.4046237, 28.5291506 ], [ -16.4043297, 28.5286608 ], [ -16.4033535, 28.5293355 ], [ -16.4033186, 28.5293495 ], [ -16.4032566, 28.5293589 ], [ -16.4032105, 28.5293836 ], [ -16.4031871, 28.5294123 ], [ -16.4031659, 28.5294754 ], [ -16.4031445, 28.5295251 ], [ -16.4031281, 28.5295507 ], [ -16.4030568, 28.5296 ], [ -16.4030374, 28.5296446 ], [ -16.4030072, 28.5296826 ], [ -16.40294, 28.5297207 ], [ -16.4028683, 28.5297326 ], [ -16.4028265, 28.5297667 ], [ -16.4027549, 28.5297861 ], [ -16.4026708, 28.5297653 ], [ -16.4025912, 28.5297796 ], [ -16.4025525, 28.529804 ], [ -16.4023901, 28.5299735 ], [ -16.4023156, 28.5301416 ], [ -16.4022845, 28.5302009 ], [ -16.4022466, 28.5302837 ], [ -16.4022218, 28.5303319 ], [ -16.4021799, 28.5303698 ], [ -16.4020939, 28.5304112 ], [ -16.4020034, 28.5305021 ], [ -16.4019827, 28.5305408 ], [ -16.4019673, 28.5305853 ], [ -16.4019169, 28.5307622 ], [ -16.4018889, 28.5308032 ], [ -16.4018521, 28.5309006 ], [ -16.4018364, 28.5309904 ], [ -16.4018243, 28.5310704 ], [ -16.4018258, 28.5311473 ], [ -16.4018298, 28.531446 ], [ -16.4019081, 28.5319344 ], [ -16.4019162, 28.5319912 ], [ -16.4019121, 28.5320676 ], [ -16.4018937, 28.5321212 ], [ -16.4018593, 28.5321791 ], [ -16.4018194, 28.5322639 ], [ -16.4017832, 28.5323987 ], [ -16.4017543, 28.5324512 ], [ -16.4016668, 28.5325492 ], [ -16.4015743, 28.5325875 ], [ -16.4014983, 28.5325958 ], [ -16.4013624, 28.5325524 ], [ -16.4012691, 28.5325309 ], [ -16.4011969, 28.5325055 ], [ -16.4010414, 28.5324408 ], [ -16.4009818, 28.5324234 ], [ -16.4007777, 28.5324576 ], [ -16.4007449, 28.5324738 ], [ -16.4006867, 28.5325704 ], [ -16.4006597, 28.5325796 ], [ -16.4006221, 28.5325605 ], [ -16.4005519, 28.5325118 ], [ -16.4004969, 28.5324584 ], [ -16.4004354, 28.5324276 ], [ -16.4003497, 28.5323911 ], [ -16.4002515, 28.5323785 ], [ -16.4001547, 28.532352 ], [ -16.4000621, 28.532304 ], [ -16.3999956, 28.5322792 ], [ -16.3999549, 28.5322719 ], [ -16.3998793, 28.532261 ], [ -16.3997598, 28.5322216 ], [ -16.3996367, 28.5321893 ], [ -16.3994444, 28.5321785 ], [ -16.3993511, 28.532178 ], [ -16.3992985, 28.532183 ], [ -16.3992101, 28.5322198 ], [ -16.3991596, 28.5322353 ], [ -16.3991089, 28.5322395 ], [ -16.3990459, 28.5322701 ], [ -16.3990083, 28.5323115 ], [ -16.3989412, 28.5323496 ], [ -16.3987909, 28.5324235 ], [ -16.3987318, 28.5324466 ], [ -16.3986005, 28.5324838 ], [ -16.3985527, 28.5325054 ], [ -16.398445, 28.5325725 ], [ -16.3983136, 28.5326473 ], [ -16.3981891, 28.532712 ], [ -16.398098, 28.5327679 ], [ -16.3980277, 28.532845 ], [ -16.3979877, 28.5329009 ], [ -16.3980755, 28.5330717 ], [ -16.3980895, 28.5331723 ], [ -16.3980776, 28.5332322 ], [ -16.3980114, 28.5333374 ], [ -16.3979034, 28.5334879 ], [ -16.3978012, 28.5335562 ], [ -16.3977168, 28.5335886 ], [ -16.3976053, 28.5336332 ], [ -16.3974803, 28.5337872 ], [ -16.3973614, 28.5339235 ], [ -16.3973418, 28.5339776 ], [ -16.3973407, 28.5340286 ], [ -16.3973493, 28.5341134 ], [ -16.3973722, 28.5342439 ], [ -16.3973768, 28.534322 ], [ -16.3973624, 28.534385 ], [ -16.3973327, 28.5344534 ], [ -16.3972742, 28.53451 ], [ -16.3971378, 28.5345972 ], [ -16.3970726, 28.5346129 ], [ -16.3969881, 28.5346138 ], [ -16.3968948, 28.5345961 ], [ -16.3968272, 28.5346005 ], [ -16.3968038, 28.5347464 ], [ -16.3968383, 28.5347983 ], [ -16.3968559, 28.5348504 ], [ -16.3968675, 28.5349477 ], [ -16.3969124, 28.5350071 ], [ -16.3969915, 28.5350858 ], [ -16.397033, 28.5351398 ], [ -16.3971627, 28.5352009 ], [ -16.3971818, 28.5352322 ], [ -16.3971741, 28.5352937 ], [ -16.397143, 28.5354598 ], [ -16.3971564, 28.5355157 ], [ -16.3971663, 28.5356239 ], [ -16.3971969, 28.535702 ], [ -16.3971849, 28.5357506 ], [ -16.3971141, 28.5358335 ], [ -16.3971189, 28.535882 ] ] ] } },
{ "type": "Feature", "properties": { "fid_": 0, "bic_nombre": "YACIMIENTO LAS TOSCAS", "bic_catego": "ZONA ARQUEOLÓGICA", "bic_entorn": 0, "municipio_": "ARONA", "bic_descri": "Bien de Interés Cultural con categoría de Zona Arqueológica del “Yacimiento de las Toscas”, en el municipio de Arona, declarado por Decreto 165/2006, de 14 de noviembre, del Gobierno de Canarias, publicado en el BOC nº 227 de 22 de noviembre de 2", "boletin1_n": "BOC nº 227 de 22 de noviembre de 2006", "boletin1_u": "http://www.gobiernodecanarias.org/boc/2006/227/011.html", "boletin2_n": null, "boletin2_u": null }, "geometry": { "type": "Polygon", "coordinates": [ [ [ -16.6880515, 28.0633226 ], [ -16.6882027, 28.0625376 ], [ -16.6881343, 28.0625119 ], [ -16.6880992, 28.0624948 ], [ -16.6880285, 28.0624324 ], [ -16.6880196, 28.0624178 ], [ -16.687984, 28.0623676 ], [ -16.6879628, 28.0623327 ], [ -16.6879387, 28.0623106 ], [ -16.6879097, 28.0622704 ], [ -16.6878597, 28.0622174 ], [ -16.6878425, 28.0621853 ], [ -16.6878088, 28.0621049 ], [ -16.6877946, 28.0620519 ], [ -16.6877867, 28.0620097 ], [ -16.6878146, 28.0618688 ], [ -16.6878209, 28.0618125 ], [ -16.6878066, 28.0617095 ], [ -16.6877791, 28.0614091 ], [ -16.6877552, 28.061309 ], [ -16.687688, 28.0611564 ], [ -16.6876748, 28.0611329 ], [ -16.6876583, 28.0610875 ], [ -16.6876567, 28.0610746 ], [ -16.6876552, 28.0610418 ], [ -16.6876738, 28.0609463 ], [ -16.6876732, 28.0609077 ], [ -16.6876695, 28.0608955 ], [ -16.687651, 28.0608754 ], [ -16.6875985, 28.0608606 ], [ -16.6875681, 28.0608427 ], [ -16.6875709, 28.0608171 ], [ -16.6875815, 28.0607884 ], [ -16.6876001, 28.0607594 ], [ -16.6876429, 28.0607122 ], [ -16.6876584, 28.060692 ], [ -16.6876586, 28.0606554 ], [ -16.6876375, 28.0606213 ], [ -16.6875682, 28.0605961 ], [ -16.6875277, 28.0605861 ], [ -16.6874941, 28.0605661 ], [ -16.6874628, 28.0605412 ], [ -16.6874411, 28.0605176 ], [ -16.6874304, 28.0604938 ], [ -16.68743, 28.0604693 ], [ -16.6874375, 28.0604383 ], [ -16.6875028, 28.060291 ], [ -16.6875367, 28.0601963 ], [ -16.6875456, 28.0601601 ], [ -16.6875464, 28.0601164 ], [ -16.6875438, 28.0600941 ], [ -16.6875292, 28.0600658 ], [ -16.6874905, 28.0600245 ], [ -16.687528, 28.0599804 ], [ -16.6875472, 28.0599578 ], [ -16.6875586, 28.0599303 ], [ -16.6875621, 28.0599011 ], [ -16.6875609, 28.0598762 ], [ -16.6875519, 28.0598573 ], [ -16.6875302, 28.059833 ], [ -16.6875063, 28.0598234 ], [ -16.6874267, 28.059849 ], [ -16.687391, 28.0598487 ], [ -16.6873652, 28.0598551 ], [ -16.6873209, 28.0598721 ], [ -16.6872982, 28.0598878 ], [ -16.6872651, 28.0598959 ], [ -16.6872341, 28.0598914 ], [ -16.6872173, 28.0598818 ], [ -16.6870724, 28.0597789 ], [ -16.6870616, 28.0597481 ], [ -16.687058, 28.0597194 ], [ -16.6870734, 28.0596883 ], [ -16.6870852, 28.0596368 ], [ -16.6870871, 28.0596073 ], [ -16.6870827, 28.0595771 ], [ -16.6870568, 28.0595395 ], [ -16.6870272, 28.0595209 ], [ -16.6869849, 28.0595011 ], [ -16.6869055, 28.0594845 ], [ -16.6868891, 28.0594489 ], [ -16.6869052, 28.0594142 ], [ -16.6869118, 28.0593854 ], [ -16.6869104, 28.0593483 ], [ -16.6868986, 28.0592904 ], [ -16.6868913, 28.0592346 ], [ -16.6868536, 28.059155 ], [ -16.6867755, 28.0590841 ], [ -16.6867398, 28.0590215 ], [ -16.6867134, 28.0589495 ], [ -16.6866956, 28.0588578 ], [ -16.6866869, 28.0587727 ], [ -16.6866615, 28.0587176 ], [ -16.686644, 28.0586941 ], [ -16.6865941, 28.0586367 ], [ -16.6861909, 28.0582527 ], [ -16.6861214, 28.0582591 ], [ -16.6860627, 28.0582577 ], [ -16.6859941, 28.0582726 ], [ -16.6859478, 28.0582528 ], [ -16.6859104, 28.0582428 ], [ -16.6858731, 28.0582369 ], [ -16.6858194, 28.0582439 ], [ -16.6857459, 28.0582539 ], [ -16.6856976, 28.0582559 ], [ -16.6856664, 28.0582366 ], [ -16.6856308, 28.0582328 ], [ -16.6854743, 28.0582297 ], [ -16.6852738, 28.0588898 ], [ -16.6852094, 28.0589897 ], [ -16.6851721, 28.0590379 ], [ -16.6850756, 28.0591473 ], [ -16.6850258, 28.0592034 ], [ -16.6849132, 28.059346 ], [ -16.6848821, 28.0593815 ], [ -16.6847929, 28.0595048 ], [ -16.6846778, 28.0596847 ], [ -16.6844391, 28.0599721 ], [ -16.6843932, 28.0600802 ], [ -16.6843463, 28.0602161 ], [ -16.6843074, 28.0603074 ], [ -16.6843467, 28.0603441 ], [ -16.6843756, 28.0603677 ], [ -16.6844905, 28.0604204 ], [ -16.684669, 28.0604684 ], [ -16.6847027, 28.0604711 ], [ -16.6847367, 28.0604672 ], [ -16.6848159, 28.0604698 ], [ -16.6849049, 28.0604855 ], [ -16.6849558, 28.0605011 ], [ -16.6850188, 28.060527 ], [ -16.6850604, 28.0605546 ], [ -16.685096, 28.060604 ], [ -16.6851151, 28.06066 ], [ -16.6851172, 28.0606951 ], [ -16.6851068, 28.0607402 ], [ -16.6850906, 28.0607726 ], [ -16.6850477, 28.0608118 ], [ -16.6849724, 28.0608804 ], [ -16.6848645, 28.0609494 ], [ -16.6848271, 28.0609831 ], [ -16.6848014, 28.061013 ], [ -16.684747, 28.0611007 ], [ -16.6847375, 28.0611276 ], [ -16.6847369, 28.061154 ], [ -16.6847455, 28.0611808 ], [ -16.684784, 28.0612633 ], [ -16.6848088, 28.0613353 ], [ -16.6848243, 28.0614096 ], [ -16.6848352, 28.0614495 ], [ -16.6848523, 28.0614795 ], [ -16.6848877, 28.0615184 ], [ -16.6849837, 28.0616054 ], [ -16.685026, 28.0616481 ], [ -16.6850498, 28.0617033 ], [ -16.6850667, 28.0617234 ], [ -16.6851872, 28.0617796 ], [ -16.6852868, 28.0618177 ], [ -16.6853526, 28.061845 ], [ -16.6853777, 28.0618587 ], [ -16.6854123, 28.0618913 ], [ -16.685435, 28.0619262 ], [ -16.6854526, 28.0619646 ], [ -16.6854835, 28.0620271 ], [ -16.6855038, 28.0620763 ], [ -16.6855257, 28.062107 ], [ -16.6856528, 28.0622232 ], [ -16.6856855, 28.0622497 ], [ -16.6857719, 28.0623519 ], [ -16.6858735, 28.0624231 ], [ -16.6859291, 28.0624688 ], [ -16.6859651, 28.0625022 ], [ -16.6859965, 28.0625375 ], [ -16.6860158, 28.062559 ], [ -16.68604, 28.0625826 ], [ -16.6860903, 28.0626122 ], [ -16.6861278, 28.0626272 ], [ -16.6861743, 28.0626398 ], [ -16.6862634, 28.0626417 ], [ -16.6863487, 28.0626425 ], [ -16.6864361, 28.0626416 ], [ -16.6864923, 28.0626424 ], [ -16.6865598, 28.0626528 ], [ -16.6866108, 28.0626756 ], [ -16.6866526, 28.0627177 ], [ -16.6866897, 28.0627558 ], [ -16.6867169, 28.0627766 ], [ -16.6867497, 28.0627973 ], [ -16.6868143, 28.0628267 ], [ -16.6869244, 28.0628745 ], [ -16.6872022, 28.0629708 ], [ -16.6872366, 28.0629894 ], [ -16.6873191, 28.0630495 ], [ -16.68738, 28.0630698 ], [ -16.6874468, 28.0631111 ], [ -16.6875035, 28.0631413 ], [ -16.6875648, 28.0631631 ], [ -16.6876734, 28.0631894 ], [ -16.6878924, 28.063252 ], [ -16.6879718, 28.06328 ], [ -16.6880075, 28.0632965 ], [ -16.6880515, 28.0633226 ] ] ] } },
{ "type": "Feature", "properties": { "fid_": 0, "bic_nombre": "ARONA", "bic_catego": "CONJUNTO HISTÓRICO", "bic_entorn": 0, "municipio_": "ARONA", "bic_descri": "Bien de Interés Cultural con categoría de Conjunto Histórico de “Arona”, en el municipio homónimo, declarado por Decreto 70/2007, de 2 de abril, del Gobierno de Canarias, publicado en el BOC nº 74 de 13 de abril de 2007. No cuenta con Plan Espec", "boletin1_n": "BOC nº 74 de 13 de abril de 2007", "boletin1_u": "http://www.gobiernodecanarias.org/boc/2007/074/006.html", "boletin2_n": null, "boletin2_u": null }, "geometry": { "type": "Polygon", "coordinates": [ [ [ -16.6780842, 28.1009187 ], [ -16.6781325, 28.1009 ], [ -16.6781704, 28.100898 ], [ -16.6782104, 28.1009126 ], [ -16.6782584, 28.1009441 ], [ -16.6783021, 28.1009662 ], [ -16.6783396, 28.1010039 ], [ -16.6783736, 28.101076 ], [ -16.6783889, 28.1011231 ], [ -16.6784173, 28.101221 ], [ -16.678436, 28.1012758 ], [ -16.6784895, 28.1013556 ], [ -16.6785287, 28.1013934 ], [ -16.6786709, 28.1014781 ], [ -16.6787634, 28.1016017 ], [ -16.6788581, 28.1017682 ], [ -16.6789317, 28.1019265 ], [ -16.6790371, 28.1021476 ], [ -16.6790474, 28.1021903 ], [ -16.6790368, 28.1022377 ], [ -16.6790329, 28.102298 ], [ -16.6790407, 28.102326 ], [ -16.6790759, 28.1023447 ], [ -16.6791043, 28.1023454 ], [ -16.6791303, 28.1023458 ], [ -16.6791833, 28.1023329 ], [ -16.6792938, 28.1022887 ], [ -16.6795317, 28.1021428 ], [ -16.6796791, 28.1020411 ], [ -16.6798227, 28.1019354 ], [ -16.6799074, 28.1018454 ], [ -16.6799355, 28.101811 ], [ -16.6800143, 28.1016767 ], [ -16.6801053, 28.101503 ], [ -16.6802933, 28.1015053 ], [ -16.6804864, 28.1015274 ], [ -16.6804939, 28.1015126 ], [ -16.6805737, 28.1014004 ], [ -16.6807041, 28.1012815 ], [ -16.6808093, 28.1012065 ], [ -16.6808673, 28.1011735 ], [ -16.6809892, 28.101119 ], [ -16.6810542, 28.1011031 ], [ -16.6810689, 28.1010874 ], [ -16.6811029, 28.101087 ], [ -16.6812137, 28.101116 ], [ -16.6812795, 28.101132 ], [ -16.6814243, 28.1011921 ], [ -16.6814427, 28.1011775 ], [ -16.6815051, 28.1011469 ], [ -16.6815776, 28.1011272 ], [ -16.6819849, 28.1010975 ], [ -16.6822173, 28.1010583 ], [ -16.6823412, 28.1010215 ], [ -16.6824015, 28.1009879 ], [ -16.6825803, 28.1008499 ], [ -16.682679, 28.1006946 ], [ -16.6827146, 28.1006014 ], [ -16.6827388, 28.1004578 ], [ -16.6827374, 28.1003675 ], [ -16.6826629, 28.1001711 ], [ -16.682567, 28.0999645 ], [ -16.6813272, 28.0999879 ], [ -16.681306, 28.099906 ], [ -16.6813016, 28.0998355 ], [ -16.681302, 28.0997549 ], [ -16.6813265, 28.0996596 ], [ -16.681361, 28.0995971 ], [ -16.681565, 28.0996204 ], [ -16.6816013, 28.099485 ], [ -16.681629, 28.0994904 ], [ -16.681679, 28.0993624 ], [ -16.6816602, 28.0992953 ], [ -16.6816955, 28.0991722 ], [ -16.6817989, 28.0988794 ], [ -16.6818224, 28.0988799 ], [ -16.6820727, 28.0988945 ], [ -16.6817766, 28.097895 ], [ -16.6817587, 28.0978563 ], [ -16.6817362, 28.0978228 ], [ -16.6817011, 28.0977885 ], [ -16.6816754, 28.0977673 ], [ -16.6816452, 28.0977554 ], [ -16.6816036, 28.0977528 ], [ -16.6815645, 28.0977584 ], [ -16.6815266, 28.0977712 ], [ -16.6812498, 28.0979229 ], [ -16.6811845, 28.0979855 ], [ -16.6811106, 28.0980323 ], [ -16.6810394, 28.0980346 ], [ -16.6809769, 28.0980296 ], [ -16.6809267, 28.0980231 ], [ -16.6809047, 28.098019 ], [ -16.6808893, 28.0980163 ], [ -16.680869, 28.0980087 ], [ -16.6808428, 28.0979954 ], [ -16.6807906, 28.0980045 ], [ -16.6802747, 28.0986066 ], [ -16.6801312, 28.0990183 ], [ -16.6801133, 28.0990426 ], [ -16.6802007, 28.099184 ], [ -16.6802954, 28.0993609 ], [ -16.6804336, 28.0993575 ], [ -16.6804808, 28.0993677 ], [ -16.680473, 28.0993789 ], [ -16.6804174, 28.099598 ], [ -16.6804255, 28.0998274 ], [ -16.6804256, 28.0999773 ], [ -16.6803908, 28.0999762 ], [ -16.680343, 28.0999673 ], [ -16.6803166, 28.1000045 ], [ -16.6803015, 28.1000291 ], [ -16.6802249, 28.1001107 ], [ -16.6801674, 28.1001645 ], [ -16.6801208, 28.1001998 ], [ -16.6801032, 28.1002173 ], [ -16.6801007, 28.1002413 ], [ -16.6800074, 28.1002846 ], [ -16.6799632, 28.1003057 ], [ -16.6799747, 28.1003245 ], [ -16.6799254, 28.1003662 ], [ -16.6798107, 28.1003079 ], [ -16.6797774, 28.1002744 ], [ -16.6796269, 28.1002336 ], [ -16.679488, 28.1006827 ], [ -16.6788775, 28.1005422 ], [ -16.6788696, 28.1001779 ], [ -16.6787064, 28.1001507 ], [ -16.678724, 28.1000404 ], [ -16.678697, 28.0999812 ], [ -16.6787978, 28.0996665 ], [ -16.6787153, 28.0996267 ], [ -16.6786199, 28.0995663 ], [ -16.6784946, 28.0994861 ], [ -16.6784776, 28.0994934 ], [ -16.6784009, 28.099459 ], [ -16.6783358, 28.0994164 ], [ -16.6778673, 28.100325 ], [ -16.6779893, 28.1003475 ], [ -16.6782621, 28.1004073 ], [ -16.6780842, 28.1009187 ] ] ] } },
{ "type": "Feature", "properties": { "fid_": 0, "bic_nombre": "BUENAVISTA  DEL  NORTE", "bic_catego": "CONJUNTO HISTÓRICO", "bic_entorn": 0, "municipio_": "BUENAVISTA DEL NORTE", "bic_descri": "Bien de Interés Cultural con categoría de Conjunto Histórico del “Casco Histórico de Buenavista del Norte”, en el municipio homónimo, declarado por Decreto 21/2005, de 22 de febrero, del Gobierno de Canarias, publicado en el BOC nº 45 de 4 de m", "boletin1_n": "BOC nº 45 de 4 de marzo de 2005", "boletin1_u": "http://www.gobiernodecanarias.org/boc/2005/045/003.html", "boletin2_n": null, "boletin2_u": null }, "geometry": { "type": "MultiPolygon", "coordinates": [ [ [ [ -16.8525788, 28.3732002 ], [ -16.8521467, 28.3724481 ], [ -16.8519868, 28.3720969 ], [ -16.8518831, 28.3718701 ], [ -16.851804, 28.3717061 ], [ -16.851737, 28.371585 ], [ -16.8515707, 28.3713272 ], [ -16.8514963, 28.3712207 ], [ -16.8513793, 28.3710299 ], [ -16.8513302, 28.3709789 ], [ -16.8513231, 28.370971 ], [ -16.8512923, 28.370958 ], [ -16.8512951, 28.3708571 ], [ -16.8512838, 28.3701675 ], [ -16.8512696, 28.3701209 ], [ -16.8511802, 28.3699106 ], [ -16.8508132, 28.3694035 ], [ -16.8504407, 28.3694985 ], [ -16.8499479, 28.3694582 ], [ -16.8497935, 28.3694418 ], [ -16.8495883, 28.3695215 ], [ -16.8498787, 28.3699575 ], [ -16.8486276, 28.3697274 ], [ -16.8485322, 28.3701431 ], [ -16.8494183, 28.3705691 ], [ -16.8493987, 28.3706865 ], [ -16.8494038, 28.370823 ], [ -16.8494164, 28.3708888 ], [ -16.8494243, 28.3709306 ], [ -16.8494786, 28.3710963 ], [ -16.8495797, 28.3712746 ], [ -16.8497653, 28.3715304 ], [ -16.8498022, 28.3715814 ], [ -16.850385, 28.3712573 ], [ -16.850429, 28.3714574 ], [ -16.8504946, 28.3717439 ], [ -16.8505154, 28.3718221 ], [ -16.8509454, 28.3726951 ], [ -16.8513875, 28.3734762 ], [ -16.8525788, 28.3732002 ] ] ], [ [ [ -16.840494, 28.3648757 ], [ -16.8401339, 28.3643841 ], [ -16.8401745, 28.3643582 ], [ -16.8401797, 28.3643558 ], [ -16.8402421, 28.3643312 ], [ -16.8402872, 28.3643061 ], [ -16.8403449, 28.3642724 ], [ -16.8403907, 28.3642456 ], [ -16.8404352, 28.3642143 ], [ -16.8404773, 28.3642058 ], [ -16.8405076, 28.3641911 ], [ -16.8405179, 28.3641864 ], [ -16.8405566, 28.3641726 ], [ -16.8406138, 28.3641626 ], [ -16.8406726, 28.3641469 ], [ -16.8407419, 28.3641368 ], [ -16.8407864, 28.3641223 ], [ -16.8408446, 28.3641144 ], [ -16.8409097, 28.36408 ], [ -16.8409408, 28.3640703 ], [ -16.8410628, 28.3639915 ], [ -16.8411074, 28.3639511 ], [ -16.8411209, 28.3639387 ], [ -16.8411345, 28.3639308 ], [ -16.8417304, 28.3635752 ], [ -16.8413863, 28.3631312 ], [ -16.8406541, 28.3635329 ], [ -16.8407927, 28.3638257 ], [ -16.8407292, 28.3638675 ], [ -16.8406437, 28.3638749 ], [ -16.8405804, 28.3638873 ], [ -16.8404762, 28.3639126 ], [ -16.8403998, 28.3639352 ], [ -16.8403275, 28.3639647 ], [ -16.8402589, 28.3639885 ], [ -16.8401654, 28.3640487 ], [ -16.8401177, 28.3640777 ], [ -16.8400668, 28.3641084 ], [ -16.8399917, 28.3641543 ], [ -16.8397943, 28.3642679 ], [ -16.8397886, 28.3642715 ], [ -16.8388965, 28.3647286 ], [ -16.8394178, 28.365163 ], [ -16.840494, 28.3648757 ] ] ], [ [ [ -16.8576926, 28.3709308 ], [ -16.8583385, 28.3705302 ], [ -16.8583205, 28.3702606 ], [ -16.8580833, 28.3699835 ], [ -16.8576966, 28.3700944 ], [ -16.8574469, 28.3701035 ], [ -16.857139, 28.3703994 ], [ -16.8576926, 28.3709308 ] ] ] ] } },
{ "type": "Feature", "properties": { "fid_": 0, "bic_nombre": "EL REALEJO BAJO", "bic_catego": "CONJUNTO HISTÓRICO", "bic_entorn": 0, "municipio_": "REALEJOS (LOS)", "bic_descri": "Bien de Interés Cultural con categoría de Conjunto Histórico del “Casco Histórico del Realejo Bajo”, en el municipio de Los Realejos, declarado por Decreto 220/2005, de 1 de diciembre, del Gobierno de Canarias, publicado en el BOC nº 243 de 14 d", "boletin1_n": "BOC nº 243 de 14 de diciembre de 2005", "boletin1_u": "http://www.gobiernodecanarias.org/boc/2005/243/005.html", "boletin2_n": null, "boletin2_u": null }, "geometry": { "type": "Polygon", "coordinates": [ [ [ -16.5888456, 28.3869189 ], [ -16.5888319, 28.3868526 ], [ -16.5888618, 28.3868416 ], [ -16.5888361, 28.3867547 ], [ -16.5888116, 28.3867489 ], [ -16.5887807, 28.3866088 ], [ -16.5888616, 28.3865894 ], [ -16.5888485, 28.386562 ], [ -16.5888227, 28.3865098 ], [ -16.5887884, 28.3865156 ], [ -16.5887627, 28.3862833 ], [ -16.588791, 28.3862788 ], [ -16.5887815, 28.3862324 ], [ -16.5887398, 28.386237 ], [ -16.5887128, 28.3861443 ], [ -16.5887053, 28.3860925 ], [ -16.588694, 28.3860133 ], [ -16.5886844, 28.3859598 ], [ -16.5886543, 28.3858885 ], [ -16.5886947, 28.385838 ], [ -16.5887417, 28.385869 ], [ -16.5887688, 28.3858335 ], [ -16.5887258, 28.3858 ], [ -16.5887881, 28.3857236 ], [ -16.588818, 28.3857363 ], [ -16.5888359, 28.3857188 ], [ -16.5888222, 28.3857047 ], [ -16.5888953, 28.3856299 ], [ -16.5889274, 28.3856575 ], [ -16.5891293, 28.3854506 ], [ -16.5890998, 28.3854187 ], [ -16.5891271, 28.3852586 ], [ -16.5892201, 28.3851899 ], [ -16.5891136, 28.3850769 ], [ -16.5892748, 28.3849402 ], [ -16.5890673, 28.3847675 ], [ -16.589018, 28.3847388 ], [ -16.5896638, 28.3840656 ], [ -16.5897137, 28.3840203 ], [ -16.5898052, 28.3839583 ], [ -16.5899142, 28.3838945 ], [ -16.5899114, 28.3837681 ], [ -16.5898445, 28.383785 ], [ -16.5897144, 28.3838298 ], [ -16.5895372, 28.3838796 ], [ -16.5894205, 28.3835378 ], [ -16.5893992, 28.3834601 ], [ -16.5893858, 28.3834379 ], [ -16.5893299, 28.3832542 ], [ -16.5885401, 28.3835141 ], [ -16.5884931, 28.383345 ], [ -16.5884915, 28.3832972 ], [ -16.5884642, 28.3831602 ], [ -16.5884392, 28.3830648 ], [ -16.5884082, 28.3827983 ], [ -16.5883992, 28.3827753 ], [ -16.5883839, 28.3827647 ], [ -16.5880929, 28.3826702 ], [ -16.5879129, 28.382597 ], [ -16.5876046, 28.3824822 ], [ -16.587559, 28.3826987 ], [ -16.5875016, 28.3828243 ], [ -16.5874503, 28.3828967 ], [ -16.5874031, 28.3829427 ], [ -16.5873695, 28.382974 ], [ -16.5871578, 28.3828145 ], [ -16.5871055, 28.3828128 ], [ -16.5869798, 28.382805 ], [ -16.5868914, 28.3832039 ], [ -16.5869178, 28.3832114 ], [ -16.5868633, 28.3835313 ], [ -16.5868557, 28.3836093 ], [ -16.5868353, 28.3836466 ], [ -16.5868283, 28.3837022 ], [ -16.5867873, 28.3837011 ], [ -16.5867879, 28.3837436 ], [ -16.5867138, 28.3837421 ], [ -16.5867128, 28.3837938 ], [ -16.5867573, 28.3837964 ], [ -16.5867625, 28.3838503 ], [ -16.5868053, 28.3838536 ], [ -16.5868104, 28.3839068 ], [ -16.586828, 28.3839143 ], [ -16.5868274, 28.3839907 ], [ -16.5867175, 28.3839896 ], [ -16.5867507, 28.3840533 ], [ -16.5867546, 28.3841419 ], [ -16.5867504, 28.3842091 ], [ -16.5867584, 28.3842807 ], [ -16.5868563, 28.3842815 ], [ -16.5868713, 28.3844221 ], [ -16.5868745, 28.3844622 ], [ -16.5868425, 28.3844772 ], [ -16.5868463, 28.3844987 ], [ -16.5868255, 28.384509 ], [ -16.5868316, 28.3846246 ], [ -16.5868365, 28.3847812 ], [ -16.5868399, 28.3848343 ], [ -16.5868662, 28.3848402 ], [ -16.5868684, 28.3848757 ], [ -16.5868511, 28.3848797 ], [ -16.5868533, 28.3849121 ], [ -16.5867932, 28.3849174 ], [ -16.5868104, 28.3850167 ], [ -16.586874, 28.3850167 ], [ -16.5868798, 28.3850498 ], [ -16.5868503, 28.3850648 ], [ -16.5868596, 28.3851033 ], [ -16.5868187, 28.3851076 ], [ -16.5868319, 28.385173 ], [ -16.5867684, 28.3851884 ], [ -16.5867794, 28.3852245 ], [ -16.5867453, 28.3852766 ], [ -16.5867626, 28.3853212 ], [ -16.5868674, 28.385333 ], [ -16.5869201, 28.3854173 ], [ -16.5870677, 28.3854865 ], [ -16.5870999, 28.3855448 ], [ -16.5871268, 28.3855329 ], [ -16.5871514, 28.3855442 ], [ -16.5872027, 28.3855343 ], [ -16.5872257, 28.3855556 ], [ -16.5872412, 28.3855462 ], [ -16.5872492, 28.3855523 ], [ -16.5872874, 28.3855996 ], [ -16.587414, 28.3856699 ], [ -16.5875072, 28.3857174 ], [ -16.5875948, 28.3857465 ], [ -16.5872123, 28.385889 ], [ -16.5870571, 28.3858862 ], [ -16.5869897, 28.3858723 ], [ -16.586933, 28.3858691 ], [ -16.5867396, 28.3858899 ], [ -16.5867356, 28.385856 ], [ -16.5866989, 28.3858487 ], [ -16.5866708, 28.3858953 ], [ -16.5864987, 28.3860492 ], [ -16.5866003, 28.3861391 ], [ -16.5866882, 28.386182 ], [ -16.5867494, 28.3861343 ], [ -16.5868084, 28.3861752 ], [ -16.5869165, 28.3861716 ], [ -16.5869145, 28.3862141 ], [ -16.5869796, 28.3862465 ], [ -16.5870056, 28.3861822 ], [ -16.5871236, 28.3861939 ], [ -16.587089, 28.3862768 ], [ -16.5871337, 28.3862894 ], [ -16.5871662, 28.3862489 ], [ -16.5872467, 28.386265 ], [ -16.5872678, 28.3862177 ], [ -16.587341, 28.3862145 ], [ -16.5873487, 28.3862052 ], [ -16.587444, 28.3862195 ], [ -16.5874523, 28.3861885 ], [ -16.5875597, 28.3861989 ], [ -16.5875574, 28.386222 ], [ -16.5876435, 28.3862382 ], [ -16.5876652, 28.3861969 ], [ -16.5877475, 28.386219 ], [ -16.5880583, 28.3863566 ], [ -16.5881398, 28.3863788 ], [ -16.5881938, 28.3863781 ], [ -16.5882482, 28.3865117 ], [ -16.5881753, 28.3865403 ], [ -16.5882118, 28.3866046 ], [ -16.5882657, 28.3865968 ], [ -16.5882849, 28.3866634 ], [ -16.5883006, 28.386751 ], [ -16.588305, 28.3867586 ], [ -16.5883373, 28.3869276 ], [ -16.5883836, 28.3869953 ], [ -16.5885019, 28.3869761 ], [ -16.5885646, 28.3869723 ], [ -16.5886337, 28.3869831 ], [ -16.5888456, 28.3869189 ] ] ] } },
{ "type": "Feature", "properties": { "fid_": 0, "bic_nombre": "ROQUE DE VENTO", "bic_catego": "ZONA ARQUEOLÓGICA", "bic_entorn": 0, "municipio_": "ARONA", "bic_descri": "Bien de Interés Cultural con categoría de Zona Arqueológica del “Roque de Vento”, en el municipio de Arona, declarado por Decreto 77/2008, de 22 de abril, del Gobierno de Canarias, publicado en el BOC nº 90 de 6 de mayo de 2008.", "boletin1_n": "BOC nº 90 de 6 de mayo de 2008", "boletin1_u": "http://www.gobiernodecanarias.org/boc/2008/090/008.html", "boletin2_n": null, "boletin2_u": null }, "geometry": { "type": "Polygon", "coordinates": [ [ [ -16.6712605, 28.0865441 ], [ -16.6712605, 28.0865447 ], [ -16.6721183, 28.0873641 ], [ -16.6729022, 28.0873375 ], [ -16.6732752, 28.0874309 ], [ -16.6743562, 28.0866759 ], [ -16.6750803, 28.0857614 ], [ -16.6755506, 28.0850202 ], [ -16.6755356, 28.0849701 ], [ -16.6755364, 28.0848811 ], [ -16.6755561, 28.0847674 ], [ -16.6755829, 28.0846551 ], [ -16.6756486, 28.0845522 ], [ -16.6757089, 28.0844426 ], [ -16.6757167, 28.0843953 ], [ -16.675704, 28.0843567 ], [ -16.6756638, 28.0843346 ], [ -16.6756017, 28.0843354 ], [ -16.6755387, 28.0843525 ], [ -16.675471, 28.0843758 ], [ -16.6753872, 28.0844105 ], [ -16.6752927, 28.0844639 ], [ -16.6751059, 28.0845927 ], [ -16.6750997, 28.0845966 ], [ -16.6750287, 28.0846301 ], [ -16.6749573, 28.08466 ], [ -16.6748818, 28.0846831 ], [ -16.6748062, 28.0846958 ], [ -16.6746676, 28.084701 ], [ -16.6745822, 28.0847142 ], [ -16.6744877, 28.0847444 ], [ -16.6744289, 28.0847559 ], [ -16.6742744, 28.0847987 ], [ -16.6742187, 28.0848101 ], [ -16.6741965, 28.0848152 ], [ -16.6741254, 28.0848126 ], [ -16.674078, 28.0847851 ], [ -16.6740418, 28.0847447 ], [ -16.6739963, 28.0847075 ], [ -16.6739302, 28.0846795 ], [ -16.6738514, 28.0846618 ], [ -16.6737774, 28.0846521 ], [ -16.6736861, 28.0846494 ], [ -16.6736554, 28.0846489 ], [ -16.6735881, 28.0846431 ], [ -16.6735179, 28.0846464 ], [ -16.6734201, 28.0846656 ], [ -16.6732159, 28.084727 ], [ -16.6728966, 28.0848526 ], [ -16.6728279, 28.0848839 ], [ -16.6726505, 28.0849741 ], [ -16.6725875, 28.0850262 ], [ -16.6725383, 28.0850812 ], [ -16.67249, 28.0851302 ], [ -16.6723595, 28.0852213 ], [ -16.6722446, 28.0852758 ], [ -16.6721875, 28.0853145 ], [ -16.6721272, 28.0853617 ], [ -16.6721188, 28.0853687 ], [ -16.6719634, 28.0855157 ], [ -16.6718905, 28.0855906 ], [ -16.6718168, 28.0856788 ], [ -16.6717682, 28.0857484 ], [ -16.6717644, 28.0857543 ], [ -16.6716543, 28.0858823 ], [ -16.6714626, 28.0861215 ], [ -16.6714155, 28.0861883 ], [ -16.6713783, 28.0862567 ], [ -16.6713315, 28.0863563 ], [ -16.6712784, 28.0864897 ], [ -16.6712605, 28.0865441 ] ] ] } },
{ "type": "Feature", "properties": { "fid_": 0, "bic_nombre": "LAGO DE LA COSTA MARTIÁNEZ", "bic_catego": "JARDÍN HISTÓRICO", "bic_entorn": 0, "municipio_": "PUERTO DE LA CRUZ", "bic_descri": "Bien de Interés Cultural con categoría de Jardín Histórico del “Lago de la Costa de Martiánez”, en el término municipal de Puerto de la Cruz, declarado por decreto 93/2005, de 24 de mayo, del Gobierno de Canarias, publicado en el BOC nº 108 de", "boletin1_n": "BOC nº 108 de 3 de junio de 2005", "boletin1_u": "http://www.gobiernodecanarias.org/boc/2005/108/010.html", "boletin2_n": null, "boletin2_u": null }, "geometry": { "type": "Polygon", "coordinates": [ [ [ -16.5419805, 28.4186279 ], [ -16.5418401, 28.4187351 ], [ -16.5418759, 28.4189477 ], [ -16.542136, 28.4192173 ], [ -16.5421121, 28.4192563 ], [ -16.5422785, 28.4194738 ], [ -16.541116, 28.4203326 ], [ -16.5414617, 28.4205904 ], [ -16.5416339, 28.4207085 ], [ -16.5418595, 28.4208485 ], [ -16.5421856, 28.4210208 ], [ -16.5422904, 28.4210656 ], [ -16.5424577, 28.4211251 ], [ -16.5426452, 28.4211789 ], [ -16.5428748, 28.4212413 ], [ -16.5430897, 28.4212759 ], [ -16.5433207, 28.4212949 ], [ -16.5434553, 28.4212862 ], [ -16.5435641, 28.4212579 ], [ -16.543755, 28.4211817 ], [ -16.5440042, 28.4210489 ], [ -16.5441078, 28.420943 ], [ -16.5442951, 28.420626 ], [ -16.5443275, 28.420538 ], [ -16.5443343, 28.4204405 ], [ -16.5443179, 28.4202277 ], [ -16.5442959, 28.420052 ], [ -16.5443015, 28.4199454 ], [ -16.5443293, 28.4198891 ], [ -16.5443645, 28.4198544 ], [ -16.544433, 28.419786 ], [ -16.5447225, 28.419622 ], [ -16.5449499, 28.4195292 ], [ -16.5450758, 28.4194854 ], [ -16.5451842, 28.41943 ], [ -16.5452488, 28.4193751 ], [ -16.5453125, 28.4192625 ], [ -16.5453583, 28.4191112 ], [ -16.5454715, 28.4187535 ], [ -16.5455493, 28.41849 ], [ -16.5455827, 28.4183262 ], [ -16.5455868, 28.4182585 ], [ -16.5455674, 28.4181856 ], [ -16.5454586, 28.4178683 ], [ -16.5454215, 28.4177721 ], [ -16.5452405, 28.4174014 ], [ -16.5451076, 28.4174571 ], [ -16.5449781, 28.4175398 ], [ -16.5449177, 28.4175928 ], [ -16.5447488, 28.4177725 ], [ -16.5446685, 28.4178655 ], [ -16.5441676, 28.4184524 ], [ -16.5439165, 28.4187332 ], [ -16.5438913, 28.4187606 ], [ -16.5436915, 28.4189172 ], [ -16.5435303, 28.4189966 ], [ -16.543443, 28.4190265 ], [ -16.5433545, 28.4190527 ], [ -16.5432731, 28.4190717 ], [ -16.5431347, 28.4190977 ], [ -16.5430541, 28.4191049 ], [ -16.5429399, 28.4191098 ], [ -16.5427774, 28.4191008 ], [ -16.5426157, 28.4190674 ], [ -16.5425121, 28.4190334 ], [ -16.5424186, 28.4189921 ], [ -16.5422661, 28.4188999 ], [ -16.5421704, 28.4188423 ], [ -16.5421176, 28.4187951 ], [ -16.5419805, 28.4186279 ] ] ] } },
{ "type": "Feature", "properties": { "fid_": 0, "bic_nombre": "SAN MIGUEL DE ABONA", "bic_catego": "CONJUNTO HISTÓRICO", "bic_entorn": 0, "municipio_": "SAN MIGUEL", "bic_descri": "Bien de Interés Cultural con categoría de Conjunto Histórico de “San Miguel de Abona”, en el municipio homónimo, declarado por Decreto 51/2013, de 16 de mayo, del Gobierno de Canarias, publicado en el BOC nº 99 de 24 de mayo de 2013. No cuenta c", "boletin1_n": "BOC nº 99 de 24 de mayo de 2013", "boletin1_u": "http://www.gobiernodecanarias.org/boc/2013/099/004.html", "boletin2_n": null, "boletin2_u": null }, "geometry": { "type": "Polygon", "coordinates": [ [ [ -16.6208922, 28.0966503 ], [ -16.6208506, 28.0965715 ], [ -16.6207536, 28.0964407 ], [ -16.6205896, 28.0962688 ], [ -16.6205015, 28.0963537 ], [ -16.6204701, 28.0963818 ], [ -16.6200574, 28.0962013 ], [ -16.6198181, 28.0962075 ], [ -16.6198099, 28.096114 ], [ -16.6197105, 28.0961134 ], [ -16.6197124, 28.0961545 ], [ -16.6196151, 28.0961803 ], [ -16.6195855, 28.0961856 ], [ -16.6190134, 28.0963658 ], [ -16.618913, 28.0964152 ], [ -16.618936, 28.0964519 ], [ -16.6189543, 28.0964854 ], [ -16.6189853, 28.0965388 ], [ -16.6190124, 28.09662 ], [ -16.6190323, 28.09669 ], [ -16.6189204, 28.0967185 ], [ -16.6188814, 28.0967598 ], [ -16.6188758, 28.0967998 ], [ -16.6189051, 28.096845 ], [ -16.6188282, 28.0968892 ], [ -16.6187509, 28.0969307 ], [ -16.6186741, 28.0969717 ], [ -16.6186364, 28.096982 ], [ -16.6186327, 28.0969674 ], [ -16.6184468, 28.0970745 ], [ -16.6184217, 28.0970896 ], [ -16.6182724, 28.0972106 ], [ -16.6182321, 28.0972318 ], [ -16.6181684, 28.0972586 ], [ -16.6181566, 28.0972435 ], [ -16.6179957, 28.0973096 ], [ -16.6180495, 28.0973938 ], [ -16.6180533, 28.0973992 ], [ -16.6181024, 28.0974896 ], [ -16.618024, 28.0975257 ], [ -16.6179627, 28.0975536 ], [ -16.6179031, 28.0975854 ], [ -16.6177641, 28.0976401 ], [ -16.617778, 28.097721 ], [ -16.6177817, 28.0977359 ], [ -16.6176912, 28.0977532 ], [ -16.6176918, 28.0977575 ], [ -16.6176894, 28.0977742 ], [ -16.6176595, 28.0977958 ], [ -16.617539, 28.0977889 ], [ -16.617504, 28.0978056 ], [ -16.6173917, 28.0978463 ], [ -16.6174442, 28.0979083 ], [ -16.6174073, 28.0979151 ], [ -16.6172483, 28.0978997 ], [ -16.6172438, 28.097935 ], [ -16.6172395, 28.0979678 ], [ -16.6172387, 28.0980046 ], [ -16.6172113, 28.098007 ], [ -16.6172061, 28.0979672 ], [ -16.6171765, 28.0979692 ], [ -16.6171711, 28.0979356 ], [ -16.6171484, 28.0978387 ], [ -16.6170639, 28.0978256 ], [ -16.6169759, 28.0978161 ], [ -16.6168508, 28.0977957 ], [ -16.6168405, 28.097891 ], [ -16.6165871, 28.0978615 ], [ -16.6164442, 28.0978517 ], [ -16.6163852, 28.097845 ], [ -16.6162852, 28.0978297 ], [ -16.6162417, 28.0978209 ], [ -16.6160088, 28.0977776 ], [ -16.6159495, 28.0977663 ], [ -16.6159308, 28.0977649 ], [ -16.615931, 28.0976822 ], [ -16.6159024, 28.0976816 ], [ -16.6159018, 28.0976783 ], [ -16.615772, 28.0976779 ], [ -16.6157743, 28.0976929 ], [ -16.6158262, 28.097849 ], [ -16.6156094, 28.0979058 ], [ -16.6154301, 28.0979989 ], [ -16.6151344, 28.0981533 ], [ -16.6150309, 28.0982147 ], [ -16.6148747, 28.0983097 ], [ -16.6145811, 28.0985269 ], [ -16.6144702, 28.0986195 ], [ -16.614517, 28.098672 ], [ -16.6145522, 28.0987529 ], [ -16.6145601, 28.0987843 ], [ -16.6146782, 28.0989628 ], [ -16.614724, 28.0990764 ], [ -16.6147917, 28.0992042 ], [ -16.6148157, 28.0992325 ], [ -16.6151065, 28.0995771 ], [ -16.6151459, 28.0996188 ], [ -16.6151696, 28.0996555 ], [ -16.6151651, 28.0996597 ], [ -16.615195, 28.099701 ], [ -16.6152723, 28.0996361 ], [ -16.615292, 28.099656 ], [ -16.6153176, 28.0996426 ], [ -16.6153323, 28.0996581 ], [ -16.6153462, 28.0996487 ], [ -16.6153547, 28.0996596 ], [ -16.6154371, 28.0996161 ], [ -16.6154813, 28.0996588 ], [ -16.6156778, 28.0994978 ], [ -16.6156637, 28.09947 ], [ -16.6156719, 28.0994685 ], [ -16.6157155, 28.0993738 ], [ -16.6157316, 28.0993245 ], [ -16.6159602, 28.0993924 ], [ -16.6160497, 28.0994028 ], [ -16.6161123, 28.0994103 ], [ -16.6161373, 28.0992878 ], [ -16.6162914, 28.0993105 ], [ -16.6163277, 28.0993159 ], [ -16.6163628, 28.0993171 ], [ -16.6163957, 28.099318 ], [ -16.6164794, 28.0993108 ], [ -16.6164804, 28.0992312 ], [ -16.6169148, 28.0992217 ], [ -16.6169785, 28.0992161 ], [ -16.6170584, 28.0992241 ], [ -16.6171439, 28.0992054 ], [ -16.6173172, 28.0991558 ], [ -16.6174068, 28.0991291 ], [ -16.6174841, 28.0991508 ], [ -16.6176101, 28.099119 ], [ -16.6176102, 28.0991157 ], [ -16.6177477, 28.0990891 ], [ -16.6177411, 28.0990601 ], [ -16.6177359, 28.0990083 ], [ -16.6176712, 28.0989617 ], [ -16.6176507, 28.0989076 ], [ -16.6176391, 28.0988707 ], [ -16.6176639, 28.0988632 ], [ -16.6176427, 28.0988023 ], [ -16.6176121, 28.0988118 ], [ -16.6175816, 28.0988112 ], [ -16.6175623, 28.0987522 ], [ -16.6176539, 28.0987397 ], [ -16.6176414, 28.0986868 ], [ -16.6175641, 28.0987019 ], [ -16.6175428, 28.0986396 ], [ -16.6180187, 28.0985603 ], [ -16.618015, 28.0984216 ], [ -16.6180031, 28.0983189 ], [ -16.6182106, 28.0982746 ], [ -16.6182696, 28.0982036 ], [ -16.6183381, 28.0982235 ], [ -16.6183836, 28.0982441 ], [ -16.6184441, 28.0982862 ], [ -16.6184671, 28.0983041 ], [ -16.6185807, 28.0983895 ], [ -16.6187783, 28.0982823 ], [ -16.6188656, 28.0982249 ], [ -16.618994, 28.0981554 ], [ -16.6191297, 28.0980816 ], [ -16.61912, 28.0980638 ], [ -16.619127, 28.0980601 ], [ -16.619092, 28.0980005 ], [ -16.6191027, 28.0979899 ], [ -16.6190412, 28.0977624 ], [ -16.6189748, 28.0977434 ], [ -16.6189491, 28.0977101 ], [ -16.6190742, 28.0976451 ], [ -16.6192164, 28.097584 ], [ -16.6194118, 28.097508 ], [ -16.6196176, 28.0974266 ], [ -16.6196132, 28.0974179 ], [ -16.6196616, 28.0974003 ], [ -16.6197142, 28.0972569 ], [ -16.6197939, 28.0972496 ], [ -16.6198373, 28.0972458 ], [ -16.6198368, 28.0972166 ], [ -16.6198362, 28.097192 ], [ -16.620663, 28.0968939 ], [ -16.6206667, 28.0967585 ], [ -16.6208149, 28.0966817 ], [ -16.620821, 28.0966871 ], [ -16.6208922, 28.0966503 ] ] ] } },
{ "type": "Feature", "properties": { "fid_": 0, "bic_nombre": "GUÍA DE ISORA", "bic_catego": "CONJUNTO HISTÓRICO", "bic_entorn": 0, "municipio_": "GUIA DE ISORA", "bic_descri": "Bien de Interés Cultural con categoría de Conjunto Histórico de “Guía de Isora”, en el municipio homónimo, declarado por Decreto 27/2009, de 10 de marzo, del Gobierno de Canarias, publicado en el BOC nº 57 de 24 de marzo de 2009. No cuenta con", "boletin1_n": "BOC nº 57 de 24 de marzo de 2009", "boletin1_u": "http://www.gobiernodecanarias.org/boc/2009/057/006.html", "boletin2_n": null, "boletin2_u": null }, "geometry": { "type": "Polygon", "coordinates": [ [ [ -16.7799364, 28.2115624 ], [ -16.7800421, 28.2115466 ], [ -16.7801611, 28.2115351 ], [ -16.7802884, 28.2115326 ], [ -16.7803783, 28.211544 ], [ -16.7805611, 28.2115741 ], [ -16.7806901, 28.2116104 ], [ -16.7807802, 28.2116363 ], [ -16.7809349, 28.2116902 ], [ -16.780983, 28.211704 ], [ -16.7810415, 28.2117303 ], [ -16.7810797, 28.2117614 ], [ -16.7811657, 28.2116619 ], [ -16.7812141, 28.2116315 ], [ -16.7811442, 28.2115341 ], [ -16.7811393, 28.2114854 ], [ -16.7811373, 28.2113636 ], [ -16.7811376, 28.2112598 ], [ -16.7810419, 28.2112601 ], [ -16.7810322, 28.2113496 ], [ -16.7810115, 28.2114537 ], [ -16.7810058, 28.2114826 ], [ -16.7808177, 28.2114435 ], [ -16.7807336, 28.211164 ], [ -16.7806413, 28.2108186 ], [ -16.7804944, 28.2106834 ], [ -16.7794286, 28.2096883 ], [ -16.7793818, 28.2094506 ], [ -16.7793576, 28.2093391 ], [ -16.7792317, 28.2088128 ], [ -16.7791555, 28.2084573 ], [ -16.7791319, 28.2083872 ], [ -16.7790952, 28.2083254 ], [ -16.7790643, 28.2083005 ], [ -16.7790053, 28.2082481 ], [ -16.7789169, 28.2081978 ], [ -16.7788717, 28.2081776 ], [ -16.778795, 28.208156 ], [ -16.7787174, 28.2081453 ], [ -16.7786124, 28.2081449 ], [ -16.778537, 28.208144 ], [ -16.778438, 28.2081318 ], [ -16.7783658, 28.2081372 ], [ -16.7782461, 28.2081731 ], [ -16.7780546, 28.208236 ], [ -16.7779859, 28.2082685 ], [ -16.7778873, 28.2083429 ], [ -16.7776921, 28.2084925 ], [ -16.7773157, 28.2088304 ], [ -16.7775151, 28.2090616 ], [ -16.7775993, 28.2091598 ], [ -16.7776336, 28.2092044 ], [ -16.777665, 28.2092519 ], [ -16.7776893, 28.2093039 ], [ -16.7777073, 28.2093443 ], [ -16.7778345, 28.2095827 ], [ -16.7775452, 28.2097101 ], [ -16.7775568, 28.2097957 ], [ -16.7775757, 28.2099524 ], [ -16.7775332, 28.2100288 ], [ -16.7774557, 28.2101498 ], [ -16.7773919, 28.210231 ], [ -16.7773705, 28.2102944 ], [ -16.7773716, 28.2103621 ], [ -16.7773594, 28.2104263 ], [ -16.7773519, 28.2104643 ], [ -16.7773399, 28.2105385 ], [ -16.7773216, 28.2106046 ], [ -16.7772874, 28.2106917 ], [ -16.7772803, 28.2107522 ], [ -16.7773062, 28.2108422 ], [ -16.7773408, 28.2108986 ], [ -16.777423, 28.2109435 ], [ -16.7774548, 28.2109548 ], [ -16.7774703, 28.2109682 ], [ -16.7774859, 28.2109887 ], [ -16.7775039, 28.2110309 ], [ -16.777523, 28.2110731 ], [ -16.7775655, 28.2111835 ], [ -16.7778975, 28.2109274 ], [ -16.7784627, 28.211097 ], [ -16.7784334, 28.211295 ], [ -16.7784446, 28.2112975 ], [ -16.7784813, 28.211547 ], [ -16.7785037, 28.2115413 ], [ -16.7785463, 28.2115309 ], [ -16.7785879, 28.2115222 ], [ -16.7786487, 28.2115052 ], [ -16.7786943, 28.2114901 ], [ -16.7787601, 28.2114649 ], [ -16.7788271, 28.2114478 ], [ -16.7789803, 28.2114115 ], [ -16.7791865, 28.2113727 ], [ -16.7792354, 28.2113703 ], [ -16.7793015, 28.2113631 ], [ -16.7793381, 28.2113581 ], [ -16.7793917, 28.2113349 ], [ -16.7794988, 28.2112811 ], [ -16.779703, 28.2111873 ], [ -16.7799364, 28.2115624 ] ] ] } },
{ "type": "Feature", "properties": { "fid_": 0, "bic_nombre": "CASERIO DE TAUCHO", "bic_catego": "CONJUNTO HISTÓRICO", "bic_entorn": 0, "municipio_": "ADEJE", "bic_descri": "Bien de Interés Cultural con categoría de Conjunto Histórico de “El Caserío de Taucho”, en el municipio de Adeje, declarado por Decreto 94/2005, de 24 de mayo, del Gobierno de Canarias, publicado en el BOC nº 108 de 3 de junio de 2005. No cuenta", "boletin1_n": "BOC nº 108 de 3 de junio de 2005", "boletin1_u": "http://www.gobiernodecanarias.org/boc/2005/108/011.html", "boletin2_n": null, "boletin2_u": null }, "geometry": { "type": "MultiPolygon", "coordinates": [ [ [ [ -16.7307465, 28.1541907 ], [ -16.7308234, 28.1539874 ], [ -16.7308264, 28.1539211 ], [ -16.7308189, 28.1538742 ], [ -16.7308019, 28.1538311 ], [ -16.7307522, 28.1537799 ], [ -16.7306931, 28.1537421 ], [ -16.7306526, 28.1537165 ], [ -16.7305889, 28.1536885 ], [ -16.7305232, 28.1536734 ], [ -16.7304541, 28.1536669 ], [ -16.7303494, 28.1536697 ], [ -16.7302484, 28.1536935 ], [ -16.7301885, 28.1537076 ], [ -16.7301344, 28.1537215 ], [ -16.7301045, 28.1537267 ], [ -16.7300772, 28.153728 ], [ -16.7300373, 28.1537202 ], [ -16.7300218, 28.1537054 ], [ -16.7300173, 28.1536822 ], [ -16.730029, 28.1536556 ], [ -16.7300462, 28.153639 ], [ -16.7300837, 28.1536016 ], [ -16.7301311, 28.153542 ], [ -16.7301407, 28.1535233 ], [ -16.7301443, 28.1534711 ], [ -16.7301308, 28.1534406 ], [ -16.7300955, 28.1534107 ], [ -16.729955, 28.1533305 ], [ -16.7298577, 28.1532867 ], [ -16.7298169, 28.1532772 ], [ -16.7297754, 28.1532725 ], [ -16.729644, 28.1532771 ], [ -16.7295454, 28.1532965 ], [ -16.7294034, 28.153326 ], [ -16.7293761, 28.1533295 ], [ -16.729297, 28.153319 ], [ -16.7292469, 28.1532988 ], [ -16.72921, 28.1532716 ], [ -16.729188, 28.153242 ], [ -16.7291776, 28.1532287 ], [ -16.7291657, 28.1531951 ], [ -16.7291642, 28.1531366 ], [ -16.7291634, 28.153103 ], [ -16.7291777, 28.1531183 ], [ -16.7292079, 28.1531771 ], [ -16.729237, 28.1531949 ], [ -16.7292636, 28.1532048 ], [ -16.7293073, 28.1532045 ], [ -16.7293424, 28.1531941 ], [ -16.7294316, 28.153141 ], [ -16.7295169, 28.1530986 ], [ -16.7296296, 28.1530635 ], [ -16.7297135, 28.1530479 ], [ -16.7298706, 28.1530461 ], [ -16.7300615, 28.1530623 ], [ -16.7302789, 28.1531014 ], [ -16.7304699, 28.1531257 ], [ -16.7305696, 28.1531252 ], [ -16.7306098, 28.15312 ], [ -16.7306511, 28.1531117 ], [ -16.730689, 28.153097 ], [ -16.7307429, 28.1530655 ], [ -16.7307641, 28.1530395 ], [ -16.7308082, 28.1530017 ], [ -16.7308462, 28.1529606 ], [ -16.7308957, 28.1528956 ], [ -16.7309157, 28.1528537 ], [ -16.7309412, 28.1527881 ], [ -16.7309423, 28.1527227 ], [ -16.7309349, 28.152675 ], [ -16.7308579, 28.1525054 ], [ -16.7308391, 28.1524836 ], [ -16.7308246, 28.1524079 ], [ -16.7307851, 28.1523252 ], [ -16.7307428, 28.152254 ], [ -16.7307005, 28.1521617 ], [ -16.7306871, 28.1521381 ], [ -16.7306512, 28.1520877 ], [ -16.7305889, 28.1520412 ], [ -16.7304597, 28.1520118 ], [ -16.7304025, 28.1520081 ], [ -16.7302378, 28.1520036 ], [ -16.7301453, 28.1520023 ], [ -16.7301112, 28.1519981 ], [ -16.7300655, 28.1519883 ], [ -16.7300395, 28.1519693 ], [ -16.730016, 28.1519319 ], [ -16.7300087, 28.1519088 ], [ -16.7300052, 28.1518466 ], [ -16.7300092, 28.1518348 ], [ -16.7300198, 28.1518088 ], [ -16.730037, 28.1517828 ], [ -16.7300582, 28.1517598 ], [ -16.7301138, 28.1517123 ], [ -16.7301607, 28.1516748 ], [ -16.7302077, 28.1516446 ], [ -16.7302242, 28.1516201 ], [ -16.7302344, 28.1515852 ], [ -16.7302316, 28.1515493 ], [ -16.7302228, 28.1515019 ], [ -16.7302073, 28.1514664 ], [ -16.7301849, 28.1514294 ], [ -16.7301711, 28.1514113 ], [ -16.7301196, 28.1513524 ], [ -16.7300615, 28.1512929 ], [ -16.7300285, 28.1512681 ], [ -16.7299911, 28.1512429 ], [ -16.7299256, 28.1512051 ], [ -16.7298396, 28.1511692 ], [ -16.7298238, 28.151165 ], [ -16.7297682, 28.1511581 ], [ -16.7296796, 28.1511616 ], [ -16.7295234, 28.1512393 ], [ -16.7294402, 28.1512856 ], [ -16.7289291, 28.1512605 ], [ -16.7288968, 28.1513791 ], [ -16.7288991, 28.1514356 ], [ -16.7289153, 28.1516746 ], [ -16.7288953, 28.1517184 ], [ -16.7288789, 28.1517634 ], [ -16.7288488, 28.1518676 ], [ -16.7288551, 28.1519118 ], [ -16.728845, 28.1520576 ], [ -16.7288461, 28.1522804 ], [ -16.7288549, 28.152315 ], [ -16.7288833, 28.1523438 ], [ -16.7280428, 28.152549 ], [ -16.727893, 28.1525788 ], [ -16.7270099, 28.1526436 ], [ -16.726771, 28.1526593 ], [ -16.7267666, 28.1526956 ], [ -16.7267691, 28.152732 ], [ -16.726781, 28.1527679 ], [ -16.7268149, 28.1528475 ], [ -16.726823, 28.1528714 ], [ -16.7268283, 28.1529234 ], [ -16.7268275, 28.1529452 ], [ -16.7268237, 28.1529635 ], [ -16.7268178, 28.152975 ], [ -16.7267912, 28.1530074 ], [ -16.7267596, 28.1530315 ], [ -16.7266734, 28.1530654 ], [ -16.726644, 28.1530771 ], [ -16.726621, 28.1530888 ], [ -16.726572, 28.1531164 ], [ -16.7264286, 28.1532291 ], [ -16.7263717, 28.1532663 ], [ -16.7263735, 28.1533754 ], [ -16.7264129, 28.1533723 ], [ -16.726536, 28.1533501 ], [ -16.7266253, 28.1533392 ], [ -16.7266929, 28.1533349 ], [ -16.7267736, 28.1533361 ], [ -16.72686, 28.153348 ], [ -16.7269426, 28.1533712 ], [ -16.7270506, 28.1534222 ], [ -16.7270724, 28.1534381 ], [ -16.7271771, 28.1535266 ], [ -16.7272208, 28.1535425 ], [ -16.727254, 28.1535484 ], [ -16.7272957, 28.1535472 ], [ -16.7273353, 28.1535374 ], [ -16.727372, 28.1535379 ], [ -16.7273757, 28.1535393 ], [ -16.7281714, 28.153991 ], [ -16.7287773, 28.1536642 ], [ -16.7296326, 28.1539242 ], [ -16.7298813, 28.1537856 ], [ -16.7302276, 28.1538612 ], [ -16.7305495, 28.1541907 ], [ -16.7307465, 28.1541907 ] ] ], [ [ [ -16.7306808, 28.1507655 ], [ -16.7306728, 28.1501768 ], [ -16.7300178, 28.1501823 ], [ -16.7300273, 28.1507738 ], [ -16.7306808, 28.1507655 ] ] ] ] } },
{ "type": "Feature", "properties": { "fid_": 0, "bic_nombre": "EL TOSCAL", "bic_catego": "CONJUNTO HISTÓRICO", "bic_entorn": 0, "municipio_": "SANTA CRUZ DE TENERIFE", "bic_descri": "Bien de Interés Cultural con categoría de Conjunto Histórico de “El Toscal”, en el municipio de Santa Cruz, declarado por Decreto 2/2007, de 16 de enero, del Gobierno de Canarias, publicado en el BOC nº 20 de 26 de enero de 2007. Cuenta con Plan", "boletin1_n": "BOC nº 20 de 26 de enero de 2007", "boletin1_u": "http://www.gobiernodecanarias.org/boc/2007/020/008.html", "boletin2_n": null, "boletin2_u": null }, "geometry": { "type": "Polygon", "coordinates": [ [ [ -16.2485475, 28.4743338 ], [ -16.2492965, 28.4746352 ], [ -16.249744, 28.4739996 ], [ -16.2502884, 28.4732866 ], [ -16.2512305, 28.472092 ], [ -16.2501713, 28.4714166 ], [ -16.2505073, 28.4708433 ], [ -16.2499399, 28.4704825 ], [ -16.2494637, 28.4702007 ], [ -16.2491812, 28.4707756 ], [ -16.2500059, 28.4713009 ], [ -16.2498253, 28.4715296 ], [ -16.2497698, 28.4714938 ], [ -16.2496528, 28.4717062 ], [ -16.249344, 28.4715773 ], [ -16.2489082, 28.4723782 ], [ -16.2477763, 28.4744371 ], [ -16.2483289, 28.4747428 ], [ -16.2485475, 28.4743338 ] ] ] } },
{ "type": "Feature", "properties": { "fid_": 0, "bic_nombre": "CUEVA DE DON GASPAR", "bic_catego": "ZONA ARQUEOLÓGICA", "bic_entorn": 0, "municipio_": "ICOD DE LOS VINOS", "bic_descri": "Bien de Interés Cultural con categoría de Zona Arqueológica de la “Cueva de Don Gaspar”, en el municipio de Icod de los Vinos, declarado por Decreto 40/2006, de 9 de mayo, del Gobierno de Canarias, publicado en el BOC nº 96 de 19 de mayo de 2006.", "boletin1_n": "BOC nº 96 de 19 de mayo de 2006", "boletin1_u": "http://www.gobiernodecanarias.org/boc/2006/096/014.html", "boletin2_n": null, "boletin2_u": null }, "geometry": { "type": "Polygon", "coordinates": [ [ [ -16.7273439, 28.3645725 ], [ -16.7273542, 28.3645686 ], [ -16.7280006, 28.3642336 ], [ -16.7277646, 28.3628227 ], [ -16.7279033, 28.3621977 ], [ -16.7278411, 28.3621854 ], [ -16.7277966, 28.3621947 ], [ -16.7277771, 28.3622147 ], [ -16.7277403, 28.3622393 ], [ -16.7276858, 28.3622444 ], [ -16.7276188, 28.362243 ], [ -16.7275589, 28.362224 ], [ -16.7275213, 28.3621982 ], [ -16.7274635, 28.3621506 ], [ -16.7274234, 28.362127 ], [ -16.7275282, 28.3615486 ], [ -16.7275192, 28.3611472 ], [ -16.7275259, 28.3609474 ], [ -16.7275216, 28.3609935 ], [ -16.7274973, 28.3610224 ], [ -16.7274813, 28.3611081 ], [ -16.7274555, 28.3612006 ], [ -16.7274167, 28.361256 ], [ -16.7273626, 28.3612852 ], [ -16.7272984, 28.3612992 ], [ -16.7272266, 28.3613067 ], [ -16.7270504, 28.3613023 ], [ -16.726993, 28.3612833 ], [ -16.7268851, 28.3612078 ], [ -16.7268388, 28.3611031 ], [ -16.7268103, 28.3610311 ], [ -16.7267743, 28.3609547 ], [ -16.726731, 28.3608829 ], [ -16.7266879, 28.3608242 ], [ -16.7266325, 28.3607722 ], [ -16.7265447, 28.3607119 ], [ -16.7264815, 28.3606403 ], [ -16.7262501, 28.3607485 ], [ -16.7255437, 28.3633917 ], [ -16.7255928, 28.3634393 ], [ -16.7256382, 28.3634838 ], [ -16.7257009, 28.363529 ], [ -16.7257648, 28.3635666 ], [ -16.7258274, 28.3635999 ], [ -16.7258911, 28.3636298 ], [ -16.7259497, 28.3636477 ], [ -16.7259982, 28.3636547 ], [ -16.726049, 28.3636508 ], [ -16.7261341, 28.3636245 ], [ -16.7261541, 28.3636308 ], [ -16.7261472, 28.3636638 ], [ -16.726158, 28.3637196 ], [ -16.7262059, 28.3637662 ], [ -16.7262686, 28.3638104 ], [ -16.7264137, 28.3638843 ], [ -16.726498, 28.3639556 ], [ -16.7265845, 28.3640171 ], [ -16.7266497, 28.364059 ], [ -16.7268535, 28.3641607 ], [ -16.7269247, 28.3641905 ], [ -16.7269893, 28.3641962 ], [ -16.7270325, 28.3641847 ], [ -16.7270669, 28.3641645 ], [ -16.7271052, 28.364152 ], [ -16.7271427, 28.364168 ], [ -16.7272967, 28.3644908 ], [ -16.7273439, 28.3645725 ] ] ] } },
{ "type": "Feature", "properties": { "fid_": 0, "bic_nombre": "CASCO HISTÓRICO DE TACORONTE", "bic_catego": "CONJUNTO HISTÓRICO", "bic_entorn": 1, "municipio_": "TACORONTE", "bic_descri": "Bien de Interés Cultural con categoría de Conjunto Histórico del “Casco Histórico de Tacoronte”, en el municipio homónimo, declarado por Real Decreto 3047/80, de 12 de diciembre, publicado en el BOE nº 28 de 2 de febrero de 1981. No cuenta con", "boletin1_n": "BOE nº 28 de 2 de febrero de 1981", "boletin1_u": "http://www.boe.es/boe/dias/1981/02/02/pdfs/A02407-02408.pdf", "boletin2_n": null, "boletin2_u": null }, "geometry": { "type": "MultiPolygon", "coordinates": [ [ [ [ -16.4182647, 28.4830344 ], [ -16.418278, 28.4828538 ], [ -16.4182883, 28.4826431 ], [ -16.4183093, 28.4824508 ], [ -16.4180134, 28.4822619 ], [ -16.4179751, 28.4821373 ], [ -16.4179402, 28.4820752 ], [ -16.4178898, 28.4820248 ], [ -16.4178315, 28.4819745 ], [ -16.4174759, 28.4818232 ], [ -16.4173838, 28.4817848 ], [ -16.4171782, 28.4816898 ], [ -16.4169859, 28.4819729 ], [ -16.416915, 28.4819818 ], [ -16.4164338, 28.4818387 ], [ -16.416373, 28.4819967 ], [ -16.4166794, 28.4827779 ], [ -16.4158959, 28.4827444 ], [ -16.4157838, 28.4825882 ], [ -16.4152114, 28.4826705 ], [ -16.4152695, 28.4829036 ], [ -16.415309, 28.4831184 ], [ -16.4157001, 28.4831861 ], [ -16.4161167, 28.4831956 ], [ -16.4165515, 28.4832027 ], [ -16.4169683, 28.4832284 ], [ -16.4176754, 28.4832564 ], [ -16.417854, 28.4832678 ], [ -16.4182647, 28.4830344 ] ] ], [ [ [ -16.41231, 28.4803493 ], [ -16.4115721, 28.4802508 ], [ -16.4115163, 28.4803432 ], [ -16.4114408, 28.4804949 ], [ -16.4114146, 28.4805483 ], [ -16.4113655, 28.4806592 ], [ -16.4113288, 28.4807517 ], [ -16.411306, 28.4808232 ], [ -16.4112628, 28.4810249 ], [ -16.4112354, 28.4811445 ], [ -16.4112002, 28.4812417 ], [ -16.4112936, 28.4812838 ], [ -16.4113036, 28.4814639 ], [ -16.4115904, 28.4815174 ], [ -16.4116859, 28.4816011 ], [ -16.4119125, 28.4815826 ], [ -16.4120748, 28.4815446 ], [ -16.4121137, 28.4816088 ], [ -16.4122457, 28.4815738 ], [ -16.4122564, 28.4815804 ], [ -16.4124239, 28.4817024 ], [ -16.4127497, 28.4815914 ], [ -16.4128662, 28.4818563 ], [ -16.4130016, 28.4821065 ], [ -16.4131214, 28.4823016 ], [ -16.4133233, 28.4826034 ], [ -16.4136243, 28.4824658 ], [ -16.4135134, 28.4822518 ], [ -16.4134453, 28.4822794 ], [ -16.4132664, 28.4819895 ], [ -16.4133253, 28.4819552 ], [ -16.4128646, 28.4811935 ], [ -16.4128387, 28.4811911 ], [ -16.4127779, 28.4810814 ], [ -16.4127322, 28.4810792 ], [ -16.412704, 28.4810163 ], [ -16.4126934, 28.4810231 ], [ -16.4125149, 28.4806431 ], [ -16.4126917, 28.4805498 ], [ -16.4125529, 28.4803024 ], [ -16.4124457, 28.4803667 ], [ -16.4124007, 28.4803 ], [ -16.41231, 28.4803493 ] ] ], [ [ [ -16.4110933, 28.4910807 ], [ -16.4113496, 28.4912364 ], [ -16.4116542, 28.4908676 ], [ -16.4114035, 28.4907063 ], [ -16.4110933, 28.4910807 ] ] ], [ [ [ -16.4188135, 28.4829359 ], [ -16.4188253, 28.4829327 ], [ -16.4189936, 28.482915 ], [ -16.4189398, 28.4827466 ], [ -16.4188518, 28.4827571 ], [ -16.4186991, 28.4827454 ], [ -16.4185896, 28.4827446 ], [ -16.4185946, 28.4828045 ], [ -16.4186085, 28.4829358 ], [ -16.418609, 28.4829555 ], [ -16.4185584, 28.4829668 ], [ -16.4185702, 28.4830176 ], [ -16.4187675, 28.4829978 ], [ -16.4187695, 28.4829861 ], [ -16.4188201, 28.4829785 ], [ -16.4188132, 28.4829361 ], [ -16.4187498, 28.4829422 ], [ -16.4188135, 28.4829359 ] ] ], [ [ [ -16.4106807, 28.4819001 ], [ -16.4106647, 28.481839 ], [ -16.4106612, 28.4817901 ], [ -16.4106578, 28.4817436 ], [ -16.4106629, 28.4817105 ], [ -16.4106721, 28.48167 ], [ -16.4106924, 28.4816306 ], [ -16.4107153, 28.4815826 ], [ -16.4107548, 28.4815332 ], [ -16.4106653, 28.481577 ], [ -16.4104769, 28.4816094 ], [ -16.4103016, 28.4816298 ], [ -16.4106807, 28.4819001 ] ] ], [ [ [ -16.4188235, 28.4831928 ], [ -16.4188341, 28.4831189 ], [ -16.4188201, 28.4829792 ], [ -16.41877, 28.4829863 ], [ -16.4187675, 28.482998 ], [ -16.4185707, 28.483018 ], [ -16.4185997, 28.4831701 ], [ -16.4188235, 28.4831928 ] ] ], [ [ [ -16.413741, 28.4840517 ], [ -16.4136754, 28.4839745 ], [ -16.4134586, 28.4841186 ], [ -16.4134308, 28.4841592 ], [ -16.4134644, 28.4842006 ], [ -16.4135395, 28.4841792 ], [ -16.413741, 28.4840517 ] ] ], [ [ [ -16.4111249, 28.4809073 ], [ -16.4112348, 28.4809308 ], [ -16.411278, 28.4807918 ], [ -16.4111206, 28.480746 ], [ -16.4110813, 28.4808565 ], [ -16.4110359, 28.4808361 ], [ -16.4110089, 28.4809047 ], [ -16.4110562, 28.4809099 ], [ -16.4110818, 28.4808945 ], [ -16.4111249, 28.4809073 ] ] ], [ [ [ -16.3920535, 28.4964074 ], [ -16.3920955, 28.4963274 ], [ -16.3920591, 28.4963101 ], [ -16.3921282, 28.4961844 ], [ -16.3920547, 28.4961478 ], [ -16.3919848, 28.4962749 ], [ -16.3919771, 28.4962729 ], [ -16.3919373, 28.4963454 ], [ -16.3920535, 28.4964074 ] ] ], [ [ [ -16.4064294, 28.4989843 ], [ -16.4063918, 28.4990645 ], [ -16.4064998, 28.4991051 ], [ -16.4065817, 28.4991251 ], [ -16.4066238, 28.4990583 ], [ -16.4064294, 28.4989843 ] ] ], [ [ [ -16.4135578, 28.4843355 ], [ -16.4135293, 28.484283 ], [ -16.4132478, 28.4843973 ], [ -16.4132717, 28.484441 ], [ -16.4135578, 28.4843355 ] ] ], [ [ [ -16.4076705, 28.5021283 ], [ -16.4076859, 28.5021069 ], [ -16.4076908, 28.5020852 ], [ -16.4076874, 28.5020626 ], [ -16.4076751, 28.5020424 ], [ -16.4076571, 28.5020274 ], [ -16.4076304, 28.5020184 ], [ -16.4076058, 28.5020182 ], [ -16.4075819, 28.5020263 ], [ -16.4075642, 28.5020376 ], [ -16.4075529, 28.5020515 ], [ -16.4075459, 28.5020696 ], [ -16.4075445, 28.5020886 ], [ -16.4075527, 28.5021125 ], [ -16.407566, 28.5021299 ], [ -16.407586, 28.5021412 ], [ -16.4076075, 28.5021475 ], [ -16.4076321, 28.5021467 ], [ -16.4076544, 28.5021387 ], [ -16.4076705, 28.5021283 ] ] ], [ [ [ -16.4124749, 28.4900937 ], [ -16.4124625, 28.4900435 ], [ -16.4124836, 28.4900345 ], [ -16.4124682, 28.4899874 ], [ -16.4123751, 28.4900097 ], [ -16.4124094, 28.4901126 ], [ -16.4124749, 28.4900937 ] ] ] ] } },
{ "type": "Feature", "properties": { "fid_": 0, "bic_nombre": "ROQUE DE  HÍGARA", "bic_catego": "ZONA ARQUEOLÓGICA", "bic_entorn": 0, "municipio_": "ARONA", "bic_descri": "Bien de Interés Cultural con categoría de Zona Arqueológica del “Roque de Hígara”, en el municipio de Arona, declarado por Decreto 35/2008, de 11 de marzo, del Gobierno de Canarias, publicado en el BOC nº 58 de 22 de marzo de 2008.", "boletin1_n": "BOC nº 58 de 22 de marzo de 2008", "boletin1_u": "http://www.gobiernodecanarias.org/boc/2008/058/007.html", "boletin2_n": null, "boletin2_u": null }, "geometry": { "type": "Polygon", "coordinates": [ [ [ -16.6766764, 28.0649948 ], [ -16.676678, 28.0643968 ], [ -16.6765806, 28.0643455 ], [ -16.6764982, 28.0643037 ], [ -16.6764744, 28.0642961 ], [ -16.6764286, 28.0642652 ], [ -16.6763987, 28.0642472 ], [ -16.6763501, 28.0642259 ], [ -16.6762602, 28.0642104 ], [ -16.6762206, 28.0641969 ], [ -16.6762025, 28.0641841 ], [ -16.6761718, 28.0641678 ], [ -16.6761457, 28.0641375 ], [ -16.6761214, 28.064095 ], [ -16.6761009, 28.0640454 ], [ -16.6760686, 28.0640049 ], [ -16.6760517, 28.0639865 ], [ -16.6759919, 28.0639436 ], [ -16.6758695, 28.0638458 ], [ -16.6757605, 28.0637619 ], [ -16.6757155, 28.0637205 ], [ -16.6756944, 28.0636972 ], [ -16.6756321, 28.0636201 ], [ -16.6755887, 28.0635843 ], [ -16.6755025, 28.063522 ], [ -16.6754366, 28.0634695 ], [ -16.6754093, 28.0634235 ], [ -16.6754005, 28.0633624 ], [ -16.6753972, 28.0632794 ], [ -16.6753945, 28.0631675 ], [ -16.6753829, 28.0631205 ], [ -16.6753608, 28.0630919 ], [ -16.6753289, 28.0630722 ], [ -16.6752825, 28.0630614 ], [ -16.6752451, 28.063068 ], [ -16.6751949, 28.0630852 ], [ -16.6751601, 28.0631136 ], [ -16.6751338, 28.0631366 ], [ -16.6750969, 28.0631712 ], [ -16.6750689, 28.0632091 ], [ -16.6750272, 28.0632542 ], [ -16.6749903, 28.0632844 ], [ -16.6749552, 28.0633084 ], [ -16.6749059, 28.063325 ], [ -16.6747687, 28.0633284 ], [ -16.6745904, 28.0633322 ], [ -16.6745318, 28.0633372 ], [ -16.6744726, 28.0633476 ], [ -16.6744313, 28.0633551 ], [ -16.6743826, 28.0633472 ], [ -16.6743228, 28.063331 ], [ -16.6742716, 28.0633096 ], [ -16.6741797, 28.0632549 ], [ -16.6740819, 28.0631748 ], [ -16.674012, 28.0631171 ], [ -16.673907, 28.063017 ], [ -16.6737591, 28.0628903 ], [ -16.6737015, 28.0628577 ], [ -16.6736498, 28.062833 ], [ -16.6735884, 28.0628128 ], [ -16.6735619, 28.0628201 ], [ -16.6735524, 28.0628421 ], [ -16.673557, 28.0628805 ], [ -16.6735799, 28.0629633 ], [ -16.6736039, 28.063046 ], [ -16.6736118, 28.0631097 ], [ -16.6736183, 28.0631473 ], [ -16.6736197, 28.0631787 ], [ -16.6736163, 28.0632078 ], [ -16.6736061, 28.0632532 ], [ -16.6735796, 28.0633234 ], [ -16.6735774, 28.0633716 ], [ -16.6736072, 28.0634507 ], [ -16.6736168, 28.0634987 ], [ -16.6736518, 28.0635315 ], [ -16.6736873, 28.0635558 ], [ -16.6737326, 28.0636573 ], [ -16.6737451, 28.0637026 ], [ -16.6737517, 28.0637488 ], [ -16.6737546, 28.0638048 ], [ -16.6737484, 28.0638503 ], [ -16.6737393, 28.0638976 ], [ -16.6737108, 28.0640308 ], [ -16.6736807, 28.0641265 ], [ -16.6736678, 28.0641817 ], [ -16.6736415, 28.0642686 ], [ -16.6736221, 28.0643484 ], [ -16.6736109, 28.0644552 ], [ -16.673596, 28.0645087 ], [ -16.6735845, 28.0645316 ], [ -16.6735731, 28.0645579 ], [ -16.673549, 28.0645906 ], [ -16.6735101, 28.064626 ], [ -16.6735017, 28.0646593 ], [ -16.6734724, 28.0646772 ], [ -16.673438, 28.0646785 ], [ -16.6734039, 28.0647034 ], [ -16.6733965, 28.0647402 ], [ -16.6733932, 28.0647761 ], [ -16.6733777, 28.0647937 ], [ -16.673371, 28.0648069 ], [ -16.6733557, 28.0648368 ], [ -16.6733118, 28.0648697 ], [ -16.6732943, 28.064883 ], [ -16.6732829, 28.0649094 ], [ -16.6732905, 28.0649548 ], [ -16.6733701, 28.0650674 ], [ -16.6734118, 28.0650853 ], [ -16.6734361, 28.0650684 ], [ -16.6734613, 28.0650384 ], [ -16.6734965, 28.0650222 ], [ -16.673537, 28.0650269 ], [ -16.6735964, 28.0650463 ], [ -16.6736795, 28.0650628 ], [ -16.673762, 28.0651081 ], [ -16.6738175, 28.0651311 ], [ -16.6738543, 28.0651533 ], [ -16.6739241, 28.0652067 ], [ -16.6739987, 28.0652504 ], [ -16.6741297, 28.0653082 ], [ -16.6741639, 28.0653489 ], [ -16.6741663, 28.0653786 ], [ -16.6741895, 28.0654133 ], [ -16.674222, 28.0654129 ], [ -16.6743174, 28.0654003 ], [ -16.6743736, 28.0653997 ], [ -16.6745254, 28.0654004 ], [ -16.6745794, 28.0653893 ], [ -16.6746385, 28.0653851 ], [ -16.6747027, 28.065393 ], [ -16.6747881, 28.0653745 ], [ -16.6748217, 28.0653811 ], [ -16.6748576, 28.0654034 ], [ -16.6749012, 28.0654221 ], [ -16.6749407, 28.065426 ], [ -16.6749848, 28.0654123 ], [ -16.6750181, 28.0653988 ], [ -16.6752344, 28.0653009 ], [ -16.6752872, 28.0652807 ], [ -16.675398, 28.0652385 ], [ -16.6754677, 28.0652176 ], [ -16.675765, 28.0651309 ], [ -16.6758601, 28.0651 ], [ -16.6760973, 28.0650149 ], [ -16.6761768, 28.0649965 ], [ -16.6762958, 28.0649828 ], [ -16.6763599, 28.0649846 ], [ -16.6765109, 28.0649968 ], [ -16.6765659, 28.0649856 ], [ -16.6766013, 28.0649808 ], [ -16.6766467, 28.0649829 ], [ -16.6766764, 28.0649948 ] ] ] } },
{ "type": "Feature", "properties": { "fid_": 0, "bic_nombre": "PARQUE GARCÍA SANABRIA", "bic_catego": "JARDÍN HISTÓRICO", "bic_entorn": 1, "municipio_": "SANTA CRUZ DE TENERIFE", "bic_descri": "Bien de Interés Cultural con categoría de Jardín Histórico del “Parque García Sanabria”, en el municipio de Santa Cruz, declarado por Decreto 144/2016, de 5 de diciembre, del Gobierno de Canarias, publicado en el BOC nº 243 de 19 de diciembre d", "boletin1_n": "BOC nº 243 de 19 de diciembre de 2016", "boletin1_u": "http://www.gobiernodecanarias.org/boc/2016/243/007.html", "boletin2_n": null, "boletin2_u": null }, "geometry": { "type": "Polygon", "coordinates": [ [ [ -16.2554549, 28.4726656 ], [ -16.2554557, 28.4726618 ], [ -16.2554899, 28.4723455 ], [ -16.2555088, 28.472143 ], [ -16.2540074, 28.4705657 ], [ -16.253965, 28.4705664 ], [ -16.2538392, 28.470578 ], [ -16.2538018, 28.4705802 ], [ -16.2537971, 28.4705839 ], [ -16.2527416, 28.4717831 ], [ -16.2527263, 28.4718858 ], [ -16.253, 28.4726581 ], [ -16.2531652, 28.4731195 ], [ -16.2531914, 28.4731892 ], [ -16.2533675, 28.4736636 ], [ -16.2533675, 28.4736637 ], [ -16.2533839, 28.4736675 ], [ -16.2534216, 28.4736686 ], [ -16.2534453, 28.4736721 ], [ -16.253495, 28.4736803 ], [ -16.2535264, 28.4736846 ], [ -16.2535602, 28.4736894 ], [ -16.253567, 28.4736842 ], [ -16.2535886, 28.473679 ], [ -16.2536077, 28.473704 ], [ -16.2554485, 28.472666 ], [ -16.2554549, 28.4726656 ] ] ] } },
{ "type": "Feature", "properties": { "fid_": 0, "bic_nombre": "CONJUNTO HISTÓRICO DE ARICO EL NUEVO", "bic_catego": "CONJUNTO HISTÓRICO", "bic_entorn": 0, "municipio_": "ARICO", "bic_descri": "Bien de Interés Cultural con categoría de Conjunto Histórico de “Arico El Nuevo”, en el municipio de Arico, declarado por Decreto 14/2007, de 5 de febrero, del Gobierno de Canarias publicado en el BOC nº 32 de 13 de febrero de 2007. No cuenta con", "boletin1_n": "BOC nº 32 de 13 de febrero de 2007", "boletin1_u": "http://www.gobiernodecanarias.org/boc/2007/032/008.html", "boletin2_n": null, "boletin2_u": null }, "geometry": { "type": "Polygon", "coordinates": [ [ [ -16.4807884, 28.1785676 ], [ -16.4808526, 28.1785847 ], [ -16.4812036, 28.1788713 ], [ -16.4813539, 28.1787519 ], [ -16.4814926, 28.1788751 ], [ -16.4817125, 28.1790438 ], [ -16.4818902, 28.1791952 ], [ -16.4820408, 28.1790255 ], [ -16.4821677, 28.1791166 ], [ -16.4822694, 28.179018 ], [ -16.482529, 28.1788848 ], [ -16.4825535, 28.1787567 ], [ -16.4826272, 28.178591 ], [ -16.4824157, 28.1785887 ], [ -16.482215, 28.1786056 ], [ -16.4821871, 28.178547 ], [ -16.4821603, 28.1783785 ], [ -16.4821421, 28.1783857 ], [ -16.4821132, 28.1783814 ], [ -16.4820815, 28.1783655 ], [ -16.4820497, 28.1783434 ], [ -16.4820109, 28.1783159 ], [ -16.481972, 28.1782807 ], [ -16.481925, 28.1782332 ], [ -16.4818992, 28.1781979 ], [ -16.4818805, 28.1781694 ], [ -16.4818662, 28.1781471 ], [ -16.481842, 28.1781186 ], [ -16.4818244, 28.1780926 ], [ -16.4819805, 28.1778865 ], [ -16.4819951, 28.1777283 ], [ -16.4820076, 28.1776693 ], [ -16.4817846, 28.1776787 ], [ -16.4816369, 28.1776797 ], [ -16.4813679, 28.1776443 ], [ -16.4812217, 28.1776006 ], [ -16.4811977, 28.1775048 ], [ -16.4811226, 28.1775103 ], [ -16.48082, 28.1776142 ], [ -16.4807154, 28.1776589 ], [ -16.48068, 28.1776002 ], [ -16.4803466, 28.1777525 ], [ -16.4801082, 28.1776993 ], [ -16.47991, 28.1773902 ], [ -16.4798345, 28.1772393 ], [ -16.4798549, 28.1771973 ], [ -16.4799233, 28.1770928 ], [ -16.4797756, 28.1768993 ], [ -16.4797562, 28.1768809 ], [ -16.4797069, 28.1768536 ], [ -16.4795435, 28.1767934 ], [ -16.4789516, 28.177207 ], [ -16.4789184, 28.1772074 ], [ -16.4788446, 28.1772234 ], [ -16.4786601, 28.1772272 ], [ -16.4784593, 28.1772449 ], [ -16.4782954, 28.1772699 ], [ -16.4780203, 28.1772964 ], [ -16.4778782, 28.1772795 ], [ -16.4775404, 28.177261 ], [ -16.4767121, 28.1771424 ], [ -16.4766825, 28.1773397 ], [ -16.4768965, 28.1773727 ], [ -16.4768412, 28.1776262 ], [ -16.4772686, 28.1777006 ], [ -16.4776919, 28.1777301 ], [ -16.477707, 28.177701 ], [ -16.4780872, 28.177683 ], [ -16.4781005, 28.1777055 ], [ -16.4787951, 28.1776454 ], [ -16.4788218, 28.178054 ], [ -16.4790585, 28.1781194 ], [ -16.4790659, 28.1781503 ], [ -16.4790743, 28.1781874 ], [ -16.4790936, 28.1782141 ], [ -16.4791177, 28.1782318 ], [ -16.4791442, 28.1782486 ], [ -16.4791913, 28.1782703 ], [ -16.4792734, 28.178298 ], [ -16.4793821, 28.1783339 ], [ -16.47976, 28.1784594 ], [ -16.4802486, 28.1786275 ], [ -16.4803146, 28.1784568 ], [ -16.4807644, 28.1786507 ], [ -16.4807884, 28.1785676 ] ] ] } },
{ "type": "Feature", "properties": { "fid_": 0, "bic_nombre": "LAS PARTIDAS DE FRANQUIS", "bic_catego": "ZONA ARQUEOLÓGICA", "bic_entorn": 0, "municipio_": "TANQUE (EL)", "bic_descri": "Bien de Interés Cultural con categoría de Zona Arqueológica de “Las Partidas de Franquis”, en el municipio de El Tanque, delimitándose el entorno de protección por Decreto 88/2003, de 12 de mayo, del Gobierno de Canarias, publicado en el BOC nº", "boletin1_n": "BOC nº 109 de 10 de junio de 2003", "boletin1_u": "http://www.gobiernodecanarias.org/boc/2003/109/012.html", "boletin2_n": null, "boletin2_u": null }, "geometry": { "type": "Polygon", "coordinates": [ [ [ -16.792972, 28.3173531 ], [ -16.7929713, 28.3173532 ], [ -16.7930135, 28.3173789 ], [ -16.7930938, 28.3174466 ], [ -16.7932459, 28.3176169 ], [ -16.793345, 28.3177431 ], [ -16.7934037, 28.317815 ], [ -16.7934819, 28.3178912 ], [ -16.7935576, 28.317955 ], [ -16.7936067, 28.317992 ], [ -16.7937001, 28.3180455 ], [ -16.7938784, 28.3181304 ], [ -16.7939194, 28.3181688 ], [ -16.7939798, 28.3182142 ], [ -16.7940755, 28.3182665 ], [ -16.7941634, 28.3182977 ], [ -16.7942016, 28.3183097 ], [ -16.7942685, 28.3183399 ], [ -16.7943144, 28.3183617 ], [ -16.7943182, 28.3183194 ], [ -16.7943228, 28.318283 ], [ -16.7943355, 28.3182406 ], [ -16.7943497, 28.3181935 ], [ -16.794367, 28.318157 ], [ -16.7943834, 28.3181301 ], [ -16.7943574, 28.3180996 ], [ -16.7943314, 28.3180591 ], [ -16.7943148, 28.3180172 ], [ -16.7942911, 28.3179318 ], [ -16.7942857, 28.3178939 ], [ -16.7942847, 28.3178088 ], [ -16.7942794, 28.3176703 ], [ -16.7942886, 28.3175133 ], [ -16.7942987, 28.3174112 ], [ -16.7943083, 28.3173483 ], [ -16.7943134, 28.3172723 ], [ -16.7943604, 28.3171945 ], [ -16.7944239, 28.3171 ], [ -16.7945013, 28.3169851 ], [ -16.7945737, 28.3168979 ], [ -16.7946258, 28.3168397 ], [ -16.7946662, 28.3167816 ], [ -16.7947009, 28.3167367 ], [ -16.7947356, 28.3166892 ], [ -16.7947634, 28.3166409 ], [ -16.7947724, 28.3166085 ], [ -16.794778, 28.316569 ], [ -16.7947743, 28.3165354 ], [ -16.7947685, 28.316475 ], [ -16.7947395, 28.3163964 ], [ -16.7947032, 28.3163472 ], [ -16.7946548, 28.3162773 ], [ -16.7946125, 28.3162203 ], [ -16.7945668, 28.3161373 ], [ -16.794533, 28.3160619 ], [ -16.7945051, 28.3159838 ], [ -16.7944771, 28.3158979 ], [ -16.7944642, 28.3158328 ], [ -16.794453, 28.3157854 ], [ -16.7944509, 28.315744 ], [ -16.7944528, 28.3156813 ], [ -16.7944715, 28.3155634 ], [ -16.7944851, 28.3154926 ], [ -16.7945104, 28.3154191 ], [ -16.7945441, 28.3153128 ], [ -16.7946121, 28.3151995 ], [ -16.7946701, 28.3150798 ], [ -16.7946977, 28.314906 ], [ -16.7930386, 28.3146725 ], [ -16.792972, 28.3173531 ] ] ] } },
{ "type": "Feature", "properties": { "fid_": 0, "bic_nombre": "VILLA DE ARICO", "bic_catego": "CONJUNTO HISTÓRICO", "bic_entorn": 0, "municipio_": "ARICO", "bic_descri": "Bien de Interés Cultural con categoría de Conjunto Histórico de la “Villa de Arico”, en el municipio de Arico, declarado por Decreto 71/2005, de 4 de mayo, del Gobierno de Canarias, publicado en el BOC nº 93 de 13 de mayo de 2005. No cuenta con P", "boletin1_n": "BOC nº 93 de 13 de mayo de 2005", "boletin1_u": "http://www.gobiernodecanarias.org/boc/2005/093/005.html", "boletin2_n": null, "boletin2_u": null }, "geometry": { "type": "MultiPolygon", "coordinates": [ [ [ [ -16.5025343, 28.16811 ], [ -16.5026922, 28.168259 ], [ -16.5030594, 28.1682225 ], [ -16.5032621, 28.1681571 ], [ -16.5031486, 28.1679065 ], [ -16.5030798, 28.1679371 ], [ -16.5030682, 28.1679092 ], [ -16.5030523, 28.1678661 ], [ -16.5030424, 28.1678111 ], [ -16.5030313, 28.1677463 ], [ -16.5030343, 28.1675955 ], [ -16.5030431, 28.1674257 ], [ -16.5030816, 28.1672656 ], [ -16.5030969, 28.1671923 ], [ -16.5031154, 28.1671307 ], [ -16.5031391, 28.1670799 ], [ -16.5031649, 28.1670264 ], [ -16.5031899, 28.1669945 ], [ -16.5032269, 28.1669454 ], [ -16.503266, 28.1669007 ], [ -16.5033112, 28.1668596 ], [ -16.5033484, 28.166824 ], [ -16.5033975, 28.1667639 ], [ -16.5034294, 28.1667175 ], [ -16.5034511, 28.1666685 ], [ -16.5034714, 28.1665853 ], [ -16.5034787, 28.1665293 ], [ -16.5034859, 28.1664633 ], [ -16.5034906, 28.1663576 ], [ -16.5034898, 28.1663017 ], [ -16.5034827, 28.1662332 ], [ -16.5034689, 28.1661882 ], [ -16.5034423, 28.1661082 ], [ -16.5033042, 28.1661368 ], [ -16.5032727, 28.1661461 ], [ -16.5032442, 28.1661482 ], [ -16.503236, 28.1661393 ], [ -16.5032402, 28.1660788 ], [ -16.503236, 28.1660716 ], [ -16.5028589, 28.1661913 ], [ -16.5028334, 28.1661943 ], [ -16.5026624, 28.1661962 ], [ -16.502446, 28.1662355 ], [ -16.5023546, 28.1662555 ], [ -16.5022813, 28.1662563 ], [ -16.5022059, 28.1662526 ], [ -16.5021037, 28.1662285 ], [ -16.5019648, 28.1661993 ], [ -16.5017804, 28.1661228 ], [ -16.5014788, 28.1658932 ], [ -16.5012049, 28.1658259 ], [ -16.5010633, 28.1655332 ], [ -16.5008589, 28.1656257 ], [ -16.5008591, 28.1656374 ], [ -16.5005809, 28.1657758 ], [ -16.5006896, 28.1659696 ], [ -16.5004761, 28.166073 ], [ -16.5003902, 28.1661227 ], [ -16.500493, 28.1664041 ], [ -16.5005688, 28.1666577 ], [ -16.5008266, 28.1666666 ], [ -16.5009686, 28.1667734 ], [ -16.5008308, 28.1669699 ], [ -16.5014074, 28.167348 ], [ -16.5017616, 28.1676194 ], [ -16.5020038, 28.1678288 ], [ -16.5020868, 28.1679371 ], [ -16.5021878, 28.1680191 ], [ -16.5022238, 28.168043 ], [ -16.5022933, 28.1680657 ], [ -16.5023842, 28.1680828 ], [ -16.5024382, 28.1680867 ], [ -16.5025067, 28.1680986 ], [ -16.5025343, 28.16811 ] ] ], [ [ [ -16.5002954, 28.1635868 ], [ -16.5002948, 28.1635858 ], [ -16.5002284, 28.1635721 ], [ -16.5002412, 28.1635404 ], [ -16.5001835, 28.1634977 ], [ -16.5001243, 28.163557 ], [ -16.5000852, 28.1635303 ], [ -16.5000594, 28.1635044 ], [ -16.5000263, 28.163466 ], [ -16.5000076, 28.1634382 ], [ -16.4999126, 28.1634934 ], [ -16.4999937, 28.1636162 ], [ -16.5000208, 28.1636565 ], [ -16.4999001, 28.1637634 ], [ -16.4998558, 28.1638045 ], [ -16.499945, 28.1639155 ], [ -16.4999622, 28.163908 ], [ -16.5000127, 28.1638831 ], [ -16.5001138, 28.1638261 ], [ -16.5001205, 28.163798 ], [ -16.5001292, 28.1637609 ], [ -16.5001451, 28.1637346 ], [ -16.5001622, 28.1637199 ], [ -16.5001774, 28.1637171 ], [ -16.5002538, 28.1637371 ], [ -16.5002954, 28.1635868 ] ] ] ] } },
{ "type": "Feature", "properties": { "fid_": 0, "bic_nombre": "ROQUE DE LA  ABEJERA", "bic_catego": "ZONA ARQUEOLÓGICA", "bic_entorn": 0, "municipio_": "ARONA", "bic_descri": "Bien de Interés Cultural con categoría de Zona Arqueológica del “Roque de La Abejera”, en el municipio de Arona, con entorno de protección declarado por Decreto 73/2012, de 2 de agosto, publicado en el BOC nº 158 de 13 de agosto de 2012.", "boletin1_n": "BOC nº 158 de 13 de agosto de 2012", "boletin1_u": "http://www.gobiernodecanarias.org/boc/2012/158/002.html", "boletin2_n": null, "boletin2_u": null }, "geometry": { "type": "Polygon", "coordinates": [ [ [ -16.6532883, 28.0641209 ], [ -16.6533344, 28.0640794 ], [ -16.6533477, 28.0640675 ], [ -16.6534153, 28.0640068 ], [ -16.6534307, 28.0639952 ], [ -16.6534604, 28.0639731 ], [ -16.6534983, 28.0639503 ], [ -16.6535089, 28.063944 ], [ -16.6536019, 28.0638961 ], [ -16.6536688, 28.0638549 ], [ -16.6537802, 28.0638082 ], [ -16.6538334, 28.0637859 ], [ -16.6539973, 28.0637312 ], [ -16.6541276, 28.0636877 ], [ -16.6542051, 28.0636623 ], [ -16.6542409, 28.0636403 ], [ -16.654274, 28.063626 ], [ -16.6543057, 28.063617 ], [ -16.6543283, 28.0636133 ], [ -16.6543972, 28.063602 ], [ -16.6544265, 28.0635859 ], [ -16.6545664, 28.0634816 ], [ -16.6545816, 28.0634703 ], [ -16.6545921, 28.0634619 ], [ -16.6546645, 28.0634038 ], [ -16.6547337, 28.0633355 ], [ -16.6547555, 28.063314 ], [ -16.6548026, 28.0632727 ], [ -16.6548143, 28.0632625 ], [ -16.6548811, 28.0631985 ], [ -16.6548856, 28.063194 ], [ -16.6548959, 28.0631833 ], [ -16.6549122, 28.0631661 ], [ -16.6549648, 28.0630976 ], [ -16.6549805, 28.0630748 ], [ -16.6550365, 28.0629945 ], [ -16.6551026, 28.0629003 ], [ -16.6551487, 28.062829 ], [ -16.6552169, 28.0627248 ], [ -16.6552287, 28.062698 ], [ -16.6552525, 28.0626438 ], [ -16.6552632, 28.0626121 ], [ -16.655266, 28.0625843 ], [ -16.6552624, 28.0625587 ], [ -16.6552034, 28.0624561 ], [ -16.6551404, 28.0622884 ], [ -16.6551256, 28.0622565 ], [ -16.6550935, 28.0621871 ], [ -16.6550578, 28.0621253 ], [ -16.6549295, 28.0619379 ], [ -16.6548711, 28.0618099 ], [ -16.6548525, 28.061783 ], [ -16.6547814, 28.0616978 ], [ -16.6547126, 28.0616085 ], [ -16.6546726, 28.0615567 ], [ -16.654663, 28.0615444 ], [ -16.6546572, 28.0615332 ], [ -16.6546047, 28.0614331 ], [ -16.6545877, 28.0614076 ], [ -16.6545622, 28.0613851 ], [ -16.6545504, 28.0613771 ], [ -16.654491, 28.061342 ], [ -16.6544739, 28.0613318 ], [ -16.6543156, 28.0612516 ], [ -16.6542873, 28.0612383 ], [ -16.6542234, 28.0612082 ], [ -16.6541021, 28.0611698 ], [ -16.6541005, 28.0611695 ], [ -16.6540162, 28.0611556 ], [ -16.6539145, 28.0611478 ], [ -16.65388, 28.0611412 ], [ -16.6537522, 28.0610757 ], [ -16.6537006, 28.0610551 ], [ -16.6536741, 28.0610499 ], [ -16.6536155, 28.061055 ], [ -16.6535436, 28.0610729 ], [ -16.6533893, 28.0610999 ], [ -16.6533832, 28.0611013 ], [ -16.6532807, 28.0611252 ], [ -16.6532203, 28.0611484 ], [ -16.6531949, 28.0611655 ], [ -16.6531704, 28.0611865 ], [ -16.6531614, 28.0611956 ], [ -16.6530719, 28.0612858 ], [ -16.652929, 28.0614844 ], [ -16.6528861, 28.0615498 ], [ -16.6528717, 28.0615785 ], [ -16.6528473, 28.0616273 ], [ -16.652836, 28.0616643 ], [ -16.6528355, 28.0616957 ], [ -16.6528424, 28.0617231 ], [ -16.6528552, 28.0617468 ], [ -16.6529491, 28.0618679 ], [ -16.6529538, 28.0618749 ], [ -16.6530149, 28.0619543 ], [ -16.6530237, 28.0619657 ], [ -16.6530406, 28.0619877 ], [ -16.6530628, 28.0620166 ], [ -16.6530878, 28.0620448 ], [ -16.6531692, 28.0621188 ], [ -16.6532014, 28.062154 ], [ -16.6532169, 28.0621836 ], [ -16.6532524, 28.0622854 ], [ -16.6532633, 28.0623085 ], [ -16.6532787, 28.062341 ], [ -16.6532949, 28.0623702 ], [ -16.6533089, 28.0623908 ], [ -16.653344, 28.0624426 ], [ -16.6533514, 28.0624535 ], [ -16.6533594, 28.0624686 ], [ -16.6534069, 28.062558 ], [ -16.6534147, 28.0625728 ], [ -16.6534338, 28.0626024 ], [ -16.6534796, 28.0626554 ], [ -16.6534934, 28.0626853 ], [ -16.6535015, 28.0627179 ], [ -16.6535, 28.0627924 ], [ -16.6534991, 28.0628774 ], [ -16.6534917, 28.0629492 ], [ -16.6534902, 28.0629578 ], [ -16.6534789, 28.0630258 ], [ -16.6534595, 28.0631102 ], [ -16.6534006, 28.0633118 ], [ -16.6533738, 28.0634031 ], [ -16.6533702, 28.0634153 ], [ -16.653367, 28.0634222 ], [ -16.6533642, 28.0634282 ], [ -16.6533554, 28.0634469 ], [ -16.6533443, 28.0634704 ], [ -16.6533, 28.0635399 ], [ -16.653216, 28.0636365 ], [ -16.6531533, 28.0637089 ], [ -16.6531385, 28.0637339 ], [ -16.6531329, 28.0637619 ], [ -16.6531333, 28.0637906 ], [ -16.6531466, 28.0638446 ], [ -16.6531619, 28.0639328 ], [ -16.65317, 28.0639788 ], [ -16.6531893, 28.0640349 ], [ -16.6531912, 28.0640403 ], [ -16.6532025, 28.064083 ], [ -16.6532039, 28.0640886 ], [ -16.6532113, 28.0641052 ], [ -16.6532169, 28.0641175 ], [ -16.6532313, 28.0641402 ], [ -16.6532567, 28.0641396 ], [ -16.6532781, 28.064127 ], [ -16.653279, 28.0641265 ], [ -16.6532807, 28.0641255 ], [ -16.6532883, 28.0641209 ] ] ] } },
{ "type": "Feature", "properties": { "fid_": 0, "bic_nombre": "CASERIO DE CASAS ALTAS", "bic_catego": "CONJUNTO HISTÓRICO", "bic_entorn": 0, "municipio_": "ARONA", "bic_descri": "Bien de Interés Cultural con categoría de Conjunto Histórico de “Casas Altas”, en los municipio de Arona y Vilaflor, declarado por Decreto 125/2004, de 7 de septiembre, del Gobierno de Canarias, publicado en el BOC nº 185 de 23 de septiembre de 2", "boletin1_n": "BOC nº 185 de 23 de septiembre de 2004", "boletin1_u": "http://www.gobiernodecanarias.org/boc/2004/185/003.html", "boletin2_n": null, "boletin2_u": null }, "geometry": { "type": "Polygon", "coordinates": [ [ [ -16.6519071, 28.1098934 ], [ -16.6519132, 28.1098512 ], [ -16.6519275, 28.1098204 ], [ -16.6519583, 28.1097711 ], [ -16.651995, 28.1097092 ], [ -16.6520365, 28.1096087 ], [ -16.6520544, 28.1095578 ], [ -16.6520716, 28.1095361 ], [ -16.6520955, 28.1094288 ], [ -16.6521242, 28.1093644 ], [ -16.6521949, 28.1091636 ], [ -16.6522124, 28.109138 ], [ -16.6522273, 28.1090936 ], [ -16.6522265, 28.1090416 ], [ -16.652194, 28.1089451 ], [ -16.6521589, 28.1088983 ], [ -16.6521239, 28.1088611 ], [ -16.6520928, 28.10881 ], [ -16.6520841, 28.1087695 ], [ -16.6520825, 28.1087103 ], [ -16.6521141, 28.1086143 ], [ -16.6521349, 28.108568 ], [ -16.6521543, 28.1085128 ], [ -16.6521656, 28.1084564 ], [ -16.6521734, 28.1083505 ], [ -16.6521631, 28.1082938 ], [ -16.6521369, 28.1082565 ], [ -16.6521188, 28.1082184 ], [ -16.6520704, 28.108182 ], [ -16.6520329, 28.1081603 ], [ -16.651982, 28.1081388 ], [ -16.6519131, 28.1081247 ], [ -16.6518611, 28.1081199 ], [ -16.6517894, 28.1081088 ], [ -16.6516815, 28.1081036 ], [ -16.651674, 28.1081018 ], [ -16.6515608, 28.1080578 ], [ -16.6515238, 28.1080229 ], [ -16.6515034, 28.1079925 ], [ -16.6514776, 28.1079536 ], [ -16.6514673, 28.1079399 ], [ -16.6513891, 28.1079008 ], [ -16.651358, 28.107897 ], [ -16.6513129, 28.1078981 ], [ -16.6512794, 28.1079123 ], [ -16.6512312, 28.1079244 ], [ -16.651205, 28.1079419 ], [ -16.6511668, 28.1079573 ], [ -16.6511327, 28.1079756 ], [ -16.6510991, 28.1079832 ], [ -16.6510762, 28.1079871 ], [ -16.6510297, 28.1079841 ], [ -16.6509817, 28.1079757 ], [ -16.6509527, 28.1079736 ], [ -16.6509269, 28.1079656 ], [ -16.6508689, 28.1079639 ], [ -16.6508014, 28.1079617 ], [ -16.6507092, 28.107973 ], [ -16.6506688, 28.1079875 ], [ -16.6505626, 28.1079945 ], [ -16.6504618, 28.1080276 ], [ -16.6503662, 28.1080728 ], [ -16.6503064, 28.1081158 ], [ -16.6502755, 28.108139 ], [ -16.6501893, 28.1082149 ], [ -16.6501403, 28.1082423 ], [ -16.6501109, 28.10826 ], [ -16.6500787, 28.1082747 ], [ -16.6500565, 28.1082756 ], [ -16.6499679, 28.1082605 ], [ -16.6498898, 28.1082668 ], [ -16.6498604, 28.1082851 ], [ -16.6498292, 28.1083178 ], [ -16.6498102, 28.1083509 ], [ -16.6497741, 28.1084183 ], [ -16.6497658, 28.1084447 ], [ -16.6497621, 28.1084674 ], [ -16.6497448, 28.1084868 ], [ -16.6497424, 28.1085035 ], [ -16.649748, 28.1085154 ], [ -16.6497623, 28.1085431 ], [ -16.649767, 28.1086557 ], [ -16.6497741, 28.1087645 ], [ -16.64977, 28.1087172 ], [ -16.6497747, 28.1088021 ], [ -16.6497669, 28.1088261 ], [ -16.6497525, 28.1088962 ], [ -16.6497484, 28.1089375 ], [ -16.6497616, 28.1089642 ], [ -16.649766, 28.1089899 ], [ -16.6497789, 28.1090346 ], [ -16.6497677, 28.1090574 ], [ -16.6497724, 28.1090998 ], [ -16.6496697, 28.1093486 ], [ -16.6496485, 28.1093703 ], [ -16.6495635, 28.1094993 ], [ -16.6494175, 28.1095426 ], [ -16.6493253, 28.1096076 ], [ -16.6492664, 28.1096936 ], [ -16.6492618, 28.1097002 ], [ -16.6492268, 28.1098191 ], [ -16.6492053, 28.1099765 ], [ -16.649447, 28.1097751 ], [ -16.6495198, 28.1097288 ], [ -16.6495822, 28.1097131 ], [ -16.6496887, 28.109667 ], [ -16.6498083, 28.1095926 ], [ -16.6498423, 28.1095653 ], [ -16.6499378, 28.1095486 ], [ -16.6500052, 28.1095472 ], [ -16.6500112, 28.1095465 ], [ -16.6501918, 28.109585 ], [ -16.6502505, 28.1096303 ], [ -16.6502967, 28.1096495 ], [ -16.6519071, 28.1098934 ] ] ] } },
{ "type": "Feature", "properties": { "fid_": 0, "bic_nombre": "PUNTA NEGRA", "bic_catego": "ZONA PALEONTOLÓGICA", "bic_entorn": 0, "municipio_": "ARONA", "bic_descri": "Bien de Interés Cultural con categoría de Zona Paleontológica de “Punta Negra”, en el municipio de Arona, declarado por Decreto 46/2007, de 27 de febrero, del Gobierno de Canarias, publicado en el BOC nº 48 de 7 de marzo de 2007.", "boletin1_n": "BOC nº 48 de 7 de marzo de 2007", "boletin1_u": "http://www.gobiernodecanarias.org/boc/2007/048/index.html", "boletin2_n": null, "boletin2_u": null }, "geometry": { "type": "Polygon", "coordinates": [ [ [ -16.6693266, 28.00444 ], [ -16.6693326, 28.0044286 ], [ -16.6693413, 28.0044074 ], [ -16.6693432, 28.004401 ], [ -16.669343, 28.0043848 ], [ -16.6693409, 28.0043661 ], [ -16.6693367, 28.0043513 ], [ -16.6693305, 28.0043038 ], [ -16.6693332, 28.0042948 ], [ -16.6693328, 28.0042829 ], [ -16.6693269, 28.0042697 ], [ -16.6693182, 28.0042613 ], [ -16.6693038, 28.0042402 ], [ -16.6693007, 28.0042283 ], [ -16.6692876, 28.0042006 ], [ -16.6692831, 28.0041946 ], [ -16.6692693, 28.0041704 ], [ -16.6692668, 28.0041511 ], [ -16.6692617, 28.0041354 ], [ -16.6692525, 28.004123 ], [ -16.6692406, 28.0041171 ], [ -16.6692251, 28.0041129 ], [ -16.6692072, 28.0041047 ], [ -16.6691988, 28.0040991 ], [ -16.6691932, 28.0040934 ], [ -16.6691878, 28.004087 ], [ -16.6691788, 28.0040707 ], [ -16.6691657, 28.0040303 ], [ -16.6691317, 28.0039256 ], [ -16.6691233, 28.0039085 ], [ -16.6690932, 28.0038493 ], [ -16.6690845, 28.0038539 ], [ -16.6690754, 28.0038628 ], [ -16.6690521, 28.0039018 ], [ -16.6690514, 28.0039173 ], [ -16.669055, 28.0039933 ], [ -16.6690615, 28.0040027 ], [ -16.6690674, 28.004013 ], [ -16.6690837, 28.0040576 ], [ -16.6690814, 28.0040662 ], [ -16.6690817, 28.0040879 ], [ -16.6690871, 28.0040964 ], [ -16.669142, 28.0042047 ], [ -16.669141, 28.0042121 ], [ -16.6691257, 28.004258 ], [ -16.6691203, 28.0042648 ], [ -16.6691133, 28.004271 ], [ -16.6691029, 28.0042768 ], [ -16.6690827, 28.0042938 ], [ -16.669075, 28.0043044 ], [ -16.6690477, 28.0043305 ], [ -16.6690365, 28.00433 ], [ -16.6690161, 28.0043217 ], [ -16.669005, 28.0043144 ], [ -16.6689876, 28.0043092 ], [ -16.6689784, 28.0043108 ], [ -16.6689651, 28.0043172 ], [ -16.6689484, 28.004328 ], [ -16.6689235, 28.0043522 ], [ -16.6689148, 28.0043586 ], [ -16.6689045, 28.0043618 ], [ -16.6688889, 28.0043614 ], [ -16.6688778, 28.0043551 ], [ -16.6688685, 28.0043486 ], [ -16.6688506, 28.0043405 ], [ -16.6688387, 28.0043406 ], [ -16.6688249, 28.0043441 ], [ -16.6688101, 28.0043513 ], [ -16.668769, 28.0043781 ], [ -16.6687441, 28.0044006 ], [ -16.6687265, 28.0044145 ], [ -16.66871, 28.0044163 ], [ -16.6686984, 28.0044152 ], [ -16.6686146, 28.0043975 ], [ -16.6686064, 28.0043928 ], [ -16.6685524, 28.0043519 ], [ -16.6685503, 28.0043441 ], [ -16.668553, 28.0043333 ], [ -16.6685541, 28.004332 ], [ -16.668559, 28.0043245 ], [ -16.6685692, 28.0042986 ], [ -16.6685672, 28.0042848 ], [ -16.6685608, 28.0042705 ], [ -16.6685563, 28.0042639 ], [ -16.6685369, 28.0042411 ], [ -16.6685197, 28.0042257 ], [ -16.6684743, 28.0041738 ], [ -16.668463, 28.0041551 ], [ -16.6684603, 28.0041354 ], [ -16.6684621, 28.0041245 ], [ -16.6684868, 28.004084 ], [ -16.668495, 28.0040753 ], [ -16.668518, 28.0040411 ], [ -16.6685207, 28.0040323 ], [ -16.668519, 28.0040103 ], [ -16.6685165, 28.0040019 ], [ -16.668499, 28.0039682 ], [ -16.6684824, 28.0039571 ], [ -16.6683743, 28.0039138 ], [ -16.6682737, 28.0039554 ], [ -16.6682149, 28.0039789 ], [ -16.668208, 28.0039815 ], [ -16.6681349, 28.0039904 ], [ -16.6680519, 28.0039777 ], [ -16.6680047, 28.0039467 ], [ -16.6679889, 28.0039224 ], [ -16.6679778, 28.0039157 ], [ -16.6679406, 28.0038988 ], [ -16.6678888, 28.0038828 ], [ -16.66788, 28.0038812 ], [ -16.6678409, 28.0038684 ], [ -16.6678344, 28.0038642 ], [ -16.6678065, 28.0038495 ], [ -16.6677978, 28.0038502 ], [ -16.6677842, 28.0038539 ], [ -16.667766, 28.0038566 ], [ -16.6677565, 28.0038556 ], [ -16.6677462, 28.0038533 ], [ -16.6677212, 28.0038443 ], [ -16.6676545, 28.0038326 ], [ -16.6676448, 28.0038343 ], [ -16.667637, 28.0038375 ], [ -16.6675457, 28.0038581 ], [ -16.6674686, 28.0038306 ], [ -16.6674626, 28.003825 ], [ -16.6674388, 28.0038076 ], [ -16.667428, 28.0038077 ], [ -16.6674259, 28.0037958 ], [ -16.6674333, 28.0037659 ], [ -16.6674284, 28.0037601 ], [ -16.6674172, 28.0037614 ], [ -16.6674034, 28.0037653 ], [ -16.6673923, 28.0037709 ], [ -16.6673743, 28.0037834 ], [ -16.6673578, 28.0037974 ], [ -16.6673524, 28.0038014 ], [ -16.6673438, 28.003803 ], [ -16.6673328, 28.0038032 ], [ -16.6673185, 28.0037987 ], [ -16.6673089, 28.0037914 ], [ -16.6672987, 28.0037812 ], [ -16.6672913, 28.0037709 ], [ -16.6672759, 28.0037425 ], [ -16.6672751, 28.0037343 ], [ -16.6672694, 28.0037207 ], [ -16.6672612, 28.0036873 ], [ -16.6672608, 28.0036769 ], [ -16.6672515, 28.0036148 ], [ -16.6672403, 28.0035424 ], [ -16.667231, 28.0035361 ], [ -16.6672217, 28.0035351 ], [ -16.667206, 28.0035397 ], [ -16.667196, 28.0035481 ], [ -16.6671909, 28.0035563 ], [ -16.6671836, 28.0035728 ], [ -16.6671795, 28.003588 ], [ -16.6671806, 28.0036082 ], [ -16.6671801, 28.003758 ], [ -16.6671614, 28.0038827 ], [ -16.6671474, 28.0038889 ], [ -16.667124, 28.0038905 ], [ -16.6670029, 28.0038877 ], [ -16.6669913, 28.0038765 ], [ -16.6669634, 28.0038065 ], [ -16.6669563, 28.0037836 ], [ -16.6669534, 28.0037542 ], [ -16.6669619, 28.00374 ], [ -16.6669696, 28.0037236 ], [ -16.6669729, 28.0037103 ], [ -16.6669734, 28.0036837 ], [ -16.6669738, 28.0036556 ], [ -16.6669557, 28.0036216 ], [ -16.6669174, 28.0035893 ], [ -16.6668995, 28.0035653 ], [ -16.6668966, 28.0035497 ], [ -16.6668875, 28.0035288 ], [ -16.6667597, 28.0034438 ], [ -16.6667536, 28.0034485 ], [ -16.6667425, 28.0034721 ], [ -16.6667144, 28.003527 ], [ -16.6667086, 28.0036121 ], [ -16.6666952, 28.003652 ], [ -16.6666734, 28.0037201 ], [ -16.6666797, 28.0037294 ], [ -16.6666969, 28.003794 ], [ -16.6666941, 28.0038119 ], [ -16.6666814, 28.0038373 ], [ -16.6666279, 28.0039071 ], [ -16.6666246, 28.0039212 ], [ -16.666632, 28.0039445 ], [ -16.6666419, 28.0039545 ], [ -16.6666698, 28.003997 ], [ -16.6667237, 28.0040744 ], [ -16.6667313, 28.0041141 ], [ -16.6667311, 28.0041585 ], [ -16.6667261, 28.004175 ], [ -16.6667167, 28.0041907 ], [ -16.6667011, 28.004208 ], [ -16.6666695, 28.00421 ], [ -16.6665652, 28.0042253 ], [ -16.6665538, 28.0042285 ], [ -16.6665338, 28.0042444 ], [ -16.6665227, 28.0042609 ], [ -16.666522, 28.0042757 ], [ -16.6665301, 28.004285 ], [ -16.6665425, 28.0042926 ], [ -16.6665584, 28.0043002 ], [ -16.6666175, 28.0043143 ], [ -16.6666564, 28.004331 ], [ -16.6667018, 28.0043687 ], [ -16.6667296, 28.0044011 ], [ -16.6667281, 28.0044214 ], [ -16.6667195, 28.0044301 ], [ -16.666709, 28.0044357 ], [ -16.6666865, 28.0044554 ], [ -16.6666779, 28.0044696 ], [ -16.6666808, 28.0044836 ], [ -16.6666864, 28.0045108 ], [ -16.6666778, 28.0045179 ], [ -16.6666708, 28.0045211 ], [ -16.6665994, 28.0045649 ], [ -16.6665601, 28.0046927 ], [ -16.6665567, 28.0047055 ], [ -16.6665635, 28.0047135 ], [ -16.6665712, 28.0047193 ], [ -16.6665846, 28.0047273 ], [ -16.6666036, 28.0047321 ], [ -16.6666163, 28.0047319 ], [ -16.6666306, 28.0047295 ], [ -16.666652, 28.0047238 ], [ -16.6666952, 28.0047178 ], [ -16.6667244, 28.0047202 ], [ -16.666747, 28.0047303 ], [ -16.6667645, 28.0047378 ], [ -16.6667743, 28.0047454 ], [ -16.6667861, 28.0047534 ], [ -16.6667914, 28.0047642 ], [ -16.6667941, 28.0047728 ], [ -16.6667958, 28.0047837 ], [ -16.6667924, 28.0047973 ], [ -16.6667826, 28.0048196 ], [ -16.6667776, 28.0048222 ], [ -16.6667412, 28.0048849 ], [ -16.6667526, 28.0049645 ], [ -16.6667617, 28.0050233 ], [ -16.6667701, 28.0050345 ], [ -16.6668072, 28.0050581 ], [ -16.6668153, 28.0050589 ], [ -16.6669167, 28.0050753 ], [ -16.666933, 28.0050778 ], [ -16.6669444, 28.0050831 ], [ -16.6669547, 28.0050916 ], [ -16.6669651, 28.0051015 ], [ -16.6669941, 28.0051315 ], [ -16.6669978, 28.0051418 ], [ -16.6669975, 28.0051509 ], [ -16.6669956, 28.0051609 ], [ -16.6669856, 28.005176 ], [ -16.6669744, 28.0052092 ], [ -16.666975, 28.0052191 ], [ -16.6669807, 28.0052526 ], [ -16.6670045, 28.0052754 ], [ -16.6670465, 28.0053206 ], [ -16.6670952, 28.0053341 ], [ -16.6678095, 28.0053142 ], [ -16.6678254, 28.0052894 ], [ -16.6678635, 28.0052457 ], [ -16.667952, 28.0051792 ], [ -16.6679857, 28.0051597 ], [ -16.6681008, 28.0050891 ], [ -16.6681654, 28.0050405 ], [ -16.6682158, 28.0049842 ], [ -16.6690939, 28.0050082 ], [ -16.6693266, 28.00444 ] ] ] } },
{ "type": "Feature", "properties": { "fid_": 0, "bic_nombre": "CASCO HISTÓRICO  DE GÜIMAR", "bic_catego": "CONJUNTO HISTÓRICO", "bic_entorn": 0, "municipio_": "GÜIMAR", "bic_descri": "Bien de Interés Cultural con categoría de Conjunto Histórico del “Casco Histórico de Güímar”, en el municipio homónimo, declarado por Decreto 180/2001, de 17 de septiembre, del Gobierno de Canarias, publicado en el BOC nº 132 de 10 de octubre", "boletin1_n": "BOC nº 132 de 10 de octubre de 2001", "boletin1_u": "http://www.gobiernodecanarias.org/boc/2001/132/016.html", "boletin2_n": null, "boletin2_u": null }, "geometry": { "type": "Polygon", "coordinates": [ [ [ -16.4076722, 28.3149926 ], [ -16.4074855, 28.314967 ], [ -16.4075744, 28.3150564 ], [ -16.4076183, 28.3150631 ], [ -16.4076561, 28.31507 ], [ -16.4078432, 28.3150996 ], [ -16.4077944, 28.3153456 ], [ -16.4077846, 28.3153755 ], [ -16.4077468, 28.3153714 ], [ -16.4077265, 28.3154573 ], [ -16.4077166, 28.3154782 ], [ -16.407797, 28.315546 ], [ -16.4077753, 28.3156031 ], [ -16.4078203, 28.3156107 ], [ -16.4079041, 28.3156216 ], [ -16.4079337, 28.3156222 ], [ -16.4079754, 28.3156181 ], [ -16.4079988, 28.3156116 ], [ -16.408018, 28.3155996 ], [ -16.408026, 28.3155824 ], [ -16.4080316, 28.3155454 ], [ -16.4080453, 28.3154216 ], [ -16.4081232, 28.3151446 ], [ -16.4082316, 28.3151633 ], [ -16.408343, 28.3151811 ], [ -16.4086806, 28.3152359 ], [ -16.4088392, 28.3152602 ], [ -16.4091226, 28.315309 ], [ -16.4091261, 28.3153067 ], [ -16.4094257, 28.3153574 ], [ -16.409419, 28.3153673 ], [ -16.4093986, 28.3154349 ], [ -16.4093441, 28.3155114 ], [ -16.4093553, 28.3155183 ], [ -16.409436, 28.3155651 ], [ -16.409508, 28.3156074 ], [ -16.4095833, 28.3155092 ], [ -16.4095791, 28.3155065 ], [ -16.4096092, 28.3154407 ], [ -16.4096108, 28.3154339 ], [ -16.4096187, 28.3153916 ], [ -16.4097741, 28.3154129 ], [ -16.4100935, 28.3154473 ], [ -16.4100956, 28.3154545 ], [ -16.4100487, 28.3156085 ], [ -16.4101152, 28.3157793 ], [ -16.4102081, 28.3154714 ], [ -16.4104314, 28.3155085 ], [ -16.4104777, 28.3155153 ], [ -16.4105918, 28.3155315 ], [ -16.4105721, 28.3155774 ], [ -16.4105603, 28.3156062 ], [ -16.4106256, 28.3156253 ], [ -16.4106205, 28.3156381 ], [ -16.410834, 28.315702 ], [ -16.4108881, 28.3157167 ], [ -16.4110077, 28.3157492 ], [ -16.4110266, 28.3157518 ], [ -16.4110797, 28.315771 ], [ -16.4113894, 28.315859 ], [ -16.4113995, 28.3158683 ], [ -16.4114126, 28.3158825 ], [ -16.4114435, 28.3160354 ], [ -16.4114521, 28.3160719 ], [ -16.411465, 28.3161012 ], [ -16.4114846, 28.3161285 ], [ -16.4115042, 28.3161532 ], [ -16.4115514, 28.3161998 ], [ -16.4116292, 28.3162678 ], [ -16.4117242, 28.3163664 ], [ -16.4117294, 28.3163736 ], [ -16.4117263, 28.3164476 ], [ -16.411821, 28.3165134 ], [ -16.4118335, 28.3163039 ], [ -16.4119474, 28.3162692 ], [ -16.411968, 28.316335 ], [ -16.4119932, 28.3163278 ], [ -16.4119993, 28.3163491 ], [ -16.412108, 28.3163194 ], [ -16.4121165, 28.31635 ], [ -16.412125, 28.316384 ], [ -16.4122504, 28.316366 ], [ -16.4123756, 28.3163381 ], [ -16.4123587, 28.3162827 ], [ -16.4123478, 28.3162484 ], [ -16.4123321, 28.3162292 ], [ -16.4123019, 28.3161541 ], [ -16.4124886, 28.3160995 ], [ -16.4125303, 28.3160882 ], [ -16.4125621, 28.3161694 ], [ -16.4127093, 28.3161369 ], [ -16.4126689, 28.3160251 ], [ -16.412768, 28.3160023 ], [ -16.4128758, 28.3159698 ], [ -16.4130179, 28.3159359 ], [ -16.4130876, 28.3159339 ], [ -16.4132073, 28.3159548 ], [ -16.413231, 28.3159682 ], [ -16.4132366, 28.3159717 ], [ -16.4132399, 28.3159906 ], [ -16.413234, 28.3160078 ], [ -16.4132118, 28.3160279 ], [ -16.4132536, 28.3161024 ], [ -16.4132726, 28.3160867 ], [ -16.4132765, 28.3160884 ], [ -16.4133173, 28.3160552 ], [ -16.4132592, 28.3159128 ], [ -16.413249, 28.3159111 ], [ -16.4131572, 28.3158953 ], [ -16.4130772, 28.3158741 ], [ -16.4130494, 28.3158719 ], [ -16.4128855, 28.3159128 ], [ -16.4128509, 28.3159206 ], [ -16.412705, 28.3159564 ], [ -16.4126677, 28.3159665 ], [ -16.4126266, 28.315942 ], [ -16.4126442, 28.3158784 ], [ -16.412553, 28.3158282 ], [ -16.4124356, 28.3157473 ], [ -16.412365, 28.3158861 ], [ -16.4122864, 28.3158576 ], [ -16.4122902, 28.3158528 ], [ -16.4122391, 28.3158332 ], [ -16.4121322, 28.315789 ], [ -16.4120822, 28.315769 ], [ -16.4120741, 28.315765 ], [ -16.4120106, 28.3157459 ], [ -16.4120049, 28.3157497 ], [ -16.411934, 28.3157298 ], [ -16.4118239, 28.315694 ], [ -16.4116698, 28.3156427 ], [ -16.4115356, 28.3156003 ], [ -16.4112008, 28.3155045 ], [ -16.4111793, 28.3154966 ], [ -16.4107729, 28.3153808 ], [ -16.4109205, 28.3152809 ], [ -16.4109529, 28.3152616 ], [ -16.4111065, 28.3151544 ], [ -16.4111546, 28.3150898 ], [ -16.4112211, 28.3150314 ], [ -16.4112683, 28.3149758 ], [ -16.4113041, 28.3149059 ], [ -16.4113794, 28.3147409 ], [ -16.411417, 28.3146476 ], [ -16.4114597, 28.3145605 ], [ -16.4115733, 28.3145945 ], [ -16.4116173, 28.3144505 ], [ -16.4116634, 28.3143084 ], [ -16.4117159, 28.3141959 ], [ -16.411773, 28.3140365 ], [ -16.4117847, 28.3140002 ], [ -16.4119781, 28.3140452 ], [ -16.4120343, 28.3140527 ], [ -16.4120508, 28.3139903 ], [ -16.4120693, 28.313926 ], [ -16.4118566, 28.3138813 ], [ -16.4118188, 28.3138744 ], [ -16.4117738, 28.3138695 ], [ -16.4117166, 28.3138629 ], [ -16.4116237, 28.3138557 ], [ -16.4116372, 28.3137987 ], [ -16.4116774, 28.3136737 ], [ -16.4117523, 28.3134789 ], [ -16.411858, 28.3132197 ], [ -16.4118193, 28.313064 ], [ -16.411665, 28.3129681 ], [ -16.4117842, 28.3128802 ], [ -16.4117615, 28.312857 ], [ -16.4117179, 28.3128782 ], [ -16.4116664, 28.3128372 ], [ -16.4116499, 28.3128256 ], [ -16.4115892, 28.3128651 ], [ -16.4115911, 28.3130049 ], [ -16.4115945, 28.3131087 ], [ -16.4116005, 28.3131032 ], [ -16.4116473, 28.3130892 ], [ -16.4116677, 28.3130962 ], [ -16.4116914, 28.3131149 ], [ -16.4117996, 28.3131959 ], [ -16.411623, 28.3136463 ], [ -16.4115995, 28.3136402 ], [ -16.4115847, 28.3136846 ], [ -16.4115674, 28.3137606 ], [ -16.411594, 28.3137694 ], [ -16.4115793, 28.3138914 ], [ -16.4114372, 28.3138621 ], [ -16.4113441, 28.3138423 ], [ -16.4112724, 28.3138214 ], [ -16.4112162, 28.3138085 ], [ -16.4111977, 28.3138736 ], [ -16.4110971, 28.3142104 ], [ -16.4109846, 28.3145004 ], [ -16.410966, 28.3145566 ], [ -16.4108237, 28.3145138 ], [ -16.4107464, 28.3144966 ], [ -16.4107303, 28.3145708 ], [ -16.410738, 28.3146437 ], [ -16.4107554, 28.3147981 ], [ -16.4108856, 28.3152333 ], [ -16.4108743, 28.3152487 ], [ -16.4107126, 28.3153696 ], [ -16.4106596, 28.3153569 ], [ -16.4106295, 28.3154617 ], [ -16.4102479, 28.3153961 ], [ -16.4102314, 28.3153845 ], [ -16.4102188, 28.3153594 ], [ -16.4102707, 28.3151946 ], [ -16.4101954, 28.3151295 ], [ -16.4101371, 28.3153476 ], [ -16.4101271, 28.3153613 ], [ -16.4100955, 28.3153634 ], [ -16.4092269, 28.3152343 ], [ -16.4091574, 28.3152224 ], [ -16.4092299, 28.3150023 ], [ -16.4091656, 28.3149984 ], [ -16.4090952, 28.3149919 ], [ -16.4088561, 28.3149637 ], [ -16.4088205, 28.3150453 ], [ -16.408781, 28.3151423 ], [ -16.4085949, 28.3151045 ], [ -16.4084975, 28.3150685 ], [ -16.4083628, 28.3149824 ], [ -16.4082577, 28.314978 ], [ -16.4084201, 28.3150738 ], [ -16.4084123, 28.3151064 ], [ -16.4084134, 28.31511 ], [ -16.4082112, 28.3150913 ], [ -16.4080886, 28.3150754 ], [ -16.4080507, 28.3150587 ], [ -16.4079585, 28.3150262 ], [ -16.4079752, 28.3149809 ], [ -16.4079198, 28.3149571 ], [ -16.4079031, 28.315007 ], [ -16.4078396, 28.3149869 ], [ -16.4078775, 28.3149197 ], [ -16.4078089, 28.3148996 ], [ -16.4078264, 28.3148363 ], [ -16.4077794, 28.3148259 ], [ -16.4077372, 28.3149527 ], [ -16.407678, 28.314947 ], [ -16.4076722, 28.3149926 ] ] ] } },
{ "type": "Feature", "properties": { "fid_": 0, "bic_nombre": "COMPLEJO DE CHINGUARO", "bic_catego": "SITIO HISTÓRICO", "bic_entorn": 0, "municipio_": "GÜIMAR", "bic_descri": "Bien de Interés Cultural con categoría de Sitio Histórico del “Complejo de Chinguaro”, en el municipio de Güímar, declarado por Decreto 79/1999, de 6 de mayo, del Gobierno de Canarias, publicado en el BOC nº 77 de 14 de junio de 1999.", "boletin1_n": "BOC nº 77 de 14 de junio de 1999", "boletin1_u": "https://www.gobiernodecanarias.org/boc/1999/077/011.html", "boletin2_n": null, "boletin2_u": null }, "geometry": { "type": "Polygon", "coordinates": [ [ [ -16.3925502, 28.3232006 ], [ -16.3925496, 28.3232295 ], [ -16.3925263, 28.3239473 ], [ -16.3928988, 28.3239642 ], [ -16.3931315, 28.3239745 ], [ -16.3936203, 28.3239975 ], [ -16.3939755, 28.3240128 ], [ -16.3941426, 28.3239227 ], [ -16.3943586, 28.3238239 ], [ -16.3945029, 28.3237845 ], [ -16.394564, 28.3237758 ], [ -16.3946037, 28.3237753 ], [ -16.3947161, 28.323785 ], [ -16.3948517, 28.3237864 ], [ -16.3950587, 28.3237824 ], [ -16.3951333, 28.323788 ], [ -16.3952213, 28.3238115 ], [ -16.395299, 28.3238233 ], [ -16.3953766, 28.3238315 ], [ -16.395452, 28.3238308 ], [ -16.3957355, 28.3238206 ], [ -16.3958903, 28.3238082 ], [ -16.3959127, 28.3238053 ], [ -16.3959105, 28.3237873 ], [ -16.3959134, 28.3235444 ], [ -16.3959131, 28.3234452 ], [ -16.3960644, 28.3233155 ], [ -16.3945726, 28.3230275 ], [ -16.3945413, 28.323137 ], [ -16.3945297, 28.3231813 ], [ -16.3940923, 28.3231181 ], [ -16.3940852, 28.3231967 ], [ -16.3940834, 28.3232139 ], [ -16.3940801, 28.323278 ], [ -16.3940006, 28.3232824 ], [ -16.3938252, 28.3232797 ], [ -16.3935037, 28.323264 ], [ -16.3925502, 28.3232006 ] ] ] } },
{ "type": "Feature", "properties": { "fid_": 0, "bic_nombre": "LADERA  DE  MARTIÁNEZ", "bic_catego": "ZONA ARQUEOLÓGICA", "bic_entorn": 0, "municipio_": "PUERTO DE LA CRUZ", "bic_descri": "Bien de Interés Cultural con categoría de Zona Arqueológica de las “Laderas de Martiánez”, en el municipio del Puerto de la Cruz, declarado por Decreto 412/2007, de 11 de diciembre, del Gobierno de Canarias, publicado en el BOC nº 255 de 24 de d", "boletin1_n": "BOC nº 255 de 24 de diciembre de 2007", "boletin1_u": "http://www.gobiernodecanarias.org/boc/2007/255/002.html", "boletin2_n": null, "boletin2_u": null }, "geometry": { "type": "Polygon", "coordinates": [ [ [ -16.5432586, 28.4148474 ], [ -16.5432058, 28.414653 ], [ -16.5431666, 28.4145881 ], [ -16.543145, 28.4145737 ], [ -16.5430902, 28.4145508 ], [ -16.5430014, 28.4145341 ], [ -16.5429928, 28.4145631 ], [ -16.5429346, 28.414554 ], [ -16.5428658, 28.4145499 ], [ -16.5427717, 28.4145522 ], [ -16.5425466, 28.4146789 ], [ -16.5422105, 28.4148742 ], [ -16.5422091, 28.4149324 ], [ -16.5422037, 28.4149422 ], [ -16.5421739, 28.4149718 ], [ -16.5419735, 28.415057 ], [ -16.5419593, 28.4150637 ], [ -16.541862, 28.4151095 ], [ -16.5418518, 28.4150979 ], [ -16.5418228, 28.4150893 ], [ -16.5417403, 28.4150785 ], [ -16.5416079, 28.4150525 ], [ -16.5414088, 28.4150341 ], [ -16.5413772, 28.4150434 ], [ -16.5412178, 28.4151257 ], [ -16.5412069, 28.4151803 ], [ -16.541187, 28.4152359 ], [ -16.5411746, 28.4152555 ], [ -16.5411217, 28.4152974 ], [ -16.5410924, 28.4153115 ], [ -16.5410134, 28.4153184 ], [ -16.5409905, 28.4153044 ], [ -16.540874, 28.4152337 ], [ -16.5408485, 28.4152394 ], [ -16.5408378, 28.4152407 ], [ -16.5407314, 28.4152164 ], [ -16.5407426, 28.4151853 ], [ -16.540558, 28.4151817 ], [ -16.5403162, 28.4151483 ], [ -16.5400341, 28.4152409 ], [ -16.5399679, 28.4153521 ], [ -16.539977, 28.4154646 ], [ -16.5398903, 28.4155189 ], [ -16.5398127, 28.4155419 ], [ -16.5397736, 28.4155475 ], [ -16.5397533, 28.4155555 ], [ -16.5397113, 28.4155889 ], [ -16.5396636, 28.4156118 ], [ -16.5395467, 28.415778 ], [ -16.53958, 28.4157974 ], [ -16.5394675, 28.4159315 ], [ -16.5394442, 28.4159145 ], [ -16.5391569, 28.4163014 ], [ -16.5390857, 28.4163779 ], [ -16.5390528, 28.4164107 ], [ -16.5390089, 28.4164473 ], [ -16.5389789, 28.4164809 ], [ -16.5389181, 28.4165172 ], [ -16.5389134, 28.4165528 ], [ -16.5389042, 28.4165612 ], [ -16.5387408, 28.4165656 ], [ -16.5385767, 28.4166377 ], [ -16.5384686, 28.4166469 ], [ -16.5382496, 28.4166669 ], [ -16.5379125, 28.4165469 ], [ -16.5377844, 28.4165704 ], [ -16.5376961, 28.4165447 ], [ -16.5376012, 28.4165532 ], [ -16.5375367, 28.416554 ], [ -16.5373422, 28.4165149 ], [ -16.5371151, 28.4165335 ], [ -16.5369601, 28.4165298 ], [ -16.5368183, 28.4165065 ], [ -16.5366213, 28.4164545 ], [ -16.5364394, 28.4163854 ], [ -16.5364803, 28.4163233 ], [ -16.5363996, 28.4163062 ], [ -16.5363615, 28.4162954 ], [ -16.5362486, 28.4162697 ], [ -16.5361648, 28.4162586 ], [ -16.5359735, 28.4162384 ], [ -16.5358387, 28.4162276 ], [ -16.5357949, 28.4162212 ], [ -16.5358307, 28.4163662 ], [ -16.5358558, 28.41638 ], [ -16.5358892, 28.4165995 ], [ -16.535998, 28.4165908 ], [ -16.5361021, 28.4165902 ], [ -16.5362053, 28.4165945 ], [ -16.5362946, 28.416603 ], [ -16.5366186, 28.4166684 ], [ -16.5367498, 28.4166798 ], [ -16.5369712, 28.4166739 ], [ -16.5370955, 28.4166556 ], [ -16.537366, 28.4166327 ], [ -16.5375274, 28.4166516 ], [ -16.5376813, 28.4166851 ], [ -16.5377279, 28.4166966 ], [ -16.5379855, 28.4167726 ], [ -16.5381089, 28.4168073 ], [ -16.5382546, 28.4168315 ], [ -16.5383533, 28.4168412 ], [ -16.5384399, 28.4168454 ], [ -16.5385908, 28.4168228 ], [ -16.5394981, 28.4165917 ], [ -16.5394833, 28.416534 ], [ -16.5394627, 28.4164964 ], [ -16.5394395, 28.4164209 ], [ -16.5394421, 28.4163779 ], [ -16.5395003, 28.4162932 ], [ -16.5397237, 28.4160464 ], [ -16.5398416, 28.4159427 ], [ -16.5400153, 28.4158252 ], [ -16.5401138, 28.4157699 ], [ -16.5403642, 28.4156615 ], [ -16.540502, 28.4156158 ], [ -16.5405872, 28.4155862 ], [ -16.540691, 28.415585 ], [ -16.5407731, 28.4156145 ], [ -16.5408576, 28.4156671 ], [ -16.5409289, 28.4156901 ], [ -16.5409976, 28.4157091 ], [ -16.541063, 28.4157408 ], [ -16.5410854, 28.4157666 ], [ -16.5411109, 28.4158291 ], [ -16.5411433, 28.415823 ], [ -16.5411768, 28.4157877 ], [ -16.5411957, 28.4157468 ], [ -16.5412, 28.4157091 ], [ -16.541203, 28.415669 ], [ -16.5412176, 28.4156241 ], [ -16.5412527, 28.4155873 ], [ -16.5413028, 28.4155517 ], [ -16.5413265, 28.4155288 ], [ -16.541385, 28.415496 ], [ -16.5414594, 28.4154797 ], [ -16.5415055, 28.415484 ], [ -16.5415334, 28.4154834 ], [ -16.5415852, 28.41548 ], [ -16.5416407, 28.415461 ], [ -16.5417655, 28.4153882 ], [ -16.5418061, 28.4153728 ], [ -16.5418996, 28.4153752 ], [ -16.5419558, 28.4154047 ], [ -16.5420158, 28.4154258 ], [ -16.5420783, 28.4154193 ], [ -16.5421358, 28.4153843 ], [ -16.5421821, 28.4153313 ], [ -16.5422139, 28.4152687 ], [ -16.542248, 28.4152239 ], [ -16.5423324, 28.4151639 ], [ -16.5423776, 28.4151301 ], [ -16.5424539, 28.4150885 ], [ -16.5425194, 28.4150439 ], [ -16.5425871, 28.4149904 ], [ -16.5427269, 28.4148583 ], [ -16.5427737, 28.4148225 ], [ -16.5428123, 28.4147974 ], [ -16.5428776, 28.4147657 ], [ -16.542981, 28.4147602 ], [ -16.5430221, 28.414773 ], [ -16.5430678, 28.4147965 ], [ -16.5431061, 28.4148196 ], [ -16.5431516, 28.4148512 ], [ -16.5432096, 28.4148907 ], [ -16.5432586, 28.4148474 ] ] ] } },
{ "type": "Feature", "properties": { "fid_": 0, "bic_nombre": "EL REALEJO ALTO", "bic_catego": "CONJUNTO HISTÓRICO", "bic_entorn": 0, "municipio_": "REALEJOS (LOS)", "bic_descri": "Bien de Interés Cultural con categoría de Conjunto Histórico del “Realejo Alto”, en el municipio de Los Realejos, declarado por Decreto 46/2014, de 22 de mayo, del Gobierno de Canarias, publicado en el BOC nº 105 de 3 de junio de 2014. No cuenta", "boletin1_n": "BOC nº 105 de 3 de junio de 2014", "boletin1_u": "http://www.gobiernodecanarias.org/boc/2014/105/005.html", "boletin2_n": null, "boletin2_u": null }, "geometry": { "type": "Polygon", "coordinates": [ [ [ -16.5851189, 28.3818153 ], [ -16.5851176, 28.3817839 ], [ -16.585125, 28.381726 ], [ -16.5851256, 28.3817208 ], [ -16.5851255, 28.3816947 ], [ -16.5851182, 28.3816593 ], [ -16.5851186, 28.3816182 ], [ -16.5851224, 28.3815683 ], [ -16.5851551, 28.3814663 ], [ -16.5851758, 28.3813808 ], [ -16.5852077, 28.3812478 ], [ -16.5852429, 28.3812475 ], [ -16.585277, 28.3812471 ], [ -16.5853467, 28.3812466 ], [ -16.5855363, 28.3812474 ], [ -16.5855384, 28.3812127 ], [ -16.5855323, 28.3812123 ], [ -16.5855372, 28.3811679 ], [ -16.5855378, 28.3811593 ], [ -16.5855402, 28.3811353 ], [ -16.5855497, 28.381131 ], [ -16.585575, 28.3811185 ], [ -16.5855929, 28.3811081 ], [ -16.5856062, 28.3810998 ], [ -16.5856231, 28.3810884 ], [ -16.5856473, 28.3810697 ], [ -16.5856592, 28.3810598 ], [ -16.5856822, 28.381037 ], [ -16.5856934, 28.3810242 ], [ -16.5857023, 28.3810115 ], [ -16.5857103, 28.3809974 ], [ -16.5857256, 28.3809662 ], [ -16.5857268, 28.3809633 ], [ -16.5857316, 28.3809478 ], [ -16.5857363, 28.3809278 ], [ -16.585738, 28.3809075 ], [ -16.585734, 28.3808749 ], [ -16.5857316, 28.3808623 ], [ -16.5857295, 28.3808527 ], [ -16.585724, 28.380831 ], [ -16.585717, 28.3808097 ], [ -16.5857086, 28.3807883 ], [ -16.585705, 28.3807819 ], [ -16.5856959, 28.3807657 ], [ -16.5856976, 28.3807611 ], [ -16.5857009, 28.3807553 ], [ -16.5857052, 28.3807506 ], [ -16.5857101, 28.3807467 ], [ -16.5857186, 28.3807426 ], [ -16.5858558, 28.3807429 ], [ -16.585867, 28.3807249 ], [ -16.5858686, 28.3806311 ], [ -16.5858792, 28.3805873 ], [ -16.5858752, 28.3804256 ], [ -16.5857754, 28.3804044 ], [ -16.5857756, 28.3804014 ], [ -16.585737, 28.3803988 ], [ -16.5857045, 28.3803232 ], [ -16.5856481, 28.3802763 ], [ -16.5856153, 28.3802412 ], [ -16.5855668, 28.3801928 ], [ -16.5855741, 28.38018 ], [ -16.5855616, 28.3801748 ], [ -16.5855714, 28.3801568 ], [ -16.5855203, 28.3801352 ], [ -16.585449, 28.3801062 ], [ -16.5854489, 28.3799535 ], [ -16.5854747, 28.3799548 ], [ -16.5854767, 28.3798075 ], [ -16.5854684, 28.379807 ], [ -16.5854714, 28.3797684 ], [ -16.5854817, 28.3797273 ], [ -16.5854716, 28.3797218 ], [ -16.5854444, 28.3797165 ], [ -16.5854449, 28.3797053 ], [ -16.585456, 28.3796601 ], [ -16.5854524, 28.3796219 ], [ -16.5854675, 28.379537 ], [ -16.5854765, 28.379537 ], [ -16.585473, 28.3794811 ], [ -16.585504, 28.379417 ], [ -16.5854918, 28.3793626 ], [ -16.5854432, 28.3793711 ], [ -16.5854372, 28.3793312 ], [ -16.5854467, 28.3793301 ], [ -16.5854405, 28.3792883 ], [ -16.5855345, 28.3792772 ], [ -16.5855252, 28.3792147 ], [ -16.5855433, 28.3792126 ], [ -16.5855503, 28.3792121 ], [ -16.5855381, 28.3790998 ], [ -16.5856036, 28.3790903 ], [ -16.5855929, 28.3790063 ], [ -16.5856143, 28.3790042 ], [ -16.5855999, 28.3788922 ], [ -16.5854811, 28.3789103 ], [ -16.5854758, 28.3788705 ], [ -16.5854798, 28.3788448 ], [ -16.5854726, 28.3788069 ], [ -16.5854969, 28.378803 ], [ -16.5854868, 28.3787534 ], [ -16.5855022, 28.3787508 ], [ -16.5854865, 28.3786529 ], [ -16.5854698, 28.3786366 ], [ -16.5854585, 28.3785221 ], [ -16.585511, 28.3784868 ], [ -16.5855118, 28.3784622 ], [ -16.5855366, 28.3784601 ], [ -16.585534, 28.3784363 ], [ -16.5855123, 28.3784381 ], [ -16.5855057, 28.3783767 ], [ -16.5854948, 28.3783781 ], [ -16.5854917, 28.3783528 ], [ -16.5854344, 28.3783622 ], [ -16.5854201, 28.3783236 ], [ -16.5854217, 28.3782711 ], [ -16.585453, 28.3782661 ], [ -16.5854578, 28.3782607 ], [ -16.5855124, 28.3782555 ], [ -16.5855069, 28.3782071 ], [ -16.5855001, 28.3781316 ], [ -16.5855294, 28.3781294 ], [ -16.5855549, 28.3781268 ], [ -16.5855686, 28.378124 ], [ -16.5855858, 28.3781167 ], [ -16.5856067, 28.3781008 ], [ -16.5856264, 28.3780824 ], [ -16.5856453, 28.3780548 ], [ -16.5856533, 28.3780373 ], [ -16.5856595, 28.3780157 ], [ -16.5856632, 28.3779841 ], [ -16.5856879, 28.3779868 ], [ -16.5856928, 28.3779601 ], [ -16.5856944, 28.3779446 ], [ -16.5856955, 28.3779291 ], [ -16.5856997, 28.3778776 ], [ -16.585707, 28.3777943 ], [ -16.5857121, 28.3777295 ], [ -16.5857212, 28.3776131 ], [ -16.5857315, 28.3775026 ], [ -16.5857427, 28.3774301 ], [ -16.5855134, 28.3773533 ], [ -16.5854677, 28.3773046 ], [ -16.5854067, 28.377301 ], [ -16.5853748, 28.3774365 ], [ -16.5853747, 28.3774559 ], [ -16.5853677, 28.3774692 ], [ -16.5853842, 28.3774774 ], [ -16.5853455, 28.3775499 ], [ -16.585333, 28.3775447 ], [ -16.5853229, 28.3775657 ], [ -16.5853166, 28.3775789 ], [ -16.585312, 28.3775888 ], [ -16.5852992, 28.3776194 ], [ -16.5852899, 28.3776435 ], [ -16.5852686, 28.3777115 ], [ -16.5852435, 28.3778346 ], [ -16.5852127, 28.3780298 ], [ -16.5851995, 28.378106 ], [ -16.5852192, 28.3781087 ], [ -16.5851932, 28.378264 ], [ -16.5851904, 28.3783647 ], [ -16.585185, 28.3784759 ], [ -16.5849785, 28.378466 ], [ -16.5849793, 28.3785833 ], [ -16.5849795, 28.3786706 ], [ -16.5849581, 28.3786713 ], [ -16.5850125, 28.3787953 ], [ -16.5850232, 28.378896 ], [ -16.5850191, 28.3790465 ], [ -16.5850278, 28.3791046 ], [ -16.5849981, 28.3791048 ], [ -16.5850226, 28.3791802 ], [ -16.5850642, 28.3791747 ], [ -16.5850796, 28.3792316 ], [ -16.5850601, 28.3792354 ], [ -16.5850727, 28.3792733 ], [ -16.585091, 28.3792687 ], [ -16.5850939, 28.3792778 ], [ -16.5851018, 28.3793455 ], [ -16.585063, 28.3793475 ], [ -16.5850644, 28.3793709 ], [ -16.5851004, 28.3793691 ], [ -16.5850964, 28.3794343 ], [ -16.5851108, 28.379435 ], [ -16.5850958, 28.379525 ], [ -16.5850998, 28.379604 ], [ -16.5850948, 28.3796371 ], [ -16.5850909, 28.3796686 ], [ -16.5850599, 28.379665 ], [ -16.5850318, 28.3796623 ], [ -16.5850207, 28.3797005 ], [ -16.5849923, 28.3796973 ], [ -16.5849864, 28.379723 ], [ -16.5849665, 28.3797213 ], [ -16.5849253, 28.3798605 ], [ -16.5850527, 28.3798881 ], [ -16.5850464, 28.3799168 ], [ -16.5850466, 28.3799192 ], [ -16.5850091, 28.3799809 ], [ -16.5849999, 28.3800273 ], [ -16.5850503, 28.380103 ], [ -16.585066, 28.3801219 ], [ -16.5850746, 28.3801365 ], [ -16.5850572, 28.3802294 ], [ -16.5849598, 28.3802181 ], [ -16.5849665, 28.3803373 ], [ -16.5849587, 28.3803376 ], [ -16.5849704, 28.3805172 ], [ -16.5849737, 28.3805725 ], [ -16.5849753, 28.3806935 ], [ -16.5848729, 28.380694 ], [ -16.5846947, 28.3806906 ], [ -16.5846906, 28.3808169 ], [ -16.5847704, 28.3808184 ], [ -16.5847721, 28.3808708 ], [ -16.584726, 28.3808705 ], [ -16.5847226, 28.3809201 ], [ -16.5846917, 28.3809185 ], [ -16.5846832, 28.380965 ], [ -16.5846481, 28.3809616 ], [ -16.5846264, 28.3810266 ], [ -16.5846353, 28.3810288 ], [ -16.584622, 28.381069 ], [ -16.5846188, 28.381107 ], [ -16.5846143, 28.3811655 ], [ -16.5846303, 28.3811691 ], [ -16.5846805, 28.3811747 ], [ -16.5846897, 28.3811757 ], [ -16.5847015, 28.3811788 ], [ -16.5847177, 28.381183 ], [ -16.5847434, 28.3811926 ], [ -16.5848039, 28.3812075 ], [ -16.5849881, 28.3812297 ], [ -16.5849727, 28.3813009 ], [ -16.5849577, 28.3812992 ], [ -16.5849238, 28.381434 ], [ -16.5849393, 28.3814362 ], [ -16.5849158, 28.3815373 ], [ -16.5848858, 28.381712 ], [ -16.5848755, 28.3817694 ], [ -16.5848608, 28.3818176 ], [ -16.5848604, 28.3818193 ], [ -16.5849131, 28.3818306 ], [ -16.5849279, 28.3818321 ], [ -16.5849314, 28.3818135 ], [ -16.5849766, 28.3818161 ], [ -16.5849902, 28.3818158 ], [ -16.5850018, 28.3818158 ], [ -16.5851, 28.3818227 ], [ -16.5851169, 28.3818164 ], [ -16.5851189, 28.3818153 ] ] ] } },
{ "type": "Feature", "properties": { "fid_": 0, "bic_nombre": "JARDÍN DE ACLIMATACIÓN DE LA OROTAVA (JARDIN BOTÁNICO)", "bic_catego": "JARDÍN HISTÓRICO", "bic_entorn": 0, "municipio_": "PUERTO DE LA CRUZ", "bic_descri": "Bien de Interés Cultural con categoría de Jardín Histórico del “Jardín de Aclimatación de La Orotava”, en el municipio del Puerto de la Cruz, declarado por Decreto 161/1994, de 29 de julio, del Gobierno de Canarias, publicado en el BOC nº 104", "boletin1_n": "BOC nº 104 de 24 de agosto de 1994", "boletin1_u": "http://www.gobiernodecanarias.org/boc/1994/104/013.html", "boletin2_n": null, "boletin2_u": null }, "geometry": { "type": "Polygon", "coordinates": [ [ [ -16.5353841, 28.4117706 ], [ -16.5362723, 28.4113003 ], [ -16.5351458, 28.4098191 ], [ -16.5346085, 28.4101347 ], [ -16.5347015, 28.4102494 ], [ -16.5343546, 28.4104713 ], [ -16.5353841, 28.4117706 ] ] ] } },
{ "type": "Feature", "properties": { "fid_": 0, "bic_nombre": "LLANO DE LA VIRGEN", "bic_catego": "SITIO HISTÓRICO", "bic_entorn": 0, "municipio_": "GÜIMAR", "bic_descri": "Bien de Interés Cultural con categoría de Sitio Histórico del “Llano de la Virgen”, en el municipio de Güímar, declarado por Decreto 50/2009, de 5 de mayo, del Gobierno de Canarias, publicado en el BOC nº 91 de 14 de mayo de 2009.", "boletin1_n": "BOC nº 91 de 14 de mayo de 2009", "boletin1_u": "http://www.gobiernodecanarias.org/boc/2009/091/007.html", "boletin2_n": null, "boletin2_u": null }, "geometry": { "type": "Polygon", "coordinates": [ [ [ -16.3642049, 28.3280958 ], [ -16.3636489, 28.3281805 ], [ -16.3636673, 28.3284004 ], [ -16.3632446, 28.3285743 ], [ -16.3632418, 28.3287113 ], [ -16.3632653, 28.328777 ], [ -16.3632688, 28.3288486 ], [ -16.3632451, 28.3289193 ], [ -16.3631992, 28.3289776 ], [ -16.3631519, 28.3290245 ], [ -16.3630835, 28.3290447 ], [ -16.3630054, 28.3290214 ], [ -16.362991, 28.3290112 ], [ -16.3629036, 28.3289594 ], [ -16.3628175, 28.328911 ], [ -16.3627437, 28.3289186 ], [ -16.3627304, 28.3289875 ], [ -16.3627514, 28.3290125 ], [ -16.3628176, 28.3291219 ], [ -16.3628976, 28.3292013 ], [ -16.3629122, 28.3292264 ], [ -16.3629374, 28.3292708 ], [ -16.3629385, 28.3293579 ], [ -16.362916, 28.3294269 ], [ -16.3628653, 28.32951 ], [ -16.3628068, 28.3296011 ], [ -16.3627284, 28.3297452 ], [ -16.3626492, 28.3298365 ], [ -16.3626407, 28.3298779 ], [ -16.362615, 28.3299985 ], [ -16.3625332, 28.3300841 ], [ -16.3638821, 28.3298047 ], [ -16.3638988, 28.3293919 ], [ -16.3639715, 28.3293018 ], [ -16.3638845, 28.3287742 ], [ -16.3639926, 28.3287227 ], [ -16.3639226, 28.3283119 ], [ -16.3642303, 28.3282618 ], [ -16.3642049, 28.3280958 ] ] ] } },
{ "type": "Feature", "properties": { "fid_": 0, "bic_nombre": "PLAYA DEL BUNKER - EL GUINCHO", "bic_catego": "ZONA PALEONTOLÓGICA", "bic_entorn": 0, "municipio_": "ARONA", "bic_descri": "Bien de Interés Cultural con categoría de Zona Paleontológica de la “Playa del Bunker-el Guincho”, en el municipio de Arona, declarado por Decreto 372/2007, de 16 de octubre, del Gobierno de Canarias, publicado en el BOC nº 217 de 29 de octubre d", "boletin1_n": "BOC nº 217 de 29 de octubre de 2007", "boletin1_u": "http://www.gobiernodecanarias.org/boc/2007/217/003.html", "boletin2_n": null, "boletin2_u": null }, "geometry": { "type": "Polygon", "coordinates": [ [ [ -16.7360872, 28.0603472 ], [ -16.7361928, 28.0602522 ], [ -16.7363325, 28.0601261 ], [ -16.7364461, 28.0600511 ], [ -16.7365969, 28.0599507 ], [ -16.7366559, 28.0599042 ], [ -16.7367223, 28.0598317 ], [ -16.7367429, 28.059794 ], [ -16.7367864, 28.0597141 ], [ -16.7368118, 28.0596408 ], [ -16.7368016, 28.059554 ], [ -16.7367735, 28.059455 ], [ -16.7367559, 28.0594356 ], [ -16.7367209, 28.0593555 ], [ -16.7367527, 28.0592918 ], [ -16.7368112, 28.0592753 ], [ -16.7368269, 28.0592543 ], [ -16.7368415, 28.0592533 ], [ -16.7368481, 28.0592154 ], [ -16.7367852, 28.0590406 ], [ -16.7368001, 28.0589136 ], [ -16.7368109, 28.0588671 ], [ -16.7367946, 28.0588043 ], [ -16.7367237, 28.0587938 ], [ -16.7366964, 28.05873 ], [ -16.7367153, 28.058623 ], [ -16.7367453, 28.0585576 ], [ -16.7367879, 28.058483 ], [ -16.7368355, 28.0583711 ], [ -16.7368175, 28.0582839 ], [ -16.7367068, 28.0580927 ], [ -16.7366478, 28.0579262 ], [ -16.7362011, 28.0579132 ], [ -16.7361866, 28.0579169 ], [ -16.7361801, 28.0579252 ], [ -16.7360565, 28.0583183 ], [ -16.7362111, 28.0586196 ], [ -16.7363867, 28.0586597 ], [ -16.7361225, 28.0596009 ], [ -16.7359524, 28.0595672 ], [ -16.7357003, 28.0603998 ], [ -16.7359232, 28.060471 ], [ -16.7359292, 28.0604721 ], [ -16.735937, 28.0604698 ], [ -16.7360872, 28.0603472 ] ] ] } },
{ "type": "Feature", "properties": { "fid_": 0, "bic_nombre": "VILLA DE SAN JUAN DE LA RAMBLA", "bic_catego": "CONJUNTO HISTÓRICO", "bic_entorn": 0, "municipio_": "SAN JUAN DE LA RAMBLA", "bic_descri": "Bien de Interés Cultural con categoría de Conjunto Histórico de la “Villa de San Juan de la Rambla”, en el municipio homónimo, declarado por Acuerdo de Gobierno de Canarias de 28 de noviembre de 1990, publicado en el BOC nº 92 de 16 de julio de", "boletin1_n": "BOC nº 92 de 16 de julio de 1993", "boletin1_u": "http://www.gobiernodecanarias.org/boc/1993/092/012.html", "boletin2_n": null, "boletin2_u": null }, "geometry": { "type": "MultiPolygon", "coordinates": [ [ [ [ -16.6487197, 28.3944891 ], [ -16.6487203, 28.3944891 ], [ -16.6485004, 28.3943679 ], [ -16.6485405, 28.3943205 ], [ -16.6484606, 28.3942348 ], [ -16.6482163, 28.3941833 ], [ -16.6481185, 28.3940542 ], [ -16.6479865, 28.3939321 ], [ -16.6477353, 28.3941272 ], [ -16.6477233, 28.3941391 ], [ -16.6477043, 28.3941673 ], [ -16.6476773, 28.394201 ], [ -16.6475596, 28.3943125 ], [ -16.6474841, 28.3943802 ], [ -16.6474549, 28.3944031 ], [ -16.6473949, 28.3944201 ], [ -16.6473675, 28.3944331 ], [ -16.6472725, 28.3944911 ], [ -16.6472912, 28.3945089 ], [ -16.6473894, 28.3948588 ], [ -16.6475489, 28.3948609 ], [ -16.6475795, 28.3949291 ], [ -16.6476136, 28.394981 ], [ -16.6476536, 28.3950251 ], [ -16.6477047, 28.3950626 ], [ -16.6477606, 28.3950935 ], [ -16.6478324, 28.3951198 ], [ -16.6478954, 28.3951332 ], [ -16.6479632, 28.3951368 ], [ -16.648037, 28.3951315 ], [ -16.6481128, 28.3951063 ], [ -16.6481735, 28.3950767 ], [ -16.6482251, 28.3950418 ], [ -16.6482774, 28.3949951 ], [ -16.6483408, 28.3949339 ], [ -16.6484153, 28.394868 ], [ -16.6484776, 28.3948095 ], [ -16.6485469, 28.3947374 ], [ -16.6485989, 28.3946636 ], [ -16.6486787, 28.3945481 ], [ -16.6487197, 28.3944891 ] ] ], [ [ [ -16.6500223, 28.3939907 ], [ -16.6497256, 28.3940855 ], [ -16.6497409, 28.3941245 ], [ -16.6498113, 28.3942854 ], [ -16.6499735, 28.3942369 ], [ -16.6501044, 28.3941946 ], [ -16.650087, 28.3941554 ], [ -16.6500741, 28.3941239 ], [ -16.6500223, 28.3939907 ] ] ], [ [ [ -16.6492312, 28.3936659 ], [ -16.6492746, 28.3936612 ], [ -16.6492675, 28.3936084 ], [ -16.6492575, 28.3935416 ], [ -16.6491967, 28.3935461 ], [ -16.6491607, 28.3935609 ], [ -16.6491351, 28.393571 ], [ -16.6491117, 28.3935174 ], [ -16.6490559, 28.3935404 ], [ -16.6490688, 28.3936317 ], [ -16.6490579, 28.3936346 ], [ -16.6490469, 28.3936384 ], [ -16.6490542, 28.3937043 ], [ -16.649131, 28.3937122 ], [ -16.6491302, 28.3936959 ], [ -16.6492355, 28.3936826 ], [ -16.6492312, 28.3936659 ] ] ], [ [ [ -16.6472605, 28.3938399 ], [ -16.6472787, 28.393757 ], [ -16.6471159, 28.3937286 ], [ -16.6471395, 28.3936152 ], [ -16.647064, 28.3936029 ], [ -16.6470195, 28.3937906 ], [ -16.6472605, 28.3938399 ] ] ], [ [ [ -16.6467733, 28.3938687 ], [ -16.646736, 28.3939432 ], [ -16.6468376, 28.3940215 ], [ -16.6468294, 28.3940596 ], [ -16.6469079, 28.3940923 ], [ -16.6469067, 28.3941029 ], [ -16.6469708, 28.3941283 ], [ -16.6470108, 28.3940483 ], [ -16.646876, 28.3939433 ], [ -16.6467733, 28.3938687 ] ] ], [ [ [ -16.6503438, 28.3931986 ], [ -16.6503073, 28.3932779 ], [ -16.650461, 28.3933394 ], [ -16.6505079, 28.3932555 ], [ -16.6505554, 28.3931567 ], [ -16.6504959, 28.3931393 ], [ -16.6504469, 28.3932304 ], [ -16.6504057, 28.3932166 ], [ -16.650431, 28.3931472 ], [ -16.6503751, 28.3931285 ], [ -16.6503567, 28.3931655 ], [ -16.6503438, 28.3931986 ] ] ], [ [ [ -16.6487831, 28.3941069 ], [ -16.64887, 28.3940324 ], [ -16.6487645, 28.3939278 ], [ -16.648759, 28.393925 ], [ -16.6487418, 28.3939102 ], [ -16.648689, 28.3938833 ], [ -16.6486661, 28.3939232 ], [ -16.6486716, 28.3939285 ], [ -16.6486444, 28.3939694 ], [ -16.6486602, 28.3939996 ], [ -16.6487111, 28.3940391 ], [ -16.6487831, 28.3941069 ] ] ], [ [ [ -16.6490712, 28.39331 ], [ -16.6491944, 28.3932921 ], [ -16.6491747, 28.3931491 ], [ -16.6490447, 28.3931642 ], [ -16.6490712, 28.39331 ] ] ], [ [ [ -16.6484084, 28.3938178 ], [ -16.648428, 28.3937682 ], [ -16.6484268, 28.3937628 ], [ -16.6483484, 28.3937373 ], [ -16.6483681, 28.3936993 ], [ -16.6483733, 28.3936916 ], [ -16.648392, 28.3936546 ], [ -16.6483327, 28.3936213 ], [ -16.6482928, 28.3936652 ], [ -16.6482633, 28.39376 ], [ -16.6482613, 28.3937638 ], [ -16.6482594, 28.3937818 ], [ -16.6483012, 28.3937945 ], [ -16.6483055, 28.3937907 ], [ -16.6483259, 28.393798 ], [ -16.6483302, 28.3937989 ], [ -16.6484084, 28.3938178 ] ] ], [ [ [ -16.6492015, 28.3940087 ], [ -16.6490796, 28.3940446 ], [ -16.6491085, 28.3941633 ], [ -16.6491816, 28.3941388 ], [ -16.6492248, 28.3941248 ], [ -16.6492449, 28.3941189 ], [ -16.649228, 28.3940722 ], [ -16.6492015, 28.3940087 ] ] ], [ [ [ -16.6499618, 28.3936546 ], [ -16.6498853, 28.3937168 ], [ -16.6497894, 28.3937449 ], [ -16.6498101, 28.3937956 ], [ -16.6498839, 28.3937801 ], [ -16.649902, 28.3938132 ], [ -16.6499569, 28.3937917 ], [ -16.6499483, 28.3937679 ], [ -16.6499993, 28.3937237 ], [ -16.6499897, 28.3937114 ], [ -16.6500059, 28.3936966 ], [ -16.6499618, 28.3936546 ] ] ], [ [ [ -16.6491083, 28.3941633 ], [ -16.6490794, 28.3940447 ], [ -16.6489755, 28.3940755 ], [ -16.6489763, 28.3940795 ], [ -16.6490005, 28.3941832 ], [ -16.6491083, 28.3941633 ] ] ], [ [ [ -16.6483352, 28.3935731 ], [ -16.6484116, 28.393609 ], [ -16.6484553, 28.3935329 ], [ -16.6483713, 28.3934896 ], [ -16.6483352, 28.3935731 ] ] ], [ [ [ -16.6467219, 28.3938925 ], [ -16.6467468, 28.3938539 ], [ -16.6466462, 28.3938024 ], [ -16.6466244, 28.3938449 ], [ -16.6467219, 28.3938925 ] ] ], [ [ [ -16.6472268, 28.3942523 ], [ -16.6471876, 28.3942079 ], [ -16.6471211, 28.3942687 ], [ -16.6471591, 28.3943053 ], [ -16.6472268, 28.3942523 ] ] ] ] } },
{ "type": "Feature", "properties": { "fid_": 0, "bic_nombre": "IGLESIA Y CEMENTERIO DE SAN JUAN BAUTISTA", "bic_catego": "MONUMENTO", "bic_entorn": 1, "municipio_": "LAGUNA (LA)", "bic_descri": "Bien de Interés Cultural con categoría de Monumento de la “Iglesia y Cementerio de San Juan Bautista”, en el municipio de San Cristóbal de La Laguna, declarado por Decreto 69/2000, de 8 de mayo, del Gobierno de Canarias, publicado en el BOC nº 68", "boletin1_n": "BOC nº 68 de 2 de junio de 2000", "boletin1_u": "http://www.gobiernodecanarias.org/boc/2000/068/004.html", "boletin2_n": null, "boletin2_u": null }, "geometry": { "type": "MultiPolygon", "coordinates": [ [ [ [ -16.3203881, 28.4849698 ], [ -16.3205992, 28.4842873 ], [ -16.3207046, 28.484307 ], [ -16.3207389, 28.4841036 ], [ -16.3207363, 28.4840603 ], [ -16.3205846, 28.4840194 ], [ -16.3206926, 28.4836672 ], [ -16.3206649, 28.4836603 ], [ -16.3206014, 28.4836446 ], [ -16.3205471, 28.4836298 ], [ -16.3204877, 28.4836151 ], [ -16.3204292, 28.4836003 ], [ -16.3203698, 28.4835855 ], [ -16.3203155, 28.4835716 ], [ -16.3202571, 28.4835559 ], [ -16.3201976, 28.4835412 ], [ -16.3201392, 28.4835264 ], [ -16.3200849, 28.4835125 ], [ -16.3200245, 28.4834968 ], [ -16.3199712, 28.4834838 ], [ -16.3198123, 28.4834429 ], [ -16.3196194, 28.4842733 ], [ -16.3197217, 28.4842886 ], [ -16.3198752, 28.4843096 ], [ -16.3197091, 28.4848365 ], [ -16.3203881, 28.4849698 ] ] ], [ [ [ -16.3194431, 28.4852155 ], [ -16.3194687, 28.4851331 ], [ -16.3195352, 28.485146 ], [ -16.3195548, 28.4850763 ], [ -16.3192536, 28.485007 ], [ -16.319235, 28.4850713 ], [ -16.3191182, 28.4850453 ], [ -16.3190937, 28.4851313 ], [ -16.3194431, 28.4852155 ] ] ] ] } },
{ "type": "Feature", "properties": { "fid_": 0, "bic_nombre": "ROQUE DE MALPASO", "bic_catego": "ZONA ARQUEOLÓGICA", "bic_entorn": 0, "municipio_": "ARONA", "bic_descri": "Bien de Interés Cultural con categoría de Zona Arqueológica del “Roque de Malpaso”, en el municipio de Arona, con entorno de protección declarado por Decreto 84/2003, de 12 de mayo, publicado en el BOC Nº 102 de 29 de mayo de 2003.", "boletin1_n": "BOC Nº 102 de 29 de Mayo de 2003", "boletin1_u": "http://www.gobiernodecanarias.org/boc/2003/102/009.html", "boletin2_n": null, "boletin2_u": null }, "geometry": { "type": "Polygon", "coordinates": [ [ [ -16.6690292, 28.0569776 ], [ -16.669031, 28.0569778 ], [ -16.6690278, 28.0570154 ], [ -16.6690347, 28.0570677 ], [ -16.6690575, 28.0571567 ], [ -16.6691316, 28.0573454 ], [ -16.6691631, 28.0574063 ], [ -16.6691857, 28.057425 ], [ -16.669245, 28.0574423 ], [ -16.669296, 28.0574526 ], [ -16.6693248, 28.0574666 ], [ -16.6693536, 28.0574889 ], [ -16.6693814, 28.0575102 ], [ -16.6694307, 28.0575412 ], [ -16.669488, 28.0575603 ], [ -16.669535, 28.0575751 ], [ -16.6695685, 28.0575738 ], [ -16.6696852, 28.0575525 ], [ -16.6698079, 28.0575249 ], [ -16.6699346, 28.0574962 ], [ -16.6702134, 28.0574342 ], [ -16.6703137, 28.0574041 ], [ -16.6703997, 28.0573778 ], [ -16.6704233, 28.0572538 ], [ -16.6704743, 28.0570646 ], [ -16.6704949, 28.0569551 ], [ -16.6705003, 28.0568423 ], [ -16.6705009, 28.0568152 ], [ -16.6704837, 28.0567522 ], [ -16.67047, 28.0567262 ], [ -16.6704309, 28.0566969 ], [ -16.6704175, 28.0566835 ], [ -16.670349, 28.0566609 ], [ -16.6702735, 28.0566483 ], [ -16.6700912, 28.0566388 ], [ -16.6699621, 28.0566403 ], [ -16.6698503, 28.0566498 ], [ -16.6697021, 28.0566706 ], [ -16.6695541, 28.0567067 ], [ -16.6694761, 28.0567275 ], [ -16.6693696, 28.0567504 ], [ -16.6692774, 28.056775 ], [ -16.6691904, 28.0568049 ], [ -16.669147, 28.056828 ], [ -16.6691037, 28.0568583 ], [ -16.6690777, 28.0568857 ], [ -16.6690292, 28.0569776 ] ] ] } },
{ "type": "Feature", "properties": { "fid_": 0, "bic_nombre": "ANTIGUO CONVENTO DE SANTO DOMINGO", "bic_catego": "MONUMENTO", "bic_entorn": 1, "municipio_": "LAGUNA (LA)", "bic_descri": "Bien de Interés Cultural con categoría de Monumento del “Antiguo Convento de Santo Domingo”, en el municipio de San Cristóbal de La Laguna, declarado por Decreto 206/2008, de 7 de octubre, del Gobierno de Canarias, publicado en el BOC nº 209 de 1", "boletin1_n": "BOC nº 209 de 17 de octubre de 2008", "boletin1_u": "http://www.gobiernodecanarias.org/boc/2008/209/008.html", "boletin2_n": null, "boletin2_u": null }, "geometry": { "type": "Polygon", "coordinates": [ [ [ -16.3133645, 28.4860518 ], [ -16.3133534, 28.4858888 ], [ -16.3134842, 28.4858903 ], [ -16.3136028, 28.4859009 ], [ -16.3136537, 28.4855511 ], [ -16.313658, 28.4854768 ], [ -16.3129573, 28.4854733 ], [ -16.312853, 28.4854743 ], [ -16.3128511, 28.4853207 ], [ -16.3125281, 28.4853238 ], [ -16.3124902, 28.4853402 ], [ -16.3124607, 28.4853625 ], [ -16.3124362, 28.4853935 ], [ -16.3124251, 28.4854316 ], [ -16.3124162, 28.4855122 ], [ -16.3124199, 28.486087 ], [ -16.3133645, 28.4860518 ] ] ] } },
{ "type": "Feature", "properties": { "fid_": 0, "bic_nombre": "CASA FUERTE", "bic_catego": "MONUMENTO", "bic_entorn": 1, "municipio_": "ADEJE", "bic_descri": "Bien de Interés Cultural con categoría de Monumento de la “Casa Fuerte de Adeje”, en el municipio homónimo, declarado por Decreto 30/1986, de 7 de febrero, del Gobierno de Canarias, publicado en el BOC nº 28 de 7 de marzo de 1986, y modificación", "boletin1_n": "BOC nº 28 de 7 de marzo de 1986", "boletin1_u": "http://www.gobiernodecanarias.org/boc/1986/028/006.html", "boletin2_n": "BOC nº 3 de 4 de enero de 2008", "boletin2_u": "http://www.gobiernodecanarias.org/boc/2008/003/004.html" }, "geometry": { "type": "Polygon", "coordinates": [ [ [ -16.7257112, 28.124123 ], [ -16.7256423, 28.1242692 ], [ -16.7256935, 28.1242884 ], [ -16.7256697, 28.1243302 ], [ -16.7257374, 28.12436 ], [ -16.7257774, 28.1243767 ], [ -16.7257317, 28.1244512 ], [ -16.7257922, 28.1244785 ], [ -16.7263866, 28.1247219 ], [ -16.7265287, 28.1244434 ], [ -16.7265998, 28.1244712 ], [ -16.7266624, 28.1243449 ], [ -16.7265916, 28.1243165 ], [ -16.726725, 28.1240525 ], [ -16.7260234, 28.1237833 ], [ -16.7260591, 28.1237269 ], [ -16.7259205, 28.1236511 ], [ -16.725881, 28.1237906 ], [ -16.7257898, 28.1237547 ], [ -16.7257555, 28.1237759 ], [ -16.7256905, 28.1239085 ], [ -16.7256969, 28.1239273 ], [ -16.7258434, 28.1239842 ], [ -16.7258019, 28.1240632 ], [ -16.7257821, 28.1241032 ], [ -16.7257644, 28.1241413 ], [ -16.7257112, 28.124123 ] ] ] } },
{ "type": "Feature", "properties": { "fid_": 0, "bic_nombre": "CEMENTERIO DE SAN RAFAEL Y SAN ROQUE", "bic_catego": "MONUMENTO", "bic_entorn": 1, "municipio_": "SANTA CRUZ DE TENERIFE", "bic_descri": "Bien de Interés Cultural con categoría de Monumento del “Cementerio de San Rafael y San Roque”, en el municipio de Santa Cruz, declarado por Decreto 99/2006, de 11 de julio, del Gobierno de Canarias, publicado en el BOC nº 144 de 26 de julio de 20", "boletin1_n": "BOC nº 144 de 26 de julio de 2006", "boletin1_u": "http://www.gobiernodecanarias.org/boc/2006/144/003.html", "boletin2_n": null, "boletin2_u": null }, "geometry": { "type": "Polygon", "coordinates": [ [ [ -16.2548226, 28.4622467 ], [ -16.2540826, 28.4617426 ], [ -16.2536838, 28.4622123 ], [ -16.2536329, 28.462339 ], [ -16.2543517, 28.4627948 ], [ -16.2548226, 28.4622467 ] ] ] } },
{ "type": "Feature", "properties": { "fid_": 0, "bic_nombre": "CASA DEL PATIO", "bic_catego": "MONUMENTO", "bic_entorn": 1, "municipio_": "SANTIAGO DEL TEIDE", "bic_descri": "Bien de Interés Cultural con categoría de Monumento de la “Casa del Patio”, en el municipio de Santiago del Teide, declarado por Decreto 59/2014, de 29 de mayo, del Gobierno de Canarias, publicado en el BOC nº 109 de 9 de junio de 2014.\n25. SILOS\n", "boletin1_n": "BOC nº 109 de 9 de junio de 2014", "boletin1_u": "http://www.gobiernodecanarias.org/boc/2014/109/004.html", "boletin2_n": null, "boletin2_u": null }, "geometry": { "type": "Polygon", "coordinates": [ [ [ -16.8145633, 28.2983852 ], [ -16.8147474, 28.2984988 ], [ -16.8148191, 28.2985416 ], [ -16.8148308, 28.2985441 ], [ -16.8148814, 28.2985626 ], [ -16.8149583, 28.2985958 ], [ -16.815197, 28.2986637 ], [ -16.815315, 28.2986951 ], [ -16.8154291, 28.2984695 ], [ -16.8154271, 28.2984692 ], [ -16.8154847, 28.2983537 ], [ -16.8155153, 28.2983167 ], [ -16.8155254, 28.2982947 ], [ -16.815297, 28.2982052 ], [ -16.8152511, 28.2981894 ], [ -16.8152734, 28.2981388 ], [ -16.8150538, 28.2980575 ], [ -16.8148057, 28.297968 ], [ -16.8147121, 28.2979345 ], [ -16.8147084, 28.2979281 ], [ -16.814699, 28.2979037 ], [ -16.8146932, 28.2978957 ], [ -16.814645, 28.2978698 ], [ -16.8145887, 28.2978662 ], [ -16.8145784, 28.2978644 ], [ -16.8145468, 28.2978544 ], [ -16.8144742, 28.2978131 ], [ -16.8144302, 28.2978575 ], [ -16.8143715, 28.2979632 ], [ -16.8143305, 28.2980425 ], [ -16.8142947, 28.2981122 ], [ -16.8142659, 28.2981663 ], [ -16.8142646, 28.2981722 ], [ -16.8142668, 28.29818 ], [ -16.8142911, 28.2982324 ], [ -16.8142958, 28.2982388 ], [ -16.8143412, 28.2982708 ], [ -16.8144545, 28.2983341 ], [ -16.8145069, 28.2983646 ], [ -16.8145553, 28.2983939 ], [ -16.8145583, 28.2983907 ], [ -16.8145633, 28.2983852 ] ] ] } },
{ "type": "Feature", "properties": { "fid_": 0, "bic_nombre": "ANTIGUO CONVENTO  AGUSTINO DEL ESPIRITU SANTO", "bic_catego": "MONUMENTO", "bic_entorn": 0, "municipio_": "LAGUNA (LA)", "bic_descri": "Bien de Interés Cultural con categoría de Monumento del “Antiguo Convento Agustino del Espíritu Santo”, en el municipio de San Cristóbal de La Laguna, declarado por Real Decreto de 28 de julio de 1983, publicado en el BOE nº 243 de 11 de octubre", "boletin1_n": "BOE nº 243 de 11 de octubre de 1983", "boletin1_u": "http://www.boe.es/boe/dias/1983/10/11/pdfs/A27631-27631.pdf", "boletin2_n": null, "boletin2_u": null }, "geometry": { "type": "Polygon", "coordinates": [ [ [ -16.3178706, 28.4905183 ], [ -16.3178688, 28.4905167 ], [ -16.3178668, 28.490516 ], [ -16.3176023, 28.4904168 ], [ -16.3171387, 28.49024 ], [ -16.3170372, 28.4904487 ], [ -16.3169468, 28.4904163 ], [ -16.316933, 28.4904446 ], [ -16.3168632, 28.4904188 ], [ -16.3168182, 28.4905033 ], [ -16.3167936, 28.4905537 ], [ -16.3167204, 28.490704 ], [ -16.3166651, 28.4908181 ], [ -16.3167381, 28.4908347 ], [ -16.3167412, 28.490831 ], [ -16.3168167, 28.4908499 ], [ -16.3168906, 28.4908663 ], [ -16.3169783, 28.4908868 ], [ -16.3173617, 28.4909748 ], [ -16.3176515, 28.4910432 ], [ -16.3177863, 28.4907212 ], [ -16.3177816, 28.4907187 ], [ -16.3178706, 28.4905183 ] ] ] } },
{ "type": "Feature", "properties": { "fid_": 0, "bic_nombre": "CUEVA DE LOS GUANCHES", "bic_catego": "ZONA ARQUEOLÓGICA", "bic_entorn": 0, "municipio_": "ICOD DE LOS VINOS", "bic_descri": "Bien de Interés Cultural con categoría de Zona Arqueológica de la “Cueva de los Guanches”, en el municipio de Icod de los Vinos, declarado por Decreto 125/2005, de 14 de junio, del Gobierno de Canarias, publicado en el BOC nº 124 de 27 de junio d", "boletin1_n": "BOC nº 124 de 27 de junio de 2005", "boletin1_u": "https://www.gobiernodecanarias.org/boc/2005/124/010.html", "boletin2_n": null, "boletin2_u": null }, "geometry": { "type": "Polygon", "coordinates": [ [ [ -16.6998631, 28.3834319 ], [ -16.6998633, 28.3834321 ], [ -16.7004856, 28.3831491 ], [ -16.7004612, 28.3831063 ], [ -16.7004749, 28.3830627 ], [ -16.7002032, 28.3827568 ], [ -16.7001938, 28.3827423 ], [ -16.7001922, 28.3827196 ], [ -16.700192, 28.3826993 ], [ -16.7001934, 28.3826845 ], [ -16.7002029, 28.3826647 ], [ -16.7002137, 28.3826505 ], [ -16.7002256, 28.3826402 ], [ -16.7002359, 28.3826326 ], [ -16.7002758, 28.3826067 ], [ -16.7003002, 28.382589 ], [ -16.7003114, 28.382578 ], [ -16.7003172, 28.3825663 ], [ -16.7003212, 28.3825537 ], [ -16.7003211, 28.3825361 ], [ -16.7003085, 28.3825123 ], [ -16.7002336, 28.3824558 ], [ -16.6999742, 28.3826255 ], [ -16.6997335, 28.3826438 ], [ -16.6993919, 28.3828274 ], [ -16.6998631, 28.3834319 ] ] ] } },
{ "type": "Feature", "properties": { "fid_": 0, "bic_nombre": "CONVENTO DE SANTA CATALINA DE SIENA", "bic_catego": "MONUMENTO", "bic_entorn": 1, "municipio_": "LAGUNA (LA)", "bic_descri": "Bien de Interés Cultural con categoría de Monumento del “Convento de Santa Catalina de Siena”, en el municipio de San Cristóbal de La Laguna, declarado por Decreto 96/2013, de 20 de septiembre, del Gobierno de Canarias, publicado en el BOC nº 193", "boletin1_n": "BOC nº 193 de 7 de octubre de 2013", "boletin1_u": "http://www.gobiernodecanarias.org/boc/2013/193/index.html", "boletin2_n": null, "boletin2_u": null }, "geometry": { "type": "Polygon", "coordinates": [ [ [ -16.3146766, 28.4875794 ], [ -16.3146747, 28.4875746 ], [ -16.3146206, 28.4875466 ], [ -16.3146084, 28.4875403 ], [ -16.3146032, 28.4875437 ], [ -16.3142351, 28.4874625 ], [ -16.3139054, 28.4873879 ], [ -16.3138176, 28.4877022 ], [ -16.3138075, 28.4876998 ], [ -16.313782, 28.4878033 ], [ -16.3138292, 28.487817 ], [ -16.3138303, 28.4878133 ], [ -16.3139282, 28.4878359 ], [ -16.3140953, 28.487888 ], [ -16.3141455, 28.4879029 ], [ -16.3144973, 28.4880123 ], [ -16.3145342, 28.4880245 ], [ -16.3147675, 28.4880985 ], [ -16.3148558, 28.4878445 ], [ -16.3148999, 28.4877094 ], [ -16.314876, 28.4877 ], [ -16.3146766, 28.4875794 ] ] ] } },
{ "type": "Feature", "properties": { "fid_": 0, "bic_nombre": "MONASTERIO DE SANTA CLARA", "bic_catego": "MONUMENTO", "bic_entorn": 0, "municipio_": "LAGUNA (LA)", "bic_descri": "Bien de Interés Cultural con categoría de Monumento del “Monasterio de Santa Clara”, en el municipio de San Cristóbal de La Laguna, declarado por Decreto de 27 de enero de 1978, publicado en el BOE nº 53 de de 3 de marzo de 1978. Incoación de la", "boletin1_n": "BOE nº 53 de de 3 de marzo de 1978", "boletin1_u": "http://www.boe.es/boe/dias/1978/03/03/pdfs/A05200-05200.pdf", "boletin2_n": null, "boletin2_u": null }, "geometry": { "type": "Polygon", "coordinates": [ [ [ -16.3138915, 28.4901878 ], [ -16.3140816, 28.4897743 ], [ -16.3140858, 28.4897748 ], [ -16.31413, 28.4896737 ], [ -16.3140516, 28.489647 ], [ -16.3140503, 28.4896496 ], [ -16.3137814, 28.4895589 ], [ -16.3136429, 28.4895098 ], [ -16.3135883, 28.4894919 ], [ -16.3135071, 28.4894653 ], [ -16.3134857, 28.4894581 ], [ -16.3133494, 28.4894211 ], [ -16.3133142, 28.4895602 ], [ -16.3132987, 28.4896112 ], [ -16.3132231, 28.4898503 ], [ -16.313233, 28.4898521 ], [ -16.3132275, 28.4898749 ], [ -16.3132206, 28.489873 ], [ -16.3131832, 28.4900246 ], [ -16.3133709, 28.4900674 ], [ -16.3135578, 28.4901122 ], [ -16.3136554, 28.4901332 ], [ -16.3138304, 28.4901735 ], [ -16.3138915, 28.4901878 ] ] ] } },
{ "type": "Feature", "properties": { "fid_": 0, "bic_nombre": "CEMENTERIO DE LA OROTAVA", "bic_catego": "MONUMENTO", "bic_entorn": 1, "municipio_": "OROTAVA (LA)", "bic_descri": "Bien de Interés Cultural con categoría de Monumento del “Cementerio de La Orotava”, en el municipio homónimo, declarado por Decreto 163/2005, de 28 de junio, del Gobierno de Canarias, publicado en el BOC nº 133 de 8 de julio de 2005.", "boletin1_n": "BOC nº 133 de 8 de julio de 2005", "boletin1_u": "http://www.gobiernodecanarias.org/boc/2005/133/007.html", "boletin2_n": null, "boletin2_u": null }, "geometry": { "type": "Polygon", "coordinates": [ [ [ -16.5275078, 28.3879384 ], [ -16.5275078, 28.3879384 ], [ -16.5275058, 28.3875989 ], [ -16.5275018, 28.3874937 ], [ -16.5274782, 28.3873011 ], [ -16.5271599, 28.3873543 ], [ -16.5269926, 28.3874452 ], [ -16.5268923, 28.3874761 ], [ -16.526791, 28.3878656 ], [ -16.5261626, 28.387879 ], [ -16.5261661, 28.3879159 ], [ -16.5261049, 28.3879281 ], [ -16.5259893, 28.3879371 ], [ -16.5258853, 28.38795 ], [ -16.5258936, 28.3879964 ], [ -16.5260158, 28.3879704 ], [ -16.5260171, 28.3879812 ], [ -16.5261238, 28.3879641 ], [ -16.5261302, 28.3879861 ], [ -16.5262368, 28.3879629 ], [ -16.5262373, 28.3879551 ], [ -16.5263653, 28.3879551 ], [ -16.5267103, 28.387945 ], [ -16.526782, 28.387943 ], [ -16.5267837, 28.3879431 ], [ -16.5275078, 28.3879384 ] ] ] } },
{ "type": "Feature", "properties": { "fid_": 0, "bic_nombre": "ANTIGUO HOSPITAL CIVIL", "bic_catego": "MONUMENTO", "bic_entorn": 1, "municipio_": "SANTA CRUZ DE TENERIFE", "bic_descri": "Bien de Interés Cultural con categoría de Monumento del “Antiguo Hospital Civil”, en el municipio de Santa Cruz, declarado por Orden de 2 de diciembre de 1983 del Ministerio de Cultura, publicado en el BOE Nº 11 de 13 de enero de 1984 y delimitaci", "boletin1_n": "BOE Nº 11 de 13 de enero de 1984", "boletin1_u": "http://www.boe.es/boe/dias/1984/01/13/pdfs/A00944-00944.pdf", "boletin2_n": "BOC nº 112 de 6 de junio de 2008", "boletin2_u": "http://www.gobiernodecanarias.org/boc/2008/112/014.html" }, "geometry": { "type": "Polygon", "coordinates": [ [ [ -16.2498062, 28.4640075 ], [ -16.2500284, 28.4634674 ], [ -16.2498266, 28.4634269 ], [ -16.2496782, 28.4633948 ], [ -16.2495978, 28.4633793 ], [ -16.2495195, 28.4633613 ], [ -16.2492987, 28.4633075 ], [ -16.2491053, 28.4637808 ], [ -16.2498062, 28.4640075 ] ] ] } },
{ "type": "Feature", "properties": { "fid_": 0, "bic_nombre": "ANTIGUO CONVENTO FRANCISCANO DE Nª  SRA. DE LOS ÁNGELES", "bic_catego": "MONUMENTO", "bic_entorn": 1, "municipio_": "GARACHICO", "bic_descri": "Bien de Interés Cultural con categoría de Monumento del “Antiguo Convento Franciscano de Ntra. Sra. de los Ángeles”, en el municipio de Garachico, declarado por Decreto 81/2014 de 10 de julio, del Gobierno de Canarias, publicado en el BOC nº 138", "boletin1_n": "BOC nº 138 de 18 de julio de 2014", "boletin1_u": "http://www.gobiernodecanarias.org/boc/2014/138/004.html", "boletin2_n": null, "boletin2_u": null }, "geometry": { "type": "Polygon", "coordinates": [ [ [ -16.7636613, 28.3735636 ], [ -16.7640531, 28.3734044 ], [ -16.7640729, 28.3733969 ], [ -16.7640832, 28.3733888 ], [ -16.7640902, 28.3733797 ], [ -16.7640981, 28.3733624 ], [ -16.7641014, 28.3733498 ], [ -16.7641034, 28.3733366 ], [ -16.7641043, 28.3733215 ], [ -16.7641034, 28.3733053 ], [ -16.7641015, 28.3732884 ], [ -16.7640959, 28.3732644 ], [ -16.7640846, 28.3732259 ], [ -16.7640614, 28.3731476 ], [ -16.7640622, 28.3731457 ], [ -16.7641666, 28.3731075 ], [ -16.7641712, 28.3731051 ], [ -16.7641749, 28.3731009 ], [ -16.764179, 28.373095 ], [ -16.7641808, 28.3730868 ], [ -16.7641793, 28.3730776 ], [ -16.7641665, 28.3730475 ], [ -16.7641582, 28.3730283 ], [ -16.764157, 28.3730213 ], [ -16.7641298, 28.3729292 ], [ -16.7640166, 28.3727338 ], [ -16.7639413, 28.3727471 ], [ -16.7639381, 28.3727429 ], [ -16.7637981, 28.3727697 ], [ -16.7638022, 28.3727866 ], [ -16.7635873, 28.3728331 ], [ -16.7636328, 28.3729874 ], [ -16.7635296, 28.3730096 ], [ -16.7635373, 28.3730764 ], [ -16.7635693, 28.3732485 ], [ -16.7635669, 28.3732493 ], [ -16.7635847, 28.3733523 ], [ -16.76359, 28.3733515 ], [ -16.7635911, 28.3734348 ], [ -16.7636613, 28.3735636 ] ] ] } },
{ "type": "Feature", "properties": { "fid_": 0, "bic_nombre": "CASERÍO SOBRE LA FUENTE", "bic_catego": "SITIO ETNOLÓGICO", "bic_entorn": 1, "municipio_": "GRANADILLA DE ABONA", "bic_descri": "Bien de Interés Cultural con categoría de Sitio Etnológico del “Caserío sobre La Fuente”, en el municipio de Granadilla, declarado por Decreto 63/2015, de 23 de abril, del Gobierno de Canarias, publicado en el BOC nº 84 de 5 de mayo de 2015.", "boletin1_n": "BOC nº 84 de 5 de mayo de 2015", "boletin1_u": "https://www.gobiernodecanarias.org/boc/2015/084/002.html", "boletin2_n": null, "boletin2_u": null }, "geometry": { "type": "MultiPolygon", "coordinates": [ [ [ [ -16.5782539, 28.131117 ], [ -16.5782493, 28.1310348 ], [ -16.578248, 28.1310121 ], [ -16.5782456, 28.1309749 ], [ -16.5782348, 28.1309134 ], [ -16.5780572, 28.130803 ], [ -16.5779514, 28.1307726 ], [ -16.5779193, 28.1307968 ], [ -16.5779052, 28.1308073 ], [ -16.5778709, 28.130851 ], [ -16.5778376, 28.1309109 ], [ -16.5778311, 28.1310038 ], [ -16.5778191, 28.1310411 ], [ -16.5776586, 28.1310905 ], [ -16.577643, 28.1310981 ], [ -16.5776173, 28.1311107 ], [ -16.5775858, 28.1311316 ], [ -16.5774339, 28.1312664 ], [ -16.5777079, 28.1314178 ], [ -16.5777698, 28.1314464 ], [ -16.5782128, 28.1311509 ], [ -16.5782539, 28.131117 ] ] ], [ [ [ -16.5779447, 28.1299179 ], [ -16.5779768, 28.1296928 ], [ -16.5778736, 28.1296839 ], [ -16.5778, 28.1297182 ], [ -16.5777984, 28.1297192 ], [ -16.5777401, 28.1297714 ], [ -16.5776383, 28.1298025 ], [ -16.577633, 28.1298086 ], [ -16.5776214, 28.1298275 ], [ -16.5776048, 28.1299864 ], [ -16.5776805, 28.1299662 ], [ -16.5777389, 28.1299585 ], [ -16.5777734, 28.1299544 ], [ -16.5778766, 28.1299424 ], [ -16.5779447, 28.1299179 ] ] ] ] } },
{ "type": "Feature", "properties": { "fid_": 0, "bic_nombre": "BARRIO DE LOS QUEVEDOS", "bic_catego": "SITIO HISTÓRICO", "bic_entorn": 0, "municipio_": "SAN JUAN DE LA RAMBLA", "bic_descri": "Bien de Interés Cultural con categoría de Sitio Histórico del “Barrio de los Quevedos”, en el municipio de San Juan de la Rambla, declarado por Decreto 84/2008, de 29 de abril, del Gobierno de Canarias, publicado en el BOC nº 93 de 9 de mayo de 2", "boletin1_n": "BOC nº 93 de 9 de mayo de 2008", "boletin1_u": "http://www.gobiernodecanarias.org/boc/2008/093/006.html", "boletin2_n": null, "boletin2_u": null }, "geometry": { "type": "Polygon", "coordinates": [ [ [ -16.6425537, 28.381914 ], [ -16.6427248, 28.3810936 ], [ -16.6426081, 28.380833 ], [ -16.6422867, 28.3809754 ], [ -16.6423703, 28.3812623 ], [ -16.6422456, 28.3814245 ], [ -16.6422433, 28.3816849 ], [ -16.6423839, 28.381733 ], [ -16.6424114, 28.3818712 ], [ -16.6425537, 28.381914 ] ] ] } },
{ "type": "Feature", "properties": { "fid_": 0, "bic_nombre": "MONASTERIO DE LA INMACULADA CONCEPCIÓN", "bic_catego": "MONUMENTO", "bic_entorn": 1, "municipio_": "GARACHICO", "bic_descri": "Bien de Interés Cultural con categoría de Monumento del “Monasterio de la Inmaculada Concepción”, en el municipio de Garachico, declarado por Decreto 63/2014 de 5 de junio, del Gobierno de Canarias, publicado en el BOC nº 115 de 17 de junio de 20", "boletin1_n": "BOC nº 115 de 17 de junio de 2014", "boletin1_u": "http://www.gobiernodecanarias.org/boc/2014/115/007.html", "boletin2_n": null, "boletin2_u": null }, "geometry": { "type": "Polygon", "coordinates": [ [ [ -16.7629679, 28.3746125 ], [ -16.7638544, 28.37451 ], [ -16.7637771, 28.3742832 ], [ -16.7637063, 28.3740824 ], [ -16.7629169, 28.3742721 ], [ -16.7629329, 28.3743588 ], [ -16.7629383, 28.3743579 ], [ -16.7629541, 28.374472 ], [ -16.762957, 28.374472 ], [ -16.7629645, 28.3745101 ], [ -16.762952, 28.3745119 ], [ -16.7629679, 28.3746125 ] ] ] } },
{ "type": "Feature", "properties": { "fid_": 0, "bic_nombre": "SANTUARIO DE LA VIRGEN DE CANDELARIA Y CONVENTO", "bic_catego": "MONUMENTO", "bic_entorn": 1, "municipio_": "CANDELARIA", "bic_descri": "Bien de Interés Cultural con categoría de Monumento del “Santuario de la Virgen de Candelaria y Convento”, en el municipio homónimo, declarado por Decreto 62/2005, de 19 de abril, del Gobierno de Canarias, publicado en el BOC nº 82 de 27 de abril", "boletin1_n": "BOC nº 82 de 27 de abril de 2005", "boletin1_u": "http://www.gobiernodecanarias.org/boc/2005/082/004.html", "boletin2_n": null, "boletin2_u": null }, "geometry": { "type": "Polygon", "coordinates": [ [ [ -16.3701551, 28.3514276 ], [ -16.3701555, 28.3514275 ], [ -16.3701555, 28.3514267 ], [ -16.3701675, 28.3513757 ], [ -16.3701757, 28.3513772 ], [ -16.3702032, 28.3512482 ], [ -16.3701924, 28.3512459 ], [ -16.3702043, 28.3511966 ], [ -16.3701989, 28.3511954 ], [ -16.3702057, 28.3511651 ], [ -16.3701871, 28.3511622 ], [ -16.3701796, 28.3511589 ], [ -16.3701728, 28.3511473 ], [ -16.3701616, 28.351137 ], [ -16.3701559, 28.3511328 ], [ -16.3701447, 28.3511163 ], [ -16.3701439, 28.3511152 ], [ -16.370141, 28.3511144 ], [ -16.3701352, 28.3511152 ], [ -16.3701272, 28.3511202 ], [ -16.3701185, 28.3511216 ], [ -16.3701036, 28.3511201 ], [ -16.3700844, 28.3511146 ], [ -16.370078, 28.3511058 ], [ -16.3700719, 28.351101 ], [ -16.3700707, 28.351107 ], [ -16.3700228, 28.3510995 ], [ -16.3700179, 28.3511159 ], [ -16.369916, 28.351098 ], [ -16.3699252, 28.3510567 ], [ -16.3698607, 28.3510432 ], [ -16.3698414, 28.3511252 ], [ -16.3697219, 28.351106 ], [ -16.3697335, 28.351055 ], [ -16.3697074, 28.3510307 ], [ -16.3697085, 28.351021 ], [ -16.3696804, 28.3510166 ], [ -16.3696908, 28.3509777 ], [ -16.3696747, 28.3509631 ], [ -16.3694814, 28.3509296 ], [ -16.3694706, 28.3509272 ], [ -16.3694715, 28.3509155 ], [ -16.3694574, 28.3509135 ], [ -16.3694584, 28.3509096 ], [ -16.3694473, 28.3509076 ], [ -16.3694576, 28.3508428 ], [ -16.3694462, 28.350841 ], [ -16.3694472, 28.3507596 ], [ -16.3694033, 28.3507654 ], [ -16.3694056, 28.3507347 ], [ -16.3693903, 28.3506978 ], [ -16.3692798, 28.3507115 ], [ -16.3692848, 28.3507783 ], [ -16.3692405, 28.3507828 ], [ -16.3692398, 28.3510522 ], [ -16.3693349, 28.3510591 ], [ -16.3692864, 28.3512735 ], [ -16.3693647, 28.3512871 ], [ -16.369365, 28.3512862 ], [ -16.369618, 28.3513298 ], [ -16.3701551, 28.3514276 ] ] ] } },
{ "type": "Feature", "properties": { "fid_": 0, "bic_nombre": "HIJUELA DEL BOTÁNICO (JARDÍN DE ACLIMATACIÓN DE LA OROTAVA)", "bic_catego": "JARDÍN HISTÓRICO", "bic_entorn": 1, "municipio_": "OROTAVA (LA)", "bic_descri": "Bien de Interés Cultural con categoría de Jardín Histórico de la “Hijuela del Botánico”, en el municipio de La Orotava, declarado por Decreto 226/2008, de 25 de noviembre, del Gobierno de Canarias, publicado en el BOC nº 244 de 5 de diciembre d", "boletin1_n": "BOC nº 244 de 5 de diciembre de 2008", "boletin1_u": "http://www.gobiernodecanarias.org/boc/2008/244/009.html", "boletin2_n": null, "boletin2_u": null }, "geometry": { "type": "Polygon", "coordinates": [ [ [ -16.5248907, 28.3887525 ], [ -16.5248932, 28.3887498 ], [ -16.5248947, 28.3887473 ], [ -16.5248961, 28.388744 ], [ -16.5248967, 28.3887415 ], [ -16.5248968, 28.3887382 ], [ -16.5248964, 28.3887354 ], [ -16.5248956, 28.3887321 ], [ -16.524755, 28.388497 ], [ -16.5247527, 28.3884951 ], [ -16.5247485, 28.3884925 ], [ -16.5247444, 28.3884909 ], [ -16.5247391, 28.3884899 ], [ -16.5247342, 28.3884897 ], [ -16.5247292, 28.3884906 ], [ -16.5247246, 28.3884922 ], [ -16.5239216, 28.3889879 ], [ -16.5239202, 28.3889901 ], [ -16.5239193, 28.3889921 ], [ -16.5239193, 28.3889944 ], [ -16.5239199, 28.3889962 ], [ -16.5239211, 28.3889982 ], [ -16.5239234, 28.3889999 ], [ -16.5242626, 28.3891962 ], [ -16.5242683, 28.389199 ], [ -16.5242727, 28.3892002 ], [ -16.5242787, 28.3892015 ], [ -16.5242856, 28.3892018 ], [ -16.5242919, 28.389201 ], [ -16.5242978, 28.3891995 ], [ -16.5248907, 28.3887525 ] ] ] } },
{ "type": "Feature", "properties": { "fid_": 0, "bic_nombre": "ANTIGUO COLEGIO DE LA ASUNCIÓN", "bic_catego": "MONUMENTO", "bic_entorn": 1, "municipio_": "SANTA CRUZ DE TENERIFE", "bic_descri": "Bien de Interés Cultural con categoría de Monumento del “Antiguo Colegio de la Asunción”, en el municipio de Santa Cruz, declarado por Decreto 50/1986, de 14 de marzo, del Gobierno de Canarias, publicado en el BOC nº 38 de 2 de abril de 1986, y d", "boletin1_n": "BOC nº 38 de 2 de abril de 1986", "boletin1_u": "http://www.gobiernodecanarias.org/boc/1986/038/006.html", "boletin2_n": "BOC nº154 de 1 de agosto de 2008", "boletin2_u": "http://www.gobiernodecanarias.org/boc/2008/154/010.html" }, "geometry": { "type": "MultiPolygon", "coordinates": [ [ [ [ -16.2617102, 28.4647445 ], [ -16.2617628, 28.4647777 ], [ -16.2618492, 28.4646796 ], [ -16.2618064, 28.464645 ], [ -16.261897, 28.4645443 ], [ -16.2617674, 28.4644482 ], [ -16.2617883, 28.464428 ], [ -16.2617655, 28.464412 ], [ -16.2617864, 28.4643844 ], [ -16.2617494, 28.4643622 ], [ -16.2617313, 28.4643849 ], [ -16.2617057, 28.4643676 ], [ -16.2616792, 28.4643966 ], [ -16.2614998, 28.4642797 ], [ -16.2614066, 28.4643991 ], [ -16.2613938, 28.4643917 ], [ -16.2613757, 28.4644106 ], [ -16.2613515, 28.4643921 ], [ -16.2614044, 28.4643305 ], [ -16.2612862, 28.4642517 ], [ -16.2612472, 28.4642945 ], [ -16.2610965, 28.4642073 ], [ -16.2610269, 28.4642978 ], [ -16.2610995, 28.4643433 ], [ -16.2610717, 28.4643785 ], [ -16.26114, 28.4644278 ], [ -16.2611205, 28.464448 ], [ -16.2612416, 28.4645329 ], [ -16.2612597, 28.4645116 ], [ -16.2612967, 28.4645387 ], [ -16.2612313, 28.4646167 ], [ -16.2614021, 28.4647349 ], [ -16.2613771, 28.4647676 ], [ -16.2614027, 28.4647836 ], [ -16.2613819, 28.46481 ], [ -16.2614146, 28.4648334 ], [ -16.2614369, 28.4648082 ], [ -16.2614597, 28.4648217 ], [ -16.2614875, 28.4647903 ], [ -16.2616083, 28.4648676 ], [ -16.2617102, 28.4647445 ] ] ], [ [ [ -16.2616085, 28.4648678 ], [ -16.2616083, 28.4648676 ], [ -16.2616071, 28.464869 ], [ -16.2616085, 28.4648678 ] ] ] ] } },
{ "type": "Feature", "properties": { "fid_": 0, "bic_nombre": "ANTIGUO CONVENTO FRANCISCANO DEL ESPIRITU SANTO", "bic_catego": "MONUMENTO", "bic_entorn": 1, "municipio_": "ICOD DE LOS VINOS", "bic_descri": "Bien de Interés Cultural con categoría de Monumento del “Antiguo Convento Franciscano del Espíritu Santo”, en el municipio de Icod de los Vinos, declarado por Decreto 30/1986, de 7 de febrero, del Gobierno de Canarias, publicado en el BOC nº 28 d", "boletin1_n": "BOC nº 28 de 7 de marzo de 1986", "boletin1_u": "http://www.gobiernodecanarias.org/boc/1986/028/006.html", "boletin2_n": "BOC nº 229 de 28 de noviembre de 2017", "boletin2_u": "http://www.gobiernodecanarias.org/boc/2017/229/011.html" }, "geometry": { "type": "Polygon", "coordinates": [ [ [ -16.7190798, 28.3665651 ], [ -16.7191216, 28.3667044 ], [ -16.7192805, 28.3666697 ], [ -16.7194038, 28.3666394 ], [ -16.7193827, 28.3665675 ], [ -16.7196574, 28.3665003 ], [ -16.71966, 28.3665036 ], [ -16.7197073, 28.3664924 ], [ -16.7197055, 28.366487 ], [ -16.7197567, 28.3664739 ], [ -16.7198133, 28.3664662 ], [ -16.719751, 28.3662835 ], [ -16.7198234, 28.3662649 ], [ -16.7198219, 28.366257 ], [ -16.7198407, 28.3662519 ], [ -16.719812, 28.3661719 ], [ -16.7197961, 28.3661757 ], [ -16.7197868, 28.366148 ], [ -16.7197606, 28.3661552 ], [ -16.7197369, 28.366087 ], [ -16.7196904, 28.366098 ], [ -16.7196777, 28.3660589 ], [ -16.71968, 28.3660583 ], [ -16.7196737, 28.3660416 ], [ -16.7196599, 28.3660375 ], [ -16.7195694, 28.3660588 ], [ -16.7195741, 28.3660751 ], [ -16.7195132, 28.3660878 ], [ -16.7195284, 28.3661365 ], [ -16.7192598, 28.3662065 ], [ -16.7192786, 28.3662674 ], [ -16.7191488, 28.3663021 ], [ -16.7191732, 28.3663714 ], [ -16.719194, 28.3663656 ], [ -16.7192377, 28.3665315 ], [ -16.7192254, 28.366534 ], [ -16.7192246, 28.3665317 ], [ -16.7192241, 28.3665318 ], [ -16.7190798, 28.3665651 ] ] ] } },
{ "type": "Feature", "properties": { "fid_": 0, "bic_nombre": "IGLESIA CATEDRAL DE SAN CRISTOBAL DE LA LAGUNA", "bic_catego": "MONUMENTO", "bic_entorn": 0, "municipio_": "LAGUNA (LA)", "bic_descri": "Bien de Interés Cultural con categoría de Monumento Histórico Artístico de carácter nacional de la “Iglesia Catedral de San Cristóbal de La Laguna”, por Real Decreto 2912/1983, de 5 de octubre, publicado en el BOE nº 281 de 24 de noviembre de", "boletin1_n": "BOE nº 281 de 24 de noviembre de 1983", "boletin1_u": "http://www.boe.es/boe/dias/1983/11/24/pdfs/A31830-31830.pdf", "boletin2_n": "BOC nº 136 de 14 de julio de 2006", "boletin2_u": "http://www.gobiernodecanarias.org/boc/2006/136/029.html" }, "geometry": { "type": "Polygon", "coordinates": [ [ [ -16.316458, 28.4891801 ], [ -16.3164949, 28.4890909 ], [ -16.3165009, 28.4890917 ], [ -16.3165655, 28.4889339 ], [ -16.3165625, 28.4889321 ], [ -16.3165989, 28.488845 ], [ -16.3163082, 28.4887504 ], [ -16.3163267, 28.4887086 ], [ -16.3163319, 28.48871 ], [ -16.3163451, 28.4886776 ], [ -16.3159985, 28.4885644 ], [ -16.3159729, 28.488628 ], [ -16.3160149, 28.4886411 ], [ -16.3159862, 28.4887118 ], [ -16.31596, 28.4887051 ], [ -16.3159295, 28.4887048 ], [ -16.315903, 28.4887088 ], [ -16.3158743, 28.4887201 ], [ -16.3158521, 28.488735 ], [ -16.3158348, 28.488752 ], [ -16.3158196, 28.488775 ], [ -16.3158135, 28.4887946 ], [ -16.31581, 28.4888224 ], [ -16.3158142, 28.4888498 ], [ -16.3158237, 28.4888706 ], [ -16.3158384, 28.4888915 ], [ -16.3158599, 28.48891 ], [ -16.3158822, 28.4889232 ], [ -16.3159642, 28.4889502 ], [ -16.31596, 28.4889592 ], [ -16.3161236, 28.4890047 ], [ -16.3161034, 28.4890534 ], [ -16.3161636, 28.4890733 ], [ -16.3161592, 28.4890834 ], [ -16.316458, 28.4891801 ] ] ] } },
{ "type": "Feature", "properties": { "fid_": 0, "bic_nombre": "HACIENDA DE LA QUINTA ROJA", "bic_catego": "MONUMENTO", "bic_entorn": 1, "municipio_": "GARACHICO", "bic_descri": "Bien de Interés Cultural con categoría de Monumento de la “Hacienda de La Quinta Roja”, en el municipio de Garachico, declarado por Decreto 73/2014, de 26 de junio, del Gobierno de Canarias, publicado en el BOC nº 128 de 4 de julio de 2014.", "boletin1_n": "BOC nº 128 de 4 de julio de 2014", "boletin1_u": "http://www.gobiernodecanarias.org/boc/2014/128/008.html", "boletin2_n": null, "boletin2_u": null }, "geometry": { "type": "Polygon", "coordinates": [ [ [ -16.7747407, 28.3724968 ], [ -16.774716, 28.3723882 ], [ -16.7746994, 28.3722979 ], [ -16.774662, 28.3721293 ], [ -16.7746319, 28.3719916 ], [ -16.7745266, 28.3720102 ], [ -16.7745145, 28.3719407 ], [ -16.7744542, 28.3719499 ], [ -16.7744689, 28.3720156 ], [ -16.7743575, 28.3720314 ], [ -16.7743463, 28.3719646 ], [ -16.7742756, 28.3719749 ], [ -16.7742879, 28.3720383 ], [ -16.7742488, 28.3720449 ], [ -16.7742361, 28.371975 ], [ -16.7741711, 28.3719869 ], [ -16.7741878, 28.3720604 ], [ -16.7742089, 28.3721719 ], [ -16.7742621, 28.372163 ], [ -16.7742671, 28.3721899 ], [ -16.7741628, 28.3722104 ], [ -16.7742276, 28.37247 ], [ -16.7742369, 28.3725049 ], [ -16.774337, 28.3724871 ], [ -16.7743387, 28.372492 ], [ -16.77435, 28.372512 ], [ -16.7743619, 28.3725639 ], [ -16.7747407, 28.3724968 ] ] ] } },
{ "type": "Feature", "properties": { "fid_": 0, "bic_nombre": "ARIPE", "bic_catego": "ZONA ARQUEOLÓGICA", "bic_entorn": 1, "municipio_": "GUIA DE ISORA", "bic_descri": "Bien de Interés Cultural con categoría de Zona Arqueológica de “Aripe”, en el municipio homónimo, declarada su delimitación por Decreto 105/2014, de 6 de noviembre, del Gobierno de Canarias, publicado en el BOC nº 222 de 14 de noviembre de 2014", "boletin1_n": "BOC nº 222 de 14 de noviembre de 2014", "boletin1_u": "http://www.gobiernodecanarias.org/boc/2014/222/003.html", "boletin2_n": null, "boletin2_u": null }, "geometry": { "type": "Polygon", "coordinates": [ [ [ -16.7658023, 28.2141474 ], [ -16.7658622, 28.2141404 ], [ -16.7659383, 28.2141159 ], [ -16.7659733, 28.2140998 ], [ -16.7660441, 28.2140669 ], [ -16.7661367, 28.2140053 ], [ -16.7662104, 28.2139442 ], [ -16.76624, 28.2139178 ], [ -16.7662719, 28.2138884 ], [ -16.7663012, 28.2138532 ], [ -16.766321, 28.213829 ], [ -16.7663618, 28.2137566 ], [ -16.7663888, 28.2137093 ], [ -16.7664078, 28.2136465 ], [ -16.7664035, 28.2135887 ], [ -16.7663876, 28.2135607 ], [ -16.766357, 28.2135493 ], [ -16.7662734, 28.2135593 ], [ -16.7661941, 28.2135869 ], [ -16.7661207, 28.2136235 ], [ -16.766077, 28.2136612 ], [ -16.7660083, 28.2137209 ], [ -16.7659616, 28.2137615 ], [ -16.7658895, 28.2138054 ], [ -16.7658297, 28.2138246 ], [ -16.7658003, 28.2138313 ], [ -16.7657633, 28.2138422 ], [ -16.7657201, 28.2138641 ], [ -16.7656871, 28.2138853 ], [ -16.7656643, 28.2139123 ], [ -16.7656465, 28.2139452 ], [ -16.7656448, 28.2139873 ], [ -16.7656469, 28.2140217 ], [ -16.7656515, 28.2140406 ], [ -16.7656636, 28.214077 ], [ -16.7656752, 28.2140915 ], [ -16.7657021, 28.2141197 ], [ -16.765737, 28.2141432 ], [ -16.7657586, 28.2141466 ], [ -16.7658023, 28.2141474 ] ] ] } },
{ "type": "Feature", "properties": { "fid_": 0, "bic_nombre": "EX-CONVENTO DE SAN AGUSTÍN", "bic_catego": "MONUMENTO", "bic_entorn": 1, "municipio_": "TACORONTE", "bic_descri": "Bien de Interés Cultural con categoría de Monumento del “Exconvento de San Agustín”, en el municipio de Tacoronte, declarado por Decreto 61/2006, de 16 de mayo, publicado en el BOC nº 102 de 26 de mayo de 2006.", "boletin1_n": "BOC nº 102 de 26 de mayo de 2006", "boletin1_u": "http://www.gobiernodecanarias.org/boc/2006/102/017.html", "boletin2_n": null, "boletin2_u": null }, "geometry": { "type": "Polygon", "coordinates": [ [ [ -16.4119435, 28.4812842 ], [ -16.4119598, 28.4808994 ], [ -16.4116438, 28.4809072 ], [ -16.4116396, 28.4808469 ], [ -16.4113987, 28.4808464 ], [ -16.4113638, 28.4809213 ], [ -16.4113446, 28.4809908 ], [ -16.4112981, 28.4811684 ], [ -16.4112977, 28.4811775 ], [ -16.4112987, 28.4811873 ], [ -16.4113021, 28.4812007 ], [ -16.411308, 28.4812104 ], [ -16.4113151, 28.4812195 ], [ -16.4113241, 28.4812269 ], [ -16.4113364, 28.4812334 ], [ -16.4113555, 28.481238 ], [ -16.4113921, 28.4812415 ], [ -16.4115271, 28.481248 ], [ -16.4115388, 28.4812313 ], [ -16.4116636, 28.4812391 ], [ -16.411676, 28.4812676 ], [ -16.4119401, 28.4812841 ], [ -16.4119435, 28.4812842 ] ] ] } },
{ "type": "Feature", "properties": { "fid_": 0, "bic_nombre": "IGLESIA NUESTRA SEÑORA DE LA CONCEPCIÓN", "bic_catego": "MONUMENTO", "bic_entorn": 1, "municipio_": "LAGUNA (LA)", "bic_descri": "Bien de Interés Cultural con categoría de Monumento de la “Iglesia de la Concepción”, en el municipio de San Cristóbal de La Laguna, declarado por Decreto 423/1948, de 25 de junio, publicado en el BOE nº 189 de 7 de julio de 1948. Modificación", "boletin1_n": "BOE nº 189 de 7 de julio de 1948", "boletin1_u": "https://www.boe.es/diario_gazeta/comun/pdf.php?p=1948/07/07/pdfs/BOE-1948-189.pdf", "boletin2_n": "BOC nº 93 de 18 de mayo de 2015", "boletin2_u": "http://www.gobiernodecanarias.org/boc/2015/093/index.html" }, "geometry": { "type": "Polygon", "coordinates": [ [ [ -16.3198856, 28.4903262 ], [ -16.3200805, 28.4904071 ], [ -16.3200824, 28.4904044 ], [ -16.3201685, 28.4904402 ], [ -16.3201706, 28.4904366 ], [ -16.3204196, 28.4905398 ], [ -16.3203619, 28.4906486 ], [ -16.3204471, 28.4906839 ], [ -16.3205253, 28.4907139 ], [ -16.3205855, 28.4907398 ], [ -16.3205978, 28.4907315 ], [ -16.3206485, 28.4906599 ], [ -16.320659, 28.4906397 ], [ -16.3206889, 28.4905809 ], [ -16.3206969, 28.4905825 ], [ -16.3207731, 28.4904388 ], [ -16.3207717, 28.4904379 ], [ -16.3206978, 28.4904071 ], [ -16.3206351, 28.4903811 ], [ -16.3206299, 28.4903893 ], [ -16.3204112, 28.4903018 ], [ -16.3202738, 28.4902415 ], [ -16.3202779, 28.4902339 ], [ -16.320185, 28.4901952 ], [ -16.3201826, 28.4901992 ], [ -16.3200582, 28.4901476 ], [ -16.3200596, 28.4901454 ], [ -16.3199963, 28.4901192 ], [ -16.3198856, 28.4903262 ] ] ] } },
{ "type": "Feature", "properties": { "fid_": 0, "bic_nombre": "IGLESIA DE NUESTRA SEÑORA DE LA CONCEPCIÓN", "bic_catego": "MONUMENTO", "bic_entorn": 1, "municipio_": "SANTA CRUZ DE TENERIFE", "bic_descri": "Bien de Interés Cultural con categoría de Monumento de la “Iglesia de Nuestra Señora de la Concepción”, en el municipio de Santa Cruz, declarado por el Ministerio de Cultura por Real Decreto 2653, de 28 de julio de 1983, publicado en el BOE nº 2", "boletin1_n": "BOE nº 243 de 11 de octubre de 1983", "boletin1_u": "http://www.boe.es/boe/dias/1983/10/11/pdfs/A27630-27631.pdf", "boletin2_n": null, "boletin2_u": null }, "geometry": { "type": "Polygon", "coordinates": [ [ [ -16.2490416, 28.4642924 ], [ -16.2490496, 28.4642431 ], [ -16.2489719, 28.4642313 ], [ -16.2489468, 28.464229 ], [ -16.2486403, 28.4641767 ], [ -16.248625, 28.4643227 ], [ -16.2485977, 28.4644282 ], [ -16.2487519, 28.4644524 ], [ -16.248742, 28.4645088 ], [ -16.248835, 28.4645268 ], [ -16.248831, 28.4645837 ], [ -16.2489581, 28.4646025 ], [ -16.24895, 28.4646521 ], [ -16.2490205, 28.4646651 ], [ -16.2490304, 28.4646164 ], [ -16.24917, 28.4646415 ], [ -16.2491705, 28.4646379 ], [ -16.2491833, 28.4645785 ], [ -16.2492265, 28.464586 ], [ -16.249238, 28.4645383 ], [ -16.2492725, 28.4645431 ], [ -16.2492921, 28.4644453 ], [ -16.2492824, 28.4644438 ], [ -16.2492885, 28.464406 ], [ -16.2492595, 28.4644011 ], [ -16.2492748, 28.4643308 ], [ -16.2490416, 28.4642924 ] ] ] } },
{ "type": "Feature", "properties": { "fid_": 0, "bic_nombre": "PALACIO DE NAVA", "bic_catego": "MONUMENTO", "bic_entorn": 1, "municipio_": "LAGUNA (LA)", "bic_descri": "Bien de Interés Cultural con categoría de Monumento del “Palacio de Nava”, en el municipio de San Cristóbal de La Laguna, declarado por Decreto 174/2000, de 6 de septiembre, del Gobierno de Canarias, publicado en el BOC nº 133 de 6 de octubre de", "boletin1_n": "BOC nº 133 de 6 de octubre de 2000", "boletin1_u": "http://www.gobiernodecanarias.org/boc/2000/133/009.html", "boletin2_n": null, "boletin2_u": null }, "geometry": { "type": "Polygon", "coordinates": [ [ [ -16.3146178, 28.488095 ], [ -16.3145121, 28.4880536 ], [ -16.3142588, 28.487974 ], [ -16.3137809, 28.4878251 ], [ -16.3137233, 28.4880423 ], [ -16.3137704, 28.4880509 ], [ -16.3137675, 28.4880663 ], [ -16.3139717, 28.4881329 ], [ -16.3141174, 28.488191 ], [ -16.3141115, 28.4882046 ], [ -16.3141546, 28.4882241 ], [ -16.3141636, 28.488205 ], [ -16.3144549, 28.4883006 ], [ -16.3144568, 28.4882915 ], [ -16.3144691, 28.488295 ], [ -16.314477, 28.4882688 ], [ -16.3145046, 28.4882757 ], [ -16.3145223, 28.4882151 ], [ -16.3145551, 28.4882229 ], [ -16.3145786, 28.4881478 ], [ -16.314595, 28.488153 ], [ -16.3146178, 28.488095 ] ] ] } },
{ "type": "Feature", "properties": { "fid_": 0, "bic_nombre": "CAMINO DEL CIPRÉS", "bic_catego": "SITIO HISTÓRICO", "bic_entorn": 1, "municipio_": "OROTAVA (LA)", "bic_descri": "Bien de Interés Cultural con categoría de Sitio Histórico del “Camino del Ciprés”, en el municipio de La Orotava, declarado por Decreto 195/2008, de 16 de septiembre, del Gobierno de Canarias, publicado en el BOC nº 193 de 25 de septiembre de 20", "boletin1_n": "BOC nº 193 de 25 de septiembre de 2008", "boletin1_u": "http://www.gobiernodecanarias.org/boc/2008/193/008.html", "boletin2_n": "BOC nº 55 de 20 de marzo de 2015", "boletin2_u": "http://www.gobiernodecanarias.org/boc/2015/055/index.html" }, "geometry": { "type": "Polygon", "coordinates": [ [ [ -16.5341819, 28.4040314 ], [ -16.5341998, 28.404006 ], [ -16.5341588, 28.4039901 ], [ -16.5340871, 28.4038976 ], [ -16.5338269, 28.4035017 ], [ -16.5337485, 28.403305 ], [ -16.5337376, 28.4032779 ], [ -16.5337281, 28.4032536 ], [ -16.5337249, 28.4032442 ], [ -16.5335742, 28.4028138 ], [ -16.5335239, 28.4026696 ], [ -16.5334973, 28.4025865 ], [ -16.5334952, 28.4025804 ], [ -16.5334492, 28.4024475 ], [ -16.5333873, 28.4022701 ], [ -16.5333803, 28.4022494 ], [ -16.5332731, 28.4019344 ], [ -16.5332013, 28.4016934 ], [ -16.5331507, 28.4015385 ], [ -16.5331206, 28.4014824 ], [ -16.5330727, 28.4014352 ], [ -16.5326443, 28.4011438 ], [ -16.5326126, 28.4011224 ], [ -16.5325692, 28.4010939 ], [ -16.5324598, 28.4010263 ], [ -16.5323412, 28.4009233 ], [ -16.5322846, 28.4008605 ], [ -16.5322617, 28.4008309 ], [ -16.5322515, 28.4008179 ], [ -16.5321819, 28.4007301 ], [ -16.5321796, 28.4007267 ], [ -16.532127, 28.400655 ], [ -16.5320485, 28.4005486 ], [ -16.5320391, 28.4005365 ], [ -16.5318476, 28.40029 ], [ -16.531734, 28.4001368 ], [ -16.531558, 28.3998724 ], [ -16.5315442, 28.3998487 ], [ -16.5314948, 28.3997604 ], [ -16.5314451, 28.3997073 ], [ -16.531328, 28.3996049 ], [ -16.5312591, 28.3995691 ], [ -16.5312207, 28.3995396 ], [ -16.5312044, 28.3995159 ], [ -16.5312015, 28.3994921 ], [ -16.5312205, 28.399462 ], [ -16.5312582, 28.3994437 ], [ -16.5312826, 28.3994375 ], [ -16.5312938, 28.399434 ], [ -16.5310695, 28.3993982 ], [ -16.5310856, 28.3994296 ], [ -16.5311162, 28.3994908 ], [ -16.5311579, 28.3995358 ], [ -16.5312425, 28.3995942 ], [ -16.5313099, 28.3996302 ], [ -16.5314118, 28.3997185 ], [ -16.5314668, 28.3997765 ], [ -16.531519, 28.3998701 ], [ -16.5315313, 28.3998884 ], [ -16.5317112, 28.4001603 ], [ -16.531794, 28.4002719 ], [ -16.5318186, 28.4003043 ], [ -16.5320215, 28.400566 ], [ -16.5320267, 28.4005732 ], [ -16.5320405, 28.4005915 ], [ -16.5320499, 28.4006048 ], [ -16.5320987, 28.4006715 ], [ -16.5321564, 28.4007495 ], [ -16.5321796, 28.4007773 ], [ -16.5322594, 28.4008735 ], [ -16.5323213, 28.4009383 ], [ -16.5323255, 28.4009427 ], [ -16.5323637, 28.4009765 ], [ -16.5324414, 28.4010452 ], [ -16.5324505, 28.4010519 ], [ -16.5327098, 28.4012253 ], [ -16.5330208, 28.4014374 ], [ -16.5330504, 28.4014576 ], [ -16.5330905, 28.4014978 ], [ -16.5331192, 28.4015488 ], [ -16.5331686, 28.4017 ], [ -16.5332429, 28.4019445 ], [ -16.5333434, 28.4022438 ], [ -16.5333634, 28.402302 ], [ -16.5334603, 28.4025808 ], [ -16.5334688, 28.4026054 ], [ -16.53349, 28.4026724 ], [ -16.5336927, 28.4032527 ], [ -16.5336972, 28.4032657 ], [ -16.5337023, 28.4032783 ], [ -16.5337963, 28.4035141 ], [ -16.5340588, 28.4039138 ], [ -16.5341366, 28.4040137 ], [ -16.5341819, 28.4040314 ] ] ] } },
{ "type": "Feature", "properties": { "fid_": 0, "bic_nombre": "ESPACIO CULTURAL EL TANQUE", "bic_catego": "MONUMENTO", "bic_entorn": 1, "municipio_": "SANTA CRUZ DE TENERIFE", "bic_descri": "Bien de Interés Cultural con categoría de Monumento del “Espacio Cultural de El Tanque”, en el municipio de Santa Cruz, declarado por Decreto 32/2014, de 30 de abril, del Gobierno de Canarias, publicado en el BOC nº 89 de 9 de mayo de 2014.", "boletin1_n": "BOC nº 89 de 9 de mayo de 2014", "boletin1_u": "http://www.gobiernodecanarias.org/boc/2014/089/003.html", "boletin2_n": null, "boletin2_u": null }, "geometry": { "type": "Polygon", "coordinates": [ [ [ -16.2561925, 28.4575384 ], [ -16.2562424, 28.4575309 ], [ -16.256291, 28.457513 ], [ -16.2563333, 28.457488 ], [ -16.2563712, 28.4574544 ], [ -16.2564004, 28.4574159 ], [ -16.2564197, 28.4573731 ], [ -16.256429, 28.4573272 ], [ -16.2564284, 28.4572803 ], [ -16.2564162, 28.4572335 ], [ -16.2563947, 28.4571916 ], [ -16.2563658, 28.4571559 ], [ -16.2563259, 28.4571246 ], [ -16.256283, 28.4571004 ], [ -16.2562316, 28.4570834 ], [ -16.2561784, 28.4570774 ], [ -16.2561278, 28.4570795 ], [ -16.2560791, 28.4570908 ], [ -16.25603, 28.4571115 ], [ -16.2559883, 28.4571397 ], [ -16.2559529, 28.4571761 ], [ -16.255928, 28.4572134 ], [ -16.2559113, 28.4572583 ], [ -16.255905, 28.4573053 ], [ -16.2559093, 28.4573506 ], [ -16.255924, 28.4573941 ], [ -16.2559473, 28.4574354 ], [ -16.2559786, 28.4574706 ], [ -16.2560228, 28.4575023 ], [ -16.2560688, 28.4575238 ], [ -16.2561202, 28.4575375 ], [ -16.2561709, 28.4575397 ], [ -16.2561925, 28.4575384 ] ] ] } },
{ "type": "Feature", "properties": { "fid_": 0, "bic_nombre": "IGLESIA DEL CONVENTO DE SANTO DOMINGO", "bic_catego": "MONUMENTO", "bic_entorn": 1, "municipio_": "GÜIMAR", "bic_descri": "Bien de Interés Cultural con categoría de Monumento de la “Iglesia del Convento de Santo Domingo”, en el municipio de Güímar, declarado por Decreto 157/2008, de 15 de julio, del Gobierno de Canarias, publicado en el BOC nº 151 de 29 de julio de", "boletin1_n": "BOC nº 151 de 29 de julio de 2008", "boletin1_u": "http://www.gobiernodecanarias.org/boc/2008/151/007.html", "boletin2_n": null, "boletin2_u": null }, "geometry": { "type": "Polygon", "coordinates": [ [ [ -16.4114573, 28.3144112 ], [ -16.4115295, 28.3141712 ], [ -16.4116025, 28.314189 ], [ -16.411625, 28.3141145 ], [ -16.4115531, 28.3140912 ], [ -16.4115839, 28.3139926 ], [ -16.4112867, 28.3139214 ], [ -16.4112949, 28.3138929 ], [ -16.4111996, 28.3138731 ], [ -16.4110586, 28.3143181 ], [ -16.4110673, 28.3143213 ], [ -16.4110426, 28.3144199 ], [ -16.4110686, 28.3144251 ], [ -16.4110982, 28.3143275 ], [ -16.4114573, 28.3144112 ] ] ] } },
{ "type": "Feature", "properties": { "fid_": 0, "bic_nombre": "AYUNTAMIENTO DE SANTA CRUZ", "bic_catego": "MONUMENTO", "bic_entorn": 1, "municipio_": "SANTA CRUZ DE TENERIFE", "bic_descri": "Bien de Interés Cultural con categoría de Monumento del “Ayuntamiento de Santa Cruz”, en el municipio homónimo, declarado por Decreto 30/1986, de 7 de febrero, del Gobierno de Canarias, publicado en el BOC nº 28 de 7 de marzo de 1986, y delimitac", "boletin1_n": "BOC nº 28 de 7 de marzo de 1986", "boletin1_u": "http://www.gobiernodecanarias.org/boc/1986/028/006.html", "boletin2_n": "BOC nº 112 de 6 de junio de 2008", "boletin2_u": "http://www.gobiernodecanarias.org/boc/2008/112/013.html" }, "geometry": { "type": "Polygon", "coordinates": [ [ [ -16.2543262, 28.4700159 ], [ -16.2544791, 28.470126 ], [ -16.2543434, 28.4702724 ], [ -16.2544078, 28.4703175 ], [ -16.2545493, 28.4701699 ], [ -16.254683, 28.4700328 ], [ -16.2548906, 28.470189 ], [ -16.2549433, 28.4701325 ], [ -16.2549503, 28.4701431 ], [ -16.2550063, 28.4700849 ], [ -16.2550045, 28.4700743 ], [ -16.2550393, 28.4700403 ], [ -16.2548321, 28.4698755 ], [ -16.2546119, 28.4697091 ], [ -16.2543262, 28.4700159 ] ] ] } },
{ "type": "Feature", "properties": { "fid_": 0, "bic_nombre": "LAS RAÍCES", "bic_catego": "CONJUNTO HISTÓRICO", "bic_entorn": 0, "municipio_": "ROSARIO (EL)", "bic_descri": "Bien de Interés Cultural con categoría de Conjunto Histórico de “Las Raíces”, en el municipio de El Rosario, declarado por Decreto 4395/1964, de 23 de diciembre, del Ministerio de Educación Nacional, publicado en el BOE nº 17 de 20 de enero de", "boletin1_n": "BOE nº 17 de 20 de enero de 1965", "boletin1_u": "http://www.boe.es/boe/dias/1965/01/20/pdfs/A01115-01115.pdf", "boletin2_n": null, "boletin2_u": null }, "geometry": { "type": "Polygon", "coordinates": [ [ [ -16.3801042, 28.4234355 ], [ -16.3801265, 28.4234235 ], [ -16.3801508, 28.4234097 ], [ -16.3801721, 28.4233933 ], [ -16.3801912, 28.4233759 ], [ -16.3802093, 28.4233559 ], [ -16.3802254, 28.4233323 ], [ -16.3802373, 28.4233105 ], [ -16.3802471, 28.4232788 ], [ -16.3802519, 28.423249 ], [ -16.3802545, 28.4232201 ], [ -16.380249, 28.4231885 ], [ -16.3802457, 28.4231696 ], [ -16.3802352, 28.4231426 ], [ -16.3802236, 28.4231202 ], [ -16.380207, 28.4230942 ], [ -16.3801935, 28.4230781 ], [ -16.3801739, 28.423062 ], [ -16.3801605, 28.4230504 ], [ -16.3801368, 28.4230344 ], [ -16.380109, 28.4230221 ], [ -16.3800906, 28.4230132 ], [ -16.3800609, 28.4230054 ], [ -16.3800302, 28.4230021 ], [ -16.3799903, 28.4229989 ], [ -16.3799465, 28.4230039 ], [ -16.37992, 28.4230095 ], [ -16.3798905, 28.4230198 ], [ -16.379853, 28.4230373 ], [ -16.3798237, 28.4230584 ], [ -16.3797964, 28.4230839 ], [ -16.3797753, 28.4231085 ], [ -16.3797584, 28.4231402 ], [ -16.3797456, 28.4231792 ], [ -16.3797399, 28.4232153 ], [ -16.3797413, 28.4232397 ], [ -16.3797446, 28.4232622 ], [ -16.3797502, 28.4232956 ], [ -16.3797607, 28.4233189 ], [ -16.3797753, 28.4233458 ], [ -16.3797909, 28.4233655 ], [ -16.3798116, 28.4233852 ], [ -16.379826, 28.4233977 ], [ -16.3798353, 28.4234039 ], [ -16.3798446, 28.4234101 ], [ -16.379859, 28.4234181 ], [ -16.3798847, 28.4234314 ], [ -16.3799185, 28.4234428 ], [ -16.3799503, 28.4234515 ], [ -16.3799922, 28.4234556 ], [ -16.3800299, 28.4234534 ], [ -16.3800605, 28.4234486 ], [ -16.3800818, 28.4234429 ], [ -16.3801042, 28.4234355 ] ] ] } },
{ "type": "Feature", "properties": { "fid_": 0, "bic_nombre": "ANTIGUO  MERCADO", "bic_catego": "MONUMENTO", "bic_entorn": 0, "municipio_": "SANTA CRUZ DE TENERIFE", "bic_descri": "Bien de Interés Cultural con categoría de Monumento del \"Antiguo Mercado\", en el municipio de Santa Cruz, declarado por Real Decreto 1464/1983, de 16 de marzo, publicado en el BOE Nº 134 de 6 de junio de 1983 y delimitación del entorno de protección", "boletin1_n": "BOE Nº 134 de 6 de junio de 1983", "boletin1_u": "http://www.boe.es/boe/dias/1983/06/06/pdfs/A15691-15691.pdf", "boletin2_n": "BOC nº 255 de 22 de diciembre de 2008", "boletin2_u": "http://www.gobiernodecanarias.org/boc/2008/255/010.html" }, "geometry": { "type": "Polygon", "coordinates": [ [ [ -16.2510469, 28.4653938 ], [ -16.2506382, 28.4652796 ], [ -16.2504981, 28.4656828 ], [ -16.250908, 28.4657971 ], [ -16.2510469, 28.4653938 ] ] ] } },
{ "type": "Feature", "properties": { "fid_": 0, "bic_nombre": "ESCUELA DE ARTES APLICADAS Y OFICIOS ARTISTICOS.", "bic_catego": "MONUMENTO", "bic_entorn": 1, "municipio_": "SANTA CRUZ DE TENERIFE", "bic_descri": "Bien de Interés Cultural con categoría de Monumento de la “Escuela de Artes Aplicadas y Oficios”, en el municipio homónimo, declarado por Decreto 30/1986, de 7 de febrero, del Gobierno de Canarias, publicado en el BOC nº 146 de 22 de julio de 200", "boletin1_n": "BOC nº 146 de 22 de julio de 2008", "boletin1_u": "http://www.gobiernodecanarias.org/boc/2008/146/001.html", "boletin2_n": null, "boletin2_u": null }, "geometry": { "type": "Polygon", "coordinates": [ [ [ -16.2530535, 28.4695283 ], [ -16.2525978, 28.4697597 ], [ -16.252631, 28.4698172 ], [ -16.2526188, 28.4698283 ], [ -16.2526606, 28.4698874 ], [ -16.2526749, 28.4698833 ], [ -16.2527445, 28.4700277 ], [ -16.2527748, 28.4700863 ], [ -16.2532456, 28.4697309 ], [ -16.2530535, 28.4695283 ] ] ] } },
{ "type": "Feature", "properties": { "fid_": 0, "bic_nombre": "IGLESIA DEL CARMEN, PLAZA DE SAN AGUSTÍN Y SU ENTORNO", "bic_catego": "MONUMENTO", "bic_entorn": 1, "municipio_": "REALEJOS (LOS)", "bic_descri": "Bien de Interés Cultural con categoría de Monumento de la “Iglesia del Carmen y Plaza de San Agustín”, en el municipio de Los Realejos, declarado por Decreto 90/2008, de 6 de mayo, del Gobierno de Canarias, publicado en el BOC nº 97 de 15 de mayo", "boletin1_n": "BOC nº 97 de 15 de mayo de 2008", "boletin1_u": "http://www.gobiernodecanarias.org/boc/2008/097/005.html", "boletin2_n": null, "boletin2_u": null }, "geometry": { "type": "Polygon", "coordinates": [ [ [ -16.5856792, 28.3883781 ], [ -16.5860899, 28.3883924 ], [ -16.5860901, 28.3883383 ], [ -16.5860823, 28.3881494 ], [ -16.5861011, 28.3881481 ], [ -16.5860981, 28.388103 ], [ -16.5860893, 28.3881027 ], [ -16.5860736, 28.3877746 ], [ -16.5860386, 28.387775 ], [ -16.5860379, 28.3877648 ], [ -16.5860339, 28.3877546 ], [ -16.5860278, 28.3877456 ], [ -16.5860196, 28.3877383 ], [ -16.5860096, 28.3877327 ], [ -16.5859987, 28.387729 ], [ -16.5859863, 28.3877277 ], [ -16.5859751, 28.3877287 ], [ -16.5859632, 28.3877322 ], [ -16.5859522, 28.3877383 ], [ -16.585943, 28.3877465 ], [ -16.5859376, 28.3877546 ], [ -16.5859338, 28.3877642 ], [ -16.5859344, 28.3877752 ], [ -16.5858989, 28.3877763 ], [ -16.5859174, 28.3881479 ], [ -16.5856983, 28.3881533 ], [ -16.5856846, 28.3881643 ], [ -16.5856495, 28.3881525 ], [ -16.5856388, 28.3881684 ], [ -16.5856255, 28.3882353 ], [ -16.5856419, 28.3882387 ], [ -16.5856354, 28.3883602 ], [ -16.5856525, 28.3883772 ], [ -16.5856792, 28.3883781 ] ] ] } },
{ "type": "Feature", "properties": { "fid_": 0, "bic_nombre": "PALACIO INSULAR", "bic_catego": "MONUMENTO", "bic_entorn": 1, "municipio_": "SANTA CRUZ DE TENERIFE", "bic_descri": "Bien de Interés Cultural con categoría de Monumento del \"Palacio Insular”, en el municipio de Santa Cruz, declarado por Decreto 195/2017, de 4 de agosto, del Gobierno de Canarias, publicado en el BOC nº 156 de 14 de agosto de 2017.", "boletin1_n": "BOC nº 156 de 14 de agosto de 2017", "boletin1_u": "http://www.gobiernodecanarias.org/boc/2017/156/010.html", "boletin2_n": null, "boletin2_u": null }, "geometry": { "type": "Polygon", "coordinates": [ [ [ -16.2472432, 28.4661551 ], [ -16.2474585, 28.4657476 ], [ -16.2471352, 28.4656169 ], [ -16.2469245, 28.4660212 ], [ -16.2470097, 28.4660565 ], [ -16.2469937, 28.4660952 ], [ -16.2471617, 28.466166 ], [ -16.2471819, 28.4661295 ], [ -16.2472432, 28.4661551 ] ] ] } },
{ "type": "Feature", "properties": { "fid_": 0, "bic_nombre": "LA FINANCIERA", "bic_catego": "MONUMENTO", "bic_entorn": 1, "municipio_": "SANTA CRUZ DE TENERIFE", "bic_descri": "Bien de Interés Cultural con categoría de Monumento de “La Financiera”, en el municipio de Santa Cruz, declarado por Decreto 194/2008, de 16 de septiembre, del Gobierno de Canarias, publicado en el BOC nº 193 de 25 de septiembre de 2008.", "boletin1_n": "BOC nº 193 de 25 de septiembre de 2008", "boletin1_u": "http://www.gobiernodecanarias.org/boc/2008/193/007.html", "boletin2_n": null, "boletin2_u": null }, "geometry": { "type": "Polygon", "coordinates": [ [ [ -16.2600341, 28.458062 ], [ -16.2600369, 28.4580637 ], [ -16.2600409, 28.4580662 ], [ -16.2600463, 28.4580682 ], [ -16.2600509, 28.4580692 ], [ -16.2600557, 28.4580686 ], [ -16.2600616, 28.458066 ], [ -16.2600649, 28.458063 ], [ -16.2600671, 28.4580574 ], [ -16.2600676, 28.4580527 ], [ -16.2600647, 28.4580447 ], [ -16.2599339, 28.4576018 ], [ -16.2597831, 28.457634 ], [ -16.2597513, 28.4575242 ], [ -16.2596085, 28.4575604 ], [ -16.2597788, 28.4581299 ], [ -16.2600271, 28.458069 ], [ -16.2600268, 28.4580638 ], [ -16.2600341, 28.458062 ] ] ] } },
{ "type": "Feature", "properties": { "fid_": 0, "bic_nombre": "ACUEDUCTO DE LOS MOLINOS", "bic_catego": "SITIO ETNOLÓGICO", "bic_entorn": 1, "municipio_": "OROTAVA (LA)", "bic_descri": "Bien de Interés Cultural con categoría de Sitio Etnológico del “Acueducto de los Molinos”, en el municipio de La Orotava, declarado por Decreto 92/2006, de 4 de julio, del Gobierno de Canarias, publicado en el BOC nº 135 de 13 de julio de 2006.", "boletin1_n": "BOC nº 135 de 13 de julio de 2006", "boletin1_u": "http://www.gobiernodecanarias.org/boc/2006/135/007.html", "boletin2_n": null, "boletin2_u": null }, "geometry": { "type": "MultiPolygon", "coordinates": [ [ [ [ -16.5219573, 28.3844468 ], [ -16.5221033, 28.3844662 ], [ -16.5221199, 28.3844684 ], [ -16.522138, 28.3844844 ], [ -16.5222124, 28.3845766 ], [ -16.5222707, 28.3845453 ], [ -16.5222916, 28.3845154 ], [ -16.5223067, 28.3844951 ], [ -16.5223228, 28.3844503 ], [ -16.5223211, 28.3844493 ], [ -16.5223397, 28.3844019 ], [ -16.5222615, 28.3843712 ], [ -16.5221267, 28.3843318 ], [ -16.5220457, 28.3843804 ], [ -16.5219579, 28.3844293 ], [ -16.5219571, 28.3844326 ], [ -16.5219573, 28.3844468 ] ] ], [ [ [ -16.5228901, 28.3848428 ], [ -16.5229957, 28.3847383 ], [ -16.5229673, 28.384677 ], [ -16.5229641, 28.3846799 ], [ -16.5229494, 28.3846506 ], [ -16.5229299, 28.3846246 ], [ -16.5228708, 28.3845748 ], [ -16.5227229, 28.3847257 ], [ -16.5227459, 28.3847462 ], [ -16.5227398, 28.3847533 ], [ -16.5226156, 28.384681 ], [ -16.5225803, 28.384661 ], [ -16.5225746, 28.384667 ], [ -16.5227424, 28.3847655 ], [ -16.5227536, 28.384755 ], [ -16.5227869, 28.3847259 ], [ -16.522822, 28.3847531 ], [ -16.5228183, 28.3847565 ], [ -16.5228267, 28.3847649 ], [ -16.5228308, 28.3847608 ], [ -16.5228579, 28.3847856 ], [ -16.5228381, 28.3848055 ], [ -16.5228901, 28.3848428 ] ] ], [ [ [ -16.524845, 28.3858361 ], [ -16.5249669, 28.3857446 ], [ -16.5248542, 28.3856312 ], [ -16.5247239, 28.3857385 ], [ -16.5247987, 28.3857874 ], [ -16.524845, 28.3858361 ] ] ], [ [ [ -16.5252219, 28.3861795 ], [ -16.5253219, 28.3861244 ], [ -16.525283, 28.3860828 ], [ -16.5252483, 28.3860424 ], [ -16.5251757, 28.3859717 ], [ -16.5251299, 28.3859973 ], [ -16.5251713, 28.3860615 ], [ -16.5251607, 28.3860679 ], [ -16.5251977, 28.3861233 ], [ -16.5251893, 28.3861291 ], [ -16.5252219, 28.3861795 ] ] ], [ [ [ -16.5255489, 28.3865948 ], [ -16.525627, 28.3865676 ], [ -16.5256347, 28.3865662 ], [ -16.5256052, 28.3865069 ], [ -16.5254625, 28.3863214 ], [ -16.5253592, 28.3861829 ], [ -16.5253473, 28.3861892 ], [ -16.5255302, 28.3864344 ], [ -16.5255346, 28.3864326 ], [ -16.5255524, 28.3864579 ], [ -16.5255466, 28.3864707 ], [ -16.5255761, 28.38652 ], [ -16.5255253, 28.3865432 ], [ -16.5255489, 28.3865948 ] ] ], [ [ [ -16.5241435, 28.3849764 ], [ -16.5241608, 28.3848883 ], [ -16.5240938, 28.3848524 ], [ -16.5240854, 28.3849176 ], [ -16.5240432, 28.3849149 ], [ -16.5240347, 28.38497 ], [ -16.5240741, 28.3849753 ], [ -16.5241435, 28.3849764 ] ] ], [ [ [ -16.5216394, 28.3844625 ], [ -16.521739, 28.3843674 ], [ -16.5217125, 28.3843416 ], [ -16.5216919, 28.3843355 ], [ -16.5216356, 28.3843849 ], [ -16.5216342, 28.3843832 ], [ -16.5216302, 28.3843868 ], [ -16.5216066, 28.3843685 ], [ -16.5216031, 28.3843719 ], [ -16.5215424, 28.3843376 ], [ -16.5215357, 28.3843454 ], [ -16.5215937, 28.3843795 ], [ -16.5215905, 28.3843831 ], [ -16.521614, 28.3844024 ], [ -16.5215912, 28.3844257 ], [ -16.5216394, 28.3844625 ] ] ], [ [ [ -16.5262045, 28.3889131 ], [ -16.5262166, 28.3889574 ], [ -16.526267, 28.3889485 ], [ -16.5262592, 28.3889129 ], [ -16.5262045, 28.3889131 ] ] ], [ [ [ -16.5254271, 28.3875234 ], [ -16.5254666, 28.3875013 ], [ -16.5254447, 28.387469 ], [ -16.5254062, 28.3874893 ], [ -16.5254271, 28.3875234 ] ] ] ] } },
{ "type": "Feature", "properties": { "fid_": 0, "bic_nombre": "HOSPITAL  E IGLESIA DE NUESTRA SEÑORA DE LOS  DOLORES", "bic_catego": "MONUMENTO", "bic_entorn": 1, "municipio_": "LAGUNA (LA)", "bic_descri": "Bien de Interés Cultural con categoría de Monumento del “Hospital e Iglesia de Nuestra Señora de los Dolores”, en el municipio de San Cristóbal de La Laguna, declarado por Decreto 135/2008, de 17 de junio, del Gobierno de Canarias, publicado en e", "boletin1_n": "BOC nº 127 de 26 de junio de 2008", "boletin1_u": "http://www.gobiernodecanarias.org/boc/2008/127/008.html", "boletin2_n": null, "boletin2_u": null }, "geometry": { "type": "Polygon", "coordinates": [ [ [ -16.3163619, 28.4903843 ], [ -16.3164546, 28.4904005 ], [ -16.3165283, 28.4904168 ], [ -16.3165108, 28.4905048 ], [ -16.3167642, 28.4905187 ], [ -16.3167714, 28.4905184 ], [ -16.3167869, 28.4904637 ], [ -16.3167399, 28.4904603 ], [ -16.3167416, 28.4904558 ], [ -16.3166873, 28.4904539 ], [ -16.3166837, 28.4904513 ], [ -16.3167783, 28.4902002 ], [ -16.3168162, 28.4901265 ], [ -16.3166596, 28.4900779 ], [ -16.3164618, 28.4900068 ], [ -16.3164287, 28.4900761 ], [ -16.3163619, 28.4903843 ] ] ] } },
{ "type": "Feature", "properties": { "fid_": 0, "bic_nombre": "CASA DE LOS CAPITANES GENERALES", "bic_catego": "MONUMENTO", "bic_entorn": 1, "municipio_": "LAGUNA (LA)", "bic_descri": "Bien de Interés Cultural con categoría de Monumento de la “Casa de los Capitanes Generales”, en el municipio de San Cristóbal de La Laguna, declarado por Orden de 11 de noviembre de 1981 del Ministerio de Cultura, publicado en el BOE nº 290 de 4", "boletin1_n": "BOE nº 290 de 4 de diciembre de 1981", "boletin1_u": "http://www.boe.es/boe/dias/1981/12/04/pdfs/A28535-28536.pdf", "boletin2_n": null, "boletin2_u": null }, "geometry": { "type": "Polygon", "coordinates": [ [ [ -16.3149301, 28.4876354 ], [ -16.3150572, 28.4873035 ], [ -16.3151219, 28.4871389 ], [ -16.3149383, 28.4870817 ], [ -16.3148886, 28.4870648 ], [ -16.3148671, 28.4870995 ], [ -16.3146342, 28.4874773 ], [ -16.3149301, 28.4876354 ] ] ] } },
{ "type": "Feature", "properties": { "fid_": 0, "bic_nombre": "IGLESIA PARROQUIAL DE SAN FRANCISCO", "bic_catego": "MONUMENTO", "bic_entorn": 1, "municipio_": "SANTA CRUZ DE TENERIFE", "bic_descri": "Bien de Interés Cultural con categoría de Monumento de la “Iglesia Parroquial de San Francisco”, en el municipio de Santa Cruz, declarado por Decreto 30/1986, de 7 de febrero, del Gobierno de Canarias, publicado en el BOC nº 28 de 7 de marzo de 19", "boletin1_n": "BOC nº 28 de 7 de marzo de 1986", "boletin1_u": "http://www.gobiernodecanarias.org/boc/1986/028/006.html", "boletin2_n": "BOC nº 2 de 5 de enero de 2009", "boletin2_u": "http://www.gobiernodecanarias.org/boc/2009/002/005.html" }, "geometry": { "type": "Polygon", "coordinates": [ [ [ -16.24996, 28.4679386 ], [ -16.2499291, 28.4679053 ], [ -16.2496496, 28.4678755 ], [ -16.2496499, 28.4678698 ], [ -16.2492565, 28.467818 ], [ -16.249222, 28.4680446 ], [ -16.2497123, 28.4680741 ], [ -16.24993, 28.4680995 ], [ -16.2499582, 28.4679481 ], [ -16.24996, 28.4679386 ] ] ] } },
{ "type": "Feature", "properties": { "fid_": 0, "bic_nombre": "IGLESIA DE SANTA ANA", "bic_catego": "MONUMENTO", "bic_entorn": 1, "municipio_": "GARACHICO", "bic_descri": "Bien de Interés Cultural con categoría de Monumento de la “Iglesia de Santa Ana”, en el municipio de Garachico, declarado por Decreto 30/2015 de 19 de marzo, del Gobierno de Canarias, publicado en el BOC nº 60 de 27 de marzo de 2015.", "boletin1_n": "BOC nº 60 de 27 de marzo de 2015", "boletin1_u": "http://www.gobiernodecanarias.org/boc/2015/060/index.html", "boletin2_n": null, "boletin2_u": null }, "geometry": { "type": "Polygon", "coordinates": [ [ [ -16.7652799, 28.3727705 ], [ -16.7651713, 28.3725803 ], [ -16.7649818, 28.3726658 ], [ -16.7649788, 28.3726597 ], [ -16.7649689, 28.3726396 ], [ -16.7649064, 28.3726669 ], [ -16.7649179, 28.3726838 ], [ -16.7648147, 28.3727296 ], [ -16.7648187, 28.3727346 ], [ -16.7647549, 28.3727721 ], [ -16.7647576, 28.3727753 ], [ -16.7647206, 28.3727986 ], [ -16.7647471, 28.372845 ], [ -16.7647388, 28.372849 ], [ -16.764786, 28.3729287 ], [ -16.7647876, 28.3729279 ], [ -16.7648287, 28.3730031 ], [ -16.7648317, 28.3730017 ], [ -16.7648586, 28.3730549 ], [ -16.7650742, 28.3729562 ], [ -16.765067, 28.3729439 ], [ -16.7651422, 28.3729096 ], [ -16.7651368, 28.3728994 ], [ -16.7651978, 28.3728734 ], [ -16.7651667, 28.3728221 ], [ -16.7652799, 28.3727705 ] ] ] } },
{ "type": "Feature", "properties": { "fid_": 0, "bic_nombre": "PARLAMENTO DE CANARIAS", "bic_catego": "MONUMENTO", "bic_entorn": 1, "municipio_": "SANTA CRUZ DE TENERIFE", "bic_descri": "Bien de Interés Cultural con categoría de Monumento del \"Parlamento de Canarias”, en el municipio de Santa Cruz, declarado por Decreto 50/1992, de 23 de abril, del Gobierno de Canarias, publicado en el BOC nº 54 de 29 de abril de 1992, y delimitaci", "boletin1_n": "BOC nº 54 de 29 de abril de 1992", "boletin1_u": "http://www.gobiernodecanarias.org/boc/1992/054/004.html", "boletin2_n": "BOC nº 255 de 22 de diciembre de 2008.", "boletin2_u": "http://www.gobiernodecanarias.org/boc/2008/255/009.html" }, "geometry": { "type": "Polygon", "coordinates": [ [ [ -16.2522796, 28.4677937 ], [ -16.2523616, 28.4675526 ], [ -16.2523081, 28.4675452 ], [ -16.2523017, 28.4675695 ], [ -16.2521651, 28.4675443 ], [ -16.2519068, 28.4674967 ], [ -16.2519121, 28.4674769 ], [ -16.2517837, 28.4674597 ], [ -16.2517294, 28.4676795 ], [ -16.2522287, 28.4677825 ], [ -16.2522796, 28.4677937 ] ] ] } },
{ "type": "Feature", "properties": { "fid_": 0, "bic_nombre": "POZOS  DE  NIEVE DE IZAÑA", "bic_catego": "SITIO ETNOLÓGICO", "bic_entorn": 1, "municipio_": "OROTAVA (LA)", "bic_descri": "Bien de Interés Cultural con categoría de Sitio Etnológico de los “Pozos de nieve de Izaña”, en el municipio de La Orotava, declarado por Decreto 25/2009, de 3 de marzo, del Gobierno de Canarias, publicado en el BOC nº 47 de 10 de marzo de 2009.", "boletin1_n": "BOC nº 47 de 10 de marzo de 2009", "boletin1_u": "http://www.gobiernodecanarias.org/boc/2009/047/005.html", "boletin2_n": null, "boletin2_u": null }, "geometry": { "type": "MultiPolygon", "coordinates": [ [ [ [ -16.4942045, 28.3140146 ], [ -16.4942322, 28.3140009 ], [ -16.4942526, 28.3139867 ], [ -16.4942746, 28.3139652 ], [ -16.4942942, 28.3139286 ], [ -16.4943, 28.3138672 ], [ -16.4942897, 28.313835 ], [ -16.4942763, 28.3138074 ], [ -16.4942399, 28.3137725 ], [ -16.4941868, 28.3137474 ], [ -16.4941353, 28.3137452 ], [ -16.4940882, 28.3137529 ], [ -16.4940501, 28.3137706 ], [ -16.49402, 28.3137928 ], [ -16.4939958, 28.3138366 ], [ -16.4939858, 28.3138848 ], [ -16.4939926, 28.3139257 ], [ -16.4940126, 28.3139672 ], [ -16.4940488, 28.3139976 ], [ -16.4940838, 28.3140154 ], [ -16.4941366, 28.3140249 ], [ -16.494173, 28.3140231 ], [ -16.4941838, 28.3140203 ], [ -16.4942045, 28.3140146 ] ] ], [ [ [ -16.5020021, 28.3117342 ], [ -16.5020152, 28.3117323 ], [ -16.5020329, 28.3117267 ], [ -16.5020543, 28.3117162 ], [ -16.5020665, 28.3117034 ], [ -16.5020798, 28.3116855 ], [ -16.5020894, 28.3116564 ], [ -16.5020878, 28.3116264 ], [ -16.5020782, 28.3116029 ], [ -16.5020598, 28.3115803 ], [ -16.5020337, 28.3115638 ], [ -16.502005, 28.3115553 ], [ -16.5019626, 28.3115564 ], [ -16.5019327, 28.3115683 ], [ -16.5019067, 28.3115877 ], [ -16.5018901, 28.3116142 ], [ -16.5018841, 28.3116494 ], [ -16.5018938, 28.3116848 ], [ -16.5019209, 28.3117153 ], [ -16.501943, 28.3117266 ], [ -16.5019662, 28.3117332 ], [ -16.5019879, 28.3117354 ], [ -16.5019952, 28.3117349 ], [ -16.5020021, 28.3117342 ] ] ], [ [ [ -16.5017514, 28.3107053 ], [ -16.5017155, 28.3107158 ], [ -16.5016922, 28.3107317 ], [ -16.5016734, 28.3107534 ], [ -16.5016631, 28.3107802 ], [ -16.5016628, 28.3108104 ], [ -16.501669, 28.3108289 ], [ -16.5016833, 28.3108515 ], [ -16.5017111, 28.3108737 ], [ -16.5017355, 28.3108828 ], [ -16.5017705, 28.3108863 ], [ -16.5018079, 28.3108784 ], [ -16.501837, 28.3108596 ], [ -16.5018551, 28.3108382 ], [ -16.501864, 28.3108189 ], [ -16.5018673, 28.3107926 ], [ -16.5018622, 28.3107656 ], [ -16.5018475, 28.310742 ], [ -16.5018222, 28.3107192 ], [ -16.5017944, 28.3107067 ], [ -16.5017514, 28.3107053 ] ] ] ] } },
{ "type": "Feature", "properties": { "fid_": 0, "bic_nombre": "CASINO DE SANTA CRUZ DE TENERIFE", "bic_catego": "MONUMENTO", "bic_entorn": 0, "municipio_": "SANTA CRUZ DE TENERIFE", "bic_descri": "Bien de Interés Cultural con categoría de Monumento del “Casino de Santa Cruz”, en el municipio homónimo, declarado por Decreto 59/2006, de 16 de mayo, del Gobierno de Canarias, publicado en el BOC nº 102 de 26 de mayo de 2006.", "boletin1_n": "BOC nº 102 de 26 de mayo de 2006", "boletin1_u": "http://www.gobiernodecanarias.org/boc/2006/102/015.html", "boletin2_n": null, "boletin2_u": null }, "geometry": { "type": "Polygon", "coordinates": [ [ [ -16.248382, 28.4670213 ], [ -16.2480607, 28.46699 ], [ -16.2479685, 28.466981 ], [ -16.2479669, 28.4670612 ], [ -16.2479631, 28.467238 ], [ -16.2479694, 28.4672389 ], [ -16.2479701, 28.4672883 ], [ -16.2480025, 28.4673178 ], [ -16.2483115, 28.4673357 ], [ -16.248341, 28.4673162 ], [ -16.2483471, 28.4672724 ], [ -16.2483418, 28.4672723 ], [ -16.2483644, 28.4670899 ], [ -16.2483728, 28.4670903 ], [ -16.248382, 28.4670213 ] ] ] } },
{ "type": "Feature", "properties": { "fid_": 0, "bic_nombre": "IGLESIA  DE NTRA. SRA. DE LA PEÑA DE FRANCIA", "bic_catego": "MONUMENTO", "bic_entorn": 1, "municipio_": "PUERTO DE LA CRUZ", "bic_descri": "Bien de Interés Cultural con categoría de Monumento de la “Iglesia de Nuestra Señora de la Peña de Francia”, en el municipio del Puerto de la Cruz, declarado por Decreto 85/2003, de 12 de mayo, del Gobierno de Canarias, publicado en el BOC nº 10", "boletin1_n": "BOC nº 109 de 10 de junio de 2003", "boletin1_u": "http://www.gobiernodecanarias.org/boc/2003/109/009.html", "boletin2_n": null, "boletin2_u": null }, "geometry": { "type": "Polygon", "coordinates": [ [ [ -16.5484931, 28.416999 ], [ -16.5484697, 28.4169343 ], [ -16.5485369, 28.4169182 ], [ -16.5485175, 28.4168462 ], [ -16.5484442, 28.4168615 ], [ -16.548429, 28.4167976 ], [ -16.5484127, 28.4167996 ], [ -16.5484028, 28.4167555 ], [ -16.5483438, 28.416767 ], [ -16.5483526, 28.4168093 ], [ -16.5482244, 28.4168387 ], [ -16.5482095, 28.4168001 ], [ -16.5479623, 28.4168579 ], [ -16.5479635, 28.4168715 ], [ -16.548015, 28.4170414 ], [ -16.5480405, 28.4170393 ], [ -16.5480622, 28.4171275 ], [ -16.5482994, 28.417086 ], [ -16.5482926, 28.4170356 ], [ -16.5484931, 28.416999 ] ] ] } },
{ "type": "Feature", "properties": { "fid_": 0, "bic_nombre": "IGLESIA DE NUESTRA SEÑORA DE LA CONCEPCIÓN", "bic_catego": "MONUMENTO", "bic_entorn": 1, "municipio_": "OROTAVA (LA)", "bic_descri": "Bien de Interés Cultural con categoría de Monumento de la “Iglesia de la Concepción”, en el municipio de La Orotava, declarado por Decreto del Ministerio de Educación Nacional de 18 de junio de 1948, publicado en el BOE nº 181 de 29 de junio de", "boletin1_n": "BOE nº 181 de 29 de junio de 1948", "boletin1_u": "https://www.boe.es/gazeta/dias/1948/06/29/pdfs/BOE-1948-181.pdf", "boletin2_n": "BOC nº 51 de 16 de marzo de 2015", "boletin2_u": "https://www.gobiernodecanarias.org/boc/2015/051/003.html" }, "geometry": { "type": "Polygon", "coordinates": [ [ [ -16.5256743, 28.3900411 ], [ -16.5258679, 28.3899641 ], [ -16.5258608, 28.3898754 ], [ -16.5258256, 28.3897938 ], [ -16.5257896, 28.3897201 ], [ -16.5253997, 28.3898823 ], [ -16.5253988, 28.3898807 ], [ -16.5253825, 28.389875 ], [ -16.5253666, 28.3898812 ], [ -16.5253599, 28.3898958 ], [ -16.525367, 28.3899099 ], [ -16.5253526, 28.3899172 ], [ -16.5253462, 28.3899768 ], [ -16.5253543, 28.3899822 ], [ -16.5253595, 28.3899961 ], [ -16.5253525, 28.3900011 ], [ -16.5253876, 28.390071 ], [ -16.5254131, 28.3900887 ], [ -16.5254499, 28.3901135 ], [ -16.5254703, 28.3901037 ], [ -16.5254772, 28.390118 ], [ -16.5254936, 28.3901237 ], [ -16.5255096, 28.3901175 ], [ -16.525516, 28.390103 ], [ -16.5255075, 28.3900848 ], [ -16.5256655, 28.3900212 ], [ -16.5256743, 28.3900411 ] ] ] } },
{ "type": "Feature", "properties": { "fid_": 0, "bic_nombre": "IGLESIA DE SAN MARCOS", "bic_catego": "MONUMENTO", "bic_entorn": 1, "municipio_": "ICOD DE LOS VINOS", "bic_descri": "Bien de Interés Cultural con categoría de Monumento de la “Iglesia de San Marcos”, en el municipio de Icod de los Vinos, declarado por Decreto 60/2006, de 16 de mayo, del Gobierno de Canarias, publicado en el BOC nº 102 de 26 de mayo de 2006.", "boletin1_n": "BOC nº 102 de 26 de mayo de 2006", "boletin1_u": "http://www.gobiernodecanarias.org/boc/2006/102/016.html", "boletin2_n": null, "boletin2_u": null }, "geometry": { "type": "Polygon", "coordinates": [ [ [ -16.7217503, 28.3673147 ], [ -16.7217519, 28.3673143 ], [ -16.7217791, 28.3672638 ], [ -16.7217717, 28.3671353 ], [ -16.7217852, 28.3671347 ], [ -16.7217576, 28.3670403 ], [ -16.7216471, 28.3670544 ], [ -16.7216466, 28.3670518 ], [ -16.7214338, 28.3670611 ], [ -16.7214329, 28.3670426 ], [ -16.7213016, 28.3670472 ], [ -16.7213165, 28.3672342 ], [ -16.7213426, 28.367233 ], [ -16.7213469, 28.3673049 ], [ -16.7214247, 28.3673015 ], [ -16.7214263, 28.3673286 ], [ -16.7216727, 28.3673176 ], [ -16.7216733, 28.3673225 ], [ -16.7217503, 28.3673147 ] ] ] } },
{ "type": "Feature", "properties": { "fid_": 0, "bic_nombre": "CUEVA DE BENCOMO", "bic_catego": "MONUMENTO", "bic_entorn": 0, "municipio_": "SANTA URSULA", "bic_descri": "Bien de Interés Cultural con categoría de Monumento de la “Cueva de Bencomo”, en el municipio de Santa Úrsula, declarado por Decreto 49/1986, de 14 de marzo, del Gobierno de Canarias, publicado en el BOC nº 38 de 2 de abril de 1986.", "boletin1_n": "BOC nº 38 de 2 de abril de 1986", "boletin1_u": "http://www.gobiernodecanarias.org/boc/1986/038/005.html", "boletin2_n": null, "boletin2_u": null }, "geometry": { "type": "Polygon", "coordinates": [ [ [ -16.5058905, 28.4074363 ], [ -16.5059346, 28.4074522 ], [ -16.5059948, 28.4074576 ], [ -16.5060523, 28.4074458 ], [ -16.5060971, 28.4074259 ], [ -16.5061428, 28.4073927 ], [ -16.5061722, 28.4073515 ], [ -16.5061866, 28.4073065 ], [ -16.5061893, 28.4072513 ], [ -16.5061676, 28.4071892 ], [ -16.5061336, 28.4071498 ], [ -16.5060893, 28.4071186 ], [ -16.506037, 28.4070998 ], [ -16.5059804, 28.4070923 ], [ -16.5059193, 28.4071032 ], [ -16.5058803, 28.407121 ], [ -16.5058414, 28.4071449 ], [ -16.5058266, 28.4071614 ], [ -16.5058084, 28.407182 ], [ -16.5057938, 28.4072107 ], [ -16.5057804, 28.4072456 ], [ -16.5057821, 28.4072813 ], [ -16.5057862, 28.4073242 ], [ -16.505804, 28.4073577 ], [ -16.5058287, 28.4073931 ], [ -16.5058556, 28.4074143 ], [ -16.5058905, 28.4074363 ] ] ] } },
{ "type": "Feature", "properties": { "fid_": 0, "bic_nombre": "IGLESIA DE SANTO DOMINGO", "bic_catego": "MONUMENTO", "bic_entorn": 0, "municipio_": "LAGUNA (LA)", "bic_descri": "Bien de Interés Cultural con categoría de Monumento de la “Iglesia de Santo Domingo”, en el municipio de San Cristóbal de La Laguna, declarado por Decreto 602/1985, de 20 de diciembre, del Gobierno de Canarias, publicado en el BOC nº13 de 31 de e", "boletin1_n": "BOC nº13 de 31 de enero de 1986", "boletin1_u": "http://www.gobiernodecanarias.org/boc/1986/013/005.html", "boletin2_n": null, "boletin2_u": null }, "geometry": { "type": "Polygon", "coordinates": [ [ [ -16.3133667, 28.486053 ], [ -16.3133534, 28.4858888 ], [ -16.3133498, 28.4858473 ], [ -16.3130639, 28.4858528 ], [ -16.3130626, 28.4858294 ], [ -16.3129492, 28.4858341 ], [ -16.3129468, 28.4858873 ], [ -16.3127978, 28.4858969 ], [ -16.3128082, 28.4860737 ], [ -16.3133667, 28.486053 ] ] ] } },
{ "type": "Feature", "properties": { "fid_": 0, "bic_nombre": "IGLESIA Y ANTIGUO CONVENTO  FRANCISCANO", "bic_catego": "MONUMENTO", "bic_entorn": 1, "municipio_": "GRANADILLA DE ABONA", "bic_descri": "Bien de Interés Cultural con categoría de Monumento de la “Iglesia y Antiguo Convento Franciscano”, en el municipio de Granadilla, declarado por Decreto 602/1985, de 20 de diciembre, del Gobierno de Canarias, publicado en el BOC nº 13 de 31 de ene", "boletin1_n": "BOC nº 13 de 31 de enero de 1986", "boletin1_u": "http://www.gobiernodecanarias.org/boc/1986/013/005.html", "boletin2_n": "BOC nº 123 de 28 de junio de 2013", "boletin2_u": "http://www.gobiernodecanarias.org/boc/2013/123/002.html" }, "geometry": { "type": "Polygon", "coordinates": [ [ [ -16.5774946, 28.1226231 ], [ -16.577525, 28.122352 ], [ -16.5775288, 28.1223214 ], [ -16.5774663, 28.1223139 ], [ -16.5774654, 28.1223226 ], [ -16.5774643, 28.1223332 ], [ -16.5774426, 28.1223308 ], [ -16.5774416, 28.1223479 ], [ -16.5772961, 28.1223359 ], [ -16.5773079, 28.1222227 ], [ -16.5771061, 28.1222082 ], [ -16.5771013, 28.1222663 ], [ -16.5771936, 28.1222715 ], [ -16.5771877, 28.1223256 ], [ -16.5771759, 28.1224133 ], [ -16.5771593, 28.1225828 ], [ -16.5771581, 28.122591 ], [ -16.5772676, 28.1225993 ], [ -16.5774269, 28.1226157 ], [ -16.5774946, 28.1226231 ] ] ] } },
{ "type": "Feature", "properties": { "fid_": 0, "bic_nombre": "CASA DE LUIS LAVAGGI", "bic_catego": "MONUMENTO", "bic_entorn": 1, "municipio_": "PUERTO DE LA CRUZ", "bic_descri": "Bien de Interés Cultural con categoría de Monumento de la “Casa de Luis Lavaggi”, en el municipio del Puerto de la Cruz, declarado por Decreto 78/2015, de 7 de mayo, del Gobierno de Canarias, publicado en el BOC nº 93 de 18 de mayo de 2015.", "boletin1_n": "BOC nº 93 de 18 de mayo de 2015", "boletin1_u": "http://www.gobiernodecanarias.org/boc/2015/093/index.html", "boletin2_n": null, "boletin2_u": null }, "geometry": { "type": "Polygon", "coordinates": [ [ [ -16.5502336, 28.4149755 ], [ -16.5502243, 28.4147651 ], [ -16.5496956, 28.4147934 ], [ -16.5497027, 28.4149211 ], [ -16.54971, 28.4150029 ], [ -16.5497392, 28.4150022 ], [ -16.5499109, 28.4149919 ], [ -16.5500687, 28.4149836 ], [ -16.5502336, 28.4149755 ] ] ] } },
{ "type": "Feature", "properties": { "fid_": 0, "bic_nombre": "ANTIGUO CONVENTO  DE SAN SEBASTIÁN DE LAS MONJAS DE LA ORDEN DE SAN BERNARDO", "bic_catego": "MONUMENTO", "bic_entorn": 1, "municipio_": "SILOS (LOS)", "bic_descri": "Bien de Interés Cultural con categoría de Monumento del “Antiguo Convento de San Sebastián de Las Monjas de la Orden de San Bernardo”, en el municipio de Los Silos, declarado por Decreto 30/1986, de 7 de febrero, del Gobierno de Canarias, publicad", "boletin1_n": "BOC nº 28 de 7 de marzo de 1986", "boletin1_u": "http://www.gobiernodecanarias.org/boc/1986/028/006.html", "boletin2_n": "BOC nº 234 de 5 de diciembre de 2017", "boletin2_u": "http://www.gobiernodecanarias.org/boc/2017/234/018.html" }, "geometry": { "type": "Polygon", "coordinates": [ [ [ -16.8170993, 28.3651013 ], [ -16.8170772, 28.3653061 ], [ -16.8173275, 28.3653558 ], [ -16.8173706, 28.365362 ], [ -16.8175095, 28.3653871 ], [ -16.8175139, 28.3653874 ], [ -16.8175157, 28.3653742 ], [ -16.8175177, 28.3653591 ], [ -16.8175196, 28.3653384 ], [ -16.8175205, 28.3653286 ], [ -16.8175202, 28.3653029 ], [ -16.817517, 28.3653025 ], [ -16.8174298, 28.3652848 ], [ -16.8174438, 28.3651955 ], [ -16.8174258, 28.3651939 ], [ -16.8174442, 28.3650792 ], [ -16.8173869, 28.3650701 ], [ -16.8171698, 28.3650279 ], [ -16.8171696, 28.3650261 ], [ -16.8170977, 28.3650386 ], [ -16.8171012, 28.3651002 ], [ -16.8170993, 28.3651013 ] ] ] } },
{ "type": "Feature", "properties": { "fid_": 0, "bic_nombre": "IGLESIA DE NUESTRA SEÑORA DE LA CONCEPCIÓN", "bic_catego": "MONUMENTO", "bic_entorn": 1, "municipio_": "REALEJOS (LOS)", "bic_descri": "Bien de Interés Cultural con categoría de Monumento de la “Iglesia de Nuestra Señora de la Concepción”, en el municipio de Los Realejos, declarado por Decreto 264/2003 de 30 de septiembre, del Gobierno de Canarias, publicado en el BOC nº 199 de", "boletin1_n": "BOC nº 199 de 13 de octubre de 2013", "boletin1_u": "http://www.gobiernodecanarias.org/boc/2003/199/002.html", "boletin2_n": null, "boletin2_u": null }, "geometry": { "type": "Polygon", "coordinates": [ [ [ -16.5884366, 28.3857208 ], [ -16.5883523, 28.3855003 ], [ -16.5882859, 28.3855201 ], [ -16.5882897, 28.3855301 ], [ -16.5880566, 28.3855957 ], [ -16.5880646, 28.385618 ], [ -16.5878951, 28.385666 ], [ -16.5879798, 28.3858666 ], [ -16.588144, 28.3858206 ], [ -16.5881382, 28.3858044 ], [ -16.5884366, 28.3857208 ] ] ] } },
{ "type": "Feature", "properties": { "fid_": 0, "bic_nombre": "PALACIO DE LERCARO", "bic_catego": "MONUMENTO", "bic_entorn": 1, "municipio_": "LAGUNA (LA)", "bic_descri": "Bien de Interés Cultural con categoría de Monumento del “Palacio de Lercaro”, en el municipio de San Cristóbal de La Laguna, declarado por Decreto 86/2008, de 29 de abril, del Gobierno de Canarias, publicado en el BOC nº 95 de 13 de mayo de 2008.", "boletin1_n": "BOC nº 95 de 13 de mayo de 2008", "boletin1_u": "http://www.gobiernodecanarias.org/boc/2008/095/004.html", "boletin2_n": null, "boletin2_u": null }, "geometry": { "type": "Polygon", "coordinates": [ [ [ -16.3149436, 28.4899317 ], [ -16.3150092, 28.4897725 ], [ -16.3150926, 28.4895553 ], [ -16.3148367, 28.4894714 ], [ -16.3148011, 28.4895662 ], [ -16.3147522, 28.4897617 ], [ -16.3147261, 28.4898045 ], [ -16.3147251, 28.4898058 ], [ -16.3146961, 28.4898592 ], [ -16.3149436, 28.4899317 ] ] ] } },
{ "type": "Feature", "properties": { "fid_": 0, "bic_nombre": "IGLESIA DE SAN PEDRO APOSTOL", "bic_catego": "MONUMENTO", "bic_entorn": 1, "municipio_": "GÜIMAR", "bic_descri": "Bien de Interés Cultural con categoría de Monumento de la “Iglesia de San Pedro Apóstol”, en el municipio de Güímar, declarado por Decreto 410/2007, de 11 de diciembre, del Gobierno de Canarias, publicado en el BOC nº 253 de 20 de diciembre de", "boletin1_n": "BOC nº 253 de 20 de diciembre de 2007", "boletin1_u": "http://www.gobiernodecanarias.org/boc/2007/253/007.html", "boletin2_n": null, "boletin2_u": null }, "geometry": { "type": "Polygon", "coordinates": [ [ [ -16.4120628, 28.3161008 ], [ -16.4121437, 28.3159851 ], [ -16.4121578, 28.3159915 ], [ -16.4122134, 28.3159746 ], [ -16.412229, 28.3159519 ], [ -16.4122665, 28.3159685 ], [ -16.412281, 28.3159445 ], [ -16.4122445, 28.3159289 ], [ -16.412251, 28.3159118 ], [ -16.4118954, 28.3157553 ], [ -16.4118783, 28.3157761 ], [ -16.4117957, 28.3157334 ], [ -16.4116837, 28.3158915 ], [ -16.4120628, 28.3161008 ] ] ] } },
{ "type": "Feature", "properties": { "fid_": 0, "bic_nombre": "CIRCULO DE AMISTAD XII DE ENERO", "bic_catego": "MONUMENTO", "bic_entorn": 1, "municipio_": "SANTA CRUZ DE TENERIFE", "bic_descri": "Bien de Interés Cultural con categoría de Monumento del “Círculo de Amistad XII de Enero”, en el municipio de Santa Cruz, declarado por Decreto 602/1985, de 20 de diciembre, del Gobierno de Canarias, publicado en el BOC nº 13 de 31 de enero de 19", "boletin1_n": "BOC nº 13 de 31 de enero de 1986", "boletin1_u": "http://www.gobiernodecanarias.org/boc/1986/013/005.html", "boletin2_n": "BOC nº 122 de 19 de junio de 2008", "boletin2_u": "http://www.gobiernodecanarias.org/boc/2008/122/016.html" }, "geometry": { "type": "Polygon", "coordinates": [ [ [ -16.2496191, 28.4689476 ], [ -16.2498996, 28.4690105 ], [ -16.2499902, 28.4686493 ], [ -16.2497191, 28.4685937 ], [ -16.2496191, 28.4689476 ] ] ] } },
{ "type": "Feature", "properties": { "fid_": 0, "bic_nombre": "CASTILLO DE SAN JOAQUÍN", "bic_catego": "MONUMENTO", "bic_entorn": 1, "municipio_": "SANTA CRUZ DE TENERIFE", "bic_descri": "Bien de Interés Cultural con categoría de Monumento del “Castillo de San Joaquín”, en el municipio de Santa Cruz, declarado por ministerio de la ley según Decreto de 22 de abril de 1949, publicado en el BOE nº 125 de 5 de mayo de 1949 y delimita", "boletin1_n": "BOE Nº 125 de 5 de mayo de 1949", "boletin1_u": "https://www.boe.es/datos/pdfs/BOE//1949/125/A02058-02059.pdf", "boletin2_n": "BOC nº 81 de 30 de junio de 2000", "boletin2_u": "http://www.gobiernodecanarias.org/boc/2000/081/031.html" }, "geometry": { "type": "Polygon", "coordinates": [ [ [ -16.2817512, 28.4661333 ], [ -16.2817532, 28.4661149 ], [ -16.2817483, 28.4660924 ], [ -16.2817393, 28.466081 ], [ -16.2817273, 28.4660702 ], [ -16.2817123, 28.4660598 ], [ -16.2816969, 28.4660549 ], [ -16.2816947, 28.4660368 ], [ -16.2816876, 28.4660358 ], [ -16.2816983, 28.4659662 ], [ -16.2817282, 28.4659517 ], [ -16.281744, 28.4659353 ], [ -16.2817496, 28.4659234 ], [ -16.2817532, 28.4659076 ], [ -16.2817505, 28.4658935 ], [ -16.2817439, 28.4658778 ], [ -16.2817272, 28.4658678 ], [ -16.2817111, 28.4658583 ], [ -16.2816848, 28.4658524 ], [ -16.2816498, 28.4658555 ], [ -16.2816278, 28.4658709 ], [ -16.2816258, 28.4658845 ], [ -16.2815071, 28.4658924 ], [ -16.2815038, 28.4658789 ], [ -16.2814928, 28.4658655 ], [ -16.2814837, 28.4658565 ], [ -16.2814728, 28.465851 ], [ -16.2814625, 28.4658466 ], [ -16.2814248, 28.465843 ], [ -16.2814019, 28.4658505 ], [ -16.2813822, 28.4658642 ], [ -16.2813755, 28.4658841 ], [ -16.2813705, 28.4658971 ], [ -16.2813726, 28.4659123 ], [ -16.2813766, 28.4659269 ], [ -16.2813857, 28.4659387 ], [ -16.281396, 28.4659493 ], [ -16.2814063, 28.465956 ], [ -16.2814153, 28.4660615 ], [ -16.2814026, 28.4660678 ], [ -16.2813868, 28.4660798 ], [ -16.2813715, 28.466094 ], [ -16.2813655, 28.4661065 ], [ -16.2813618, 28.4661167 ], [ -16.281362, 28.466134 ], [ -16.2813651, 28.4661438 ], [ -16.2813686, 28.4661528 ], [ -16.2813729, 28.4661603 ], [ -16.2813841, 28.4661703 ], [ -16.281394, 28.4661781 ], [ -16.2814077, 28.466184 ], [ -16.2814257, 28.466191 ], [ -16.2814563, 28.46619 ], [ -16.2814814, 28.466183 ], [ -16.2814991, 28.466167 ], [ -16.2815134, 28.4661441 ], [ -16.2816172, 28.4661427 ], [ -16.2816266, 28.466161 ], [ -16.2816499, 28.4661751 ], [ -16.2816709, 28.4661815 ], [ -16.2816888, 28.4661825 ], [ -16.2817055, 28.4661787 ], [ -16.2817194, 28.4661743 ], [ -16.2817308, 28.4661691 ], [ -16.2817403, 28.46616 ], [ -16.2817466, 28.4661504 ], [ -16.2817512, 28.4661333 ] ] ] } },
{ "type": "Feature", "properties": { "fid_": 0, "bic_nombre": "TEATRO GUIMERÁ", "bic_catego": "MONUMENTO", "bic_entorn": 1, "municipio_": "SANTA CRUZ DE TENERIFE", "bic_descri": "Bien de Interés Cultural con categoría de Monumento del “Teatro Guimerá”, en el municipio de Santa Cruz, declarado por Real Decreto 1464/1983 de 16 de marzo, publicado en el BOE nº 134 de 6 de junio de 1983, y delimitación del entorno de protecc", "boletin1_n": "BOE nº 134 de 6 de junio de 1983", "boletin1_u": "http://www.boe.es/boe/dias/1983/06/06/pdfs/A15691-15691.pdf", "boletin2_n": "BOC nº 137 de 9 de julio de 2008", "boletin2_u": "http://www.gobiernodecanarias.org/boc/2008/137/003.html" }, "geometry": { "type": "Polygon", "coordinates": [ [ [ -16.2507926, 28.4661064 ], [ -16.2508713, 28.465883 ], [ -16.2504609, 28.4657749 ], [ -16.2503857, 28.4659964 ], [ -16.2507926, 28.4661064 ] ] ] } },
{ "type": "Feature", "properties": { "fid_": 0, "bic_nombre": "IGLESIA DE NTRA. SRA. DEL ROSARIO Y CASA DE LOS MESA", "bic_catego": "SITIO HISTÓRICO", "bic_entorn": 1, "municipio_": "ROSARIO (EL)", "bic_descri": "Bien de Interés Cultural con categoría de Sitio Histórico de la “Iglesia de Nuestra Señora del Rosario y Casa de los Mesa”, en el municipio de El Rosario, declarado por Decreto 104/2003, de 16 de junio, publicado en el BOC nº 132 de 10 de julio", "boletin1_n": "BOC nº 132 de 10 de julio de 2003", "boletin1_u": "http://www.gobiernodecanarias.org/boc/2003/132/002.html", "boletin2_n": "BOC nº 181 de 17 de septiembre de 2004", "boletin2_u": "http://www.gobiernodecanarias.org/boc/2004/181/010.html" }, "geometry": { "type": "MultiPolygon", "coordinates": [ [ [ [ -16.3485749, 28.4108246 ], [ -16.3484465, 28.4108992 ], [ -16.3485134, 28.410981 ], [ -16.3482324, 28.4111927 ], [ -16.348259, 28.4112214 ], [ -16.3482286, 28.4112475 ], [ -16.3482672, 28.411286 ], [ -16.3485947, 28.4110498 ], [ -16.3486143, 28.4110497 ], [ -16.3488212, 28.4109316 ], [ -16.3488336, 28.4108872 ], [ -16.3485749, 28.4108246 ] ] ], [ [ [ -16.3483546, 28.4126188 ], [ -16.3483968, 28.4125729 ], [ -16.34827, 28.4124771 ], [ -16.3482282, 28.4125226 ], [ -16.3483546, 28.4126188 ] ] ] ] } },
{ "type": "Feature", "properties": { "fid_": 0, "bic_nombre": "MUSEO MUNICIPAL DE SANTA CRUZ DE TENERIFE", "bic_catego": "MONUMENTO", "bic_entorn": 0, "municipio_": "SANTA CRUZ DE TENERIFE", "bic_descri": "Bien de Interés Cultural con categoría de Monumento del “Museo Municipal de Santa Cruz de Tenerife”, en el municipio homónimo, declarado por Decreto 474/1962, de 1 de marzo, del Ministerio de Educación Nacional, publicado en el BOE nº 59 de 9 de", "boletin1_n": "BOE nº 59 de 9 de marzo de 1962", "boletin1_u": "http://www.boe.es/boe/dias/1962/03/09/pdfs/A03311-03313.pdf", "boletin2_n": "BOC nº 112 de 6 de junio de 2008", "boletin2_u": "http://www.gobiernodecanarias.org/boc/2008/112/012.html" }, "geometry": { "type": "Polygon", "coordinates": [ [ [ -16.2498432, 28.4685471 ], [ -16.2499068, 28.4682072 ], [ -16.2499247, 28.4681283 ], [ -16.2499299, 28.4680995 ], [ -16.249708, 28.4680738 ], [ -16.2496421, 28.4684421 ], [ -16.2496246, 28.4685047 ], [ -16.24964, 28.4685065 ], [ -16.2496773, 28.4685109 ], [ -16.2496776, 28.4685101 ], [ -16.2498432, 28.4685471 ] ] ] } },
{ "type": "Feature", "properties": { "fid_": 0, "bic_nombre": "IGLESIA DE SANTIAGO APÓSTOL", "bic_catego": "MONUMENTO", "bic_entorn": 1, "municipio_": "REALEJOS (LOS)", "bic_descri": "Bien de Interés Cultural con categoría de Monumento de la “Iglesia de Santiago Apóstol”, en el municipio de Los Realejos, declarado por Real Decreto 596/1983 del Ministerio de Cultura, publicado en el BOE nº 69 de 22 de marzo de 1983, y modificac", "boletin1_n": "BOE nº 69 de 22 de marzo de 1983", "boletin1_u": "http://www.boe.es/boe/dias/1983/03/22/pdfs/A08294-08294.pdf", "boletin2_n": "BOC nº 128 de 4 de julio de 2014", "boletin2_u": "http://www.gobiernodecanarias.org/boc/2014/128/007.html" }, "geometry": { "type": "Polygon", "coordinates": [ [ [ -16.5851363, 28.3808983 ], [ -16.5853297, 28.3809695 ], [ -16.5853163, 28.3809984 ], [ -16.5853483, 28.3810101 ], [ -16.5853619, 28.3809814 ], [ -16.5854386, 28.3810095 ], [ -16.5854437, 28.3810115 ], [ -16.5855217, 28.3808465 ], [ -16.585215, 28.3807318 ], [ -16.5852243, 28.3807119 ], [ -16.5850976, 28.3806646 ], [ -16.5850025, 28.3808671 ], [ -16.5850172, 28.3808729 ], [ -16.5851281, 28.3809159 ], [ -16.5851363, 28.3808983 ] ] ] } },
{ "type": "Feature", "properties": { "fid_": 0, "bic_nombre": "HACIENDA DE LAS PALMAS DE ANAGA - TAGANANA", "bic_catego": "MONUMENTO", "bic_entorn": 1, "municipio_": "SANTA CRUZ DE TENERIFE", "bic_descri": "Bien de Interés Cultural con categoría de Monumento de la “Hacienda de Las Palmas de Anaga”, en el municipio de Santa Cruz, declarado por Decreto 47/2014, de 22 de mayo, del Gobierno de Canarias, publicado en el BOC nº 104 de 2 de junio de 2014.", "boletin1_n": "BOC nº 104 de 2 de junio de 2014", "boletin1_u": "http://www.gobiernodecanarias.org/boc/2014/104/005.html", "boletin2_n": null, "boletin2_u": null }, "geometry": { "type": "Polygon", "coordinates": [ [ [ -16.1641441, 28.5836747 ], [ -16.1639428, 28.5837102 ], [ -16.1640343, 28.5840389 ], [ -16.164106, 28.5840232 ], [ -16.1640937, 28.5839713 ], [ -16.1644066, 28.5838973 ], [ -16.1643906, 28.5838443 ], [ -16.1643342, 28.5838552 ], [ -16.1642909, 28.583716 ], [ -16.1642196, 28.5837302 ], [ -16.1642257, 28.5837526 ], [ -16.164174, 28.583765 ], [ -16.1641441, 28.5836747 ] ] ] } },
{ "type": "Feature", "properties": { "fid_": 0, "bic_nombre": "HACIENDA EL LAMERO", "bic_catego": "MONUMENTO", "bic_entorn": 1, "municipio_": "GARACHICO", "bic_descri": "Bien de Interés Cultural con categoría de Monumento de la “Hacienda El Lamero”, en el municipio de Garachico, declarado por Decreto 19/2015, de 26 de febrero, del Gobierno de Canarias, publicado en el BOC nº 45 de 6 de marzo de 2015", "boletin1_n": "BOC nº 45 de 6 de marzo de 2015", "boletin1_u": "http://www.gobiernodecanarias.org/boc/2015/045/index.html", "boletin2_n": null, "boletin2_u": null }, "geometry": { "type": "MultiPolygon", "coordinates": [ [ [ [ -16.7609478, 28.3728196 ], [ -16.7609314, 28.372776 ], [ -16.7608859, 28.3727919 ], [ -16.7608791, 28.3727739 ], [ -16.7608236, 28.3727926 ], [ -16.7608018, 28.3727354 ], [ -16.7607881, 28.3727406 ], [ -16.7607015, 28.3725241 ], [ -16.7606395, 28.3725441 ], [ -16.7607255, 28.3727644 ], [ -16.7605764, 28.3728068 ], [ -16.7605549, 28.3727422 ], [ -16.7605542, 28.372742 ], [ -16.7605532, 28.3727389 ], [ -16.7604405, 28.3727667 ], [ -16.7604574, 28.3728237 ], [ -16.7604538, 28.3728244 ], [ -16.7604952, 28.3729602 ], [ -16.7606307, 28.3729185 ], [ -16.760614, 28.3728755 ], [ -16.7607106, 28.3728449 ], [ -16.7607275, 28.3728871 ], [ -16.760759, 28.3728766 ], [ -16.7608015, 28.3728618 ], [ -16.7608143, 28.3728581 ], [ -16.7608156, 28.3728613 ], [ -16.7609009, 28.372835 ], [ -16.7609478, 28.3728196 ] ] ], [ [ [ -16.7607739, 28.3729791 ], [ -16.7607478, 28.3729146 ], [ -16.7606381, 28.3729649 ], [ -16.7605602, 28.3729798 ], [ -16.7605523, 28.3729807 ], [ -16.760572, 28.3730412 ], [ -16.7607739, 28.3729791 ] ] ], [ [ [ -16.7613428, 28.3728766 ], [ -16.7613183, 28.3728228 ], [ -16.7612905, 28.3728301 ], [ -16.7612914, 28.3728289 ], [ -16.7612923, 28.3728272 ], [ -16.7612929, 28.3728258 ], [ -16.7612935, 28.3728224 ], [ -16.7612933, 28.3728188 ], [ -16.7612925, 28.3728157 ], [ -16.7612908, 28.3728124 ], [ -16.7612887, 28.3728098 ], [ -16.7612858, 28.3728075 ], [ -16.7612826, 28.3728058 ], [ -16.761279, 28.3728046 ], [ -16.7612751, 28.3728041 ], [ -16.7612716, 28.3728043 ], [ -16.7612676, 28.3728052 ], [ -16.7612641, 28.3728067 ], [ -16.7612608, 28.372809 ], [ -16.7612586, 28.3728113 ], [ -16.7612569, 28.3728138 ], [ -16.7612555, 28.3728177 ], [ -16.7612551, 28.3728211 ], [ -16.7612554, 28.3728244 ], [ -16.7612564, 28.3728274 ], [ -16.7612578, 28.37283 ], [ -16.7612584, 28.3728307 ], [ -16.7612607, 28.3728332 ], [ -16.7612637, 28.3728353 ], [ -16.7612663, 28.3728366 ], [ -16.7612262, 28.3728472 ], [ -16.7612527, 28.3728977 ], [ -16.7613428, 28.3728766 ] ] ], [ [ [ -16.7612248, 28.3728342 ], [ -16.7612449, 28.3728249 ], [ -16.7612268, 28.3727942 ], [ -16.7612061, 28.3728058 ], [ -16.7612248, 28.3728342 ] ] ] ] } },
{ "type": "Feature", "properties": { "fid_": 0, "bic_nombre": "BARRANCO DEL PILAR", "bic_catego": "ZONA ARQUEOLÓGICA", "bic_entorn": 0, "municipio_": "SANTA CRUZ DE TENERIFE", "bic_descri": "Bien de Interés Cultural con categoría de Zona Arqueológica del “Barranco del Pilar”, en el municipio de Santa Cruz, con entorno de protección declarado por Decreto 11/2000, de 31 de enero, del Gobierno de Canarias, publicado en el BOC nº 128 de", "boletin1_n": "BOC nº 128 de 25 de septiembre de 2000", "boletin1_u": "http://www.gobiernodecanarias.org/boc/2000/128/004.html", "boletin2_n": null, "boletin2_u": null }, "geometry": { "type": "Polygon", "coordinates": [ [ [ -16.3088134, 28.416307 ], [ -16.3088132, 28.416307 ], [ -16.3085843, 28.4162129 ], [ -16.3085576, 28.4162032 ], [ -16.308528, 28.4162008 ], [ -16.3085046, 28.4162064 ], [ -16.3084894, 28.4162156 ], [ -16.3083522, 28.4163523 ], [ -16.3084794, 28.4164819 ], [ -16.3085115, 28.4165204 ], [ -16.3085303, 28.41655 ], [ -16.3085655, 28.41651 ], [ -16.3085947, 28.4164754 ], [ -16.3086416, 28.4164723 ], [ -16.3086773, 28.4164728 ], [ -16.3088134, 28.416307 ] ] ] } },
{ "type": "Feature", "properties": { "fid_": 0, "bic_nombre": "CASA DE IRIARTE", "bic_catego": "SITIO HISTÓRICO", "bic_entorn": 1, "municipio_": "PUERTO DE LA CRUZ", "bic_descri": "Bien de Interés Cultural con categoría de Sitio Histórico de la “Casa Iriarte”, en el municipio del Puerto de la Cruz, declarado por Decreto 44/2009, de 21 de abril, del Gobierno de Canarias, publicado en el BOC nº 82 de 30 de abril de 2009.", "boletin1_n": "BOC nº 82 de 30 de abril de 2009", "boletin1_u": "http://www.gobiernodecanarias.org/boc/2009/082/008.html", "boletin2_n": null, "boletin2_u": null }, "geometry": { "type": "Polygon", "coordinates": [ [ [ -16.5493726, 28.4156048 ], [ -16.5489351, 28.4156648 ], [ -16.5489768, 28.4158062 ], [ -16.5490267, 28.4157973 ], [ -16.5490615, 28.4158964 ], [ -16.5491642, 28.4158704 ], [ -16.5491446, 28.415808 ], [ -16.5492548, 28.415792 ], [ -16.5492634, 28.4158075 ], [ -16.5494414, 28.4157646 ], [ -16.5493963, 28.4156625 ], [ -16.5493729, 28.4156055 ], [ -16.5493726, 28.4156048 ] ] ] } },
{ "type": "Feature", "properties": { "fid_": 0, "bic_nombre": "CASA LERCARO", "bic_catego": "MONUMENTO", "bic_entorn": 1, "municipio_": "OROTAVA (LA)", "bic_descri": "Bien de Interés Cultural con categoría de Monumento de la “Casa Lercaro”, en el municipio de La Orotava, declarado por Decreto 21/2004, de 2 de marzo, del Gobierno de Canarias, publicado en el BOC nº 54 de 18 de marzo de 2004.", "boletin1_n": "BOC nº 54 de 18 de marzo de 2004", "boletin1_u": "http://www.gobiernodecanarias.org/boc/2004/054/002.html", "boletin2_n": null, "boletin2_u": null }, "geometry": { "type": "Polygon", "coordinates": [ [ [ -16.5260938, 28.3894075 ], [ -16.5261627, 28.3893972 ], [ -16.5261601, 28.3893839 ], [ -16.5261627, 28.3893834 ], [ -16.5261614, 28.3893754 ], [ -16.5262031, 28.3893691 ], [ -16.526204, 28.3893736 ], [ -16.5262409, 28.3893681 ], [ -16.5262241, 28.3892814 ], [ -16.5261842, 28.3892873 ], [ -16.5261646, 28.3891859 ], [ -16.5262539, 28.3891615 ], [ -16.5262739, 28.3892387 ], [ -16.5263661, 28.3891997 ], [ -16.5263651, 28.3891936 ], [ -16.5264483, 28.3891549 ], [ -16.5264374, 28.3891153 ], [ -16.5264866, 28.3891019 ], [ -16.5264898, 28.3891087 ], [ -16.5265473, 28.3890878 ], [ -16.5265435, 28.3890787 ], [ -16.5266313, 28.3890448 ], [ -16.526574, 28.389003 ], [ -16.5264133, 28.3890628 ], [ -16.5264081, 28.389055 ], [ -16.5263338, 28.3890703 ], [ -16.5263246, 28.389048 ], [ -16.5261662, 28.3890912 ], [ -16.5261658, 28.3890902 ], [ -16.5260339, 28.3891207 ], [ -16.5260869, 28.3893959 ], [ -16.5260914, 28.3893954 ], [ -16.5260938, 28.3894075 ] ] ] } },
{ "type": "Feature", "properties": { "fid_": 0, "bic_nombre": "IGLESIA DE SANTA CATALINA DE ALEJANDRÍA", "bic_catego": "MONUMENTO", "bic_entorn": 1, "municipio_": "TACORONTE", "bic_descri": "Bien de Interés Cultural con categoría de Monumento de la “Iglesia de Santa Catalina de Alejandría” en el municipio de Tacoronte, declarado por Decreto 50/1986, de 14 de marzo, del Gobierno de Canarias, publicado en el BOC nº 38 de 2 de abril de", "boletin1_n": "BOC nº 38 de 2 de abril de 1986", "boletin1_u": "http://www.gobiernodecanarias.org/boc/1986/038/006.html", "boletin2_n": "BOC nº 148 de 2 de agosto de 2016", "boletin2_u": "http://www.gobiernodecanarias.org/boc/2016/148/013.html" }, "geometry": { "type": "Polygon", "coordinates": [ [ [ -16.418162, 28.4826837 ], [ -16.4181549, 28.4826838 ], [ -16.4178601, 28.4826999 ], [ -16.4178594, 28.4826778 ], [ -16.4177712, 28.4826801 ], [ -16.4177737, 28.4827517 ], [ -16.4176931, 28.4827564 ], [ -16.417697, 28.4828414 ], [ -16.4177016, 28.4828891 ], [ -16.4178637, 28.482879 ], [ -16.417864, 28.4828734 ], [ -16.4180384, 28.4828645 ], [ -16.418042, 28.4828961 ], [ -16.4180941, 28.4828934 ], [ -16.4180952, 28.4828618 ], [ -16.4181719, 28.4828589 ], [ -16.418162, 28.4826837 ] ] ] } },
{ "type": "Feature", "properties": { "fid_": 0, "bic_nombre": "HACIENDA DE SAN NICOLÁS DE TOLENTINO", "bic_catego": "MONUMENTO", "bic_entorn": 1, "municipio_": "PUERTO DE LA CRUZ", "bic_descri": "Bien de Interés Cultural con categoría de Monumento de la “Hacienda de San Nicolás de Tolentino”, en el municipio del Puerto de la Cruz, declarado por Decreto 30/1986, de 7 de febrero, del Gobierno de Canarias, publicado en el BOC nº 28 de 7 de m", "boletin1_n": "BOC nº 28 de 7 de marzo de 1986", "boletin1_u": "http://www.gobiernodecanarias.org/boc/1986/028/006.html", "boletin2_n": "BOC nº 78 de 24 de abril de 2015", "boletin2_u": "https://www.gobiernodecanarias.org/boc/2015/078/009.html" }, "geometry": { "type": "Polygon", "coordinates": [ [ [ -16.538349, 28.3975111 ], [ -16.5383944, 28.3974948 ], [ -16.5384796, 28.3974932 ], [ -16.538464, 28.3974625 ], [ -16.538439, 28.3974028 ], [ -16.5383938, 28.3973206 ], [ -16.5382507, 28.3971022 ], [ -16.538203, 28.3970303 ], [ -16.5381384, 28.3970579 ], [ -16.5381401, 28.3970612 ], [ -16.5379745, 28.39718 ], [ -16.5380308, 28.3972491 ], [ -16.5379967, 28.3972757 ], [ -16.5380268, 28.3973098 ], [ -16.5380657, 28.3973506 ], [ -16.5380787, 28.3973665 ], [ -16.5380244, 28.3973975 ], [ -16.538046, 28.3974244 ], [ -16.5381009, 28.3973953 ], [ -16.5381083, 28.3974054 ], [ -16.5381071, 28.3974071 ], [ -16.5381246, 28.3974261 ], [ -16.5381721, 28.3974016 ], [ -16.5381689, 28.397396 ], [ -16.538063, 28.3972476 ], [ -16.538186, 28.3971546 ], [ -16.5383227, 28.3973516 ], [ -16.5382825, 28.3973763 ], [ -16.538332, 28.397441 ], [ -16.5383155, 28.3974499 ], [ -16.538349, 28.3975111 ] ] ] } },
{ "type": "Feature", "properties": { "fid_": 0, "bic_nombre": "MOLINOS Y LAVADEROS DE CHACAICA", "bic_catego": "SITIO ETNOLÓGICO", "bic_entorn": 1, "municipio_": "GÜIMAR", "bic_descri": "Bien de Interés Cultural con categoría de Sitio Etnológico del “Molino y Lavaderos de Chacaica\", en el municipio de Güímar, declarado por Decreto 366/2007, de 2 de octubre, del Gobierno de Canarias, publicado en el BOC nº 206 de 16 de octubre de", "boletin1_n": "BOC nº 206 de 16 de octubre de 2007", "boletin1_u": "http://www.gobiernodecanarias.org/boc/2007/206/002.html", "boletin2_n": null, "boletin2_u": null }, "geometry": { "type": "MultiPolygon", "coordinates": [ [ [ [ -16.4203859, 28.3196407 ], [ -16.4203986, 28.3196321 ], [ -16.4204081, 28.31962 ], [ -16.4204169, 28.3196069 ], [ -16.4204244, 28.3195909 ], [ -16.4204287, 28.3195789 ], [ -16.4204304, 28.3195601 ], [ -16.4204296, 28.3195442 ], [ -16.4204262, 28.3195323 ], [ -16.4204215, 28.3195193 ], [ -16.4204156, 28.319508 ], [ -16.4204065, 28.3194962 ], [ -16.4203928, 28.3194827 ], [ -16.4203785, 28.319472 ], [ -16.4203572, 28.319462 ], [ -16.4203321, 28.319456 ], [ -16.4203064, 28.3194551 ], [ -16.4202814, 28.3194588 ], [ -16.4202552, 28.3194693 ], [ -16.4202354, 28.3194815 ], [ -16.420217, 28.3195004 ], [ -16.4202038, 28.319521 ], [ -16.4201977, 28.3195415 ], [ -16.4201954, 28.3195592 ], [ -16.4201975, 28.3195751 ], [ -16.4202009, 28.3195904 ], [ -16.4202082, 28.3196056 ], [ -16.4202206, 28.3196226 ], [ -16.4202349, 28.3196366 ], [ -16.4202479, 28.3196456 ], [ -16.420266, 28.3196545 ], [ -16.4202834, 28.3196594 ], [ -16.4202963, 28.319661 ], [ -16.4203072, 28.3196614 ], [ -16.4203194, 28.3196625 ], [ -16.4203316, 28.3196601 ], [ -16.4203431, 28.3196588 ], [ -16.4203559, 28.3196553 ], [ -16.4203738, 28.3196488 ], [ -16.4203859, 28.3196407 ] ] ], [ [ [ -16.4168053, 28.3176576 ], [ -16.4167281, 28.3175474 ], [ -16.4166447, 28.3174768 ], [ -16.4165518, 28.3175152 ], [ -16.4166404, 28.3175969 ], [ -16.4167241, 28.3176995 ], [ -16.4167247, 28.3176998 ], [ -16.4168053, 28.3176576 ] ] ], [ [ [ -16.4170036, 28.3179415 ], [ -16.4171272, 28.3180903 ], [ -16.417207, 28.3179742 ], [ -16.4171479, 28.3179469 ], [ -16.41713, 28.3179742 ], [ -16.4170184, 28.317918 ], [ -16.4170036, 28.3179415 ] ] ], [ [ [ -16.4181255, 28.3186241 ], [ -16.4181288, 28.3186206 ], [ -16.4180618, 28.3185832 ], [ -16.4180087, 28.3185279 ], [ -16.4180111, 28.3185251 ], [ -16.4180119, 28.3185211 ], [ -16.4180116, 28.3185163 ], [ -16.4180091, 28.3185123 ], [ -16.4180033, 28.31851 ], [ -16.4179983, 28.31851 ], [ -16.417994, 28.3185113 ], [ -16.4179906, 28.3185142 ], [ -16.4179885, 28.318518 ], [ -16.4179881, 28.3185214 ], [ -16.41799, 28.3185262 ], [ -16.4179942, 28.3185297 ], [ -16.4179975, 28.3185307 ], [ -16.4180017, 28.3185309 ], [ -16.4180058, 28.3185299 ], [ -16.4180568, 28.3185849 ], [ -16.4181255, 28.3186241 ] ] ], [ [ [ -16.4168193, 28.3177123 ], [ -16.4168674, 28.3176847 ], [ -16.4168632, 28.3176789 ], [ -16.4168152, 28.3177062 ], [ -16.4168193, 28.3177123 ] ] ] ] } },
{ "type": "Feature", "properties": { "fid_": 0, "bic_nombre": "IGLESIA DE NUESTRA SEÑORA DE LA VICTORIA", "bic_catego": "MONUMENTO", "bic_entorn": 1, "municipio_": "VICTORIA DE ACENTEJO (LA)", "bic_descri": "Bien de Interés Cultural con categoría de Monumento de la “Iglesia de Nuestra Señora de la Victoria”, en el municipio de La Victoria, declarado por Decreto 602/1985, de 20 de diciembre, del Gobierno de Canarias, publicado en el BOC nº 13 de 31 de", "boletin1_n": "BOC nº 13 de 31 de enero de 1986", "boletin1_u": "http://www.gobiernodecanarias.org/boc/1986/013/005.html", "boletin2_n": "BOC nº 117 de 19 de junio de 2014", "boletin2_u": "http://www.gobiernodecanarias.org/boc/2014/117/006.html" }, "geometry": { "type": "Polygon", "coordinates": [ [ [ -16.4705861, 28.4341086 ], [ -16.4704961, 28.433977 ], [ -16.4705159, 28.4339664 ], [ -16.4704964, 28.4339379 ], [ -16.4703136, 28.4340373 ], [ -16.4703076, 28.4340287 ], [ -16.4700941, 28.4341383 ], [ -16.4701769, 28.4342617 ], [ -16.4703172, 28.4341886 ], [ -16.4703568, 28.4342453 ], [ -16.47043, 28.4342063 ], [ -16.4704229, 28.4341958 ], [ -16.4705861, 28.4341086 ] ] ] } },
{ "type": "Feature", "properties": { "fid_": 0, "bic_nombre": "IGLESIA DE SAN BARTOLOMÉ DE TEJINA", "bic_catego": "MONUMENTO", "bic_entorn": 1, "municipio_": "LAGUNA (LA)", "bic_descri": "Bien de Interés Cultural con categoría de Monumento de la “Iglesia de San Bartolomé de Tejina”, en el municipio de San Cristóbal de La Laguna, declarado por Decreto 87/2006, de 27 de junio, del Gobierno de Canarias, publicado en el BOC nº 130 de", "boletin1_n": "BOC nº 130 de 6 de julio de 2006", "boletin1_u": "http://www.gobiernodecanarias.org/boc/2006/130/008.html", "boletin2_n": null, "boletin2_u": null }, "geometry": { "type": "Polygon", "coordinates": [ [ [ -16.360333, 28.5351331 ], [ -16.3604418, 28.5351342 ], [ -16.3604407, 28.5350431 ], [ -16.3604383, 28.5350151 ], [ -16.3606245, 28.5350349 ], [ -16.3606322, 28.5349961 ], [ -16.3606158, 28.5349899 ], [ -16.3606368, 28.5348742 ], [ -16.3603243, 28.5348186 ], [ -16.3602858, 28.5348398 ], [ -16.3602699, 28.53496 ], [ -16.3602908, 28.5349941 ], [ -16.3603318, 28.5349991 ], [ -16.3603302, 28.5350343 ], [ -16.360333, 28.5351331 ] ] ] } },
{ "type": "Feature", "properties": { "fid_": 0, "bic_nombre": "CASONA Y JARDINES DE SAN FERNANDO", "bic_catego": "MONUMENTO", "bic_entorn": 1, "municipio_": "PUERTO DE LA CRUZ", "bic_descri": "Bien de Interés Cultural con categoría de Monumento de la “Casona y Jardines de San Fernando”, en el municipio del Puerto de la Cruz, declarado por Decreto 21/1996, de 9 de febrero, del Gobierno de Canarias, publicado en el BOC nº 30 de 8 de marzo", "boletin1_n": "BOC nº 30 de 8 de marzo de 1996", "boletin1_u": "http://www.gobiernodecanarias.org/boc/1996/030/014.html", "boletin2_n": "BOC nº 58 de 22 de marzo de 2008", "boletin2_u": "http://www.gobiernodecanarias.org/boc/2008/058/006.html" }, "geometry": { "type": "Polygon", "coordinates": [ [ [ -16.54445, 28.4092774 ], [ -16.5443931, 28.4091764 ], [ -16.5444419, 28.4091527 ], [ -16.5444075, 28.4090962 ], [ -16.5443923, 28.4091027 ], [ -16.5443775, 28.4090767 ], [ -16.5443869, 28.409072 ], [ -16.5443607, 28.4090376 ], [ -16.5443244, 28.4090523 ], [ -16.5443106, 28.4090333 ], [ -16.5442559, 28.4090591 ], [ -16.5442662, 28.409078 ], [ -16.5442319, 28.4090913 ], [ -16.5442228, 28.4090766 ], [ -16.5441251, 28.409122 ], [ -16.5442172, 28.4092744 ], [ -16.5442324, 28.409267 ], [ -16.5442805, 28.4093468 ], [ -16.5443304, 28.409325 ], [ -16.5443658, 28.4093864 ], [ -16.5443851, 28.4094215 ], [ -16.544487, 28.4093787 ], [ -16.5444385, 28.4092831 ], [ -16.54445, 28.4092774 ] ] ] } },
{ "type": "Feature", "properties": { "fid_": 0, "bic_nombre": "CAMINO DE LAS LAJAS", "bic_catego": "ZONA ARQUEOLÓGICA", "bic_entorn": 1, "municipio_": "SAN MIGUEL", "bic_descri": "Bien de Interés Cultural con categoría de Zona Arqueológica del “Camino de las Lajas”, en el municipio de San Miguel, declarado por Decreto 106/2014, de 6 de noviembre, del Gobierno de Canarias, publicado en el BOC nº 222 de 14 de noviembre de 20", "boletin1_n": "BOC nº 222 de 14 de noviembre de 2014", "boletin1_u": "http://www.gobiernodecanarias.org/boc/2014/222/004.html", "boletin2_n": null, "boletin2_u": null }, "geometry": { "type": "Polygon", "coordinates": [ [ [ -16.6224065, 28.0828276 ], [ -16.6223833, 28.0828382 ], [ -16.6223435, 28.0829942 ], [ -16.6223205, 28.0830172 ], [ -16.6222998, 28.0830382 ], [ -16.6222708, 28.0832894 ], [ -16.6222801, 28.0832852 ], [ -16.6223128, 28.0832807 ], [ -16.6223569, 28.0832635 ], [ -16.622387, 28.0832445 ], [ -16.6224242, 28.0832275 ], [ -16.6224472, 28.0832024 ], [ -16.6225247, 28.0829153 ], [ -16.6225291, 28.0828966 ], [ -16.6225286, 28.0828655 ], [ -16.6225167, 28.082847 ], [ -16.6225025, 28.0828389 ], [ -16.6224837, 28.0828329 ], [ -16.6224696, 28.0828289 ], [ -16.6224368, 28.082821 ], [ -16.6224065, 28.0828276 ] ] ] } },
{ "type": "Feature", "properties": { "fid_": 0, "bic_nombre": "CASTILLO DE PASO ALTO", "bic_catego": "MONUMENTO", "bic_entorn": 0, "municipio_": "SANTA CRUZ DE TENERIFE", "bic_descri": "Bien de Interés Cultural con categoría de Monumento del “Castillo de Paso Alto”, en el municipio de Santa Cruz, declarado por Decreto de 22 de abril de 1949, del Ministerio de Educación Nacional, publicado en el BOE nº 125 de 5 de mayo de 1949.", "boletin1_n": "BOE nº 125 de 5 de mayo de 1949", "boletin1_u": "https://www.boe.es/datos/pdfs/BOE//1949/125/A02058-02059.pdf", "boletin2_n": null, "boletin2_u": null }, "geometry": { "type": "Polygon", "coordinates": [ [ [ -16.24097, 28.4810139 ], [ -16.2409699, 28.4810054 ], [ -16.2410883, 28.480613 ], [ -16.2410468, 28.4806057 ], [ -16.2410031, 28.4806127 ], [ -16.2409668, 28.4806219 ], [ -16.2409344, 28.4806366 ], [ -16.2409046, 28.4806557 ], [ -16.240876, 28.4806781 ], [ -16.2408518, 28.4806987 ], [ -16.2408352, 28.4807249 ], [ -16.2408237, 28.4807496 ], [ -16.2408184, 28.480786 ], [ -16.2408175, 28.4808181 ], [ -16.2408257, 28.4808734 ], [ -16.2408501, 28.4809241 ], [ -16.2408717, 28.4809493 ], [ -16.2409008, 28.4809745 ], [ -16.2409286, 28.4809953 ], [ -16.24097, 28.4810139 ] ] ] } },
{ "type": "Feature", "properties": { "fid_": 0, "bic_nombre": "IGLESIA DE SAN PEDRO APÓSTOL", "bic_catego": "MONUMENTO", "bic_entorn": 1, "municipio_": "VILAFLOR", "bic_descri": "Bien de Interés Cultural con categoría de Monumento de la “Iglesia de San Pedro Apóstol”, en el municipio de Vilaflor, declarado por Decreto 602/1985, de 20 de diciembre, del Gobierno de Canarias, publicado en el BOC nº 13 de 31 de enero de 1986,", "boletin1_n": "BOC nº 13 de 31 de enero de 1986", "boletin1_u": "http://www.gobiernodecanarias.org/boc/1986/013/005.html", "boletin2_n": "BOC Nº 16 de 24 de enero de 2017", "boletin2_u": "http://www.gobiernodecanarias.org/boc/2017/016/034.html" }, "geometry": { "type": "Polygon", "coordinates": [ [ [ -16.6371548, 28.1598972 ], [ -16.6372144, 28.1598786 ], [ -16.6371588, 28.1597425 ], [ -16.6368682, 28.1598319 ], [ -16.6368414, 28.1597628 ], [ -16.6367526, 28.1597906 ], [ -16.6367608, 28.159811 ], [ -16.6367807, 28.1598601 ], [ -16.6367515, 28.1598689 ], [ -16.6367472, 28.1598703 ], [ -16.6367938, 28.1599804 ], [ -16.636785, 28.1599835 ], [ -16.6368118, 28.1600442 ], [ -16.6368615, 28.160027 ], [ -16.6368759, 28.1600565 ], [ -16.6369542, 28.1600294 ], [ -16.6369054, 28.1599239 ], [ -16.6371384, 28.1598535 ], [ -16.6371548, 28.1598972 ] ] ] } },
{ "type": "Feature", "properties": { "fid_": 0, "bic_nombre": "HACIENDA DE LOS PRÍNCIPES", "bic_catego": "MONUMENTO", "bic_entorn": 1, "municipio_": "REALEJOS (LOS)", "bic_descri": "Bien de Interés Cultural con categoría de Monumento de la “Hacienda de los Príncipes”, en el municipio de Los Realejos, declarado por Decreto 56/2009 de 19 de mayo, del Gobierno de Canarias, publicado en el BOC nº 103 de 1 de junio de 2009, y mod", "boletin1_n": "BOC nº 103 de 1 de junio de 2009", "boletin1_u": "http://www.gobiernodecanarias.org/boc/2009/103/006.html", "boletin2_n": "BOC nº 67 de 9 de abril de 2015", "boletin2_u": "http://www.gobiernodecanarias.org/boc/2015/067/006.html" }, "geometry": { "type": "Polygon", "coordinates": [ [ [ -16.5896326, 28.3840377 ], [ -16.5896386, 28.3840322 ], [ -16.5895863, 28.3839886 ], [ -16.5895573, 28.3840153 ], [ -16.5895483, 28.3840088 ], [ -16.5895138, 28.3840456 ], [ -16.5893461, 28.3839241 ], [ -16.5893039, 28.3839612 ], [ -16.5893109, 28.3839683 ], [ -16.5892803, 28.3839972 ], [ -16.5892403, 28.3839648 ], [ -16.5892073, 28.3839965 ], [ -16.5892548, 28.384035 ], [ -16.5892696, 28.3840207 ], [ -16.5893906, 28.3841192 ], [ -16.5892467, 28.3842525 ], [ -16.5893332, 28.3843273 ], [ -16.5893574, 28.3843054 ], [ -16.5893376, 28.3842884 ], [ -16.5893889, 28.384242 ], [ -16.5894023, 28.3842524 ], [ -16.5894413, 28.3842143 ], [ -16.58945, 28.3842218 ], [ -16.5895253, 28.3841537 ], [ -16.5895147, 28.3841446 ], [ -16.5896326, 28.3840377 ] ] ] } },
{ "type": "Feature", "properties": { "fid_": 0, "bic_nombre": "EDIFICIO VILLASEGURA", "bic_catego": "MONUMENTO", "bic_entorn": 1, "municipio_": "SANTA CRUZ DE TENERIFE", "bic_descri": "Bien de Interés Cultural con categoría de Monumento del “Edificio Villasegura”, en el municipio de Santa Cruz, declarado por Decreto 91/2006, de 4 de julio, del Gobierno de Canarias, publicado en el BOC nº 135 de 13 de julio de 2006.", "boletin1_n": "BOC nº 135 de 13 de julio de 2006", "boletin1_u": "http://www.gobiernodecanarias.org/boc/2006/135/006.html", "boletin2_n": null, "boletin2_u": null }, "geometry": { "type": "Polygon", "coordinates": [ [ [ -16.2560476, 28.469788 ], [ -16.2562247, 28.469801 ], [ -16.2562379, 28.4696859 ], [ -16.2562798, 28.4696887 ], [ -16.2562819, 28.4696685 ], [ -16.2563171, 28.4696706 ], [ -16.2563249, 28.4696041 ], [ -16.2562892, 28.4696022 ], [ -16.2562895, 28.4695921 ], [ -16.2562488, 28.4695902 ], [ -16.2562613, 28.4694708 ], [ -16.2560847, 28.4694544 ], [ -16.2560476, 28.469788 ] ] ] } },
{ "type": "Feature", "properties": { "fid_": 0, "bic_nombre": "IGLESIA DE SAN JUAN BAUTISTA Y CASAS DE LOS ALEDAÑOS", "bic_catego": "MONUMENTO", "bic_entorn": 0, "municipio_": "ARICO", "bic_descri": "Bien de Interés Cultural con categoría de la “Iglesia de San Juan Bautista y casas antiguas de los Aledaños”, en el municipio de Arico, declarado por Decreto 602/1985, de 20 de diciembre, del Gobierno de Canarias, publicado en el BOC nº 13 de 31", "boletin1_n": "BOC nº 13 de 31 de enero de 1986", "boletin1_u": "http://www.gobiernodecanarias.org/boc/1986/013/005.html", "boletin2_n": null, "boletin2_u": null }, "geometry": { "type": "Polygon", "coordinates": [ [ [ -16.5009476, 28.166229 ], [ -16.5009384, 28.1661632 ], [ -16.5007851, 28.1661821 ], [ -16.5007976, 28.166332 ], [ -16.5008617, 28.1663297 ], [ -16.500868, 28.1663962 ], [ -16.5010755, 28.1663726 ], [ -16.5010682, 28.1663116 ], [ -16.5012184, 28.166292 ], [ -16.5012092, 28.1662013 ], [ -16.5012113, 28.1661982 ], [ -16.5012125, 28.1661961 ], [ -16.5012141, 28.1661929 ], [ -16.5012144, 28.1661907 ], [ -16.5012147, 28.1661887 ], [ -16.5012146, 28.1661855 ], [ -16.5012138, 28.1661827 ], [ -16.5012129, 28.1661797 ], [ -16.5012116, 28.1661771 ], [ -16.5012101, 28.1661748 ], [ -16.5012077, 28.1661724 ], [ -16.501205, 28.1661707 ], [ -16.5012026, 28.1661692 ], [ -16.5011992, 28.1661676 ], [ -16.5011951, 28.1661667 ], [ -16.5011917, 28.1661666 ], [ -16.5011878, 28.1661666 ], [ -16.5011843, 28.1661675 ], [ -16.5011809, 28.1661684 ], [ -16.5011778, 28.1661697 ], [ -16.5011752, 28.1661719 ], [ -16.501173, 28.1661738 ], [ -16.5011711, 28.1661763 ], [ -16.5011698, 28.1661783 ], [ -16.5011686, 28.1661805 ], [ -16.5011678, 28.1661829 ], [ -16.5011672, 28.1661855 ], [ -16.501167, 28.1661876 ], [ -16.5011672, 28.1661907 ], [ -16.5011679, 28.1661933 ], [ -16.5011694, 28.1661962 ], [ -16.5011706, 28.1661984 ], [ -16.5011721, 28.1662001 ], [ -16.5011742, 28.1662025 ], [ -16.5011763, 28.1662042 ], [ -16.5011785, 28.1662055 ], [ -16.5009476, 28.166229 ] ] ] } },
{ "type": "Feature", "properties": { "fid_": 0, "bic_nombre": "CASA DE CARTA", "bic_catego": "MONUMENTO", "bic_entorn": 1, "municipio_": "LAGUNA (LA)", "bic_descri": "Bien de Interés Cultural con categoría de Monumento de la “Casa de Carta”, en el municipio de San Cristóbal de La Laguna, declarado por Decreto 4/2006, de 27 de enero, del Gobierno de Canarias, publicado en el BOC nº 27 de 8 de febrero de 2006.", "boletin1_n": "BOC nº 27 de 8 de febrero de 2006", "boletin1_u": "http://www.gobiernodecanarias.org/boc/2006/027/004.html", "boletin2_n": null, "boletin2_u": null }, "geometry": { "type": "Polygon", "coordinates": [ [ [ -16.390044, 28.5142715 ], [ -16.3900662, 28.5139401 ], [ -16.3899915, 28.5139291 ], [ -16.3899904, 28.5139995 ], [ -16.3898391, 28.5139912 ], [ -16.3898231, 28.5142521 ], [ -16.390044, 28.5142715 ] ] ] } },
{ "type": "Feature", "properties": { "fid_": 0, "bic_nombre": "IGLESIA DE SANTA URSULA", "bic_catego": "MONUMENTO", "bic_entorn": 1, "municipio_": "ADEJE", "bic_descri": "Bien de Interés Cultural con categoría de Monumento de la “Iglesia de Santa Úrsula”, en el municipio de Adeje, declarado por Decreto 30/1986, de 7 de febrero, del Gobierno de Canarias, publicado en el BOC nº 28 de 7 de marzo de 1986, y modificaci", "boletin1_n": "BOC nº 28 de 7 de marzo de 1986", "boletin1_u": "http://www.gobiernodecanarias.org/boc/1986/028/006.html", "boletin2_n": "BOC nº 109 de 8 de junio de 2017", "boletin2_u": "http://www.gobiernodecanarias.org/boc/2017/109/006.html" }, "geometry": { "type": "Polygon", "coordinates": [ [ [ -16.7242834, 28.1234846 ], [ -16.7242887, 28.1233816 ], [ -16.7242932, 28.1233814 ], [ -16.7242954, 28.1233325 ], [ -16.7242974, 28.1232867 ], [ -16.7239359, 28.1232773 ], [ -16.7239307, 28.123435 ], [ -16.7241149, 28.1234372 ], [ -16.7241147, 28.1234794 ], [ -16.7242834, 28.1234846 ] ] ] } },
{ "type": "Feature", "properties": { "fid_": 0, "bic_nombre": "POLVORÍN DE TACO", "bic_catego": "MONUMENTO", "bic_entorn": 1, "municipio_": "LAGUNA (LA)", "bic_descri": "Bien de Interés Cultural con categoría de Monumento del “Polvorín de Taco”, en el municipio de San Cristóbal de La Laguna, declarado por Decreto 44/2010, de 29 de abril, del Gobierno de Canarias, publicado en el BOC nº 90 de 10 de mayo de 2010.", "boletin1_n": "BOC nº 90 de 10 de mayo de 2010", "boletin1_u": "http://www.gobiernodecanarias.org/boc/2010/090/002.html", "boletin2_n": null, "boletin2_u": null }, "geometry": { "type": "MultiPolygon", "coordinates": [ [ [ [ -16.2953396, 28.4483754 ], [ -16.2952678, 28.4481432 ], [ -16.2950894, 28.4481856 ], [ -16.2951661, 28.4484163 ], [ -16.2953396, 28.4483754 ] ] ], [ [ [ -16.2956851, 28.4490367 ], [ -16.2956589, 28.4489365 ], [ -16.2954741, 28.4489739 ], [ -16.2955, 28.4490741 ], [ -16.2956851, 28.4490367 ] ] ] ] } },
{ "type": "Feature", "properties": { "fid_": 0, "bic_nombre": "IGLESIA DE SAN PEDRO APÓSTOL", "bic_catego": "MONUMENTO", "bic_entorn": 1, "municipio_": "SAUZAL (EL)", "bic_descri": "Bien de Interés Cultural con categoría de Monumento de la “Iglesia de San Pedro Apóstol”, en el municipio de El Sauzal, declarado por Decreto 207/2005 de 02 de noviembre, del Gobierno de Canarias publicado en el BOC nº 224 de 15 de noviembre de 2", "boletin1_n": "BOC nº 224 de 15 de noviembre de 2005", "boletin1_u": "http://www.gobiernodecanarias.org/boc/2005/224/006.html", "boletin2_n": null, "boletin2_u": null }, "geometry": { "type": "Polygon", "coordinates": [ [ [ -16.4371659, 28.4789327 ], [ -16.4373452, 28.4788234 ], [ -16.4373151, 28.478784 ], [ -16.4374711, 28.4786894 ], [ -16.4373579, 28.4785525 ], [ -16.4373194, 28.4785764 ], [ -16.4373402, 28.4786032 ], [ -16.4371396, 28.4787245 ], [ -16.4371656, 28.4787576 ], [ -16.4370734, 28.4788127 ], [ -16.4371659, 28.4789327 ] ] ] } },
{ "type": "Feature", "properties": { "fid_": 0, "bic_nombre": "PALACIO  DE  CARTA", "bic_catego": "MONUMENTO", "bic_entorn": 1, "municipio_": "SANTA CRUZ DE TENERIFE", "bic_descri": "Bien de Interés Cultural con categoría de Monumento del \"Palacio de Carta\", en el municipio de Santa Cruz, declarado por Decreto de 7 de marzo de 1947 publicado en el BOE nº 79 de 20 de marzo de 1947. Delimitación del entorno de protección por Decre", "boletin1_n": "BOE nº 79 de 20 de marzo de 1947", "boletin1_u": "https://www.boe.es/diario_gazeta/comun/pdf.php?p=1947/03/20/pdfs/BOE-1947-79.pdf", "boletin2_n": "BOC nº 118 de 13 de junio de 2008.", "boletin2_u": "http://www.gobiernodecanarias.org/boc/2008/118/006.html" }, "geometry": { "type": "Polygon", "coordinates": [ [ [ -16.248911, 28.4673803 ], [ -16.248911, 28.4673717 ], [ -16.2489162, 28.4673223 ], [ -16.2488377, 28.4673185 ], [ -16.24886, 28.4670617 ], [ -16.2486881, 28.4670462 ], [ -16.2486479, 28.4673663 ], [ -16.248911, 28.4673803 ] ] ] } },
{ "type": "Feature", "properties": { "fid_": 0, "bic_nombre": "ERMITA DE SAN DIEGO", "bic_catego": "MONUMENTO", "bic_entorn": 1, "municipio_": "LAGUNA (LA)", "bic_descri": "Bien de Interés Cultural con categoría de Monumento de la “Ermita de San Diego”, en el municipio de San Cristóbal de La Laguna, declarado por Decreto 100/2015, de 22 de mayo, del Gobierno de Canarias, publicado en el BOC nº 103 de 1 de junio de 2", "boletin1_n": "BOC nº 103 de 1 de junio de 2015", "boletin1_u": "http://www.gobiernodecanarias.org/boc/2015/103/index.html", "boletin2_n": null, "boletin2_u": null }, "geometry": { "type": "Polygon", "coordinates": [ [ [ -16.3284318, 28.5013058 ], [ -16.3284963, 28.5012384 ], [ -16.3284231, 28.5011868 ], [ -16.3284046, 28.5011734 ], [ -16.3282392, 28.5010632 ], [ -16.3280532, 28.5009156 ], [ -16.3279266, 28.500805 ], [ -16.3278726, 28.5008653 ], [ -16.3281843, 28.501125 ], [ -16.3283626, 28.5012532 ], [ -16.3284318, 28.5013058 ] ] ] } },
{ "type": "Feature", "properties": { "fid_": 0, "bic_nombre": "IGLESIA DE SAN ANTONIO DE PADUA", "bic_catego": "MONUMENTO", "bic_entorn": 1, "municipio_": "GRANADILLA DE ABONA", "bic_descri": "Bien de Interés Cultural con categoría de Monumento de la “Iglesia de San Antonio de Padua”, en el municipio de Granadilla, declarado por Decreto 38/2006, de 9 de mayo, del Gobierno de Canarias, publicado en el BOC nº 96 de 19 de mayo de 2006.", "boletin1_n": "BOC nº 96 de 19 de mayo de 2006", "boletin1_u": "http://www.gobiernodecanarias.org/boc/2006/096/013.html", "boletin2_n": null, "boletin2_u": null }, "geometry": { "type": "Polygon", "coordinates": [ [ [ -16.57661, 28.1258607 ], [ -16.5765929, 28.1258923 ], [ -16.5766308, 28.1259081 ], [ -16.57652, 28.1261269 ], [ -16.5764555, 28.1261006 ], [ -16.576406, 28.1262004 ], [ -16.5766303, 28.1262863 ], [ -16.5766846, 28.1261747 ], [ -16.5766211, 28.1261501 ], [ -16.5767378, 28.125915 ], [ -16.57661, 28.1258607 ] ] ] } },
{ "type": "Feature", "properties": { "fid_": 0, "bic_nombre": "CASTILLO DE SAN JUAN", "bic_catego": "MONUMENTO", "bic_entorn": 1, "municipio_": "SANTA CRUZ DE TENERIFE", "bic_descri": "Bien de Interés Cultural con categoría de Monumento del “Castillo de San Juan”, en el municipio de Santa Cruz, declarado por ministerio de la ley según Decreto de 22 de abril de 1949, publicado en el BOE nº 125 de 5 de mayo de 1949 y delimitació", "boletin1_n": "BOE Nº 125 de 5 de mayo de 1949", "boletin1_u": "https://www.boe.es/datos/pdfs/BOE//1949/125/A02058-02059.pdf", "boletin2_n": "BOC nº 109 de 10 de junio de 2003", "boletin2_u": "http://www.gobiernodecanarias.org/boc/2003/109/008.html" }, "geometry": { "type": "Polygon", "coordinates": [ [ [ -16.2524299, 28.455484 ], [ -16.2524391, 28.4554776 ], [ -16.2524498, 28.4554676 ], [ -16.2524657, 28.4554467 ], [ -16.2524711, 28.4554344 ], [ -16.2524753, 28.4554161 ], [ -16.2524743, 28.4553939 ], [ -16.2524673, 28.4553732 ], [ -16.2524578, 28.4553569 ], [ -16.2524421, 28.4553435 ], [ -16.2524945, 28.4553102 ], [ -16.2524686, 28.4552872 ], [ -16.2524369, 28.4552692 ], [ -16.252419, 28.455263 ], [ -16.2524027, 28.4552588 ], [ -16.2523856, 28.4552567 ], [ -16.2523655, 28.4552555 ], [ -16.2523482, 28.4552566 ], [ -16.2523296, 28.4552588 ], [ -16.2523124, 28.455264 ], [ -16.2522954, 28.4552701 ], [ -16.2522844, 28.4552759 ], [ -16.2522685, 28.4552854 ], [ -16.2522567, 28.4552946 ], [ -16.2522424, 28.4553075 ], [ -16.2522307, 28.4553218 ], [ -16.2522195, 28.4553401 ], [ -16.2522128, 28.4553564 ], [ -16.2522085, 28.4553688 ], [ -16.2522068, 28.4553804 ], [ -16.2522055, 28.4553955 ], [ -16.2522062, 28.4554096 ], [ -16.2522079, 28.455424 ], [ -16.2522122, 28.4554381 ], [ -16.252217, 28.4554502 ], [ -16.2522223, 28.4554617 ], [ -16.2522288, 28.455471 ], [ -16.2522372, 28.4554821 ], [ -16.2522453, 28.4554918 ], [ -16.2522553, 28.4555009 ], [ -16.2522646, 28.4555081 ], [ -16.2522795, 28.4555176 ], [ -16.2522946, 28.4555261 ], [ -16.2523204, 28.4554859 ], [ -16.2523347, 28.4554921 ], [ -16.2523637, 28.4554988 ], [ -16.252388, 28.4554979 ], [ -16.2524096, 28.4554936 ], [ -16.2524299, 28.455484 ] ] ] } },
{ "type": "Feature", "properties": { "fid_": 0, "bic_nombre": "IGLESIA DE SAN FRANCISCO", "bic_catego": "MONUMENTO", "bic_entorn": 1, "municipio_": "PUERTO DE LA CRUZ", "bic_descri": "Bien de Interés Cultural con categoría de Monumento de la “Iglesia de San Francisco”, en el municipio del Puerto de la Cruz, declarado por Decreto 62/2013, de 31 de mayo, del Gobierno de Canarias, publicado en el BOC nº 111 de 12 de junio de 2013.", "boletin1_n": "BOC nº 111 de 12 de junio de 2013", "boletin1_u": "http://www.gobiernodecanarias.org/boc/2013/111/004.html", "boletin2_n": null, "boletin2_u": null }, "geometry": { "type": "Polygon", "coordinates": [ [ [ -16.5495193, 28.417006 ], [ -16.5495246, 28.4170047 ], [ -16.5497179, 28.4169477 ], [ -16.5499622, 28.41688 ], [ -16.5499551, 28.4168627 ], [ -16.5499343, 28.4168121 ], [ -16.549937, 28.416812 ], [ -16.5499099, 28.4167436 ], [ -16.5495715, 28.4168849 ], [ -16.549493, 28.4169178 ], [ -16.5495193, 28.417006 ] ] ] } },
{ "type": "Feature", "properties": { "fid_": 0, "bic_nombre": "IGLESIA DE SANTA URSULA", "bic_catego": "MONUMENTO", "bic_entorn": 1, "municipio_": "SANTA URSULA", "bic_descri": "Bien de Interés Cultural con categoría de Monumento de la “Iglesia de Santa Úrsula”, en el municipio homónimo, declarado por Decreto 73/2006, de 31 de mayo, del Gobierno de Canarias, publicado en el BOC nº 113 de 13 de junio de 2006.", "boletin1_n": "BOC nº 113 de 13 de junio de 2006", "boletin1_u": "http://www.gobiernodecanarias.org/boc/2006/113/004.html", "boletin2_n": null, "boletin2_u": null }, "geometry": { "type": "Polygon", "coordinates": [ [ [ -16.4917089, 28.4257863 ], [ -16.4916837, 28.4257235 ], [ -16.4916076, 28.4257489 ], [ -16.4916334, 28.4258096 ], [ -16.4915337, 28.4258417 ], [ -16.4915682, 28.4259239 ], [ -16.4916681, 28.4258922 ], [ -16.4916931, 28.4259525 ], [ -16.491772, 28.4259266 ], [ -16.4917462, 28.4258684 ], [ -16.4919163, 28.425811 ], [ -16.4919291, 28.4258374 ], [ -16.4919595, 28.4258271 ], [ -16.4919519, 28.4258066 ], [ -16.4920172, 28.4257864 ], [ -16.4919815, 28.4256983 ], [ -16.4917089, 28.4257863 ] ] ] } },
{ "type": "Feature", "properties": { "fid_": 0, "bic_nombre": "CASTILLO DE SAN ANDRÉS", "bic_catego": "MONUMENTO", "bic_entorn": 1, "municipio_": "SANTA CRUZ DE TENERIFE", "bic_descri": "Bien de Interés Cultural con categoría de Monumento del “Castillo de San Andrés”, en el municipio de Santa Cruz, declarado por Decreto de 22 de abril de 1949, del Ministerio de Educación Nacional, publicado en el BOE nº 125 de 5 de mayo de 1949,", "boletin1_n": "BOE nº 125 de 5 de mayo de 1949", "boletin1_u": "https://www.boe.es/datos/pdfs/BOE//1949/125/A02058-02059.pdf", "boletin2_n": "BOC nº 159 de 3 de diciembre de 1999", "boletin2_u": "http://www.gobiernodecanarias.org/boc/1999/159/016.html" }, "geometry": { "type": "Polygon", "coordinates": [ [ [ -16.1908836, 28.5049726 ], [ -16.1909238, 28.5049673 ], [ -16.1909702, 28.5049441 ], [ -16.1909894, 28.5049269 ], [ -16.1910028, 28.5049087 ], [ -16.1910115, 28.5048911 ], [ -16.19102, 28.5048626 ], [ -16.1910173, 28.5048313 ], [ -16.1910074, 28.504797 ], [ -16.1909884, 28.5047725 ], [ -16.1909628, 28.5047507 ], [ -16.1909413, 28.5047388 ], [ -16.1909187, 28.5047319 ], [ -16.1908872, 28.504725 ], [ -16.1908607, 28.5047274 ], [ -16.1908334, 28.5047326 ], [ -16.1908077, 28.5047456 ], [ -16.1908061, 28.5047449 ], [ -16.1907861, 28.5047601 ], [ -16.1907678, 28.5047773 ], [ -16.1907552, 28.504798 ], [ -16.1907489, 28.5048116 ], [ -16.1907442, 28.5048266 ], [ -16.1907429, 28.5048508 ], [ -16.1907467, 28.504872 ], [ -16.1907522, 28.5048934 ], [ -16.1907645, 28.5049139 ], [ -16.1907808, 28.504933 ], [ -16.190806, 28.5049534 ], [ -16.1908529, 28.5049693 ], [ -16.1908836, 28.5049726 ] ] ] } },
{ "type": "Feature", "properties": { "fid_": 0, "bic_nombre": "INMUEBLE EN LA CALLE CALVARIO Nº 52 Y 54. CASA HERNÁNDEZ DEL ÁLAMO", "bic_catego": "MONUMENTO", "bic_entorn": 1, "municipio_": "OROTAVA (LA)", "bic_descri": "Bien de Interés Cultural con categoría de Monumento de los “Inmuebles sitos en la calle Calvario 52 y 54”, en el municipio de La Orotava, declarado por Decreto 63/2002, de 20 de mayo, del Gobierno de Canarias, publicado en el BOC nº 66 de 24 de ma", "boletin1_n": "BOC nº 66 de 24 de mayo de 2002", "boletin1_u": "http://www.gobiernodecanarias.org/boc/2002/066/007.html", "boletin2_n": null, "boletin2_u": null }, "geometry": { "type": "Polygon", "coordinates": [ [ [ -16.5213627, 28.3935895 ], [ -16.5212689, 28.3935234 ], [ -16.5212182, 28.3934881 ], [ -16.5211351, 28.3934361 ], [ -16.5211114, 28.3934606 ], [ -16.5211065, 28.3934667 ], [ -16.5211479, 28.3934964 ], [ -16.5210717, 28.3935688 ], [ -16.5211085, 28.3936007 ], [ -16.5210783, 28.3936305 ], [ -16.5210799, 28.3936463 ], [ -16.521171, 28.3936994 ], [ -16.5211496, 28.3937273 ], [ -16.5211728, 28.3937429 ], [ -16.5212413, 28.3937519 ], [ -16.5212926, 28.3936835 ], [ -16.5213057, 28.3936911 ], [ -16.5213402, 28.3936448 ], [ -16.5213271, 28.3936372 ], [ -16.5213627, 28.3935895 ] ] ] } },
{ "type": "Feature", "properties": { "fid_": 0, "bic_nombre": "IGLESIA DE NUESTRA SEÑORA DE LAS NIEVES DE TAGANANA", "bic_catego": "MONUMENTO", "bic_entorn": 1, "municipio_": "SANTA CRUZ DE TENERIFE", "bic_descri": "Bien de Interés Cultural con categoría de Monumento de la “Iglesia de Nuestra Señora de las Nieves de Taganana”, en el municipio de Santa Cruz, declarado por Decreto 130/2006, de 26 de septiembre, del Gobierno de Canarias, publicado en el BOC nº", "boletin1_n": "BOC nº 196 de 6 de octubre de 2006", "boletin1_u": "http://www.gobiernodecanarias.org/boc/2006/196/005.html", "boletin2_n": null, "boletin2_u": null }, "geometry": { "type": "Polygon", "coordinates": [ [ [ -16.2171512, 28.5606364 ], [ -16.2172267, 28.5604736 ], [ -16.2169537, 28.5603871 ], [ -16.2168847, 28.5605482 ], [ -16.2171512, 28.5606364 ] ] ] } },
{ "type": "Feature", "properties": { "fid_": 0, "bic_nombre": "IGLESIA DE SAN ANTONIO DE PADUA", "bic_catego": "MONUMENTO", "bic_entorn": 1, "municipio_": "TANQUE (EL)", "bic_descri": "Bien de Interés Cultural con categoría de Monumento de la “Iglesia de San Antonio de Padua”, en el municipio de El Tanque, declarado por Decreto 117/2011, de 17 de mayo, del Gobierno de Canarias, publicado en el BOC nº 106 de 31 de mayo de 2011.", "boletin1_n": "BOC nº 106 de 31 de mayo de 2011", "boletin1_u": "http://www.gobiernodecanarias.org/boc/2011/106/011.html", "boletin2_n": null, "boletin2_u": null }, "geometry": { "type": "Polygon", "coordinates": [ [ [ -16.7722646, 28.3641095 ], [ -16.7722415, 28.3640203 ], [ -16.772109, 28.3640461 ], [ -16.7720955, 28.3639978 ], [ -16.7720089, 28.3640145 ], [ -16.7720199, 28.3640623 ], [ -16.7719287, 28.3640794 ], [ -16.7719392, 28.3641256 ], [ -16.7718459, 28.364144 ], [ -16.7718675, 28.364235 ], [ -16.772076, 28.3641982 ], [ -16.7720648, 28.3641501 ], [ -16.7722646, 28.3641095 ] ] ] } },
{ "type": "Feature", "properties": { "fid_": 0, "bic_nombre": "TEMPLO  MASONICO", "bic_catego": "MONUMENTO", "bic_entorn": 1, "municipio_": "SANTA CRUZ DE TENERIFE", "bic_descri": "Bien de Interés Cultural con categoría de Monumento del “Templo Masónico”, en el municipio de Santa Cruz, declarado por Decreto 390/2007, de 6 de noviembre, del Gobierno de Canarias, publicado en el BOC nº 229 de 15 de noviembre de 2007.", "boletin1_n": "BOC nº 229 de 15 de noviembre de 2007", "boletin1_u": "https://www.gobiernodecanarias.org/boc/2007/229/002.html", "boletin2_n": null, "boletin2_u": null }, "geometry": { "type": "Polygon", "coordinates": [ [ [ -16.2529143, 28.4689076 ], [ -16.2529507, 28.4688753 ], [ -16.2530141, 28.4688164 ], [ -16.2530517, 28.4687797 ], [ -16.2530137, 28.4687447 ], [ -16.2528657, 28.4686221 ], [ -16.2528336, 28.4686517 ], [ -16.2528265, 28.4686467 ], [ -16.2527582, 28.4687087 ], [ -16.2527646, 28.4687144 ], [ -16.2527323, 28.4687436 ], [ -16.2527381, 28.4687507 ], [ -16.2529143, 28.4689076 ] ] ] } },
{ "type": "Feature", "properties": { "fid_": 0, "bic_nombre": "MOLINO Y LAVADEROS DE ARAFO", "bic_catego": "SITIO ETNOLÓGICO", "bic_entorn": 1, "municipio_": "ARAFO", "bic_descri": "Bien de Interés Cultural con categoría de Sitio Etnológico del “Molino y Lavaderos”, en el municipio de Arafo, declarado por Decreto 41/2006, de 9 de mayo, del Gobierno de Canarias, publicado en el BOC nº 96 de 19 de mayo de 2006.", "boletin1_n": "BOC nº 96 de 19 de mayo de 2006", "boletin1_u": "http://www.gobiernodecanarias.org/boc/2006/096/015.html", "boletin2_n": null, "boletin2_u": null }, "geometry": { "type": "MultiPolygon", "coordinates": [ [ [ [ -16.4266858, 28.3415132 ], [ -16.4266973, 28.3414762 ], [ -16.4267151, 28.3414096 ], [ -16.4267343, 28.3414161 ], [ -16.4267537, 28.3413727 ], [ -16.426715, 28.3413476 ], [ -16.4266628, 28.3413306 ], [ -16.426542, 28.3412919 ], [ -16.4265176, 28.3413516 ], [ -16.4265398, 28.3413591 ], [ -16.4265236, 28.3414025 ], [ -16.426608, 28.341427 ], [ -16.4266048, 28.3414361 ], [ -16.4266166, 28.3414394 ], [ -16.4266268, 28.3414177 ], [ -16.4266399, 28.3413859 ], [ -16.426654, 28.3413905 ], [ -16.4266407, 28.3414213 ], [ -16.4266142, 28.3414923 ], [ -16.4266858, 28.3415132 ] ] ], [ [ [ -16.4263848, 28.3413359 ], [ -16.4263896, 28.3413082 ], [ -16.4263918, 28.3413006 ], [ -16.4263953, 28.341273 ], [ -16.4262826, 28.34126 ], [ -16.4262812, 28.3412749 ], [ -16.4262697, 28.341275 ], [ -16.4262207, 28.3412703 ], [ -16.4261213, 28.3412559 ], [ -16.4261207, 28.3412985 ], [ -16.4260984, 28.341296 ], [ -16.4260977, 28.3413194 ], [ -16.4261233, 28.3413226 ], [ -16.426216, 28.3413276 ], [ -16.4262761, 28.3413309 ], [ -16.4262764, 28.3413224 ], [ -16.4263848, 28.3413359 ] ] ] ] } },
{ "type": "Feature", "properties": { "fid_": 0, "bic_nombre": "ERMITA DEL SOCORRO", "bic_catego": "MONUMENTO", "bic_entorn": 1, "municipio_": "GÜIMAR", "bic_descri": "Bien de Interés Cultural con categoría de Monumento de la “Ermita del Socorro”, en el municipio de Güímar, declarado por Acuerdo del Gobierno de Canarias de 19 de noviembre de 1990, publicado en el BOC nº 92 de 16 de julio de 1993.", "boletin1_n": "BOC nº 92 de 16 de julio de 1993", "boletin1_u": "http://www.gobiernodecanarias.org/boc/1993/092/008.html", "boletin2_n": null, "boletin2_u": null }, "geometry": { "type": "Polygon", "coordinates": [ [ [ -16.365112, 28.3278879 ], [ -16.3651203, 28.3279339 ], [ -16.3651725, 28.3279283 ], [ -16.3652427, 28.3279205 ], [ -16.3652274, 28.3277753 ], [ -16.3651649, 28.3277852 ], [ -16.3651498, 28.3276758 ], [ -16.3650093, 28.3276918 ], [ -16.3650388, 28.327897 ], [ -16.365112, 28.3278879 ] ] ] } },
{ "type": "Feature", "properties": { "fid_": 0, "bic_nombre": "CASA DEL BEATO PADRE ANCHIETA", "bic_catego": "MONUMENTO", "bic_entorn": 0, "municipio_": "LAGUNA (LA)", "bic_descri": "Bien de Interés Cultural con categoría de Monumento de la “Casa del Beato Padre Anchieta”, en el municipio de San Cristóbal de La Laguna, declarado por Decreto 50/1986, de 14 de marzo, del Gobierno de Canarias, publicado en el BOC nº 38 de 2 de a", "boletin1_n": "BOC nº 38 de 2 de abril de 1986", "boletin1_u": "http://www.gobiernodecanarias.org/boc/1986/038/006.html", "boletin2_n": null, "boletin2_u": null }, "geometry": { "type": "Polygon", "coordinates": [ [ [ -16.3129802, 28.4870749 ], [ -16.3131636, 28.4870795 ], [ -16.3131668, 28.487017 ], [ -16.3131462, 28.4870154 ], [ -16.3131639, 28.4868733 ], [ -16.3130955, 28.4868695 ], [ -16.3130961, 28.4868581 ], [ -16.3130627, 28.4868561 ], [ -16.313061, 28.4868641 ], [ -16.3130007, 28.4868659 ], [ -16.3129996, 28.4868509 ], [ -16.3129533, 28.4868516 ], [ -16.3129802, 28.4870749 ] ] ] } },
{ "type": "Feature", "properties": { "fid_": 0, "bic_nombre": "IGLESIA DE SAN ANTONIO ABAD", "bic_catego": "MONUMENTO", "bic_entorn": 1, "municipio_": "ARONA", "bic_descri": "Bien de Interés Cultural con categoría de Monumento de la “Iglesia de San Antonio Abad”, en el municipio de Arona, declarado por Decreto 236/2017, de 27 de noviembre, del Gobierno de Canarias, publicado en el BOC nº 234, de 5 de diciembre de 2017.", "boletin1_n": "BOC nº 234 de 5 de diciembre de 2017", "boletin1_u": "http://www.gobiernodecanarias.org/boc/2017/234/019.html", "boletin2_n": null, "boletin2_u": null }, "geometry": { "type": "Polygon", "coordinates": [ [ [ -16.6812818, 28.1001662 ], [ -16.6812421, 28.1000353 ], [ -16.6808897, 28.100124 ], [ -16.6809231, 28.1002142 ], [ -16.6811165, 28.1001644 ], [ -16.681134, 28.1002026 ], [ -16.6812818, 28.1001662 ] ] ] } },
{ "type": "Feature", "properties": { "fid_": 0, "bic_nombre": "IGLESIA PARROQUIAL DE SAN BENITO ABAD", "bic_catego": "MONUMENTO", "bic_entorn": 1, "municipio_": "LAGUNA (LA)", "bic_descri": "Bien de Interés Cultural con categoría de Monumento de la “Iglesia de San Benito Abad”, en el municipio de San Cristóbal de La Laguna, declarado por Decreto 153/2007, de 5 de junio, del Gobierno de Canarias, publicado en el BOC nº 120 de 16 de ju", "boletin1_n": "BOC nº 120 de 16 de junio de 2007", "boletin1_u": "http://www.gobiernodecanarias.org/boc/2007/120/008.html", "boletin2_n": null, "boletin2_u": null }, "geometry": { "type": "Polygon", "coordinates": [ [ [ -16.3266351, 28.4902511 ], [ -16.3266448, 28.4901732 ], [ -16.3265958, 28.4901679 ], [ -16.3265962, 28.4901643 ], [ -16.3264823, 28.4901519 ], [ -16.3264836, 28.4901423 ], [ -16.3262207, 28.4901137 ], [ -16.3262073, 28.4902139 ], [ -16.3264663, 28.490242 ], [ -16.3264675, 28.4902331 ], [ -16.3266351, 28.4902511 ] ] ] } },
{ "type": "Feature", "properties": { "fid_": 0, "bic_nombre": "IGLESIA DEL AMPARO", "bic_catego": "MONUMENTO", "bic_entorn": 1, "municipio_": "ICOD DE LOS VINOS", "bic_descri": "Bien de Interés Cultural con categoría de Monumento de la “Iglesia del Amparo”, en el municipio de Icod de los Vinos, declarado por Decreto 131/2007, de 24 de mayo, del Gobierno de Canarias, publicado en el BOC nº 118 de 14 de junio de 2007.", "boletin1_n": "BOC nº 118 de 14 de junio de 2007", "boletin1_u": "http://www.gobiernodecanarias.org/boc/2007/118/013.html", "boletin2_n": null, "boletin2_u": null }, "geometry": { "type": "Polygon", "coordinates": [ [ [ -16.7164047, 28.3556675 ], [ -16.7163987, 28.3555987 ], [ -16.7164218, 28.3555971 ], [ -16.7164159, 28.3555187 ], [ -16.7163021, 28.3555275 ], [ -16.7163056, 28.3555604 ], [ -16.7161333, 28.3555752 ], [ -16.7161367, 28.3556103 ], [ -16.716083, 28.3556142 ], [ -16.7160909, 28.355689 ], [ -16.7164047, 28.3556675 ] ] ] } },
{ "type": "Feature", "properties": { "fid_": 0, "bic_nombre": "CASA BORGES ESTÉVANEZ", "bic_catego": "SITIO HISTÓRICO", "bic_entorn": 1, "municipio_": "LAGUNA (LA)", "bic_descri": "Bien de Interés Cultural con categoría de Sitio Histórico de la “Casa Borges-Estévanez”, en el municipio de San Cristóbal de La Laguna, declarado por Decreto 58/2014, de 29 de mayo, del Gobierno de Canarias, publicado en el BOC nº 110 de 10 de", "boletin1_n": "BOC nº 110 de 10 de junio de 2014", "boletin1_u": "http://www.gobiernodecanarias.org/boc/2014/110/002.html", "boletin2_n": null, "boletin2_u": null }, "geometry": { "type": "Polygon", "coordinates": [ [ [ -16.3052995, 28.474299 ], [ -16.3053264, 28.4742319 ], [ -16.3052561, 28.4742161 ], [ -16.3052861, 28.4741354 ], [ -16.3051997, 28.4741097 ], [ -16.3051787, 28.4741803 ], [ -16.3050673, 28.4741512 ], [ -16.3050659, 28.4741524 ], [ -16.3050532, 28.4741489 ], [ -16.305062, 28.4741247 ], [ -16.3050231, 28.4741146 ], [ -16.3050041, 28.474159 ], [ -16.304989, 28.4741567 ], [ -16.3049701, 28.4742112 ], [ -16.3049743, 28.4742132 ], [ -16.3052995, 28.474299 ] ] ] } },
{ "type": "Feature", "properties": { "fid_": 0, "bic_nombre": "CASA CAMPINO", "bic_catego": "MONUMENTO", "bic_entorn": 1, "municipio_": "ICOD DE LOS VINOS", "bic_descri": "Bien de Interés Cultural con categoría de Monumento de la “Casa Campino”, en el municipio de Icod de los Vinos, declarado por Decreto 100/2006, de 11 de julio, del Gobierno de Canarias, publicado en el BOC nº 139 de 19 de julio de 2006.", "boletin1_n": "BOC nº 139 de 19 de julio de 2006", "boletin1_u": "http://www.gobiernodecanarias.org/boc/2006/139/004.html", "boletin2_n": null, "boletin2_u": null }, "geometry": { "type": "Polygon", "coordinates": [ [ [ -16.7179695, 28.362706 ], [ -16.7179715, 28.3627041 ], [ -16.7179845, 28.3626908 ], [ -16.7179463, 28.3626589 ], [ -16.7178869, 28.3625993 ], [ -16.7178595, 28.3625708 ], [ -16.7178182, 28.3626047 ], [ -16.7178081, 28.3626141 ], [ -16.7177833, 28.3626366 ], [ -16.7177987, 28.3626494 ], [ -16.7177823, 28.3626652 ], [ -16.7177591, 28.362644 ], [ -16.7177373, 28.3626674 ], [ -16.7177769, 28.3627016 ], [ -16.7177545, 28.3627223 ], [ -16.7177382, 28.3627112 ], [ -16.7177103, 28.3627358 ], [ -16.7177216, 28.3627469 ], [ -16.7177178, 28.3627511 ], [ -16.7177517, 28.3627767 ], [ -16.717738, 28.3627895 ], [ -16.7177667, 28.362812 ], [ -16.7177792, 28.3627978 ], [ -16.7177971, 28.3628098 ], [ -16.7178422, 28.3627609 ], [ -16.7178788, 28.3627916 ], [ -16.7179695, 28.362706 ] ] ] } },
{ "type": "Feature", "properties": { "fid_": 0, "bic_nombre": "CASTILLO DE SAN FELIPE", "bic_catego": "MONUMENTO", "bic_entorn": 1, "municipio_": "PUERTO DE LA CRUZ", "bic_descri": "Bien de Interés Cultural con categoría de Monumento del “Castillo de San Felipe”, en el municipio del Puerto de la Cruz, declarado por ministerio de la ley según Decreto de 22 de abril de 1949, publicado en el BOE nº 125 de 5 de mayo de 1949 y de", "boletin1_n": "BOE Nº 125 de 5 de mayo de 1949", "boletin1_u": "https://www.boe.es/datos/pdfs/BOE//1949/125/A02058-02059.pdf", "boletin2_n": "BOC nº 246 de 16 de diciembre de 2010", "boletin2_u": "http://www.gobiernodecanarias.org/boc/2010/246/011.html" }, "geometry": { "type": "Polygon", "coordinates": [ [ [ -16.5586248, 28.4144483 ], [ -16.5586391, 28.4143162 ], [ -16.5584629, 28.4142935 ], [ -16.558385, 28.4143978 ], [ -16.5584727, 28.4144719 ], [ -16.5584727, 28.4144723 ], [ -16.5584715, 28.4144749 ], [ -16.5584713, 28.4144764 ], [ -16.5584714, 28.4144782 ], [ -16.558472, 28.4144798 ], [ -16.5584729, 28.4144813 ], [ -16.558474, 28.4144826 ], [ -16.5584756, 28.4144839 ], [ -16.5584772, 28.4144845 ], [ -16.558479, 28.414485 ], [ -16.5584809, 28.4144851 ], [ -16.5584836, 28.4144847 ], [ -16.5584853, 28.4144841 ], [ -16.5584869, 28.4144832 ], [ -16.5584882, 28.414482 ], [ -16.5584893, 28.4144806 ], [ -16.5584902, 28.414478 ], [ -16.5584906, 28.4144776 ], [ -16.5586248, 28.4144483 ] ] ] } },
{ "type": "Feature", "properties": { "fid_": 0, "bic_nombre": "SECADERO DE TABACO", "bic_catego": "SITIO ETNOLÓGICO", "bic_entorn": 1, "municipio_": "GRANADILLA DE ABONA", "bic_descri": "Bien de Interés Cultural con categoría de Sitio Etnológico del “Secadero de tabaco”, en el municipio de Granadilla, declarado por Decreto 159/2008, de 15 de julio, del Gobierno de Canarias, publicado en el BOC nº 151 de 29 de julio de 2008.", "boletin1_n": "BOC nº 151 de 29 de julio de 2008", "boletin1_u": "http://www.gobiernodecanarias.org/boc/2008/151/009.html", "boletin2_n": null, "boletin2_u": null }, "geometry": { "type": "Polygon", "coordinates": [ [ [ -16.5751946, 28.1235567 ], [ -16.5751156, 28.1234916 ], [ -16.5751098, 28.1234871 ], [ -16.5751103, 28.1234866 ], [ -16.5751056, 28.1234838 ], [ -16.5749301, 28.1236536 ], [ -16.574896, 28.1236889 ], [ -16.5749801, 28.1237586 ], [ -16.5751946, 28.1235567 ] ] ] } },
{ "type": "Feature", "properties": { "fid_": 0, "bic_nombre": "CASA DEL PASEO Y CAPILLA DE SAN JUAN", "bic_catego": "SITIO HISTÓRICO", "bic_entorn": 1, "municipio_": "GÜIMAR", "bic_descri": "Bien de Interés Cultural con categoría de Sitio Histórico de la “Casa del Paseo y Capilla de San Juan”, en el municipio de Güímar, declarado por Decreto 21/2008, de 19 de febrero, del Gobierno de Canarias, publicado en el BOC nº 42 de 27 de feb", "boletin1_n": "BOC nº 42 de 27 de febrero de 2008", "boletin1_u": "http://www.gobiernodecanarias.org/boc/2008/042/009.html", "boletin2_n": null, "boletin2_u": null }, "geometry": { "type": "MultiPolygon", "coordinates": [ [ [ [ -16.4244318, 28.3076531 ], [ -16.424325, 28.3074742 ], [ -16.4242466, 28.3075077 ], [ -16.4242967, 28.3075968 ], [ -16.4242417, 28.307632 ], [ -16.4242683, 28.3076678 ], [ -16.4243233, 28.3076345 ], [ -16.4243589, 28.30769 ], [ -16.4244318, 28.3076531 ] ] ], [ [ [ -16.4245812, 28.3073453 ], [ -16.4245761, 28.3073309 ], [ -16.4247157, 28.3072843 ], [ -16.4246912, 28.3072228 ], [ -16.4245296, 28.3072781 ], [ -16.424553, 28.3073517 ], [ -16.4245812, 28.3073453 ] ] ] ] } },
{ "type": "Feature", "properties": { "fid_": 0, "bic_nombre": "CASA DE LOS GUZMANES", "bic_catego": "SITIO ETNOLÓGICO", "bic_entorn": 1, "municipio_": "TANQUE (EL)", "bic_descri": "Bien de Interés Cultural con categoría de Sitio Etnológico de la “Casa de los Guzmanes”, en el municipio de El Tanque, declarado por Decreto 118/2014, de 12 de diciembre, del Gobierno de Canarias, publicado en el BOC nº 247 de 22 de diciembre de", "boletin1_n": "BOC nº 247 de 22 de diciembre de 2014", "boletin1_u": "http://www.gobiernodecanarias.org/boc/2014/247/005.html", "boletin2_n": null, "boletin2_u": null }, "geometry": { "type": "Polygon", "coordinates": [ [ [ -16.7740244, 28.361233 ], [ -16.7741224, 28.3611361 ], [ -16.7741135, 28.3611278 ], [ -16.7741287, 28.3611152 ], [ -16.7740837, 28.3610776 ], [ -16.7741426, 28.3610023 ], [ -16.7740906, 28.3609674 ], [ -16.7740491, 28.3610285 ], [ -16.7740051, 28.3610059 ], [ -16.7739843, 28.3610308 ], [ -16.7739353, 28.3610848 ], [ -16.7738981, 28.3611239 ], [ -16.7739354, 28.3611548 ], [ -16.7739676, 28.3611812 ], [ -16.7739644, 28.361184 ], [ -16.7740244, 28.361233 ] ] ] } },
{ "type": "Feature", "properties": { "fid_": 0, "bic_nombre": "ANTIGUO CONVENTO FRANCISCANO DE NTRA. SRA. DE GUADALUPE Y SAN PABLO", "bic_catego": "MONUMENTO", "bic_entorn": 1, "municipio_": "ADEJE", "bic_descri": "Bien de Interés Cultural con categoría de Monumento del “Antiguo Convento Franciscano de Nuestra Señora de Guadalupe y San Pablo”, en el municipio de Adeje, declarado por Decreto 30/1986, de 7 de febrero, del Gobierno de Canarias, publicado en el", "boletin1_n": "BOC nº 28 de 7 de marzo de 1986", "boletin1_u": "http://www.gobiernodecanarias.org/boc/1986/028/006.html", "boletin2_n": "BOC nº 222 de 14 de noviembre de 2014", "boletin2_u": "http://www.gobiernodecanarias.org/boc/2014/222/005.html" }, "geometry": { "type": "Polygon", "coordinates": [ [ [ -16.7243454, 28.1229095 ], [ -16.7243541, 28.1228227 ], [ -16.724006, 28.1227786 ], [ -16.7239945, 28.1228727 ], [ -16.7240012, 28.1228734 ], [ -16.7243454, 28.1229095 ] ] ] } },
{ "type": "Feature", "properties": { "fid_": 0, "bic_nombre": "ERMITA DE NUESTRA SEÑORA DE GRACIA", "bic_catego": "MONUMENTO", "bic_entorn": 1, "municipio_": "LAGUNA (LA)", "bic_descri": "Bien de Interés Cultural con categoría de Monumento de la “Ermita de Nuestra Señora de Gracia”, en el municipio de San Cristóbal de La Laguna, declarado por Decreto 37/2006, de 9 de mayo, del Gobierno de Canarias, publicado en el BOC nº 96 de 19", "boletin1_n": "BOC nº 96 de 19 de mayo de 2006", "boletin1_u": "http://www.gobiernodecanarias.org/boc/2006/096/012.html", "boletin2_n": null, "boletin2_u": null }, "geometry": { "type": "Polygon", "coordinates": [ [ [ -16.3050392, 28.4750598 ], [ -16.3050387, 28.4750617 ], [ -16.3053403, 28.4751339 ], [ -16.30537, 28.4750374 ], [ -16.3053524, 28.4750324 ], [ -16.3053492, 28.4750408 ], [ -16.3052107, 28.4750073 ], [ -16.305146, 28.4749904 ], [ -16.305043, 28.4749683 ], [ -16.3050153, 28.4750539 ], [ -16.3050392, 28.4750598 ] ] ] } },
{ "type": "Feature", "properties": { "fid_": 0, "bic_nombre": "CASA DE LA ESQUINA DE LOS CARROS", "bic_catego": "SITIO HISTÓRICO", "bic_entorn": 1, "municipio_": "ARAFO", "bic_descri": "Bien de Interés Cultural con categoría de Sitio Histórico de la “Casa de la esquina de los Carros”, en el municipio de Arafo, declarado por Decreto 158/2006, de 31 de octubre, del Gobierno de Canarias, publicado en el BOC nº 219 de 10 de noviembr", "boletin1_n": "BOC nº 219 de 10 de noviembre de 2006", "boletin1_u": "http://www.gobiernodecanarias.org/boc/2006/219/016.html", "boletin2_n": null, "boletin2_u": null }, "geometry": { "type": "Polygon", "coordinates": [ [ [ -16.423053, 28.3407746 ], [ -16.4230132, 28.3408623 ], [ -16.4230044, 28.3408811 ], [ -16.4232241, 28.3409808 ], [ -16.4232666, 28.340873 ], [ -16.4232422, 28.3408626 ], [ -16.4231613, 28.3408205 ], [ -16.4231216, 28.3407981 ], [ -16.423053, 28.3407733 ], [ -16.423053, 28.3407746 ] ] ] } },
{ "type": "Feature", "properties": { "fid_": 0, "bic_nombre": "CASA  MIRANDA", "bic_catego": "MONUMENTO", "bic_entorn": 1, "municipio_": "PUERTO DE LA CRUZ", "bic_descri": "Bien de Interés Cultural con categoría de Monumento de la “Casa Miranda”, en el municipio del Puerto de la Cruz declarado por Decreto 47/2009, de 28 de abril, del Gobierno de Canarias, publicado en el BOC nº 091 de 14 de mayo de 2009.", "boletin1_n": "BOC nº 091 de 14 de mayo de 2009", "boletin1_u": "http://www.gobiernodecanarias.org/boc/2009/091/006.html", "boletin2_n": null, "boletin2_u": null }, "geometry": { "type": "Polygon", "coordinates": [ [ [ -16.5490419, 28.4178346 ], [ -16.5488332, 28.4178666 ], [ -16.5488527, 28.4179549 ], [ -16.5489999, 28.417971 ], [ -16.5490097, 28.4179922 ], [ -16.5490674, 28.4179998 ], [ -16.5490742, 28.4179824 ], [ -16.5490454, 28.4178396 ], [ -16.5490433, 28.4178399 ], [ -16.5490419, 28.4178346 ] ] ] } },
{ "type": "Feature", "properties": { "fid_": 0, "bic_nombre": "IGLESIA DE SAN JOSE", "bic_catego": "MONUMENTO", "bic_entorn": 1, "municipio_": "SAN JUAN DE LA RAMBLA", "bic_descri": "Bien de Interés Cultural con categoría de Monumento de la “Iglesia de San José”, en el municipio de San Juan de la Rambla, declarado por Decreto 42/2006, de 9 de mayo, del Gobierno de Canarias, publicado en el BOC nº 98 de 22 de mayo de 2006.", "boletin1_n": "BOC nº 98 de 22 de mayo de 2006", "boletin1_u": "http://www.gobiernodecanarias.org/boc/2006/098/006.html", "boletin2_n": null, "boletin2_u": null }, "geometry": { "type": "Polygon", "coordinates": [ [ [ -16.6462264, 28.3800505 ], [ -16.6462261, 28.3800501 ], [ -16.6461356, 28.3800347 ], [ -16.6460874, 28.380028 ], [ -16.6460138, 28.3800206 ], [ -16.645998, 28.38014 ], [ -16.646206, 28.3801634 ], [ -16.6462264, 28.3800505 ] ] ] } },
{ "type": "Feature", "properties": { "fid_": 0, "bic_nombre": "CASA NATAL DE JOSÉ ANTONIO VIERA Y CLAVIJO", "bic_catego": "MONUMENTO", "bic_entorn": 0, "municipio_": "REALEJOS (LOS)", "bic_descri": "Bien de Interés Cultural con categoría de Monumento de la “Casa natal de José Antonio Viera y Clavijo”, en el municipio de Los Realejos, declarado por Decreto 50/1986 de 14 de marzo, del Gobierno de Canarias, publicado en el BOC nº 38 de 2 de abr", "boletin1_n": "BOC nº 38 de 2 de abril de 1986", "boletin1_u": "https://www.gobiernodecanarias.org/boc/1986/038/006.html", "boletin2_n": null, "boletin2_u": null }, "geometry": { "type": "Polygon", "coordinates": [ [ [ -16.5867805, 28.3790096 ], [ -16.5867765, 28.3790102 ], [ -16.5867778, 28.3790238 ], [ -16.5867825, 28.3790516 ], [ -16.5868441, 28.3790489 ], [ -16.5868709, 28.3790478 ], [ -16.5868857, 28.3790471 ], [ -16.586936, 28.3790451 ], [ -16.5869858, 28.3790435 ], [ -16.5870322, 28.379042 ], [ -16.5870324, 28.3790391 ], [ -16.5870327, 28.3790366 ], [ -16.5870367, 28.3790042 ], [ -16.5870444, 28.3789418 ], [ -16.5869822, 28.3789429 ], [ -16.5869311, 28.3789425 ], [ -16.5868938, 28.3789421 ], [ -16.5868934, 28.3789454 ], [ -16.5868703, 28.3789444 ], [ -16.5868689, 28.3789679 ], [ -16.5868471, 28.3789669 ], [ -16.5868466, 28.3789746 ], [ -16.5867789, 28.3789768 ], [ -16.5867805, 28.3790096 ] ] ] } },
{ "type": "Feature", "properties": { "fid_": 0, "bic_nombre": "IGLESIA PARROQUIAL DE SAN LÁZARO", "bic_catego": "MONUMENTO", "bic_entorn": 1, "municipio_": "LAGUNA (LA)", "bic_descri": "Bien de Interés Cultural con categoría de Monumento de la “Iglesia Parroquial de San Lázaro”, en el municipio de San Cristóbal de La Laguna, declarado por Decreto 203/2005, de 25 de octubre, del Gobierno de Canarias, publicado en el BOC nº 215 d", "boletin1_n": "BOC nº 215 de 3 de noviembre de 2005", "boletin1_u": "http://www.gobiernodecanarias.org/boc/2005/215/003.html", "boletin2_n": null, "boletin2_u": null }, "geometry": { "type": "Polygon", "coordinates": [ [ [ -16.332372, 28.4894861 ], [ -16.3323726, 28.4894531 ], [ -16.3324621, 28.4894494 ], [ -16.3324603, 28.4893901 ], [ -16.3324507, 28.4893469 ], [ -16.332268, 28.4893529 ], [ -16.3322702, 28.4893953 ], [ -16.3322558, 28.4893964 ], [ -16.3322655, 28.4894904 ], [ -16.332372, 28.4894861 ] ] ] } },
{ "type": "Feature", "properties": { "fid_": 0, "bic_nombre": "LA CASA DE LA PORTUGUESA", "bic_catego": "MONUMENTO", "bic_entorn": 1, "municipio_": "SANTA URSULA", "bic_descri": "Bien de Interés Cultural con categoría de Monumento de la “Casa de la Portuguesa”, en el municipio de Santa Úrsula, declarado por Decreto 130/2007, de 24 de mayo, del Gobierno de Canarias, publicado en el BOC nº 118 de 14 de junio de 2007.", "boletin1_n": "BOC nº 118 de 14 de junio de 2007", "boletin1_u": "http://www.gobiernodecanarias.org/boc/2007/118/012.html", "boletin2_n": null, "boletin2_u": null }, "geometry": { "type": "Polygon", "coordinates": [ [ [ -16.4996509, 28.4211637 ], [ -16.4996334, 28.4211188 ], [ -16.4995134, 28.4211641 ], [ -16.4995055, 28.4211439 ], [ -16.4993899, 28.4211901 ], [ -16.4994215, 28.4212894 ], [ -16.4994724, 28.4212788 ], [ -16.4994868, 28.4213005 ], [ -16.499547, 28.421279 ], [ -16.4995336, 28.4212493 ], [ -16.4995738, 28.4212345 ], [ -16.4995721, 28.4211968 ], [ -16.4996509, 28.4211637 ] ] ] } },
{ "type": "Feature", "properties": { "fid_": 0, "bic_nombre": "ERMITA DE SAN TELMO", "bic_catego": "MONUMENTO", "bic_entorn": 1, "municipio_": "SANTA CRUZ DE TENERIFE", "bic_descri": "Bien de Interés Cultural con categoría de Monumento de la “Ermita de San Telmo”, en el municipio de Santa Cruz, declarado por Decreto 21/2009, de 17 de febrero, del Gobierno de Canarias, publicado en el BOC nº 36 de 23 de febrero de 2009.", "boletin1_n": "BOC nº 36 de 23 de febrero de 2009", "boletin1_u": "http://www.gobiernodecanarias.org/boc/2009/036/010.html", "boletin2_n": null, "boletin2_u": null }, "geometry": { "type": "Polygon", "coordinates": [ [ [ -16.2489309, 28.4626398 ], [ -16.2489435, 28.4625634 ], [ -16.2488183, 28.4625448 ], [ -16.248829, 28.4625031 ], [ -16.2487326, 28.4624863 ], [ -16.2487201, 28.4625266 ], [ -16.2486962, 28.4625222 ], [ -16.2486798, 28.4625973 ], [ -16.2487848, 28.462617 ], [ -16.2489309, 28.4626398 ] ] ] } },
{ "type": "Feature", "properties": { "fid_": 0, "bic_nombre": "CASTILLO DE SAN MIGUEL", "bic_catego": "MONUMENTO", "bic_entorn": 1, "municipio_": "GARACHICO", "bic_descri": "Bien de Interés Cultural con categoría de Monumento del “Castillo de San Miguel”, en el municipio de Garachico, declarado por Decreto de 22 de abril de 1949, publicado en el BOE nº 125 de 5 de mayo de 1949 y delimitación del entorno de protecció", "boletin1_n": "BOE Nº 125 de 5 de mayo de 1949", "boletin1_u": "https://www.boe.es/datos/pdfs/BOE//1949/125/A02058-02059.pdf", "boletin2_n": "BOC nº 159 de 3 de diciembre de 1999", "boletin2_u": "http://www.gobiernodecanarias.org/boc/1999/159/015.html" }, "geometry": { "type": "Polygon", "coordinates": [ [ [ -16.7660221, 28.3732465 ], [ -16.7661401, 28.3732422 ], [ -16.7661367, 28.373114 ], [ -16.7661406, 28.3731122 ], [ -16.7661434, 28.3731092 ], [ -16.7661442, 28.3731046 ], [ -16.7661421, 28.3731 ], [ -16.7661388, 28.3730973 ], [ -16.7661329, 28.3730964 ], [ -16.7661279, 28.3730992 ], [ -16.7661246, 28.3731021 ], [ -16.7659885, 28.3731089 ], [ -16.7659896, 28.3732365 ], [ -16.7659876, 28.3732367 ], [ -16.7659851, 28.3732369 ], [ -16.7659832, 28.3732378 ], [ -16.7659814, 28.3732391 ], [ -16.7659799, 28.3732408 ], [ -16.7659789, 28.3732425 ], [ -16.7659785, 28.3732439 ], [ -16.7659783, 28.3732453 ], [ -16.7659787, 28.3732478 ], [ -16.7659794, 28.3732494 ], [ -16.7659801, 28.3732504 ], [ -16.7659809, 28.3732513 ], [ -16.7659823, 28.3732525 ], [ -16.7659839, 28.3732535 ], [ -16.7659862, 28.3732541 ], [ -16.7659884, 28.3732543 ], [ -16.7659906, 28.3732542 ], [ -16.7659925, 28.3732536 ], [ -16.7659959, 28.3732514 ], [ -16.7659974, 28.3732497 ], [ -16.7659982, 28.3732478 ], [ -16.7660053, 28.3732462 ], [ -16.7660065, 28.3732474 ], [ -16.7660078, 28.3732485 ], [ -16.7660091, 28.3732492 ], [ -16.7660106, 28.3732498 ], [ -16.7660123, 28.3732502 ], [ -16.7660145, 28.3732502 ], [ -16.7660165, 28.37325 ], [ -16.7660184, 28.3732495 ], [ -16.7660197, 28.3732488 ], [ -16.7660205, 28.3732481 ], [ -16.7660213, 28.3732474 ], [ -16.7660221, 28.3732465 ] ] ] } },
{ "type": "Feature", "properties": { "fid_": 0, "bic_nombre": "LO DE RAMOS", "bic_catego": "SITIO HISTÓRICO", "bic_entorn": 1, "municipio_": "ARAFO", "bic_descri": "Bien de Interés Cultural con categoría de Sitio Histórico de “Lo de Ramos”, en el municipio de Arafo, declarado por Decreto 237/2008, de 9 de diciembre, del Gobierno de Canarias, publicado en el BOC nº 255 de 22 de diciembre de 2008.", "boletin1_n": "BOC nº 255 de 22 de diciembre de 2008", "boletin1_u": "http://www.gobiernodecanarias.org/boc/2008/255/011.html", "boletin2_n": null, "boletin2_u": null }, "geometry": { "type": "MultiPolygon", "coordinates": [ [ [ [ -16.4300626, 28.3344606 ], [ -16.4300565, 28.3343148 ], [ -16.4299855, 28.334317 ], [ -16.4299869, 28.3344695 ], [ -16.4300626, 28.3344606 ] ] ], [ [ [ -16.4300294, 28.3347802 ], [ -16.4300364, 28.3347752 ], [ -16.4300405, 28.3347705 ], [ -16.4300428, 28.334764 ], [ -16.4300425, 28.3347587 ], [ -16.4300413, 28.3347529 ], [ -16.4300384, 28.3347469 ], [ -16.430035, 28.3347432 ], [ -16.4300309, 28.3347401 ], [ -16.4300259, 28.3347377 ], [ -16.4300199, 28.3347367 ], [ -16.4300137, 28.3347369 ], [ -16.4300084, 28.3347375 ], [ -16.4300029, 28.3347399 ], [ -16.4299984, 28.3347431 ], [ -16.4299948, 28.3347474 ], [ -16.4299919, 28.3347518 ], [ -16.4299903, 28.3347568 ], [ -16.4299904, 28.3347611 ], [ -16.4299915, 28.3347662 ], [ -16.4299935, 28.3347711 ], [ -16.4299969, 28.3347755 ], [ -16.4300012, 28.3347784 ], [ -16.4300064, 28.334781 ], [ -16.430014, 28.3347826 ], [ -16.4300221, 28.3347822 ], [ -16.4300253, 28.3347815 ], [ -16.4300294, 28.3347802 ] ] ], [ [ [ -16.4301575, 28.3347617 ], [ -16.4301608, 28.3347538 ], [ -16.430161, 28.3347476 ], [ -16.4301596, 28.3347417 ], [ -16.4301575, 28.3347358 ], [ -16.4301531, 28.3347308 ], [ -16.4301484, 28.3347283 ], [ -16.4301434, 28.3347267 ], [ -16.4301365, 28.3347266 ], [ -16.4301299, 28.3347275 ], [ -16.4301201, 28.3347307 ], [ -16.4301164, 28.3347347 ], [ -16.430114, 28.3347382 ], [ -16.4301121, 28.3347445 ], [ -16.4301122, 28.334752 ], [ -16.4301144, 28.3347595 ], [ -16.430117, 28.3347635 ], [ -16.4301228, 28.334767 ], [ -16.4301293, 28.3347699 ], [ -16.4301367, 28.33477 ], [ -16.4301442, 28.3347687 ], [ -16.4301517, 28.3347662 ], [ -16.4301575, 28.3347617 ] ] ], [ [ [ -16.4298123, 28.3344476 ], [ -16.4298116, 28.3343993 ], [ -16.429776, 28.3343997 ], [ -16.429777, 28.3344476 ], [ -16.4298123, 28.3344476 ] ] ], [ [ [ -16.4300956, 28.3347707 ], [ -16.4300996, 28.334765 ], [ -16.430101, 28.3347577 ], [ -16.4301001, 28.3347505 ], [ -16.430098, 28.3347438 ], [ -16.4300933, 28.3347374 ], [ -16.4300852, 28.334734 ], [ -16.4300765, 28.3347333 ], [ -16.4300674, 28.3347343 ], [ -16.43006, 28.3347383 ], [ -16.4300553, 28.3347429 ], [ -16.4300528, 28.3347479 ], [ -16.4300523, 28.3347547 ], [ -16.430053, 28.3347609 ], [ -16.4300568, 28.3347674 ], [ -16.4300613, 28.334772 ], [ -16.4300683, 28.3347754 ], [ -16.4300781, 28.3347769 ], [ -16.4300884, 28.334775 ], [ -16.4300956, 28.3347707 ] ] ], [ [ [ -16.4298522, 28.3345028 ], [ -16.4298397, 28.3344783 ], [ -16.4298028, 28.3344891 ], [ -16.4298129, 28.3345161 ], [ -16.4298522, 28.3345028 ] ] ] ] } },
{ "type": "Feature", "properties": { "fid_": 0, "bic_nombre": "ERMITA DE NUESTRA SEÑORA DEL BUEN PASO", "bic_catego": "SITIO HISTÓRICO", "bic_entorn": 1, "municipio_": "ICOD DE LOS VINOS", "bic_descri": "Bien de Interés Cultural con categoría de Sito Histórico de la “Ermita de Nuestra Señora de Buen Paso”, en el municipio de Icod de los Vinos, declarado por Decreto 86/2003, de 12 de mayo, del Gobierno de Canarias, publicado en el BOC nº 109 de 1", "boletin1_n": "BOC nº 109 de 10 de junio de 2003", "boletin1_u": "http://www.gobiernodecanarias.org/boc/2003/109/010.html", "boletin2_n": null, "boletin2_u": null }, "geometry": { "type": "Polygon", "coordinates": [ [ [ -16.6819202, 28.3804234 ], [ -16.6819192, 28.380414 ], [ -16.681956, 28.380412 ], [ -16.681954, 28.3803149 ], [ -16.6819102, 28.3803146 ], [ -16.6819091, 28.380245 ], [ -16.681826, 28.3802452 ], [ -16.6818341, 28.3804263 ], [ -16.6819202, 28.3804234 ] ] ] } },
{ "type": "Feature", "properties": { "fid_": 0, "bic_nombre": "CASA DEL CAPITAN", "bic_catego": "MONUMENTO", "bic_entorn": 1, "municipio_": "SANTA URSULA", "bic_descri": "Bien de Interés Cultural con categoría de Monumento de la “Casa del Capitán”, en el municipio de Santa Úrsula, declarado por Decreto 365/2007 de 2 de octubre, del Gobierno de Canarias, publicado en el BOC nº 204 de 11 de octubre de 2007.", "boletin1_n": "BOC nº 204 de 11 de octubre de 2007", "boletin1_u": "http://www.gobiernodecanarias.org/boc/2007/204/006.html", "boletin2_n": null, "boletin2_u": null }, "geometry": { "type": "Polygon", "coordinates": [ [ [ -16.4841276, 28.4287064 ], [ -16.4840656, 28.4285133 ], [ -16.4840459, 28.4285184 ], [ -16.484064, 28.4285734 ], [ -16.4840375, 28.4285829 ], [ -16.4840396, 28.4285987 ], [ -16.4839621, 28.428622 ], [ -16.4840082, 28.4287405 ], [ -16.4841276, 28.4287064 ] ] ] } },
{ "type": "Feature", "properties": { "fid_": 0, "bic_nombre": "ERMITA DE SAN MIGUEL ARCÁNGEL", "bic_catego": "MONUMENTO", "bic_entorn": 1, "municipio_": "LAGUNA (LA)", "bic_descri": "Bien de Interés Cultural con categoría de Monumento de la “Ermita de San Miguel”, en el municipio de San Cristóbal de La Laguna, declarado por Decreto 343/1999, de 17 de diciembre, del Gobierno de Canarias, publicado en el BOC nº 37 de 24 de marz", "boletin1_n": "BOC nº 37 de 24 de marzo de 2000", "boletin1_u": "http://www.gobiernodecanarias.org/boc/2000/037/007.html", "boletin2_n": null, "boletin2_u": null }, "geometry": { "type": "Polygon", "coordinates": [ [ [ -16.313051, 28.4875361 ], [ -16.3130515, 28.4875361 ], [ -16.3130474, 28.4874696 ], [ -16.3127862, 28.4874799 ], [ -16.3127896, 28.4875464 ], [ -16.313051, 28.4875361 ] ] ] } },
{ "type": "Feature", "properties": { "fid_": 0, "bic_nombre": "ERMITA DEL CALVARIO", "bic_catego": "MONUMENTO", "bic_entorn": 1, "municipio_": "ICOD DE LOS VINOS", "bic_descri": "Bien de Interés Cultural con categoría de Monumento de la “Ermita del Calvario”, en el municipio de Icod de los Vinos, declarado por Decreto 23/2006, de 21 de febrero, del Gobierno de Canarias, publicado en el BOC nº 43 de 2 de marzo de 2006.", "boletin1_n": "BOC nº 43 de 2 de marzo de 2006", "boletin1_u": "http://www.gobiernodecanarias.org/boc/2006/043/005.html", "boletin2_n": null, "boletin2_u": null }, "geometry": { "type": "Polygon", "coordinates": [ [ [ -16.7140178, 28.3691873 ], [ -16.7139042, 28.3691228 ], [ -16.7138074, 28.369181 ], [ -16.7138649, 28.369262 ], [ -16.7138314, 28.3692943 ], [ -16.7138336, 28.3693051 ], [ -16.7138801, 28.3692765 ], [ -16.7140178, 28.3691873 ] ] ] } },
{ "type": "Feature", "properties": { "fid_": 0, "bic_nombre": "CASA MASCAREÑO", "bic_catego": "MONUMENTO", "bic_entorn": 1, "municipio_": "SANTA CRUZ DE TENERIFE", "bic_descri": "Bien de Interés Cultural con categoría de Monumento de la “Casa Mascareño”, en el municipio de Santa Cruz, declarado por Decreto 147/2008, de 1 de julio, del Gobierno de Canarias, publicado en el BOC nº 137 de 9 de julio de 2008.", "boletin1_n": "BOC nº 137 de 9 de julio de 2008", "boletin1_u": "http://www.gobiernodecanarias.org/boc/2008/137/004.html", "boletin2_n": null, "boletin2_u": null }, "geometry": { "type": "Polygon", "coordinates": [ [ [ -16.2696869, 28.4662594 ], [ -16.2696709, 28.4661906 ], [ -16.2696562, 28.4661931 ], [ -16.2696453, 28.4661478 ], [ -16.2696004, 28.4661551 ], [ -16.2695957, 28.4661242 ], [ -16.2695505, 28.4661308 ], [ -16.2695657, 28.4662274 ], [ -16.2695135, 28.466238 ], [ -16.2695256, 28.4662951 ], [ -16.2695801, 28.4662906 ], [ -16.2695781, 28.4662745 ], [ -16.2696869, 28.4662594 ] ] ] } },
{ "type": "Feature", "properties": { "fid_": 0, "bic_nombre": "ERMITA DE SAN TELMO", "bic_catego": "MONUMENTO", "bic_entorn": 1, "municipio_": "PUERTO DE LA CRUZ", "bic_descri": "Bien de Interés Cultural con categoría de Monumento de la “Ermita de San Telmo”, en el municipio del Puerto de la Cruz, declarado por Decreto 21/2000, de 15 de febrero, del Gobierno de Canarias, publicado en el BOC nº 81 de 30 de junio de 2000.", "boletin1_n": "BOC nº 81 de 30 de junio de 2000", "boletin1_u": "http://www.gobiernodecanarias.org/boc/2000/081/030.html", "boletin2_n": null, "boletin2_u": null }, "geometry": { "type": "Polygon", "coordinates": [ [ [ -16.5454113, 28.4175675 ], [ -16.5454401, 28.4176245 ], [ -16.5454487, 28.417628 ], [ -16.5456425, 28.4175552 ], [ -16.5456098, 28.4174868 ], [ -16.5454113, 28.4175675 ] ] ] } },
{ "type": "Feature", "properties": { "fid_": 0, "bic_nombre": "LA CASA AMARILLA", "bic_catego": "SITIO HISTÓRICO", "bic_entorn": 1, "municipio_": "PUERTO DE LA CRUZ", "bic_descri": "Bien de Interés Cultural con categoría de Sitio Histórico de la “Casa Amarilla”, en el municipio del Puerto de la Cruz, declarado por Decreto 69/2005, de 26 de abril, del Gobierno de Canarias, publicado en el BOC nº 88 de 6 de mayo de 2005.", "boletin1_n": "BOC nº 88 de 6 de mayo de 2005", "boletin1_u": "http://www.gobiernodecanarias.org/boc/2005/088/010.html", "boletin2_n": null, "boletin2_u": null }, "geometry": { "type": "Polygon", "coordinates": [ [ [ -16.5300487, 28.4145369 ], [ -16.5300292, 28.4144862 ], [ -16.5300628, 28.4144757 ], [ -16.5300438, 28.4144292 ], [ -16.5300056, 28.4144416 ], [ -16.5298979, 28.4144761 ], [ -16.5299419, 28.4145729 ], [ -16.5300487, 28.4145369 ] ] ] } },
{ "type": "Feature", "properties": { "fid_": 0, "bic_nombre": "MOLINO DE CUEVAS BLANCAS", "bic_catego": "SITIO HISTÓRICO", "bic_entorn": 1, "municipio_": "SANTA CRUZ DE TENERIFE", "bic_descri": "Bien de Interés Cultural con categoría de Sitio Histórico del “Molino de Cuevas Blancas”, en el municipio de Santa Cruz, declarado por Decreto 416/2007, de 18 de diciembre, del Gobierno de Canarias, publicado en el BOC nº 259 de 31 de diciembre d", "boletin1_n": "BOC nº 259 de 31 de diciembre de 2007", "boletin1_u": "http://www.gobiernodecanarias.org/boc/2007/259/005.html", "boletin2_n": null, "boletin2_u": null }, "geometry": { "type": "Polygon", "coordinates": [ [ [ -16.3137418, 28.4265379 ], [ -16.3137563, 28.4265359 ], [ -16.3137716, 28.4265296 ], [ -16.3137863, 28.4265194 ], [ -16.3137968, 28.4265056 ], [ -16.3138021, 28.4264939 ], [ -16.3138053, 28.4264772 ], [ -16.313801, 28.4264605 ], [ -16.3137939, 28.4264469 ], [ -16.3137831, 28.4264362 ], [ -16.3137678, 28.4264255 ], [ -16.3137495, 28.4264206 ], [ -16.3137312, 28.4264194 ], [ -16.3137099, 28.4264252 ], [ -16.3136933, 28.4264345 ], [ -16.3136815, 28.4264469 ], [ -16.3136747, 28.4264598 ], [ -16.3136714, 28.4264735 ], [ -16.3136703, 28.426487 ], [ -16.3136755, 28.4265007 ], [ -16.3136818, 28.4265117 ], [ -16.3136912, 28.4265214 ], [ -16.3137017, 28.4265286 ], [ -16.3137223, 28.4265367 ], [ -16.3137418, 28.4265379 ] ] ] } },
{ "type": "Feature", "properties": { "fid_": 0, "bic_nombre": "HORNOS DE CAL", "bic_catego": "SITIO ETNOLÓGICO", "bic_entorn": 1, "municipio_": "PUERTO DE LA CRUZ", "bic_descri": "Bien de Interés Cultural con categoría de Sitio Etnológico de los “Hornos de Cal”, en el municipio del Puerto de la Cruz, declarado por Decreto 31/2009, de 31 de marzo, del Gobierno de Canarias, publicado en el BOC nº 71 de 15 de abril de 2009.", "boletin1_n": "BOC nº 71 de 15 de abril de 2009", "boletin1_u": "http://www.gobiernodecanarias.org/boc/2009/071/002.html", "boletin2_n": null, "boletin2_u": null }, "geometry": { "type": "MultiPolygon", "coordinates": [ [ [ [ -16.5506534, 28.4124647 ], [ -16.5506821, 28.4124118 ], [ -16.5506217, 28.4123884 ], [ -16.5506103, 28.4124078 ], [ -16.5506012, 28.4124039 ], [ -16.5505963, 28.4124128 ], [ -16.5506067, 28.4124173 ], [ -16.5505946, 28.4124393 ], [ -16.5506534, 28.4124647 ] ] ], [ [ [ -16.5506883, 28.4122983 ], [ -16.5507002, 28.4122411 ], [ -16.5506356, 28.4122307 ], [ -16.5506241, 28.4122879 ], [ -16.5506883, 28.4122983 ] ] ], [ [ [ -16.5505688, 28.4127679 ], [ -16.5505724, 28.4127669 ], [ -16.5505754, 28.4127657 ], [ -16.5505782, 28.412764 ], [ -16.5505811, 28.4127618 ], [ -16.550584, 28.4127585 ], [ -16.5505862, 28.4127561 ], [ -16.5505877, 28.4127521 ], [ -16.5505886, 28.4127495 ], [ -16.5505893, 28.4127464 ], [ -16.550589, 28.4127416 ], [ -16.5505879, 28.4127372 ], [ -16.550586, 28.4127326 ], [ -16.5505841, 28.41273 ], [ -16.5505821, 28.4127278 ], [ -16.5505792, 28.4127254 ], [ -16.5505761, 28.4127237 ], [ -16.5505734, 28.4127224 ], [ -16.5505698, 28.4127212 ], [ -16.550566, 28.4127203 ], [ -16.5505628, 28.4127199 ], [ -16.5505586, 28.4127201 ], [ -16.5505549, 28.4127206 ], [ -16.550551, 28.4127216 ], [ -16.5505477, 28.4127231 ], [ -16.5505447, 28.4127247 ], [ -16.5505419, 28.412727 ], [ -16.5505395, 28.4127294 ], [ -16.5505369, 28.4127331 ], [ -16.5505354, 28.4127359 ], [ -16.5505342, 28.4127391 ], [ -16.5505337, 28.4127426 ], [ -16.5505337, 28.4127453 ], [ -16.5505342, 28.4127487 ], [ -16.550535, 28.4127511 ], [ -16.5505357, 28.4127534 ], [ -16.5505367, 28.4127555 ], [ -16.550538, 28.4127574 ], [ -16.5505403, 28.4127602 ], [ -16.5505429, 28.4127625 ], [ -16.5505455, 28.4127647 ], [ -16.5505489, 28.4127664 ], [ -16.5505518, 28.4127676 ], [ -16.5505551, 28.4127683 ], [ -16.5505574, 28.4127687 ], [ -16.5505598, 28.4127689 ], [ -16.5505647, 28.4127686 ], [ -16.5505688, 28.4127679 ] ] ] ] } },
{ "type": "Feature", "properties": { "fid_": 0, "bic_nombre": "ERMITA DE SAN ISIDRO LABRADOR", "bic_catego": "MONUMENTO", "bic_entorn": 1, "municipio_": "GRANADILLA DE ABONA", "bic_descri": "Bien de Interés Cultural con categoría de Monumento de la “Ermita de San Isidro Labrador”, en el municipio de Granadilla, declarado por Decreto 158/2008, de 15 de julio, del Gobierno de Canarias, publicado en el BOC nº 151 de 29 de julio de 2008.", "boletin1_n": "BOC nº 151 de 29 de julio de 2008", "boletin1_u": "http://www.gobiernodecanarias.org/boc/2008/151/008.html", "boletin2_n": null, "boletin2_u": null }, "geometry": { "type": "Polygon", "coordinates": [ [ [ -16.5582398, 28.0794017 ], [ -16.5582151, 28.079341 ], [ -16.5581638, 28.0793615 ], [ -16.5581436, 28.0793325 ], [ -16.5581055, 28.0793493 ], [ -16.5581569, 28.0794355 ], [ -16.5582398, 28.0794017 ] ] ] } },
{ "type": "Feature", "properties": { "fid_": 0, "bic_nombre": "LAGAR SITO EN EL Nº 198 DE LA CALLE REAL", "bic_catego": "SITIO ETNOLÓGICO", "bic_entorn": 1, "municipio_": "MATANZA DE ACENTEJO (LA)", "bic_descri": "Bien de Interés Cultural con categoría de Sitio Etnológico del “Lagar de la C/ Real nº 198”, en el municipio de La Matanza, declarado por Decreto 211/2005, de15 de noviembre, del Gobierno de Canarias, publicado en el BOC nº 232 de 25 de noviembr", "boletin1_n": "BOC nº 232 de 25 de noviembre de 2005", "boletin1_u": "http://www.gobiernodecanarias.org/boc/2005/232/010.html", "boletin2_n": null, "boletin2_u": null }, "geometry": { "type": "Polygon", "coordinates": [ [ [ -16.4530835, 28.4485762 ], [ -16.4531032, 28.4485628 ], [ -16.4531523, 28.4485294 ], [ -16.4530939, 28.4484678 ], [ -16.4530287, 28.4485142 ], [ -16.4530835, 28.4485762 ] ] ] } },
{ "type": "Feature", "properties": { "fid_": 0, "bic_nombre": "LA HIDRO", "bic_catego": "SITIO HISTÓRICO", "bic_entorn": 1, "municipio_": "GÜIMAR", "bic_descri": "Bien de Interés Cultural con categoría de Sitio Histórico de “La Hidro”, en el municipio de Güímar, declarado por Decreto 393/2007, de 20 de noviembre, del Gobierno de Canarias, publicado en el BOC nº 240 de 30 de noviembre de 2007.", "boletin1_n": "BOC nº 240 de 30 de noviembre de 2007", "boletin1_u": "http://www.gobiernodecanarias.org/boc/2007/240/013.html", "boletin2_n": null, "boletin2_u": null }, "geometry": { "type": "Polygon", "coordinates": [ [ [ -16.4369539, 28.3067722 ], [ -16.4369587, 28.3067141 ], [ -16.4368497, 28.3067069 ], [ -16.436845, 28.3067653 ], [ -16.4369539, 28.3067722 ] ] ] } },
{ "type": "Feature", "properties": { "fid_": 0, "bic_nombre": "MOLINO DE BARRANCO GRANDE", "bic_catego": "SITIO HISTÓRICO", "bic_entorn": 1, "municipio_": "SANTA CRUZ DE TENERIFE", "bic_descri": "Bien de Interés Cultural con categoría de Sitio Histórico del “Molino de Barranco Grande”, en el municipio de Santa Cruz, declarado por Decreto 418/2007, del Gobierno de Canarias, de 18 de diciembre, publicado en el BOC nº 259 de 31 de diciembre", "boletin1_n": "BOC nº 259 de 31 de diciembre de 2007", "boletin1_u": "http://www.gobiernodecanarias.org/boc/2007/259/007.html", "boletin2_n": null, "boletin2_u": null }, "geometry": { "type": "Polygon", "coordinates": [ [ [ -16.3056342, 28.4381627 ], [ -16.3056427, 28.4381615 ], [ -16.3056498, 28.4381588 ], [ -16.3056545, 28.438157 ], [ -16.3056645, 28.43815 ], [ -16.3056698, 28.4381439 ], [ -16.3056737, 28.4381371 ], [ -16.3056763, 28.438129 ], [ -16.3056771, 28.4381193 ], [ -16.3056757, 28.4381113 ], [ -16.3056724, 28.4381034 ], [ -16.3056678, 28.4380968 ], [ -16.3056616, 28.4380904 ], [ -16.3056535, 28.4380857 ], [ -16.3056439, 28.4380821 ], [ -16.3056339, 28.4380798 ], [ -16.305624, 28.4380803 ], [ -16.3056131, 28.4380831 ], [ -16.3056043, 28.4380871 ], [ -16.3055973, 28.4380924 ], [ -16.305592, 28.4380975 ], [ -16.3055872, 28.4381054 ], [ -16.3055848, 28.438112 ], [ -16.3055837, 28.4381199 ], [ -16.3055838, 28.4381266 ], [ -16.3055858, 28.4381342 ], [ -16.3055896, 28.4381414 ], [ -16.3055937, 28.4381474 ], [ -16.3055999, 28.4381526 ], [ -16.3056062, 28.4381569 ], [ -16.305616, 28.4381607 ], [ -16.3056243, 28.4381626 ], [ -16.3056342, 28.4381627 ] ] ] } },
{ "type": "Feature", "properties": { "fid_": 0, "bic_nombre": "POZO DE LA VIRGEN DE CANDELARIA", "bic_catego": "MONUMENTO", "bic_entorn": 1, "municipio_": "CANDELARIA", "bic_descri": "Bien de Interés Cultural con categoría de Monumento del “Pozo de la Virgen de Candelaria”, en el municipio de homónimo, declarado por Acuerdo del Gobierno de Canarias de 14 de agosto de 1990, publicado en el BOC nº 92 de 16 de julio de 1993.", "boletin1_n": "BOC nº 92 de 16 de julio de 1993", "boletin1_u": "http://www.gobiernodecanarias.org/boc/1993/092/004.html", "boletin2_n": null, "boletin2_u": null }, "geometry": { "type": "Polygon", "coordinates": [ [ [ -16.3683244, 28.3581395 ], [ -16.3683241, 28.3581395 ], [ -16.3683247, 28.3581801 ], [ -16.3684481, 28.3581761 ], [ -16.3684807, 28.3581713 ], [ -16.3684803, 28.3581424 ], [ -16.368445, 28.3581376 ], [ -16.3683244, 28.3581395 ] ] ] } },
{ "type": "Feature", "properties": { "fid_": 0, "bic_nombre": "CAPILLA DE SAN PEDRO ARRIBA", "bic_catego": "MONUMENTO", "bic_entorn": 1, "municipio_": "GÜIMAR", "bic_descri": "Bien de Interés Cultural con categoría de Monumento de la “Capilla de San Pedro de Arriba”, en el municipio de Güímar, declarado por Decreto 21/2006, de 21 de febrero, del Gobierno de Canarias, publicado en el BOC nº 43 de 2 de marzo de 2006.", "boletin1_n": "BOC nº 43 de 2 de marzo de 2006", "boletin1_u": "http://www.gobiernodecanarias.org/boc/2006/043/003.html", "boletin2_n": null, "boletin2_u": null }, "geometry": { "type": "Polygon", "coordinates": [ [ [ -16.4167139, 28.3169392 ], [ -16.4166779, 28.316888 ], [ -16.4166682, 28.3168927 ], [ -16.4166487, 28.3168688 ], [ -16.4166092, 28.3168948 ], [ -16.4166247, 28.3169164 ], [ -16.4166182, 28.3169205 ], [ -16.4166556, 28.3169726 ], [ -16.4167139, 28.3169392 ] ] ] } },
{ "type": "Feature", "properties": { "fid_": 0, "bic_nombre": "TORREÓN DE VENTOSO", "bic_catego": "MONUMENTO", "bic_entorn": 1, "municipio_": "PUERTO DE LA CRUZ", "bic_descri": "Bien de Interés Cultural con categoría de Monumento del “Torreón de Ventoso”, en el municipio del Puerto de la Cruz, declarado por Decreto 80/2014, de 10 de julio, del Gobierno de Canarias, publicado en el BOC nº 138 de 18 de julio de 2014.", "boletin1_n": "BOC nº 138 de 18 de julio de 2014", "boletin1_u": "http://www.gobiernodecanarias.org/boc/2014/138/003.html", "boletin2_n": null, "boletin2_u": null }, "geometry": { "type": "Polygon", "coordinates": [ [ [ -16.5496444, 28.4148783 ], [ -16.5496416, 28.4148054 ], [ -16.5496038, 28.4148069 ], [ -16.5495481, 28.4148099 ], [ -16.5495502, 28.4148572 ], [ -16.5496055, 28.414856 ], [ -16.5496065, 28.4148803 ], [ -16.5496444, 28.4148783 ] ] ] } },
{ "type": "Feature", "properties": { "fid_": 0, "bic_nombre": "ERMITA DE SANTA CATALINA", "bic_catego": "MONUMENTO", "bic_entorn": 1, "municipio_": "SANTA CRUZ DE TENERIFE", "bic_descri": "Bien de Interés Cultural con categoría de Monumento de la “Ermita de Santa Catalina”, en el municipio de Santa Cruz, declarado por Decreto 85/2008, de 29 de abril, del Gobierno de Canarias, publicado en el BOC nº 93 de 9 de mayo de 2008.", "boletin1_n": "BOC nº 93 de 9 de mayo de 2008", "boletin1_u": "http://www.gobiernodecanarias.org/boc/2008/093/007.html", "boletin2_n": null, "boletin2_u": null }, "geometry": { "type": "Polygon", "coordinates": [ [ [ -16.2168668, 28.561295 ], [ -16.2168823, 28.5612383 ], [ -16.2168161, 28.5612216 ], [ -16.2168105, 28.5612419 ], [ -16.2167794, 28.5612343 ], [ -16.2167671, 28.5612722 ], [ -16.2168668, 28.561295 ] ] ] } },
{ "type": "Feature", "properties": { "fid_": 0, "bic_nombre": "CAPILLA DE SAN PEDRO ABAJO", "bic_catego": "MONUMENTO", "bic_entorn": 1, "municipio_": "GÜIMAR", "bic_descri": "Bien de Interés Cultural con categoría de Monumento de la “Capilla de San Pedro de Abajo”, en el municipio de Güímar, declarado por Decreto 22/2006, de 21 de febrero, del Gobierno de Canarias, publicado en el BOC nº 43 de 2 de marzo de 2006.", "boletin1_n": "BOC nº 43 de 2 de marzo de 2006", "boletin1_u": "http://www.gobiernodecanarias.org/boc/2006/043/004.html", "boletin2_n": null, "boletin2_u": null }, "geometry": { "type": "Polygon", "coordinates": [ [ [ -16.4079493, 28.3150237 ], [ -16.4079742, 28.3149629 ], [ -16.4079103, 28.3149394 ], [ -16.407884, 28.3149994 ], [ -16.4079493, 28.3150237 ] ] ] } },
{ "type": "Feature", "properties": { "fid_": 0, "bic_nombre": "MOLINO DE GOFIO DEL RISCO DE LAS PENCAS", "bic_catego": "SITIO ETNOLÓGICO", "bic_entorn": 1, "municipio_": "SAN JUAN DE LA RAMBLA", "bic_descri": "Bien de Interés Cultural con categoría de Sitio Etnológico del “Molino de Gofio del Risco de las Pencas\", en el municipio de San Juan de la Rambla, declarado por Decreto 413/2007, de 11 de diciembre, del Gobierno de Canarias, publicado en el BOC nº", "boletin1_n": "BOC nº 252 de 19 de diciembre de 2017", "boletin1_u": "http://www.gobiernodecanarias.org/boc/2007/252/002.html", "boletin2_n": null, "boletin2_u": null }, "geometry": { "type": "MultiPolygon", "coordinates": [ [ [ [ -16.6271406, 28.3916859 ], [ -16.6271509, 28.3916482 ], [ -16.6271085, 28.3916393 ], [ -16.6270991, 28.3916765 ], [ -16.6271406, 28.3916859 ] ] ], [ [ [ -16.6270971, 28.3916265 ], [ -16.6271103, 28.3916024 ], [ -16.6270619, 28.3915801 ], [ -16.6270479, 28.3916032 ], [ -16.6270971, 28.3916265 ] ] ], [ [ [ -16.6271307, 28.3916042 ], [ -16.6271311, 28.3916085 ], [ -16.6271335, 28.3916151 ], [ -16.6271384, 28.3916211 ], [ -16.6271437, 28.3916246 ], [ -16.6271506, 28.3916253 ], [ -16.6271557, 28.3916227 ], [ -16.6271674, 28.3915961 ], [ -16.6271532, 28.3915739 ], [ -16.6271486, 28.391573 ], [ -16.6271427, 28.3915776 ], [ -16.6271384, 28.3915817 ], [ -16.6271333, 28.3915884 ], [ -16.6271303, 28.3915973 ], [ -16.6271307, 28.3916042 ] ] ] ] } },
{ "type": "Feature", "properties": { "fid_": 0, "bic_nombre": "BARRANCO DEL MUERTO", "bic_catego": "ZONA ARQUEOLÓGICA", "bic_entorn": 1, "municipio_": "SANTA CRUZ DE TENERIFE", "bic_descri": "Bien de Interés Cultural con categoría de Zona Arqueológica del “Barranco del Muerto”, en el municipio de Santa Cruz, con entorno de protección declarado por Decreto 84/2014, de 24 de julio, del Gobierno de Canarias, publicado en el BOC nº 148 d", "boletin1_n": "BOC nº 148 de 1 de agosto de 2014", "boletin1_u": "http://www.gobiernodecanarias.org/boc/2014/148/002.html", "boletin2_n": null, "boletin2_u": null }, "geometry": { "type": "MultiPolygon", "coordinates": [ [ [ [ -16.2984711, 28.4345433 ], [ -16.298471, 28.4345184 ], [ -16.2984408, 28.4345187 ], [ -16.298441, 28.4345435 ], [ -16.2984711, 28.4345433 ] ] ], [ [ [ -16.295856, 28.43025 ], [ -16.2958559, 28.4302287 ], [ -16.2958299, 28.4302289 ], [ -16.2958303, 28.4302504 ], [ -16.295856, 28.43025 ] ] ] ] } },
{ "type": "Feature", "properties": { "fid_": 0, "bic_nombre": "MOLINO DE LA MENORA", "bic_catego": "SITIO ETNOLÓGICO", "bic_entorn": 1, "municipio_": "GÜIMAR", "bic_descri": "Bien de Interés Cultural con categoría de Sitio Etnológico del “Molino de la Menora”, en el municipio de Güímar, declarado por Decreto 417/2007, de 18 de diciembre, del Gobierno de Canarias, publicado en el BOC nº 259 de 31 de diciembre de 2007", "boletin1_n": "BOC nº 259 de 31 de diciembre de 2007", "boletin1_u": "http://www.gobiernodecanarias.org/boc/2007/259/006.html", "boletin2_n": null, "boletin2_u": null }, "geometry": { "type": "Polygon", "coordinates": [ [ [ -16.4199387, 28.3178585 ], [ -16.4199441, 28.3178559 ], [ -16.4199454, 28.3178553 ], [ -16.419949, 28.3178514 ], [ -16.4199502, 28.31785 ], [ -16.4199522, 28.3178437 ], [ -16.4199513, 28.3178369 ], [ -16.4199475, 28.3178309 ], [ -16.4199416, 28.3178268 ], [ -16.419934, 28.3178253 ], [ -16.4199261, 28.3178264 ], [ -16.4199198, 28.3178299 ], [ -16.4199157, 28.3178351 ], [ -16.4199139, 28.3178417 ], [ -16.4199152, 28.3178484 ], [ -16.4199194, 28.317854 ], [ -16.4199255, 28.3178578 ], [ -16.4199333, 28.3178592 ], [ -16.4199387, 28.3178585 ] ] ] } },
{ "type": "Feature", "properties": { "fid_": 0, "bic_nombre": "MOLINO DE LLANO DEL MORO", "bic_catego": "SITIO ETNOLÓGICO", "bic_entorn": 1, "municipio_": "SANTA CRUZ DE TENERIFE", "bic_descri": "Bien de Interés Cultural con categoría de Sitio Etnológico del “Molino de Llano del Moro”, en el municipio de Santa Cruz, declarado por Decreto 77/2005, de 17 de mayo, del Gobierno de Canarias, publicado en el BOC nº 104 de 27 de mayo de 2005.", "boletin1_n": "BOC nº 104 de 27 de mayo de 2005", "boletin1_u": "http://www.gobiernodecanarias.org/boc/2005/104/003.html", "boletin2_n": null, "boletin2_u": null }, "geometry": { "type": "Polygon", "coordinates": [ [ [ -16.3330207, 28.4416438 ], [ -16.3330277, 28.4416424 ], [ -16.3330331, 28.4416393 ], [ -16.3330368, 28.4416347 ], [ -16.3330385, 28.4416286 ], [ -16.3330375, 28.4416225 ], [ -16.3330337, 28.4416169 ], [ -16.3330274, 28.4416133 ], [ -16.3330203, 28.4416121 ], [ -16.333013, 28.4416137 ], [ -16.3330076, 28.4416172 ], [ -16.3330041, 28.4416221 ], [ -16.3330029, 28.4416276 ], [ -16.3330041, 28.4416338 ], [ -16.3330084, 28.4416394 ], [ -16.3330139, 28.4416425 ], [ -16.3330207, 28.4416438 ] ] ] } },
{ "type": "Feature", "properties": { "fid_": 0, "bic_nombre": "LA GALLEGA", "bic_catego": "ZONA ARQUEOLÓGICA", "bic_entorn": 1, "municipio_": "SANTA CRUZ DE TENERIFE", "bic_descri": "Bien de Interés Cultural con categoría de Zona Arqueológica de “La Gallega”, en el municipio de Santa Cruz, declarado por Decreto 209/2008, de 21 de octubre, del Gobierno de Canarias, publicado en el BOC nº 217 de 29 de octubre de 2008.", "boletin1_n": "BOC nº 217 de 29 de octubre de 2008", "boletin1_u": "http://www.gobiernodecanarias.org/boc/2008/217/002.html", "boletin2_n": null, "boletin2_u": null }, "geometry": { "type": "Polygon", "coordinates": [ [ [ -16.3175783, 28.4302419 ], [ -16.3175688, 28.4302356 ], [ -16.3175622, 28.4302427 ], [ -16.3175712, 28.4302495 ], [ -16.3175783, 28.4302419 ] ] ] } },
{ "type": "Feature", "properties": { "fid_": 0, "bic_nombre": "ESCULTURA DE JUAN DE ÁVALOS GARCÍA TABORDA SITUADA EN LA CONFLUENCIA DE LA AVENIDA DE ANAGA Y LA RAMBLA DE SANTA CRUZ", "bic_catego": "MONUMENTO", "bic_entorn": 0, "municipio_": "SANTA CRUZ DE TENERIFE", "bic_descri": "Bien de Interés Cultural con categoría de Monumento de la \"Escultura de Juan de Ávalos García Taborda situada en la confluencia de la Avenida de Anaga y la Rambla de Santa Cruz\", incoado por Resolución de 24 de septiembre de 2024 de la Directora Ins", "boletin1_n": "BOC nº 198 de 4 de octubre de 2024", "boletin1_u": "https://www.gobiernodecanarias.org/boc/2024/198/3189.html", "boletin2_n": null, "boletin2_u": null }, "geometry": { "type": "Polygon", "coordinates": [ [ [ -16.246359, 28.476497 ], [ -16.246399, 28.476492 ], [ -16.246402, 28.476476 ], [ -16.246405, 28.476461 ], [ -16.246406, 28.476446 ], [ -16.246405, 28.476419 ], [ -16.246403, 28.476401 ], [ -16.246397, 28.476381 ], [ -16.246391, 28.476356 ], [ -16.246384, 28.476339 ], [ -16.246376, 28.476322 ], [ -16.246358, 28.476296 ], [ -16.246349, 28.476284 ], [ -16.246339, 28.476274 ], [ -16.246304, 28.47624 ], [ -16.246289, 28.476246 ], [ -16.246272, 28.476253 ], [ -16.246253, 28.476262 ], [ -16.246245, 28.476267 ], [ -16.246233, 28.476273 ], [ -16.246219, 28.476284 ], [ -16.246209, 28.476295 ], [ -16.2462, 28.476307 ], [ -16.24619, 28.476319 ], [ -16.246183, 28.476333 ], [ -16.246178, 28.476347 ], [ -16.246174, 28.476376 ], [ -16.246177, 28.476399 ], [ -16.246185, 28.476423 ], [ -16.246194, 28.47644 ], [ -16.246207, 28.476456 ], [ -16.246241, 28.476481 ], [ -16.246275, 28.476496 ], [ -16.246304, 28.476501 ], [ -16.246359, 28.476497 ] ] ] } }
]
}
