{
"type": "FeatureCollection",
"name": "LimiteDPMT",
"features": [
{ "type": "Feature", "properties": { "Layer": "0801DPMT", "IDTRAMO": 38011.0, "Provincia": "Santa Cruz de Tenerife", "Referencia": "DES01/08/38/0001", "TM": "El Rosario (Tenerife)", "Estado": "A", "OM": "2010-06-21", "Sit_Admin": "Aprobado (O.M. 21/06/2010)", "Tipo_Linea": "Límite DPMT aprobado", "Label": "DES01/08/38/0001 (O.M. 21/06/2010)", "ID_SEGMENT": "38011001", "FIGURA": null, "Shape_Leng": 0.0, "VERTICES": "SI" }, "geometry": { "type": "LineString", "coordinates": [ [ -16.3185452, 28.404196 ], [ -16.3187042, 28.4038393 ], [ -16.318746, 28.4035682 ], [ -16.3187461, 28.4035682 ], [ -16.3188951, 28.4034449 ], [ -16.3190329, 28.4033309 ], [ -16.3192411, 28.4028095 ], [ -16.3194741, 28.4025453 ], [ -16.3196119, 28.40226 ], [ -16.319478, 28.4021049 ], [ -16.3194381, 28.4018657 ], [ -16.3192427, 28.4015933 ], [ -16.3196665, 28.4014933 ], [ -16.3199622, 28.4012818 ], [ -16.3199717, 28.4011708 ], [ -16.3202464, 28.4011675 ], [ -16.3206037, 28.4014517 ], [ -16.3207606, 28.4015215 ], [ -16.3208562, 28.401513 ], [ -16.320903, 28.4012918 ], [ -16.3209079, 28.4012215 ], [ -16.3210662, 28.4012145 ], [ -16.3214122, 28.4014263 ], [ -16.3218642, 28.4015043 ], [ -16.3226194, 28.4015427 ], [ -16.3231079, 28.4015235 ], [ -16.3235001, 28.4016453 ], [ -16.3240784, 28.4017193 ], [ -16.3242682, 28.4018333 ], [ -16.3246517, 28.4018482 ], [ -16.3253181, 28.4019569 ], [ -16.3254718, 28.4019863 ], [ -16.3258167, 28.4020524 ], [ -16.3259909, 28.4020859 ], [ -16.3264973, 28.4022027 ], [ -16.3268329, 28.4022802 ], [ -16.3269407, 28.4023052 ], [ -16.3274056, 28.4022314 ], [ -16.3280415, 28.4023199 ], [ -16.3286324, 28.4024025 ], [ -16.3289239, 28.4022838 ], [ -16.3292846, 28.4022667 ], [ -16.3294108, 28.4023668 ], [ -16.3294256, 28.4023952 ], [ -16.3297537, 28.4024216 ], [ -16.3299215, 28.4022928 ], [ -16.3300123, 28.4021452 ], [ -16.3302997, 28.4022385 ], [ -16.3303656, 28.4022085 ], [ -16.3304719, 28.4021524 ], [ -16.3305826, 28.4020093 ], [ -16.3305826, 28.4020093 ], [ -16.3306102, 28.4020074 ], [ -16.3305592, 28.4019192 ] ] } },
{ "type": "Feature", "properties": { "Layer": "0801DPMT", "IDTRAMO": 38087.0, "Provincia": "Santa Cruz de Tenerife", "Referencia": "DES01/09/38/0001", "TM": "Puerto de la Cruz (Tenerife)", "Estado": "A", "OM": "2022-01-23", "Sit_Admin": "Aprobado (O.M. 23/01/2022)", "Tipo_Linea": "Límite DPMT aprobado", "Label": "DES01/09/38/0001 (O.M. 23/01/2022)", "ID_SEGMENT": "38208001", "FIGURA": null, "Shape_Leng": 0.0, "VERTICES": "SI" }, "geometry": { "type": "LineString", "coordinates": [ [ -16.5582824, 28.4143629 ], [ -16.5581499, 28.4145148 ], [ -16.5580993, 28.4145108 ], [ -16.5579972, 28.4145679 ], [ -16.5579401, 28.4145848 ], [ -16.5578622, 28.4145624 ], [ -16.5578361, 28.4145829 ], [ -16.557826, 28.4145909 ], [ -16.557247, 28.4150465 ], [ -16.5572864, 28.415074 ], [ -16.5573241, 28.4150342 ], [ -16.5573419, 28.4150477 ], [ -16.5574037, 28.4150943 ], [ -16.5574203, 28.4150797 ], [ -16.5574674, 28.4151217 ], [ -16.5574432, 28.4151449 ], [ -16.5574894, 28.4151739 ], [ -16.5575292, 28.4151995 ], [ -16.5574667, 28.4152796 ], [ -16.5574919, 28.415296 ], [ -16.5574759, 28.4154664 ], [ -16.5575585, 28.4155724 ], [ -16.5575726, 28.415601 ], [ -16.5570922, 28.4160498 ], [ -16.5569518, 28.4161809 ] ] } },
{ "type": "Feature", "properties": { "Layer": "0801DPMT", "IDTRAMO": 38066.0, "Provincia": "Santa Cruz de Tenerife", "Referencia": "DL-100-TF", "TM": "Adeje (Tenerife)", "Estado": "A", "OM": "2004-10-01", "Sit_Admin": "Aprobado (O.M. 01/10/2004)", "Tipo_Linea": "Límite DPMT aprobado", "Label": "DL-100-TF (O.M. 01/10/2004)", "ID_SEGMENT": "38066002", "FIGURA": null, "Shape_Leng": 0.0, "VERTICES": "SI" }, "geometry": { "type": "LineString", "coordinates": [ [ -16.8014004, 28.156837 ], [ -16.8012893, 28.1566438 ], [ -16.8015142, 28.1561608 ], [ -16.8016098, 28.1560973 ], [ -16.801816, 28.1557063 ], [ -16.8016411, 28.1554713 ], [ -16.8014822, 28.1552301 ], [ -16.8013513, 28.1552551 ], [ -16.8011609, 28.1552331 ], [ -16.800793, 28.1551199 ], [ -16.8004949, 28.1549313 ], [ -16.8003561, 28.1545998 ], [ -16.8003441, 28.1544306 ], [ -16.800444, 28.1542524 ], [ -16.8003671, 28.1540525 ], [ -16.8000438, 28.1537855 ], [ -16.7997057, 28.1536165 ], [ -16.7995242, 28.1532608 ], [ -16.7990984, 28.1531773 ], [ -16.7988161, 28.1531535 ], [ -16.7984928, 28.1531131 ], [ -16.7983259, 28.1528172 ], [ -16.7983442, 28.1525904 ], [ -16.798232, 28.1519186 ], [ -16.7982408, 28.151682 ], [ -16.7985078, 28.1510407 ], [ -16.7985495, 28.1508412 ], [ -16.7985525, 28.1500628 ], [ -16.7985023, 28.1499655 ], [ -16.7984617, 28.1497806 ], [ -16.7985443, 28.1496478 ], [ -16.7979311, 28.1491984 ], [ -16.7974743, 28.1486793 ], [ -16.797387, 28.1481264 ], [ -16.7973152, 28.1476345 ], [ -16.797248, 28.1471729 ], [ -16.7972291, 28.1467425 ], [ -16.7970344, 28.146632 ], [ -16.7962114, 28.1467205 ], [ -16.795937, 28.1466098 ], [ -16.7954303, 28.1462282 ], [ -16.7949518, 28.1459346 ], [ -16.794969, 28.1454696 ], [ -16.7946835, 28.1451836 ], [ -16.7944264, 28.1449834 ], [ -16.7943774, 28.1446484 ], [ -16.7944672, 28.1441052 ], [ -16.7945607, 28.1435413 ], [ -16.7947743, 28.1433897 ], [ -16.7948502, 28.1429275 ], [ -16.7945586, 28.143323 ], [ -16.7943795, 28.1432955 ], [ -16.7938038, 28.1433678 ], [ -16.7937752, 28.1432143 ], [ -16.7937849, 28.1429473 ], [ -16.7935789, 28.1421758 ], [ -16.7934439, 28.14167 ], [ -16.7936934, 28.1413325 ], [ -16.7936079, 28.1410736 ], [ -16.7934856, 28.1409181 ], [ -16.7933839, 28.1406956 ], [ -16.7932367, 28.1405368 ], [ -16.7931818, 28.1401138 ], [ -16.7927692, 28.1397661 ] ] } },
{ "type": "Feature", "properties": { "Layer": "0801DPMT", "IDTRAMO": 38065.0, "Provincia": "Santa Cruz de Tenerife", "Referencia": "DL-101-TF", "TM": "Adeje (Tenerife)", "Estado": "A", "OM": "2001-12-17", "Sit_Admin": "Aprobado (O.M. 17/12/2001)", "Tipo_Linea": "Límite DPMT aprobado", "Label": "DL-101-TF (O.M. 17/12/2001)", "ID_SEGMENT": "38065001", "FIGURA": null, "Shape_Leng": 0.0, "VERTICES": "SI" }, "geometry": { "type": "LineString", "coordinates": [ [ -16.7927692, 28.1397661 ], [ -16.7923445, 28.1393964 ], [ -16.7922606, 28.1394052 ], [ -16.7920546, 28.1397455 ], [ -16.7916419, 28.1396684 ], [ -16.7913714, 28.1392423 ], [ -16.7907447, 28.1388817 ], [ -16.7904298, 28.1390133 ], [ -16.7902515, 28.1389177 ], [ -16.7901312, 28.1387726 ], [ -16.7901077, 28.1386575 ], [ -16.7900121, 28.138522 ], [ -16.7896196, 28.1382461 ], [ -16.7894576, 28.138214 ], [ -16.789385, 28.1381089 ], [ -16.7892342, 28.138066 ], [ -16.7888484, 28.13805 ], [ -16.7887205, 28.1379433 ], [ -16.7888943, 28.1377459 ], [ -16.788856, 28.1376638 ], [ -16.7886265, 28.1378237 ], [ -16.7884163, 28.1375179 ], [ -16.7881934, 28.1368923 ], [ -16.7883751, 28.1367188 ], [ -16.7882748, 28.1366049 ], [ -16.7881296, 28.1365644 ], [ -16.7881079, 28.1364399 ], [ -16.7879053, 28.1360736 ], [ -16.7876223, 28.1358116 ], [ -16.7874149, 28.1354598 ], [ -16.7873375, 28.1354528 ], [ -16.7874093, 28.1352609 ], [ -16.7871418, 28.1350563 ], [ -16.7874263, 28.1344534 ], [ -16.7870338, 28.1344117 ], [ -16.7865769, 28.1347893 ], [ -16.7863306, 28.1345818 ], [ -16.7865188, 28.1342774 ], [ -16.7866192, 28.1339721 ], [ -16.786178, 28.1340668 ], [ -16.7859802, 28.1340434 ], [ -16.7862243, 28.1338291 ], [ -16.786395, 28.1336282 ], [ -16.7864108, 28.1335199 ], [ -16.7860367, 28.1328877 ], [ -16.7860609, 28.1325611 ], [ -16.7861432, 28.1323826 ], [ -16.786128, 28.1322462 ], [ -16.7862222, 28.1318017 ], [ -16.786066, 28.1316806 ], [ -16.7859575, 28.1316586 ], [ -16.7857156, 28.1314282 ], [ -16.7855888, 28.1312009 ], [ -16.7855864, 28.1311107 ], [ -16.785647, 28.1309452 ], [ -16.7857447, 28.1307832 ], [ -16.7859962, 28.1306822 ], [ -16.7861673, 28.1306456 ] ] } },
{ "type": "Feature", "properties": { "Layer": "0801DPMT", "IDTRAMO": 38062.0, "Provincia": "Santa Cruz de Tenerife", "Referencia": "DL-102-TF", "TM": "Adeje (Tenerife)", "Estado": "A", "OM": "2002-03-12", "Sit_Admin": "Aprobado (O.M. 12/03/2002)", "Tipo_Linea": "Límite DPMT aprobado", "Label": "DL-102-TF (O.M. 12/03/2002)", "ID_SEGMENT": "38062002", "FIGURA": null, "Shape_Leng": 0.0, "VERTICES": "SI" }, "geometry": { "type": "LineString", "coordinates": [ [ -16.7710633, 28.1126285 ], [ -16.7709259, 28.1126532 ], [ -16.7704419, 28.1130529 ], [ -16.7700551, 28.1135223 ], [ -16.7692096, 28.1138835 ], [ -16.7687053, 28.113954 ], [ -16.7684324, 28.1139161 ], [ -16.7682663, 28.1138439 ], [ -16.7678522, 28.1134159 ], [ -16.7677075, 28.1132036 ], [ -16.7678021, 28.1131161 ], [ -16.7678887, 28.1129989 ], [ -16.7678675, 28.1129623 ], [ -16.7677199, 28.1128263 ], [ -16.7677371, 28.1126887 ], [ -16.7677551, 28.1125485 ], [ -16.7680516, 28.1124727 ], [ -16.7682963, 28.1121294 ], [ -16.7684776, 28.1120579 ], [ -16.7687337, 28.1119602 ], [ -16.7688983, 28.1119329 ], [ -16.7690481, 28.1119046 ], [ -16.7691055, 28.1118406 ], [ -16.7691175, 28.1117865 ], [ -16.7690642, 28.1115733 ], [ -16.7689368, 28.1113521 ], [ -16.7685312, 28.1115897 ], [ -16.7682957, 28.111212 ], [ -16.7682858, 28.110941 ], [ -16.7685165, 28.1107921 ], [ -16.7687608, 28.1105628 ], [ -16.7686347, 28.1104169 ], [ -16.7685, 28.1102517 ], [ -16.7686677, 28.1100379 ], [ -16.7685062, 28.1099206 ], [ -16.7682943, 28.1101226 ], [ -16.7680362, 28.1102972 ], [ -16.7675567, 28.110339 ], [ -16.7673398, 28.1103961 ], [ -16.7669331, 28.1107351 ], [ -16.7664539, 28.1107341 ], [ -16.7663471, 28.1104371 ], [ -16.7655342, 28.1104111 ], [ -16.7651891, 28.1105008 ], [ -16.7649499, 28.1108144 ], [ -16.7645344, 28.1109914 ], [ -16.7643482, 28.1108438 ], [ -16.7636357, 28.1107 ], [ -16.762709, 28.1104219 ], [ -16.7628149, 28.1100044 ], [ -16.7626893, 28.1100002 ], [ -16.7624774, 28.1100584 ], [ -16.7622944, 28.1101365 ], [ -16.7623844, 28.1099466 ], [ -16.7624782, 28.1096949 ], [ -16.7624794, 28.1095876 ], [ -16.7622118, 28.1095491 ], [ -16.7622693, 28.1093269 ], [ -16.7622011, 28.1091334 ], [ -16.761836, 28.1094052 ], [ -16.7616282, 28.1094884 ], [ -16.7615928, 28.1093149 ], [ -16.7614076, 28.1090337 ], [ -16.7612361, 28.108847 ], [ -16.7612271, 28.1086537 ], [ -16.7610441, 28.1086652 ], [ -16.7607813, 28.1084998 ], [ -16.7605864, 28.1085686 ], [ -16.7605505, 28.1083941 ], [ -16.7602833, 28.1081825 ], [ -16.7604092, 28.1074804 ], [ -16.7605066, 28.1069368 ], [ -16.760539, 28.1067491 ], [ -16.7604179, 28.1063928 ], [ -16.7605081, 28.1062359 ], [ -16.7607092, 28.105886 ], [ -16.7608329, 28.105705 ], [ -16.760922, 28.1055127 ], [ -16.7612516, 28.1051255 ], [ -16.7608631, 28.1052684 ], [ -16.7601917, 28.1054311 ], [ -16.7597368, 28.1055904 ], [ -16.7596261, 28.1054771 ], [ -16.7594607, 28.1055013 ], [ -16.7591042, 28.10569 ], [ -16.7588445, 28.1057437 ], [ -16.7586005, 28.105716 ], [ -16.7579408, 28.1055349 ], [ -16.7577399, 28.1051948 ], [ -16.7580164, 28.1048136 ], [ -16.7581094, 28.1044346 ], [ -16.7582229, 28.1041707 ], [ -16.7582478, 28.1039484 ], [ -16.758556, 28.1032573 ], [ -16.7587156, 28.102559 ], [ -16.7591305, 28.1021594 ], [ -16.759391, 28.1018799 ], [ -16.7590957, 28.1015267 ], [ -16.7590753, 28.101338 ], [ -16.7587261, 28.1013142 ], [ -16.7585779, 28.1011729 ] ] } },
{ "type": "Feature", "properties": { "Layer": "0801DPMT", "IDTRAMO": 38063.0, "Provincia": "Santa Cruz de Tenerife", "Referencia": "DL-103-TF", "TM": "Adeje (Tenerife)", "Estado": "A", "OM": "2005-05-13", "Sit_Admin": "Aprobado (O.M. 13/05/2005)", "Tipo_Linea": "Límite DPMT aprobado", "Label": "DL-103-TF (O.M. 13/05/2005)", "ID_SEGMENT": "38063001", "FIGURA": null, "Shape_Leng": 0.0, "VERTICES": "SI" }, "geometry": { "type": "LineString", "coordinates": [ [ -16.7814501, 28.1266955 ], [ -16.7813249, 28.1264863 ], [ -16.7812771, 28.1264489 ], [ -16.7810476, 28.1258083 ], [ -16.7806699, 28.1254112 ], [ -16.7805044, 28.1252805 ], [ -16.7803655, 28.1250573 ], [ -16.7804092, 28.1248559 ], [ -16.7807496, 28.1246357 ], [ -16.7807218, 28.1245115 ], [ -16.7805463, 28.1243421 ], [ -16.7807984, 28.1241177 ], [ -16.780367, 28.1236498 ], [ -16.7801001, 28.1236709 ], [ -16.7798947, 28.1234963 ], [ -16.7795603, 28.1236453 ], [ -16.7793901, 28.1234591 ], [ -16.7796453, 28.123225 ], [ -16.779789, 28.1229629 ], [ -16.7799124, 28.1226689 ], [ -16.7796929, 28.1223494 ], [ -16.779184, 28.1226183 ], [ -16.7789941, 28.122507 ], [ -16.7795247, 28.121903 ], [ -16.7794719, 28.1216529 ], [ -16.7791441, 28.1218745 ], [ -16.7786312, 28.1219759 ], [ -16.7782387, 28.1218885 ], [ -16.7780302, 28.1219857 ], [ -16.7775489, 28.1221558 ], [ -16.7773692, 28.121826 ], [ -16.7776135, 28.1215866 ], [ -16.7776043, 28.1214741 ], [ -16.7777735, 28.1213199 ], [ -16.7780235, 28.1211901 ], [ -16.7782884, 28.1211886 ], [ -16.778585, 28.1210994 ], [ -16.7787753, 28.1209225 ], [ -16.7788645, 28.1206479 ], [ -16.7788358, 28.1204246 ], [ -16.7786008, 28.1199985 ], [ -16.7784063, 28.1198296 ], [ -16.7781683, 28.119796 ], [ -16.7778865, 28.1198394 ], [ -16.7776247, 28.1200319 ], [ -16.7774644, 28.1199718 ], [ -16.7774915, 28.1198334 ], [ -16.7773951, 28.1197989 ], [ -16.7773127, 28.1197566 ], [ -16.7771952, 28.1196962 ], [ -16.7769704, 28.1196655 ], [ -16.7764678, 28.119835 ], [ -16.7759383, 28.1198206 ], [ -16.7754415, 28.119555 ], [ -16.7757104, 28.1192029 ], [ -16.7762506, 28.1191841 ], [ -16.7765764, 28.1188915 ], [ -16.7766555, 28.1187513 ], [ -16.7767839, 28.1187124 ], [ -16.7767697, 28.1186057 ], [ -16.7766992, 28.1185969 ], [ -16.7766283, 28.1183743 ], [ -16.7766777, 28.118206 ], [ -16.7767732, 28.1179263 ], [ -16.7763142, 28.1176439 ], [ -16.7762506, 28.1177659 ], [ -16.7759294, 28.1179733 ], [ -16.7754263, 28.1182129 ], [ -16.7744349, 28.1185373 ], [ -16.7743463, 28.1184877 ], [ -16.7742632, 28.1185456 ], [ -16.7740286, 28.1186701 ], [ -16.7740653, 28.1183013 ], [ -16.7740897, 28.117896 ], [ -16.774517, 28.1176064 ], [ -16.7743354, 28.1172538 ], [ -16.7742146, 28.1171165 ], [ -16.7742889, 28.1168904 ], [ -16.7743291, 28.116873 ], [ -16.7743904, 28.1166801 ], [ -16.7743211, 28.1166659 ], [ -16.7740096, 28.1168041 ], [ -16.7737977, 28.1168009 ], [ -16.7735039, 28.1168606 ], [ -16.77345, 28.1167537 ], [ -16.7736566, 28.1165842 ], [ -16.773843, 28.1164244 ], [ -16.7739634, 28.1162054 ], [ -16.7740147, 28.1160093 ], [ -16.7737475, 28.1158885 ], [ -16.7732876, 28.1160118 ], [ -16.7732019, 28.1158017 ], [ -16.7732749, 28.1156975 ], [ -16.773194, 28.11551 ], [ -16.7727407, 28.1155364 ], [ -16.7729641, 28.1153318 ], [ -16.7730926, 28.1151743 ], [ -16.7730678, 28.1149883 ], [ -16.7730646, 28.1144506 ], [ -16.773301, 28.1141253 ], [ -16.7728987, 28.1139462 ], [ -16.7725532, 28.1133262 ], [ -16.772361, 28.1130482 ], [ -16.7721896, 28.1130946 ], [ -16.7716978, 28.113158 ], [ -16.7714157, 28.113055 ], [ -16.7714342, 28.1129299 ], [ -16.7712844, 28.1127267 ], [ -16.7711918, 28.1127732 ], [ -16.7710633, 28.1126285 ] ] } },
{ "type": "Feature", "properties": { "Layer": "0801DPMT", "IDTRAMO": 38061.0, "Provincia": "Santa Cruz de Tenerife", "Referencia": "DL-104-TF (modificación)", "TM": "Adeje (Tenerife)", "Estado": "A", "OM": "2014-04-15", "Sit_Admin": "Aprobado (O.M. 15/04/2014)", "Tipo_Linea": "Límite DPMT aprobado", "Label": "DL-104-TF (modificación) (O.M. 15/04/2014)", "ID_SEGMENT": "38061001", "FIGURA": null, "Shape_Leng": 0.0, "VERTICES": "SI" }, "geometry": { "type": "LineString", "coordinates": [ [ -16.7524133, 28.0988809 ], [ -16.7520997, 28.0987303 ], [ -16.751851, 28.09829 ], [ -16.7515567, 28.0979542 ], [ -16.7511844, 28.0977009 ], [ -16.7511545, 28.0973032 ], [ -16.7514119, 28.0972731 ] ] } },
{ "type": "Feature", "properties": { "Layer": "0801DPMT", "IDTRAMO": 38060.0, "Provincia": "Santa Cruz de Tenerife", "Referencia": "DL-104-TF", "TM": "Adeje (Tenerife)", "Estado": "A", "OM": "2006-03-07", "Sit_Admin": "Aprobado (O.M. 07/03/2006)", "Tipo_Linea": "Límite DPMT aprobado", "Label": "DL-104-TF (O.M. 07/03/2006)", "ID_SEGMENT": "38060002", "FIGURA": null, "Shape_Leng": 0.0, "VERTICES": "SI" }, "geometry": { "type": "LineString", "coordinates": [ [ -16.7585779, 28.1011729 ], [ -16.7576878, 28.1015213 ], [ -16.7573492, 28.1018803 ], [ -16.7570653, 28.1016998 ], [ -16.7568547, 28.101479 ], [ -16.7567602, 28.1013814 ], [ -16.756601, 28.1013469 ], [ -16.756674, 28.1009091 ], [ -16.7564874, 28.1008859 ], [ -16.7561366, 28.1008472 ], [ -16.7559038, 28.1008547 ], [ -16.7556643, 28.1009751 ], [ -16.7554848, 28.1009187 ], [ -16.7554295, 28.1007878 ], [ -16.755367, 28.1005843 ], [ -16.7553385, 28.1003988 ], [ -16.755451, 28.100047 ], [ -16.7555882, 28.0998009 ], [ -16.7559192, 28.0994856 ], [ -16.75605, 28.0992818 ], [ -16.7561931, 28.0991535 ], [ -16.7562345, 28.099075 ], [ -16.7559453, 28.0987619 ], [ -16.7555256, 28.0987048 ], [ -16.7551924, 28.0986835 ], [ -16.7550433, 28.0989544 ], [ -16.7548777, 28.0990917 ], [ -16.7545725, 28.0990475 ], [ -16.7545694, 28.0989099 ], [ -16.7544329, 28.0988579 ], [ -16.7540624, 28.098907 ], [ -16.7537936, 28.0988414 ], [ -16.7534696, 28.0988328 ], [ -16.7532369, 28.0989145 ], [ -16.7524133, 28.0988809 ] ] } },
{ "type": "Feature", "properties": { "Layer": "0801DPMT", "IDTRAMO": 38060.0, "Provincia": "Santa Cruz de Tenerife", "Referencia": "DL-104-TF", "TM": "Adeje (Tenerife)", "Estado": "A", "OM": "2006-03-07", "Sit_Admin": "Aprobado (O.M. 07/03/2006)", "Tipo_Linea": "Límite DPMT aprobado", "Label": "DL-104-TF (O.M. 07/03/2006)", "ID_SEGMENT": "38060003", "FIGURA": null, "Shape_Leng": 0.0, "VERTICES": "SI" }, "geometry": { "type": "LineString", "coordinates": [ [ -16.7514119, 28.0972731 ], [ -16.7514982, 28.0970935 ], [ -16.751265, 28.0967494 ], [ -16.7509576, 28.0965008 ], [ -16.7506207, 28.0960077 ], [ -16.7507581, 28.0955871 ], [ -16.7501864, 28.0951063 ] ] } },
{ "type": "Feature", "properties": { "Layer": "0801DPMT", "IDTRAMO": 38057.0, "Provincia": "Santa Cruz de Tenerife", "Referencia": "DL-105-TF", "TM": "Adeje (Tenerife)", "Estado": "A", "OM": "2006-09-22", "Sit_Admin": "Aprobado (O.M. 22/09/2006)", "Tipo_Linea": "Límite DPMT aprobado", "Label": "DL-105-TF (O.M. 22/09/2006)", "ID_SEGMENT": "38057001", "FIGURA": null, "Shape_Leng": 0.0, "VERTICES": "SI" }, "geometry": { "type": "LineString", "coordinates": [ [ -16.7355925, 28.0830309 ], [ -16.7353593, 28.0827254 ], [ -16.7354202, 28.0825358 ], [ -16.7354751, 28.0825068 ], [ -16.7355299, 28.0823915 ], [ -16.735548, 28.0822911 ], [ -16.735606, 28.0822204 ], [ -16.7356447, 28.0820996 ], [ -16.7356531, 28.0819246 ], [ -16.7356906, 28.0817741 ], [ -16.7358532, 28.0816837 ], [ -16.7360817, 28.0814783 ], [ -16.7361337, 28.080654 ], [ -16.735586, 28.0808238 ], [ -16.7354348, 28.0806392 ], [ -16.7350587, 28.0800872 ], [ -16.7350232, 28.0799889 ], [ -16.7349176, 28.0798449 ], [ -16.7348771, 28.079592 ], [ -16.735075, 28.0794886 ], [ -16.7350591, 28.079096 ], [ -16.7350429, 28.0787002 ], [ -16.7352112, 28.0787535 ], [ -16.7353322, 28.0786816 ], [ -16.7354628, 28.0783103 ], [ -16.7354039, 28.077823 ], [ -16.7356813, 28.077495 ], [ -16.7356784, 28.0772282 ], [ -16.7355458, 28.0771709 ], [ -16.7355514, 28.0769241 ], [ -16.735311, 28.0769344 ], [ -16.7351142, 28.0768238 ], [ -16.7352606, 28.0767759 ], [ -16.7352979, 28.0765713 ], [ -16.7353131, 28.076488 ], [ -16.7352099, 28.076376 ], [ -16.7352019, 28.076374 ], [ -16.7350112, 28.0763264 ], [ -16.7347213, 28.0759413 ], [ -16.7345994, 28.0755211 ], [ -16.734576, 28.0753926 ], [ -16.7345541, 28.075272 ], [ -16.7345402, 28.0751961 ], [ -16.7344385, 28.0749104 ], [ -16.7344427, 28.0748652 ], [ -16.7344299, 28.0748151 ], [ -16.7343764, 28.0746068 ], [ -16.7340883, 28.074571 ], [ -16.7339291, 28.0744935 ], [ -16.7339165, 28.0743857 ], [ -16.7340546, 28.0739678 ], [ -16.7338692, 28.0738841 ], [ -16.7335243, 28.0739548 ], [ -16.7334783, 28.0739336 ], [ -16.733436, 28.0738685 ], [ -16.7334204, 28.0738093 ], [ -16.7333937, 28.0737432 ], [ -16.733314, 28.0736821 ], [ -16.7332989, 28.0735813 ], [ -16.7333332, 28.0735149 ], [ -16.7332121, 28.0733654 ] ] } },
{ "type": "Feature", "properties": { "Layer": "0801DPMT", "IDTRAMO": 38013.0, "Provincia": "Santa Cruz de Tenerife", "Referencia": "DL-107-TF", "TM": "Candelaria (Tenerife)", "Estado": "A", "OM": "2006-05-22", "Sit_Admin": "Aprobado (O.M. 22/05/2006)", "Tipo_Linea": "Límite DPMT aprobado", "Label": "DL-107-TF (O.M. 22/05/2006)", "ID_SEGMENT": "38013001", "FIGURA": null, "Shape_Leng": 0.0, "VERTICES": "SI" }, "geometry": { "type": "LineString", "coordinates": [ [ -16.3582162, 28.3805145 ], [ -16.3581209, 28.3805777 ], [ -16.3580927, 28.380633 ], [ -16.3580997, 28.3806627 ], [ -16.3581151, 28.3807285 ], [ -16.3579818, 28.3808061 ], [ -16.3579086, 28.3807601 ], [ -16.3578535, 28.3807671 ], [ -16.3579037, 28.3808439 ], [ -16.357847, 28.3809099 ], [ -16.3576428, 28.3807882 ], [ -16.3575813, 28.3807929 ], [ -16.357601, 28.3808826 ], [ -16.357578, 28.3810368 ], [ -16.3573813, 28.3810442 ], [ -16.3574416, 28.381161 ], [ -16.3573357, 28.3813988 ], [ -16.3567595, 28.3820086 ], [ -16.3566474, 28.3821432 ], [ -16.3565263, 28.3822884 ], [ -16.3564846, 28.3823384 ], [ -16.3566716, 28.3824591 ], [ -16.3565976, 28.3825597 ], [ -16.3563598, 28.3825775 ], [ -16.356007, 28.3830206 ], [ -16.3555108, 28.383737 ], [ -16.3549063, 28.3839986 ], [ -16.3546724, 28.3840921 ], [ -16.3542951, 28.3842417 ], [ -16.3538493, 28.3844384 ], [ -16.3531448, 28.3847371 ] ] } },
{ "type": "Feature", "properties": { "Layer": "0801DPMT", "IDTRAMO": 38014.0, "Provincia": "Santa Cruz de Tenerife", "Referencia": "DL-108-TF", "TM": "Candelaria (Tenerife)", "Estado": "A", "OM": "2001-10-04", "Sit_Admin": "Aprobado (O.M. 04/10/2001)", "Tipo_Linea": "Límite DPMT aprobado", "Label": "DL-108-TF (O.M. 04/10/2001)", "ID_SEGMENT": "38014002", "FIGURA": null, "Shape_Leng": 0.0, "VERTICES": "SI" }, "geometry": { "type": "LineString", "coordinates": [ [ -16.360238, 28.3776225 ], [ -16.3603466, 28.3776401 ], [ -16.3604726, 28.3776601 ], [ -16.3606105, 28.377823 ], [ -16.3606292, 28.3779381 ], [ -16.3605147, 28.3780582 ], [ -16.3605439, 28.378224 ], [ -16.3605966, 28.3782649 ], [ -16.36092, 28.3782785 ], [ -16.3609578, 28.3782927 ], [ -16.3610045, 28.3783232 ], [ -16.3611294, 28.3785114 ], [ -16.3611164, 28.3785754 ], [ -16.3609301, 28.3786773 ], [ -16.360807, 28.3787377 ], [ -16.3607294, 28.3787608 ], [ -16.3605922, 28.3788483 ], [ -16.3605049, 28.3789025 ], [ -16.3604679, 28.3791161 ], [ -16.3605652, 28.3792096 ], [ -16.3606019, 28.3792729 ], [ -16.3606223, 28.3793153 ], [ -16.3608616, 28.3794369 ], [ -16.3607933, 28.379523 ], [ -16.3604122, 28.3798063 ], [ -16.3603472, 28.3798849 ], [ -16.3602468, 28.3799003 ], [ -16.3600806, 28.3798632 ], [ -16.3600534, 28.3798593 ], [ -16.3599836, 28.3798913 ], [ -16.3599629, 28.3799063 ], [ -16.3597577, 28.3801871 ], [ -16.3594329, 28.3803883 ], [ -16.3592504, 28.3804127 ], [ -16.3590615, 28.3805245 ], [ -16.3589407, 28.380614 ], [ -16.3588311, 28.3807344 ], [ -16.3587291, 28.3807376 ], [ -16.3585235, 28.3805121 ], [ -16.3584415, 28.3804788 ], [ -16.3583724, 28.3804852 ], [ -16.3582162, 28.3805145 ] ] } },
{ "type": "Feature", "properties": { "Layer": "0801DPMT", "IDTRAMO": 38016.0, "Provincia": "Santa Cruz de Tenerife", "Referencia": "DL-109-TF", "TM": "Candelaria (Tenerife)", "Estado": "A", "OM": "2006-05-11", "Sit_Admin": "Aprobado (O.M. 11/05/2006)", "Tipo_Linea": "Límite DPMT aprobado", "Label": "DL-109-TF (O.M. 11/05/2006)", "ID_SEGMENT": "38016001", "FIGURA": null, "Shape_Leng": 0.0, "VERTICES": "SI" }, "geometry": { "type": "LineString", "coordinates": [ [ -16.3641624, 28.3635305 ], [ -16.3643168, 28.3636866 ], [ -16.3643493, 28.3638984 ], [ -16.3645393, 28.3639661 ], [ -16.3647349, 28.3639382 ], [ -16.3648087, 28.3641806 ], [ -16.3647938, 28.3643411 ], [ -16.3644096, 28.3650393 ], [ -16.3643038, 28.3654339 ], [ -16.3639001, 28.3659828 ], [ -16.363328, 28.3670498 ], [ -16.3629407, 28.3677502 ], [ -16.3628588, 28.3678621 ], [ -16.3626853, 28.3680574 ], [ -16.3624584, 28.3683354 ], [ -16.3622692, 28.3686115 ], [ -16.3620511, 28.3689839 ], [ -16.3618821, 28.3693036 ], [ -16.3618207, 28.3694915 ], [ -16.3617929, 28.3696881 ], [ -16.3618336, 28.3704588 ], [ -16.3618804, 28.3712779 ], [ -16.3619362, 28.3721734 ], [ -16.3620215, 28.3725565 ], [ -16.3621145, 28.3725703 ], [ -16.3622073, 28.3725839 ], [ -16.3620988, 28.372728 ], [ -16.3620157, 28.3728385 ], [ -16.3619507, 28.3732154 ], [ -16.3617838, 28.3736179 ] ] } },
{ "type": "Feature", "properties": { "Layer": "0801DPMT", "IDTRAMO": 38024.0, "Provincia": "Santa Cruz de Tenerife", "Referencia": "C-110/1-TF", "TM": "Güímar (Tenerife)", "Estado": "A", "OM": "1989-03-27", "Sit_Admin": "Aprobado (O.M. 27/03/1989)", "Tipo_Linea": "Límite DPMT aprobado", "Label": "C-110/1-TF (O.M. 27/03/1989)", "ID_SEGMENT": "38024002", "FIGURA": null, "Shape_Leng": 0.0, "VERTICES": "SI" }, "geometry": { "type": "LineString", "coordinates": [ [ -16.3793584, 28.2887589 ], [ -16.3789343, 28.2892619 ], [ -16.3786591, 28.2897487 ], [ -16.378387, 28.2902039 ], [ -16.3781037, 28.2906507 ], [ -16.3778428, 28.2910356 ], [ -16.377596, 28.291386 ], [ -16.3773005, 28.2917845 ], [ -16.3770391, 28.2921176 ], [ -16.3767446, 28.2924803 ] ] } },
{ "type": "Feature", "properties": { "Layer": "0801DPMT", "IDTRAMO": 38017.0, "Provincia": "Santa Cruz de Tenerife", "Referencia": "DL-110-TF", "TM": "Candelaria (Tenerife)", "Estado": "A", "OM": "2006-09-21", "Sit_Admin": "Aprobado (O.M. 21/09/2006)", "Tipo_Linea": "Límite DPMT aprobado", "Label": "DL-110-TF (O.M. 21/09/2006)", "ID_SEGMENT": "38017007", "FIGURA": null, "Shape_Leng": 0.0, "VERTICES": "SI" }, "geometry": { "type": "LineString", "coordinates": [ [ -16.3681548, 28.3579735 ], [ -16.3680889, 28.3581787 ], [ -16.3679653, 28.3585238 ], [ -16.3678282, 28.3588287 ], [ -16.3675069, 28.3586755 ], [ -16.3673847, 28.3588884 ], [ -16.3673855, 28.3589935 ], [ -16.3675535, 28.3590674 ], [ -16.3674684, 28.3592243 ], [ -16.3673387, 28.3593637 ], [ -16.3673279, 28.3593753 ], [ -16.3672104, 28.3596055 ], [ -16.3670446, 28.3596291 ], [ -16.3669453, 28.3596433 ], [ -16.3668729, 28.3597297 ], [ -16.366891, 28.359873 ], [ -16.3670256, 28.3599597 ], [ -16.367112, 28.3600921 ], [ -16.3669166, 28.3603115 ], [ -16.3666547, 28.3602016 ], [ -16.3665308, 28.3602782 ], [ -16.3663487, 28.3601361 ], [ -16.3662776, 28.3601939 ], [ -16.366369, 28.360398 ], [ -16.3662335, 28.3605872 ], [ -16.3662143, 28.36062 ], [ -16.3662491, 28.3607753 ], [ -16.3662481, 28.3608252 ], [ -16.3662469, 28.3608866 ], [ -16.3661729, 28.360993 ], [ -16.3661408, 28.3610936 ], [ -16.3658559, 28.3613032 ], [ -16.3654376, 28.3617973 ], [ -16.365385, 28.3618595 ], [ -16.3653658, 28.361871 ], [ -16.3653275, 28.3618938 ], [ -16.3648269, 28.3621927 ], [ -16.3644925, 28.3621967 ], [ -16.3642134, 28.3622001 ], [ -16.3642267, 28.3622838 ], [ -16.3643164, 28.3625523 ], [ -16.3645146, 28.3630722 ] ] } },
{ "type": "Feature", "properties": { "Layer": "0801DPMT", "IDTRAMO": 38018.0, "Provincia": "Santa Cruz de Tenerife", "Referencia": "DL-111-TF", "TM": "Candelaria (Tenerife)", "Estado": "A", "OM": "2011-06-29", "Sit_Admin": "Aprobado (O.M. 29/06/2011)", "Tipo_Linea": "Límite DPMT aprobado", "Label": "DL-111-TF (O.M. 29/06/2011)", "ID_SEGMENT": "38018001", "FIGURA": null, "Shape_Leng": 0.0, "VERTICES": "SI" }, "geometry": { "type": "LineString", "coordinates": [ [ -16.3681548, 28.3579735 ], [ -16.3681713, 28.3577836 ], [ -16.3686668, 28.3578895 ], [ -16.3689356, 28.3577205 ], [ -16.3690313, 28.357749 ], [ -16.3690601, 28.3577576 ], [ -16.369135, 28.3578236 ], [ -16.369131, 28.3576714 ], [ -16.3691238, 28.3574009 ], [ -16.3691787, 28.3573158 ], [ -16.3692911, 28.3571419 ], [ -16.3693422, 28.3570338 ], [ -16.3695562, 28.3563248 ], [ -16.3696149, 28.3561303 ], [ -16.3697459, 28.3555764 ], [ -16.3697634, 28.3555024 ], [ -16.3697889, 28.3554082 ], [ -16.3699298, 28.3546694 ], [ -16.3699635, 28.3544927 ], [ -16.3700279, 28.3543741 ], [ -16.3699463, 28.3543371 ], [ -16.3699013, 28.3542374 ], [ -16.369889, 28.3541632 ], [ -16.3697692, 28.3533798 ], [ -16.3697718, 28.353302 ], [ -16.3697293, 28.3531713 ], [ -16.3697102, 28.3531753 ], [ -16.3696983, 28.35314 ], [ -16.3696837, 28.3530816 ], [ -16.369661, 28.3529933 ], [ -16.3696296, 28.3529219 ], [ -16.3695899, 28.352752 ], [ -16.369589, 28.352634 ], [ -16.3695883, 28.3524341 ], [ -16.3695955, 28.3522911 ], [ -16.3694235, 28.3519073 ], [ -16.3691318, 28.3512301 ], [ -16.3691001, 28.3511342 ], [ -16.3690911, 28.3510593 ], [ -16.3690456, 28.3506164 ], [ -16.3689998, 28.3501696 ], [ -16.3689447, 28.3496196 ], [ -16.3688966, 28.3493625 ] ] } },
{ "type": "Feature", "properties": { "Layer": "0801DPMT", "IDTRAMO": 38019.0, "Provincia": "Santa Cruz de Tenerife", "Referencia": "DL-112-TF", "TM": "Candelaria (Tenerife)", "Estado": "A", "OM": "2001-01-29", "Sit_Admin": "Aprobado (O.M. 29/01/2001)", "Tipo_Linea": "Límite DPMT aprobado", "Label": "DL-112-TF (O.M. 29/01/2001)", "ID_SEGMENT": "38019002", "FIGURA": null, "Shape_Leng": 0.0, "VERTICES": "SI" }, "geometry": { "type": "LineString", "coordinates": [ [ -16.3688966, 28.3493625 ], [ -16.3687514, 28.3493365 ], [ -16.3683167, 28.3492603 ], [ -16.3684735, 28.3487526 ], [ -16.3685826, 28.3483119 ], [ -16.3685825, 28.3478801 ], [ -16.369202, 28.3474991 ], [ -16.3691498, 28.3473987 ], [ -16.3690694, 28.3472231 ], [ -16.3691249, 28.3468349 ], [ -16.3692123, 28.3466974 ], [ -16.3693238, 28.3465884 ], [ -16.369405, 28.3463537 ], [ -16.3697843, 28.3461933 ], [ -16.3695732, 28.3459034 ], [ -16.3692417, 28.3460731 ], [ -16.3687964, 28.3460983 ], [ -16.3682795, 28.345949 ], [ -16.368003, 28.3456939 ], [ -16.3676966, 28.3454101 ], [ -16.3676443, 28.3451545 ], [ -16.3674027, 28.3450273 ], [ -16.3673803, 28.3449796 ], [ -16.3675007, 28.3447749 ], [ -16.3675198, 28.3444953 ], [ -16.3678188, 28.34413 ], [ -16.3679316, 28.3436423 ], [ -16.3678653, 28.3435028 ], [ -16.367604, 28.3434025 ], [ -16.3675222, 28.3431981 ], [ -16.3673131, 28.3429183 ], [ -16.367026, 28.3428055 ], [ -16.3668411, 28.3428392 ], [ -16.3666699, 28.3426874 ], [ -16.3668403, 28.3424725 ], [ -16.3674145, 28.3421423 ], [ -16.3672174, 28.3417423 ], [ -16.3672964, 28.341535 ], [ -16.3674576, 28.3414367 ], [ -16.3676434, 28.3415055 ], [ -16.3676835, 28.3414282 ], [ -16.3676333, 28.3413371 ], [ -16.3676147, 28.3411542 ], [ -16.3675209, 28.3410107 ], [ -16.3674729, 28.3408571 ], [ -16.3672683, 28.3408131 ], [ -16.3671384, 28.3406224 ], [ -16.3667018, 28.3397142 ] ] } },
{ "type": "Feature", "properties": { "Layer": "0801DPMT", "IDTRAMO": 38023.0, "Provincia": "Santa Cruz de Tenerife", "Referencia": "DL-113-TF", "TM": "Güímar (Tenerife)", "Estado": "A", "OM": "2002-01-15", "Sit_Admin": "Aprobado (O.M. 15/01/2002)", "Tipo_Linea": "Límite DPMT aprobado", "Label": "DL-113-TF (O.M. 15/01/2002)", "ID_SEGMENT": "38023001", "FIGURA": null, "Shape_Leng": 0.0, "VERTICES": "SI" }, "geometry": { "type": "LineString", "coordinates": [ [ -16.3753196, 28.2940105 ], [ -16.3746145, 28.294708 ], [ -16.3746464, 28.2948411 ], [ -16.3748091, 28.2949732 ], [ -16.3745193, 28.2952567 ], [ -16.374389, 28.2951866 ], [ -16.3742744, 28.2951961 ], [ -16.3742184, 28.2951506 ], [ -16.3740625, 28.295266 ], [ -16.373805, 28.2955375 ], [ -16.3735035, 28.2956066 ], [ -16.3733205, 28.2955273 ], [ -16.3731146, 28.2956319 ], [ -16.3729821, 28.2956992 ], [ -16.3726749, 28.2958553 ], [ -16.3726425, 28.295874 ], [ -16.372144, 28.2957489 ], [ -16.371733, 28.2964187 ], [ -16.3715367, 28.29686 ], [ -16.3716019, 28.2971544 ], [ -16.3715905, 28.2973735 ], [ -16.3715767, 28.297519 ], [ -16.3712106, 28.297899 ], [ -16.3709798, 28.2981516 ], [ -16.3708286, 28.2983099 ], [ -16.3706211, 28.2985386 ], [ -16.3706262, 28.2987678 ], [ -16.3706608, 28.2989016 ], [ -16.3706285, 28.2990237 ], [ -16.3703917, 28.2992753 ], [ -16.3701361, 28.2993046 ], [ -16.3699399, 28.2995454 ], [ -16.3699615, 28.299755 ], [ -16.3697826, 28.2999387 ], [ -16.369311, 28.3000456 ], [ -16.3686044, 28.3000661 ], [ -16.36831, 28.3005679 ], [ -16.3680235, 28.3004361 ] ] } },
{ "type": "Feature", "properties": { "Layer": "0801DPMT", "IDTRAMO": 38022.0, "Provincia": "Santa Cruz de Tenerife", "Referencia": "DL-114-TF", "TM": "Güímar (Tenerife)", "Estado": "A", "OM": "2001-06-01", "Sit_Admin": "Aprobado (O.M. 01/06/2001)", "Tipo_Linea": "Límite DPMT aprobado", "Label": "DL-114-TF (O.M. 01/06/2001)", "ID_SEGMENT": "38022002", "FIGURA": null, "Shape_Leng": 0.0, "VERTICES": "SI" }, "geometry": { "type": "LineString", "coordinates": [ [ -16.3680235, 28.3004361 ], [ -16.3680342, 28.3006915 ], [ -16.3681833, 28.3010695 ], [ -16.3678797, 28.3011491 ], [ -16.367356, 28.3014303 ], [ -16.3666839, 28.3011983 ], [ -16.3655985, 28.301273 ], [ -16.3652636, 28.3014782 ], [ -16.365123, 28.3015627 ], [ -16.3648556, 28.3015967 ], [ -16.3645776, 28.302049 ], [ -16.364216, 28.3026592 ], [ -16.3639259, 28.3029203 ], [ -16.3637503, 28.3032539 ], [ -16.3633498, 28.3036132 ], [ -16.3631869, 28.303957 ], [ -16.3628326, 28.3040968 ], [ -16.3624191, 28.3043459 ], [ -16.362272, 28.3046781 ], [ -16.3620672, 28.3051391 ], [ -16.3622508, 28.3056182 ], [ -16.3623076, 28.3059361 ], [ -16.3620229, 28.3062834 ], [ -16.3616303, 28.3066715 ], [ -16.3617047, 28.3070329 ], [ -16.3615864, 28.3074144 ], [ -16.3622297, 28.3075236 ], [ -16.3622492, 28.3078269 ], [ -16.3621136, 28.3082164 ], [ -16.3621426, 28.3084684 ], [ -16.3618897, 28.3091061 ], [ -16.3617583, 28.3095466 ], [ -16.3616846, 28.3099564 ], [ -16.3616036, 28.3103555 ], [ -16.3615738, 28.3105889 ], [ -16.3616436, 28.3108358 ], [ -16.3615385, 28.3110177 ], [ -16.361031, 28.311298 ], [ -16.3607092, 28.3114544 ], [ -16.3609206, 28.311743 ], [ -16.3608278, 28.3120535 ], [ -16.360657, 28.3123752 ], [ -16.3604444, 28.3127809 ], [ -16.3602622, 28.3132528 ], [ -16.3598318, 28.3135962 ], [ -16.3600371, 28.3139167 ], [ -16.3603925, 28.3142104 ], [ -16.3604829, 28.3145608 ], [ -16.3605828, 28.3149847 ], [ -16.3604872, 28.3152382 ], [ -16.3604396, 28.3155836 ], [ -16.3602923, 28.3161894 ], [ -16.3602166, 28.3166235 ], [ -16.3601623, 28.3170073 ], [ -16.3599961, 28.3175448 ], [ -16.3599113, 28.3181771 ], [ -16.3600068, 28.3183893 ], [ -16.3600563, 28.3186425 ], [ -16.3602248, 28.3187471 ], [ -16.3600252, 28.3189822 ], [ -16.3598258, 28.3192251 ], [ -16.3597474, 28.3195512 ], [ -16.3602043, 28.319837 ], [ -16.3602544, 28.3200004 ], [ -16.3604702, 28.320146 ], [ -16.3602303, 28.3203331 ] ] } },
{ "type": "Feature", "properties": { "Layer": "0801DPMT", "IDTRAMO": 38030.0, "Provincia": "Santa Cruz de Tenerife", "Referencia": "DL-115-TF", "TM": "Güímar (Tenerife)", "Estado": "A", "OM": "2006-09-21", "Sit_Admin": "Aprobado (O.M. 21/09/2006)", "Tipo_Linea": "Límite DPMT aprobado", "Label": "DL-115-TF (O.M. 21/09/2006)", "ID_SEGMENT": "38030001", "FIGURA": null, "Shape_Leng": 0.0, "VERTICES": "SI" }, "geometry": { "type": "LineString", "coordinates": [ [ -16.4077629, 28.2346112 ], [ -16.4075017, 28.2348172 ], [ -16.4068657, 28.2354357 ], [ -16.4071013, 28.2356189 ], [ -16.406335, 28.2365604 ], [ -16.4055758, 28.2367304 ], [ -16.405574, 28.2373391 ], [ -16.4055109, 28.2378874 ], [ -16.4054254, 28.2381868 ], [ -16.4048868, 28.2386863 ], [ -16.4049792, 28.2389371 ], [ -16.404766, 28.238994 ], [ -16.4044677, 28.2389755 ], [ -16.4042828, 28.2389146 ], [ -16.4041771, 28.2389468 ], [ -16.4040869, 28.2390255 ], [ -16.4040368, 28.2391877 ], [ -16.4040713, 28.2393512 ], [ -16.4040692, 28.2395437 ], [ -16.4040655, 28.2396479 ], [ -16.4041686, 28.2397319 ], [ -16.4043044, 28.2398625 ], [ -16.4042015, 28.2399538 ], [ -16.404052, 28.2398535 ], [ -16.4039313, 28.2398092 ], [ -16.4037505, 28.2399319 ], [ -16.4035945, 28.2398666 ], [ -16.403585, 28.2398263 ], [ -16.4034223, 28.2398804 ], [ -16.4032393, 28.2396785 ], [ -16.4029589, 28.2398474 ], [ -16.4029795, 28.2400912 ], [ -16.402804, 28.240286 ], [ -16.4025661, 28.2403133 ], [ -16.402574, 28.2405666 ], [ -16.4023694, 28.2406475 ], [ -16.4018769, 28.2411469 ], [ -16.4019686, 28.2413879 ], [ -16.4023346, 28.2416474 ], [ -16.4024646, 28.2418485 ], [ -16.4025362, 28.2420945 ], [ -16.4023215, 28.2424604 ], [ -16.4024034, 28.2426523 ], [ -16.4024798, 28.2428074 ] ] } },
{ "type": "Feature", "properties": { "Layer": "0801DPMT", "IDTRAMO": 38029.0, "Provincia": "Santa Cruz de Tenerife", "Referencia": "DL-116-TF", "TM": "Güímar (Tenerife)", "Estado": "A", "OM": "2006-10-30", "Sit_Admin": "Aprobado (O.M. 30/10/2006)", "Tipo_Linea": "Límite DPMT aprobado", "Label": "DL-116-TF (O.M. 30/10/2006)", "ID_SEGMENT": "38029001", "FIGURA": null, "Shape_Leng": 0.0, "VERTICES": "SI" }, "geometry": { "type": "LineString", "coordinates": [ [ -16.4024798, 28.2428074 ], [ -16.4024998, 28.2433589 ], [ -16.4026203, 28.2436247 ], [ -16.4025605, 28.2442608 ], [ -16.4021359, 28.2447617 ], [ -16.4018674, 28.2449249 ], [ -16.4015952, 28.2449399 ], [ -16.4012389, 28.2449309 ], [ -16.4012372, 28.2450032 ], [ -16.4014009, 28.2451661 ], [ -16.4012375, 28.2455742 ], [ -16.4011023, 28.2455681 ], [ -16.4008436, 28.2457051 ], [ -16.4007071, 28.2459252 ], [ -16.4008212, 28.2459877 ], [ -16.401097, 28.2461972 ], [ -16.4009103, 28.2463818 ], [ -16.4005068, 28.246321 ], [ -16.4007438, 28.2465367 ], [ -16.4009949, 28.2467038 ], [ -16.4009445, 28.2468046 ], [ -16.4009163, 28.247145 ], [ -16.4006684, 28.247411 ], [ -16.4004328, 28.2475673 ], [ -16.400236, 28.2476279 ], [ -16.4000777, 28.2477265 ], [ -16.3995791, 28.247794 ], [ -16.3993616, 28.2478908 ], [ -16.3992439, 28.2480067 ], [ -16.3988726, 28.2481006 ], [ -16.3990461, 28.2483178 ], [ -16.3988689, 28.2484105 ], [ -16.3987039, 28.2484164 ], [ -16.3987096, 28.248687 ], [ -16.3986134, 28.2487878 ], [ -16.3983732, 28.2485899 ], [ -16.3982345, 28.2488577 ], [ -16.3984829, 28.2490699 ], [ -16.3984253, 28.249272 ], [ -16.3982724, 28.2495613 ], [ -16.3982541, 28.2496536 ], [ -16.3985211, 28.2498324 ], [ -16.3981054, 28.2498341 ], [ -16.3979866, 28.2497272 ], [ -16.3979123, 28.2496809 ], [ -16.3977587, 28.2498844 ], [ -16.3977415, 28.2499534 ], [ -16.3976323, 28.2500281 ], [ -16.3974667, 28.2501947 ], [ -16.3972731, 28.2502881 ], [ -16.397423, 28.2505051 ], [ -16.3973138, 28.2506411 ], [ -16.3971693, 28.2508716 ], [ -16.3969718, 28.2511406 ], [ -16.3968341, 28.251315 ], [ -16.3968125, 28.2514659 ], [ -16.3966859, 28.2515289 ], [ -16.3967292, 28.2516493 ], [ -16.3963352, 28.2520402 ], [ -16.396436, 28.2523949 ], [ -16.3963469, 28.2528058 ], [ -16.3961265, 28.253213 ], [ -16.3957769, 28.2534584 ], [ -16.3957166, 28.2538235 ], [ -16.3959181, 28.2539334 ], [ -16.3959503, 28.2544603 ], [ -16.3958282, 28.2548937 ], [ -16.3959678, 28.2550163 ], [ -16.3957886, 28.2551731 ], [ -16.3952541, 28.2557376 ], [ -16.3950035, 28.2563104 ], [ -16.3947427, 28.2563442 ], [ -16.3944656, 28.2562166 ], [ -16.3943268, 28.2565373 ], [ -16.3943452, 28.2573087 ], [ -16.394208, 28.2573343 ], [ -16.3942659, 28.2574446 ], [ -16.3948505, 28.2578008 ] ] } },
{ "type": "Feature", "properties": { "Layer": "0801DPMT", "IDTRAMO": 38028.0, "Provincia": "Santa Cruz de Tenerife", "Referencia": "DL-117-TF", "TM": "Güímar (Tenerife)", "Estado": "A", "OM": "2007-02-27", "Sit_Admin": "Aprobado (O.M. 27/02/2007)", "Tipo_Linea": "Límite DPMT aprobado", "Label": "DL-117-TF (O.M. 27/02/2007)", "ID_SEGMENT": "38028002", "FIGURA": null, "Shape_Leng": 0.0, "VERTICES": "SI" }, "geometry": { "type": "LineString", "coordinates": [ [ -16.3948505, 28.2578008 ], [ -16.3951223, 28.258234 ], [ -16.3948519, 28.2585135 ], [ -16.3943, 28.2583349 ], [ -16.3939611, 28.2584106 ], [ -16.3937875, 28.2582566 ], [ -16.3935631, 28.2583181 ], [ -16.3933594, 28.2584809 ], [ -16.3931138, 28.25846 ], [ -16.3928519, 28.25915 ], [ -16.3925892, 28.2593172 ], [ -16.3922796, 28.2596633 ], [ -16.3927917, 28.2600271 ], [ -16.3924331, 28.2605099 ], [ -16.3922075, 28.2606544 ], [ -16.3920585, 28.2606581 ], [ -16.3916263, 28.2606583 ], [ -16.3912588, 28.2604843 ] ] } },
{ "type": "Feature", "properties": { "Layer": "0801DPMT", "IDTRAMO": 38027.0, "Provincia": "Santa Cruz de Tenerife", "Referencia": "DL-118-TF", "TM": "Güímar (Tenerife)", "Estado": "A", "OM": "2006-11-28", "Sit_Admin": "Aprobado (O.M. 28/11/2006)", "Tipo_Linea": "Límite DPMT aprobado", "Label": "DL-118-TF (O.M. 28/11/2006)", "ID_SEGMENT": "38027001", "FIGURA": null, "Shape_Leng": 0.0, "VERTICES": "SI" }, "geometry": { "type": "LineString", "coordinates": [ [ -16.3912588, 28.2604843 ], [ -16.3908842, 28.2608495 ], [ -16.3907283, 28.2610763 ], [ -16.3905737, 28.2611814 ], [ -16.390399, 28.2614574 ], [ -16.3904739, 28.2615297 ], [ -16.3903865, 28.2616259 ], [ -16.390171, 28.2616215 ], [ -16.3901316, 28.2621489 ], [ -16.3899601, 28.2624285 ], [ -16.3896595, 28.2628366 ], [ -16.3894726, 28.2629713 ], [ -16.3894326, 28.2630921 ], [ -16.3893056, 28.2632454 ], [ -16.3890575, 28.2632649 ], [ -16.3888212, 28.2635492 ], [ -16.3887454, 28.263698 ], [ -16.3886961, 28.2639094 ], [ -16.3885341, 28.2640038 ], [ -16.3883119, 28.2642881 ], [ -16.3882059, 28.2644363 ], [ -16.3879668, 28.2645194 ], [ -16.3877342, 28.2648476 ], [ -16.3877799, 28.2649664 ], [ -16.3877153, 28.2656421 ], [ -16.3876823, 28.2658817 ], [ -16.3875061, 28.2659454 ], [ -16.3874789, 28.2665113 ], [ -16.3875653, 28.26659 ], [ -16.3875394, 28.2667413 ], [ -16.3873006, 28.2667287 ], [ -16.3872083, 28.2669678 ], [ -16.3873604, 28.2671266 ], [ -16.3874018, 28.2673881 ], [ -16.3874061, 28.2679326 ], [ -16.3874132, 28.2684468 ], [ -16.3872055, 28.2690507 ], [ -16.3865901, 28.2698692 ], [ -16.3865704, 28.2702092 ], [ -16.3864088, 28.2704071 ], [ -16.385853, 28.270608 ], [ -16.3857011, 28.2707097 ], [ -16.385629, 28.270782 ], [ -16.3853852, 28.270968 ], [ -16.3853363, 28.2709903 ], [ -16.3852377, 28.2712199 ], [ -16.3850612, 28.2715131 ], [ -16.3850404, 28.2719582 ], [ -16.3850056, 28.2723583 ], [ -16.3854181, 28.2725078 ], [ -16.3852629, 28.2726315 ], [ -16.3850825, 28.2726074 ], [ -16.384981, 28.2726162 ], [ -16.3848104, 28.2726977 ], [ -16.3846954, 28.2727463 ], [ -16.3846201, 28.2727827 ], [ -16.3844879, 28.2726556 ], [ -16.3843686, 28.2726121 ], [ -16.3843059, 28.2726563 ], [ -16.3843791, 28.2727143 ], [ -16.3844546, 28.2729594 ], [ -16.3845046, 28.2729833 ], [ -16.3843839, 28.2731505 ], [ -16.3841641, 28.2731616 ], [ -16.3840461, 28.2739577 ], [ -16.3840848, 28.2741257 ], [ -16.3840731, 28.2743506 ], [ -16.3839758, 28.2743891 ], [ -16.3839483, 28.2745511 ], [ -16.384229, 28.2746567 ], [ -16.3843556, 28.2748221 ], [ -16.3844127, 28.2748427 ], [ -16.3843628, 28.2750712 ], [ -16.3841523, 28.2750513 ], [ -16.3840134, 28.2751218 ], [ -16.3840024, 28.2752077 ], [ -16.3841184, 28.2753085 ], [ -16.384059, 28.2754312 ], [ -16.3840584, 28.2755446 ], [ -16.3840617, 28.2756059 ], [ -16.3844296, 28.2757355 ], [ -16.384531, 28.2758638 ], [ -16.3840835, 28.2760414 ], [ -16.3840086, 28.276141 ], [ -16.3838926, 28.2764155 ], [ -16.38392, 28.2767937 ], [ -16.3835383, 28.2767305 ], [ -16.3833138, 28.277035 ], [ -16.3834192, 28.2774688 ] ] } },
{ "type": "Feature", "properties": { "Layer": "0801DPMT", "IDTRAMO": 38026.0, "Provincia": "Santa Cruz de Tenerife", "Referencia": "DL-119-TF", "TM": "Güímar (Tenerife)", "Estado": "A", "OM": "2006-04-04", "Sit_Admin": "Aprobado (O.M. 04/04/2006)", "Tipo_Linea": "Límite DPMT aprobado", "Label": "DL-119-TF (O.M. 04/04/2006)", "ID_SEGMENT": "38026003", "FIGURA": null, "Shape_Leng": 0.0, "VERTICES": "SI" }, "geometry": { "type": "LineString", "coordinates": [ [ -16.3834192, 28.2774688 ], [ -16.3834001, 28.2778289 ], [ -16.3840668, 28.2779513 ], [ -16.3842996, 28.278315 ], [ -16.3844006, 28.278917 ], [ -16.3843424, 28.2794132 ], [ -16.3842572, 28.2797363 ], [ -16.3844379, 28.2801268 ], [ -16.3844894, 28.2806401 ], [ -16.3843496, 28.2807996 ], [ -16.38432, 28.2812493 ], [ -16.3840842, 28.2817851 ], [ -16.3842155, 28.2823049 ], [ -16.3843569, 28.2826492 ], [ -16.3842778, 28.2831687 ], [ -16.3843589, 28.2839155 ], [ -16.3842739, 28.2844707 ], [ -16.3840829, 28.2848429 ], [ -16.3837611, 28.285129 ], [ -16.3833244, 28.2855024 ], [ -16.3829568, 28.2857818 ], [ -16.3827329, 28.2859551 ], [ -16.382342, 28.2862872 ], [ -16.3819781, 28.2865709 ], [ -16.3812998, 28.2870857 ], [ -16.3807441, 28.2876697 ], [ -16.379972, 28.2882591 ], [ -16.3793584, 28.2887589 ] ] } },
{ "type": "Feature", "properties": { "Layer": "0801DPMT", "IDTRAMO": 38051.0, "Provincia": "Santa Cruz de Tenerife", "Referencia": "DL-120-TF", "TM": "Arona (Tenerife)", "Estado": "A", "OM": "2001-10-04", "Sit_Admin": "Aprobado (O.M. 04/10/2001)", "Tipo_Linea": "Límite DPMT aprobado", "Label": "DL-120-TF (O.M. 04/10/2001)", "ID_SEGMENT": "38051002", "FIGURA": null, "Shape_Leng": 0.0, "VERTICES": "SI" }, "geometry": { "type": "LineString", "coordinates": [ [ -16.7061338, 28.0213209 ], [ -16.7059777, 28.021066 ], [ -16.706261, 28.0205377 ], [ -16.7064048, 28.0201092 ], [ -16.7063566, 28.0198523 ], [ -16.7064571, 28.019694 ], [ -16.7067296, 28.0193812 ], [ -16.7065322, 28.0192065 ], [ -16.7064778, 28.0188918 ], [ -16.7062971, 28.0187973 ], [ -16.7061171, 28.0185819 ], [ -16.706081, 28.0180138 ], [ -16.706164, 28.0177966 ], [ -16.7061108, 28.0173919 ], [ -16.7059851, 28.0171582 ], [ -16.7061, 28.0169866 ], [ -16.706051, 28.016688 ], [ -16.705751, 28.016565 ], [ -16.7054963, 28.0163704 ], [ -16.7053887, 28.0161182 ], [ -16.7056711, 28.0156612 ], [ -16.7059213, 28.0150843 ], [ -16.7061404, 28.0148089 ], [ -16.706385, 28.0147345 ], [ -16.7065842, 28.014492 ], [ -16.7067782, 28.0142459 ], [ -16.7067301, 28.0140925 ], [ -16.7068771, 28.0138761 ], [ -16.7068375, 28.0136663 ], [ -16.7069588, 28.0135214 ], [ -16.7068706, 28.0133459 ], [ -16.7068649, 28.0130759 ], [ -16.7068809, 28.0128246 ], [ -16.7070714, 28.0125491 ], [ -16.706883, 28.0120638 ], [ -16.706825, 28.0116933 ], [ -16.7067173, 28.0110604 ], [ -16.7063224, 28.0105901 ], [ -16.7060296, 28.0104406 ], [ -16.7058954, 28.0101424 ], [ -16.7058394, 28.0098975 ], [ -16.7056112, 28.0096454 ], [ -16.7057173, 28.0094536 ], [ -16.705284, 28.0088726 ], [ -16.7050567, 28.008523 ], [ -16.7049048, 28.0080797 ], [ -16.7045667, 28.0079024 ], [ -16.7046167, 28.0076004 ], [ -16.7043323, 28.0073679 ], [ -16.7041901, 28.0070826 ], [ -16.7038799, 28.0066948 ], [ -16.7034406, 28.0064797 ], [ -16.7029233, 28.0062788 ], [ -16.7025155, 28.0058583 ], [ -16.702232, 28.0057107 ], [ -16.7021674, 28.0054905 ], [ -16.7019233, 28.0051782 ], [ -16.7016477, 28.0050697 ], [ -16.7016602, 28.0048888 ], [ -16.7014721, 28.0047307 ], [ -16.7014477, 28.0043695 ], [ -16.7011244, 28.0043724 ], [ -16.7007952, 28.0041665 ], [ -16.7005575, 28.0042062 ], [ -16.7002292, 28.0042658 ], [ -16.6998465, 28.0041643 ], [ -16.6996967, 28.0039896 ], [ -16.699479, 28.0038781 ], [ -16.6995363, 28.0037063 ], [ -16.6991856, 28.0037513 ], [ -16.6990922, 28.0033802 ], [ -16.6987181, 28.0032701 ], [ -16.6983649, 28.0031327 ], [ -16.6977562, 28.0029344 ], [ -16.6972627, 28.0027617 ], [ -16.6966789, 28.0024744 ], [ -16.6963225, 28.0022659 ], [ -16.6959519, 28.0022953 ], [ -16.6955352, 28.0022257 ], [ -16.6952923, 28.0021684 ], [ -16.6950672, 28.001838 ], [ -16.6950132, 28.001304 ], [ -16.6948947, 28.0012342 ], [ -16.6945339, 28.0013043 ], [ -16.6941806, 28.0013367 ], [ -16.6940724, 28.0011324 ], [ -16.694076, 28.0009444 ], [ -16.693982, 28.000923 ], [ -16.693614, 28.0008066 ], [ -16.6933802, 28.0005092 ], [ -16.6934707, 28.0002837 ], [ -16.6931756, 28.0003418 ], [ -16.6929512, 28.0005576 ], [ -16.6926961, 28.0005912 ], [ -16.6922446, 28.0005042 ], [ -16.6920674, 28.0002982 ], [ -16.6916948, 28.0003778 ], [ -16.6915296, 28.0002362 ], [ -16.6912146, 28.000071 ], [ -16.6908653, 28.0000264 ], [ -16.6906503, 27.9997568 ], [ -16.6900919, 27.9997181 ], [ -16.6898436, 28.000019 ], [ -16.6895718, 27.9999649 ], [ -16.6894982, 27.9995114 ], [ -16.6891164, 27.9997285 ], [ -16.6887556, 27.9997269 ], [ -16.6885394, 27.9996052 ], [ -16.6884732, 27.9993815 ], [ -16.6882129, 27.9993908 ], [ -16.6879919, 27.9991686 ], [ -16.6872807, 27.9990705 ], [ -16.6864572, 27.9990013 ], [ -16.6859005, 27.9987707 ], [ -16.6855115, 27.9986532 ], [ -16.6853248, 27.9988114 ], [ -16.6851243, 27.9987082 ], [ -16.6847569, 27.9987718 ], [ -16.6840526, 27.9989836 ], [ -16.6836965, 27.998948 ], [ -16.6831883, 27.9988099 ], [ -16.6830096, 27.9989391 ], [ -16.6823346, 27.9990717 ], [ -16.6821151, 27.999114 ], [ -16.6815088, 27.9988424 ], [ -16.6810404, 27.998868 ], [ -16.6807453, 27.9987936 ], [ -16.6799801, 27.9986885 ], [ -16.6796799, 27.9986737 ], [ -16.6786135, 27.9986547 ], [ -16.6779936, 27.9988705 ], [ -16.6778941, 27.9989813 ], [ -16.677379, 27.9995742 ], [ -16.6770965, 27.9996987 ], [ -16.6767849, 27.9997378 ], [ -16.6765056, 27.9998706 ], [ -16.6763796, 28.0000818 ], [ -16.676269, 28.0002606 ], [ -16.6761281, 28.0005224 ], [ -16.6757135, 28.0005564 ], [ -16.675562, 28.0005853 ], [ -16.6753881, 28.0009406 ], [ -16.6751985, 28.0009307 ], [ -16.6746975, 28.0014824 ], [ -16.6745408, 28.0017071 ], [ -16.6743555, 28.0021079 ], [ -16.673972, 28.0026931 ], [ -16.6738353, 28.0029455 ], [ -16.6734968, 28.0031276 ], [ -16.67338, 28.0031901 ], [ -16.6732854, 28.0034095 ], [ -16.6731268, 28.0034962 ], [ -16.6727484, 28.0039106 ], [ -16.6724303, 28.0041981 ], [ -16.6723493, 28.0043262 ], [ -16.6720534, 28.004535 ], [ -16.6720973, 28.0048131 ], [ -16.6717383, 28.0051606 ], [ -16.6714931, 28.0051303 ], [ -16.6713237, 28.0049331 ], [ -16.6709231, 28.0050705 ], [ -16.6705072, 28.0048704 ], [ -16.6703337, 28.004856 ], [ -16.6701023, 28.0048143 ], [ -16.6698466, 28.0048356 ], [ -16.669444, 28.0047991 ], [ -16.6690279, 28.0044448 ], [ -16.6688265, 28.0046691 ], [ -16.6681818, 28.0042571 ], [ -16.6675874, 28.0043023 ], [ -16.6672677, 28.0041055 ], [ -16.6668713, 28.0039023 ], [ -16.6668043, 28.0039399 ], [ -16.6668617, 28.0042362 ], [ -16.6669272, 28.0042753 ], [ -16.6667983, 28.004618 ], [ -16.6670483, 28.0049194 ], [ -16.6670899, 28.0052172 ], [ -16.6670071, 28.0053782 ], [ -16.6669351, 28.0055179 ], [ -16.6667869, 28.0057188 ], [ -16.6666127, 28.0060415 ], [ -16.6665215, 28.0062482 ], [ -16.6662624, 28.0064629 ] ] } },
{ "type": "Feature", "properties": { "Layer": "0801DPMT", "IDTRAMO": 38050.0, "Provincia": "Santa Cruz de Tenerife", "Referencia": "DL-121-TF", "TM": "Arona (Tenerife)", "Estado": "A", "OM": "2007-10-09", "Sit_Admin": "Aprobado (O.M. 09/10/2007)", "Tipo_Linea": "Límite DPMT aprobado", "Label": "DL-121-TF (O.M. 09/10/2007)", "ID_SEGMENT": "38050001", "FIGURA": null, "Shape_Leng": 0.0, "VERTICES": "SI" }, "geometry": { "type": "LineString", "coordinates": [ [ -16.6662624, 28.0064629 ], [ -16.6663466, 28.0066917 ], [ -16.6663102, 28.0068791 ], [ -16.6662377, 28.0076163 ], [ -16.6661379, 28.0079257 ], [ -16.6657623, 28.0083329 ], [ -16.6653754, 28.0083724 ], [ -16.6650496, 28.0086735 ], [ -16.6647157, 28.0087236 ], [ -16.6644832, 28.0088976 ], [ -16.663971, 28.0089262 ], [ -16.6635799, 28.0090177 ], [ -16.6635358, 28.0093004 ], [ -16.6634999, 28.0096934 ], [ -16.663501, 28.0098452 ], [ -16.6632106, 28.0094734 ], [ -16.6630618, 28.0090671 ], [ -16.663062, 28.0087956 ], [ -16.6630069, 28.0083881 ], [ -16.6627937, 28.0082863 ], [ -16.6627041, 28.0084516 ], [ -16.6627204, 28.0087396 ], [ -16.6624407, 28.0089047 ], [ -16.6622863, 28.0088601 ], [ -16.6621598, 28.0087064 ], [ -16.662076, 28.0086531 ], [ -16.6619894, 28.0087183 ], [ -16.6621321, 28.0089483 ], [ -16.6622098, 28.0092404 ], [ -16.6619461, 28.0092711 ], [ -16.6613794, 28.0091443 ], [ -16.6607861, 28.0090125 ], [ -16.6602834, 28.0089356 ], [ -16.6601185, 28.0090256 ], [ -16.6600756, 28.0093015 ], [ -16.6601585, 28.0094364 ], [ -16.6601372, 28.0097827 ], [ -16.6599352, 28.0099449 ], [ -16.6596628, 28.0099163 ], [ -16.6587054, 28.0097122 ], [ -16.657793, 28.0100772 ], [ -16.6575933, 28.0100796 ], [ -16.6574633, 28.0099971 ], [ -16.6572242, 28.01 ], [ -16.6570353, 28.0098529 ], [ -16.6571367, 28.0096043 ], [ -16.6575492, 28.009429 ], [ -16.6577115, 28.0087921 ], [ -16.6582825, 28.008147 ], [ -16.6580735, 28.0077783 ], [ -16.6579942, 28.0074164 ], [ -16.6575081, 28.0071007 ], [ -16.6569128, 28.0066558 ], [ -16.6563548, 28.0062381 ], [ -16.6561553, 28.0061929 ], [ -16.6559613, 28.0062691 ], [ -16.6556156, 28.0062724 ], [ -16.6552508, 28.0063337 ], [ -16.6545633, 28.0064566 ], [ -16.6543285, 28.0065018 ], [ -16.6543321, 28.0063865 ], [ -16.6536315, 28.0064089 ], [ -16.65325, 28.0066056 ], [ -16.6527466, 28.0069555 ], [ -16.6526779, 28.007271 ], [ -16.6525738, 28.0075215 ], [ -16.6524395, 28.0078477 ], [ -16.6521818, 28.0084781 ], [ -16.6515864, 28.0085679 ], [ -16.651346, 28.0081966 ], [ -16.6512238, 28.0077999 ], [ -16.6510496, 28.0076867 ], [ -16.6509185, 28.007542 ] ] } },
{ "type": "Feature", "properties": { "Layer": "0801DPMT", "IDTRAMO": 38049.0, "Provincia": "Santa Cruz de Tenerife", "Referencia": "DL-122-TF", "TM": "Arona (Tenerife)", "Estado": "A", "OM": "2002-10-07", "Sit_Admin": "Aprobado (O.M. 07/10/2002)", "Tipo_Linea": "Límite DPMT aprobado", "Label": "DL-122-TF (O.M. 07/10/2002)", "ID_SEGMENT": "38049002", "FIGURA": null, "Shape_Leng": 0.0, "VERTICES": "SI" }, "geometry": { "type": "LineString", "coordinates": [ [ -16.6509185, 28.007542 ], [ -16.6507623, 28.0076028 ], [ -16.6506476, 28.0077374 ], [ -16.6505156, 28.0077434 ], [ -16.6504988, 28.0079487 ], [ -16.6503589, 28.0079119 ], [ -16.6502145, 28.007839 ], [ -16.6498902, 28.0078896 ], [ -16.6498131, 28.0078732 ], [ -16.6497825, 28.0078472 ], [ -16.6496862, 28.0077456 ], [ -16.6494319, 28.0076755 ], [ -16.6491536, 28.0076668 ], [ -16.6490784, 28.0076276 ], [ -16.6490776, 28.0075411 ], [ -16.6489908, 28.0074358 ], [ -16.6489366, 28.0072855 ], [ -16.6489461, 28.0071884 ], [ -16.648881, 28.007165 ], [ -16.6487078, 28.0071409 ], [ -16.6485722, 28.0070615 ], [ -16.6485208, 28.0070062 ], [ -16.6484601, 28.0068332 ], [ -16.6483587, 28.0066705 ], [ -16.6483498, 28.0063621 ], [ -16.6479611, 28.0060624 ], [ -16.647703, 28.0057779 ], [ -16.6475641, 28.0056246 ], [ -16.6475167, 28.0055255 ], [ -16.6473197, 28.0053668 ], [ -16.6470188, 28.0050393 ], [ -16.6469701, 28.0049086 ], [ -16.64687, 28.0047032 ], [ -16.6468418, 28.0045345 ], [ -16.6467139, 28.0044109 ], [ -16.6462245, 28.0042063 ], [ -16.6459436, 28.0039725 ], [ -16.645654, 28.0038271 ], [ -16.6455343, 28.0039068 ], [ -16.6453885, 28.0038843 ], [ -16.6452819, 28.003951 ], [ -16.6451971, 28.0038265 ], [ -16.6448426, 28.0038787 ], [ -16.6444569, 28.0038951 ], [ -16.6441004, 28.0039591 ], [ -16.6438871, 28.0039915 ], [ -16.6437466, 28.0040656 ], [ -16.6437073, 28.0040511 ], [ -16.6436588, 28.0039992 ], [ -16.6434071, 28.0040439 ], [ -16.6433958, 28.0042858 ], [ -16.6432264, 28.0043274 ], [ -16.6430841, 28.0045091 ], [ -16.6429917, 28.0045546 ], [ -16.6427528, 28.0045875 ], [ -16.6425345, 28.0046853 ], [ -16.6421825, 28.0048402 ], [ -16.6419488, 28.0050867 ], [ -16.641813, 28.0052426 ], [ -16.6417194, 28.0053949 ], [ -16.6416331, 28.0054289 ], [ -16.6415325, 28.005445 ], [ -16.6412917, 28.0054006 ], [ -16.6410067, 28.005361 ], [ -16.6409391, 28.0053886 ], [ -16.6404915, 28.0053297 ], [ -16.6401427, 28.0053976 ], [ -16.6400226, 28.0055917 ], [ -16.6397878, 28.005534 ], [ -16.6395623, 28.0056793 ], [ -16.6395084, 28.0058109 ], [ -16.6394152, 28.0058392 ], [ -16.6391436, 28.0061845 ], [ -16.6389606, 28.0061522 ], [ -16.6387747, 28.0064103 ], [ -16.6385148, 28.0065354 ], [ -16.6385503, 28.0067072 ], [ -16.6387768, 28.0069671 ], [ -16.6388159, 28.0071111 ], [ -16.6389299, 28.0072673 ], [ -16.6388482, 28.0077247 ], [ -16.6389813, 28.0079232 ], [ -16.638942, 28.0081279 ], [ -16.6388118, 28.0082097 ], [ -16.6387769, 28.0084284 ], [ -16.6388324, 28.0086393 ], [ -16.6388052, 28.0088437 ], [ -16.6388749, 28.0093525 ], [ -16.6387463, 28.0094016 ] ] } },
{ "type": "Feature", "properties": { "Layer": "0801DPMT", "IDTRAMO": 38048.0, "Provincia": "Santa Cruz de Tenerife", "Referencia": "DL-123-TF", "TM": "San Miguel de Abona (Tenerife)", "Estado": "A", "OM": "2002-08-24", "Sit_Admin": "Aprobado (O.M. 24/08/2002)", "Tipo_Linea": "Límite DPMT aprobado", "Label": "DL-123-TF (O.M. 24/08/2002)", "ID_SEGMENT": "38048002", "FIGURA": null, "Shape_Leng": 0.0, "VERTICES": "SI" }, "geometry": { "type": "LineString", "coordinates": [ [ -16.6387463, 28.0094016 ], [ -16.6381582, 28.0095313 ], [ -16.6373328, 28.0094865 ], [ -16.6366442, 28.0092785 ], [ -16.6358546, 28.0093951 ], [ -16.6354805, 28.0093612 ], [ -16.6347884, 28.009653 ], [ -16.6342265, 28.0097272 ], [ -16.6340463, 28.009433 ], [ -16.6338625, 28.009133 ], [ -16.6335822, 28.0093729 ], [ -16.6332717, 28.0094557 ], [ -16.6332313, 28.0093097 ], [ -16.6329399, 28.0091 ], [ -16.6326211, 28.0092311 ], [ -16.6324233, 28.0096745 ], [ -16.6321525, 28.009711 ], [ -16.6320453, 28.0102879 ], [ -16.6316215, 28.010066 ], [ -16.6316856, 28.0102607 ], [ -16.6315608, 28.0103726 ], [ -16.6317481, 28.0106141 ], [ -16.6319342, 28.0106523 ], [ -16.6318779, 28.0108297 ], [ -16.6319479, 28.0111872 ], [ -16.6320797, 28.0113203 ], [ -16.6320575, 28.0114495 ], [ -16.631832, 28.0117398 ], [ -16.6320098, 28.0118663 ], [ -16.6320371, 28.0122436 ], [ -16.6321479, 28.0124531 ], [ -16.6320226, 28.0127502 ], [ -16.6314577, 28.0130646 ], [ -16.6311093, 28.0134874 ], [ -16.630736, 28.0136267 ], [ -16.6301967, 28.0140037 ], [ -16.6301169, 28.0141627 ], [ -16.6298738, 28.0143492 ], [ -16.6297856, 28.0148256 ], [ -16.6297198, 28.0151884 ], [ -16.6294495, 28.0152721 ], [ -16.6291119, 28.0153307 ], [ -16.6287524, 28.0153299 ], [ -16.6284194, 28.0152666 ], [ -16.6285408, 28.0155677 ], [ -16.6280147, 28.0158558 ], [ -16.6273436, 28.0158896 ], [ -16.6270413, 28.0161562 ], [ -16.626625, 28.016349 ], [ -16.6266198, 28.0164362 ], [ -16.6268749, 28.0165839 ], [ -16.626873, 28.0169933 ], [ -16.6262978, 28.0172921 ], [ -16.6261349, 28.0177256 ], [ -16.6264518, 28.0181873 ], [ -16.6264738, 28.0188544 ], [ -16.625744, 28.0189961 ], [ -16.6250481, 28.0194037 ], [ -16.6245553, 28.019303 ], [ -16.6236226, 28.0190035 ], [ -16.6231682, 28.0189011 ], [ -16.6228893, 28.0189473 ], [ -16.6227048, 28.0190017 ], [ -16.6224731, 28.0191341 ], [ -16.6222062, 28.0192568 ], [ -16.6223843, 28.0196585 ], [ -16.6221282, 28.0197803 ], [ -16.6215546, 28.0195908 ], [ -16.6212427, 28.0196311 ], [ -16.6209885, 28.0193384 ], [ -16.6208642, 28.0190843 ], [ -16.6207857, 28.0194648 ], [ -16.6210547, 28.0194865 ], [ -16.6212636, 28.0199481 ], [ -16.621609, 28.0200824 ], [ -16.6216347, 28.0202454 ], [ -16.6213029, 28.0201952 ], [ -16.6210154, 28.0203016 ], [ -16.620932, 28.020141 ], [ -16.6209638, 28.0198784 ], [ -16.6208509, 28.019767 ], [ -16.6204892, 28.0197039 ], [ -16.620369, 28.0195466 ], [ -16.6199255, 28.0193407 ], [ -16.6195677, 28.0190839 ], [ -16.6193041, 28.0190253 ], [ -16.6189575, 28.0189734 ], [ -16.6187217, 28.0190235 ], [ -16.6187066, 28.0194463 ], [ -16.6183537, 28.0197602 ], [ -16.6179252, 28.0195847 ], [ -16.6177648, 28.0198101 ], [ -16.6177071, 28.0200188 ], [ -16.6175956, 28.0199966 ], [ -16.6173275, 28.0198015 ], [ -16.6172194, 28.0199244 ], [ -16.6169941, 28.0198359 ], [ -16.6167902, 28.0202761 ], [ -16.6169055, 28.0204212 ], [ -16.616632, 28.0210608 ], [ -16.6164071, 28.0208834 ], [ -16.6160864, 28.0207446 ], [ -16.6158792, 28.020829 ], [ -16.6156022, 28.020782 ], [ -16.6155708, 28.020991 ], [ -16.6154684, 28.0210406 ], [ -16.6153471, 28.0209747 ], [ -16.6150679, 28.0211489 ], [ -16.614958, 28.0211842 ], [ -16.6146695, 28.0210157 ], [ -16.6143858, 28.0211898 ], [ -16.6138456, 28.0208396 ], [ -16.6136786, 28.0208749 ], [ -16.6132771, 28.0212816 ], [ -16.6132407, 28.0214585 ], [ -16.6129971, 28.0214489 ], [ -16.6128112, 28.0215576 ], [ -16.6122923, 28.0218347 ], [ -16.6119569, 28.0219512 ], [ -16.611689, 28.0219029 ], [ -16.6115194, 28.0222004 ], [ -16.6110759, 28.0223883 ], [ -16.6109555, 28.0223535 ], [ -16.6108288, 28.0224411 ], [ -16.6106224, 28.0227835 ], [ -16.6107093, 28.0229015 ], [ -16.6108664, 28.0229545 ], [ -16.6111416, 28.0229949 ], [ -16.6111818, 28.0231285 ] ] } },
{ "type": "Feature", "properties": { "Layer": "0801DPMT", "IDTRAMO": 38047.0, "Provincia": "Santa Cruz de Tenerife", "Referencia": "DL-124-TF", "TM": "San Miguel de Abona (Tenerife)", "Estado": "A", "OM": "2002-06-12", "Sit_Admin": "Aprobado (O.M. 12/06/2002)", "Tipo_Linea": "Límite DPMT aprobado", "Label": "DL-124-TF (O.M. 12/06/2002)", "ID_SEGMENT": "38047002", "FIGURA": null, "Shape_Leng": 0.0, "VERTICES": "SI" }, "geometry": { "type": "LineString", "coordinates": [ [ -16.6111818, 28.0231285 ], [ -16.6106613, 28.0232209 ], [ -16.6105179, 28.0231364 ], [ -16.6103967, 28.0230148 ], [ -16.6102426, 28.0230919 ], [ -16.6099875, 28.0230606 ], [ -16.6097733, 28.0232554 ], [ -16.6096704, 28.0229888 ], [ -16.6095711, 28.023198 ], [ -16.6093558, 28.0231775 ], [ -16.6086551, 28.0233581 ], [ -16.6084957, 28.0232903 ], [ -16.6082282, 28.0233733 ], [ -16.6078814, 28.0233504 ], [ -16.6074512, 28.023246 ], [ -16.6073589, 28.0233904 ], [ -16.6072136, 28.0235207 ], [ -16.6067847, 28.0236332 ], [ -16.6066605, 28.0235554 ], [ -16.606614, 28.0237049 ], [ -16.6062813, 28.0236745 ], [ -16.6060578, 28.023728 ], [ -16.6057301, 28.0238452 ], [ -16.6056894, 28.0239791 ], [ -16.6054975, 28.0241905 ], [ -16.6052121, 28.0244353 ], [ -16.6051831, 28.0246271 ], [ -16.6050763, 28.0247477 ], [ -16.6045151, 28.0245294 ], [ -16.6046654, 28.0249104 ], [ -16.6045218, 28.0251967 ], [ -16.6043984, 28.0253311 ], [ -16.6043218, 28.0254003 ], [ -16.6042298, 28.0254527 ], [ -16.604127, 28.0254856 ], [ -16.6040185, 28.0254974 ], [ -16.6039215, 28.0254983 ], [ -16.6031764, 28.0252391 ], [ -16.6029908, 28.0253054 ], [ -16.6029114, 28.0258412 ], [ -16.6028847, 28.0258801 ], [ -16.6024723, 28.0261389 ], [ -16.6022302, 28.0262706 ], [ -16.6020553, 28.0262683 ], [ -16.6018205, 28.0263471 ], [ -16.6015384, 28.0262397 ], [ -16.6013446, 28.0264745 ], [ -16.6010516, 28.0265188 ], [ -16.6007488, 28.0263886 ], [ -16.6005003, 28.026551 ], [ -16.6000769, 28.02708 ], [ -16.5999238, 28.0271698 ], [ -16.5997139, 28.0272759 ], [ -16.5996294, 28.0275567 ], [ -16.5993567, 28.0279098 ], [ -16.5992576, 28.0279795 ], [ -16.598334, 28.0281748 ], [ -16.5975724, 28.0283908 ], [ -16.5974026, 28.0289552 ], [ -16.5969198, 28.0292927 ] ] } },
{ "type": "Feature", "properties": { "Layer": "0801DPMT", "IDTRAMO": 38105.0, "Provincia": "Santa Cruz de Tenerife", "Referencia": "DL-125-TF", "TM": "San Cristóbal de La Laguna (Tenerife)", "Estado": "A", "OM": "2002-08-24", "Sit_Admin": "Aprobado (O.M. 24/08/2002)", "Tipo_Linea": "Límite DPMT aprobado", "Label": "DL-125-TF (O.M. 24/08/2002)", "ID_SEGMENT": "38105001", "FIGURA": null, "Shape_Leng": 0.0, "VERTICES": "SI" }, "geometry": { "type": "LineString", "coordinates": [ [ -16.274189, 28.5716425 ], [ -16.2746621, 28.5720497 ], [ -16.2750238, 28.5715784 ], [ -16.2754358, 28.5714009 ], [ -16.2765408, 28.5711366 ], [ -16.2772035, 28.5710582 ], [ -16.2779141, 28.5711548 ], [ -16.2784009, 28.5713926 ], [ -16.2788955, 28.5716113 ], [ -16.2792168, 28.571688 ], [ -16.2792098, 28.5718601 ], [ -16.2799681, 28.5724476 ], [ -16.2805105, 28.5724349 ], [ -16.2809287, 28.5723612 ], [ -16.281376, 28.5729582 ], [ -16.2815811, 28.573277 ], [ -16.2815449, 28.5735076 ], [ -16.2817854, 28.573678 ], [ -16.2818788, 28.5741401 ], [ -16.2823992, 28.5743415 ], [ -16.2825467, 28.5745568 ], [ -16.2827511, 28.5746821 ], [ -16.2829551, 28.5749659 ], [ -16.2830899, 28.5753046 ], [ -16.2833945, 28.5755971 ], [ -16.2836668, 28.5754333 ], [ -16.284545, 28.5754229 ], [ -16.2847009, 28.575538 ], [ -16.2849494, 28.5758619 ], [ -16.2848903, 28.5762552 ], [ -16.2855378, 28.5762163 ], [ -16.2861685, 28.5759163 ], [ -16.285897, 28.5757184 ], [ -16.2857463, 28.5753419 ], [ -16.2857005, 28.5750249 ], [ -16.2858744, 28.5746266 ], [ -16.2857671, 28.5741474 ], [ -16.286293, 28.5727509 ], [ -16.2864209, 28.5724152 ], [ -16.2868545, 28.5721612 ], [ -16.2870718, 28.5720351 ], [ -16.2875745, 28.5716828 ], [ -16.2875558, 28.5715306 ], [ -16.287918, 28.571097 ], [ -16.2880917, 28.5707126 ], [ -16.2884927, 28.5706483 ], [ -16.2890978, 28.5705447 ], [ -16.2896659, 28.5704794 ], [ -16.2899915, 28.5699773 ], [ -16.2908146, 28.5700091 ], [ -16.291267, 28.5700655 ], [ -16.291621, 28.5703869 ], [ -16.2920858, 28.5703799 ], [ -16.2927079, 28.5706283 ], [ -16.2932085, 28.570997 ], [ -16.2933602, 28.5711867 ], [ -16.2941838, 28.5711221 ], [ -16.2942815, 28.5707752 ], [ -16.2945018, 28.5704606 ], [ -16.2945399, 28.5700929 ], [ -16.2946354, 28.5697182 ], [ -16.2947623, 28.5693928 ], [ -16.2955365, 28.5693376 ], [ -16.2956561, 28.5691413 ], [ -16.296036, 28.5690568 ], [ -16.29646, 28.5690731 ], [ -16.2968214, 28.5691489 ], [ -16.2970916, 28.5689205 ], [ -16.2976059, 28.5687532 ], [ -16.2980761, 28.5690271 ], [ -16.2981414, 28.5696444 ], [ -16.298101, 28.5699499 ], [ -16.2988865, 28.569936 ], [ -16.2989657, 28.5697992 ], [ -16.2991878, 28.5697097 ], [ -16.299443, 28.5696478 ], [ -16.2996409, 28.5696149 ], [ -16.3000189, 28.5696494 ], [ -16.3004158, 28.5698509 ], [ -16.3006502, 28.570106 ], [ -16.3007452, 28.5703824 ], [ -16.3012433, 28.5705701 ], [ -16.3015319, 28.570741 ], [ -16.3018677, 28.5705672 ], [ -16.3021375, 28.5705909 ], [ -16.3023573, 28.5704247 ], [ -16.3031208, 28.5704451 ], [ -16.3035198, 28.5705685 ], [ -16.3038844, 28.5706967 ], [ -16.3040239, 28.5709143 ], [ -16.304153, 28.571327 ], [ -16.3044404, 28.5715487 ], [ -16.3048193, 28.5717451 ], [ -16.3051798, 28.5720273 ], [ -16.3053738, 28.5723042 ], [ -16.3057855, 28.5723488 ], [ -16.306418, 28.5724473 ], [ -16.3064304, 28.5727468 ], [ -16.3066755, 28.5729584 ], [ -16.3068483, 28.5732743 ], [ -16.3068988, 28.5738571 ], [ -16.3076497, 28.573875 ], [ -16.307929, 28.5736703 ], [ -16.3078673, 28.5734248 ], [ -16.3082193, 28.573324 ], [ -16.3084275, 28.5731191 ], [ -16.3089534, 28.5729828 ], [ -16.3091815, 28.5726501 ], [ -16.3097084, 28.5723737 ], [ -16.3097603, 28.5718838 ], [ -16.3095217, 28.5716613 ], [ -16.3096346, 28.5714071 ], [ -16.310008, 28.5710356 ], [ -16.3104243, 28.5710071 ], [ -16.3109472, 28.5708749 ], [ -16.3113017, 28.5709611 ], [ -16.3116603, 28.5709591 ], [ -16.3121144, 28.5710382 ], [ -16.3126063, 28.5710719 ], [ -16.3129049, 28.5712003 ], [ -16.3134049, 28.5709106 ], [ -16.3137118, 28.5712216 ], [ -16.3137294, 28.5713277 ], [ -16.3143284, 28.5711818 ], [ -16.3147738, 28.5709071 ], [ -16.3153055, 28.5707802 ], [ -16.3159308, 28.5709081 ], [ -16.3161381, 28.5710653 ], [ -16.3163723, 28.5712484 ], [ -16.3166784, 28.5718086 ], [ -16.3166711, 28.5720248 ], [ -16.3168382, 28.5721301 ], [ -16.3166966, 28.5726573 ], [ -16.3170373, 28.5731588 ], [ -16.317231, 28.5734336 ], [ -16.3174166, 28.57358 ], [ -16.3176042, 28.5736392 ], [ -16.3175716, 28.5739565 ], [ -16.31755, 28.5743715 ], [ -16.3179004, 28.574614 ], [ -16.3179577, 28.5751477 ], [ -16.3182598, 28.5755883 ], [ -16.3185749, 28.5760827 ], [ -16.3185946, 28.5763551 ], [ -16.3188268, 28.5769452 ], [ -16.3190566, 28.5775235 ], [ -16.3192601, 28.5776412 ], [ -16.3199638, 28.578014 ], [ -16.3206261, 28.5783523 ], [ -16.3214042, 28.578401 ], [ -16.3218642, 28.5782913 ], [ -16.3221838, 28.578293 ], [ -16.3224768, 28.5783834 ], [ -16.3225624, 28.578382 ], [ -16.3226637, 28.5783434 ], [ -16.3230318, 28.5782122 ], [ -16.3233857, 28.5778642 ], [ -16.3237028, 28.5776238 ], [ -16.3238354, 28.5775862 ], [ -16.324124, 28.5775426 ], [ -16.3245026, 28.577538 ], [ -16.3252977, 28.5772929 ], [ -16.3258232, 28.5767774 ], [ -16.3266527, 28.5765754 ], [ -16.3275227, 28.576535 ], [ -16.3286469, 28.5764056 ], [ -16.3288483, 28.5763025 ], [ -16.3291229, 28.5756724 ], [ -16.3289108, 28.5753151 ], [ -16.3288155, 28.5751013 ], [ -16.3288317, 28.5747248 ], [ -16.3290281, 28.5744273 ], [ -16.3292758, 28.5742792 ], [ -16.3300406, 28.5739413 ], [ -16.3303125, 28.5737349 ], [ -16.3306318, 28.5734926 ], [ -16.3311706, 28.5732034 ], [ -16.3315475, 28.5724533 ], [ -16.3316195, 28.5723169 ] ] } },
{ "type": "Feature", "properties": { "Layer": "0801DPMT", "IDTRAMO": 38104.0, "Provincia": "Santa Cruz de Tenerife", "Referencia": "DL-126-TF", "TM": "San Cristóbal de La Laguna (Tenerife)", "Estado": "A", "OM": "2000-09-08", "Sit_Admin": "Aprobado (O.M. 08/09/2000)", "Tipo_Linea": "Límite DPMT aprobado", "Label": "DL-126-TF (O.M. 08/09/2000)", "ID_SEGMENT": "38104001", "FIGURA": null, "Shape_Leng": 0.0, "VERTICES": "SI" }, "geometry": { "type": "LineString", "coordinates": [ [ -16.3316195, 28.5723169 ], [ -16.3319462, 28.5718079 ], [ -16.3319946, 28.5716999 ], [ -16.3320103, 28.5715715 ], [ -16.3320277, 28.5715057 ], [ -16.3321179, 28.5713725 ], [ -16.3322512, 28.5712199 ], [ -16.3324155, 28.5710995 ], [ -16.3328987, 28.5707455 ], [ -16.332919, 28.5706893 ], [ -16.3329249, 28.5706153 ], [ -16.3328091, 28.5701563 ], [ -16.3324413, 28.5693186 ], [ -16.3326584, 28.5693672 ], [ -16.3327096, 28.5692705 ], [ -16.3327791, 28.5692016 ], [ -16.332773, 28.5689625 ], [ -16.3325927, 28.5689659 ], [ -16.332507, 28.5688121 ], [ -16.3326935, 28.5687138 ], [ -16.332576, 28.5685184 ], [ -16.3324179, 28.5685853 ], [ -16.3322555, 28.5685965 ], [ -16.3322886, 28.5682481 ], [ -16.3322959, 28.5681419 ], [ -16.3323971, 28.5680959 ], [ -16.3326036, 28.5680526 ], [ -16.3326042, 28.5679356 ], [ -16.3325411, 28.5676458 ], [ -16.332428, 28.567202 ], [ -16.3322978, 28.5672422 ], [ -16.3322177, 28.5670156 ], [ -16.3319541, 28.5666667 ], [ -16.3318016, 28.5664473 ], [ -16.3316911, 28.5663479 ], [ -16.3316602, 28.5662552 ], [ -16.3316836, 28.5661066 ], [ -16.331675, 28.5659451 ], [ -16.3317115, 28.5658848 ], [ -16.3316229, 28.5658584 ], [ -16.331524, 28.5658251 ], [ -16.3315592, 28.5657424 ], [ -16.3315599, 28.5656675 ], [ -16.331531, 28.5655447 ], [ -16.3313997, 28.5654934 ], [ -16.3314528, 28.5650586 ], [ -16.3316632, 28.5647306 ], [ -16.3318165, 28.5646542 ], [ -16.3319569, 28.5643988 ], [ -16.3317305, 28.5638708 ], [ -16.3318262, 28.5635017 ], [ -16.3319487, 28.5632693 ], [ -16.3320429, 28.5631239 ], [ -16.3325815, 28.5628863 ], [ -16.3327996, 28.562823 ], [ -16.3326988, 28.5626467 ], [ -16.3325571, 28.5624179 ] ] } },
{ "type": "Feature", "properties": { "Layer": "0801DPMT", "IDTRAMO": 38103.0, "Provincia": "Santa Cruz de Tenerife", "Referencia": "DL-127-TF", "TM": "San Cristóbal de La Laguna (Tenerife)", "Estado": "A", "OM": "2002-07-02", "Sit_Admin": "Aprobado (O.M. 02/07/2002)", "Tipo_Linea": "Límite DPMT aprobado", "Label": "DL-127-TF (O.M. 02/07/2002)", "ID_SEGMENT": "38103001", "FIGURA": null, "Shape_Leng": 0.0, "VERTICES": "NO" }, "geometry": { "type": "LineString", "coordinates": [ [ -16.3325571, 28.5624179 ], [ -16.332911, 28.5625338 ], [ -16.3328302, 28.5621023 ], [ -16.3327298, 28.5616195 ], [ -16.3327462, 28.5612205 ], [ -16.3327564, 28.5604952 ], [ -16.3327731, 28.5596095 ], [ -16.3328031, 28.5591226 ], [ -16.3328441, 28.5588883 ], [ -16.3329542, 28.5587656 ], [ -16.3329487, 28.5585991 ], [ -16.3329751, 28.5580816 ], [ -16.3332844, 28.5577563 ], [ -16.3336038, 28.5574397 ], [ -16.3341527, 28.557177 ], [ -16.3350984, 28.5570965 ], [ -16.3353241, 28.5568709 ], [ -16.335645, 28.5567027 ], [ -16.3358126, 28.5565061 ], [ -16.3360361, 28.5562411 ], [ -16.3367064, 28.5558945 ], [ -16.3370084, 28.5559065 ], [ -16.3377471, 28.556052 ], [ -16.3381459, 28.5561084 ], [ -16.3384308, 28.5561287 ], [ -16.3388941, 28.5561691 ], [ -16.3393879, 28.5562664 ], [ -16.3399483, 28.5563327 ], [ -16.3404105, 28.5562754 ], [ -16.340955, 28.5562065 ], [ -16.341906, 28.5562514 ], [ -16.3421668, 28.5562057 ], [ -16.3425366, 28.5562008 ], [ -16.3427831, 28.5562056 ], [ -16.34317, 28.5562922 ], [ -16.3435525, 28.5562413 ], [ -16.3438614, 28.5561895 ], [ -16.3441448, 28.5560464 ], [ -16.3445261, 28.5559368 ], [ -16.3447021, 28.5558216 ], [ -16.3447851, 28.5555756 ], [ -16.3448705, 28.5555932 ], [ -16.3449276, 28.5554717 ], [ -16.3451924, 28.5549767 ], [ -16.3453894, 28.5548704 ], [ -16.3455669, 28.5547419 ], [ -16.3458293, 28.5547019 ], [ -16.3459715, 28.5545854 ], [ -16.3463378, 28.5546139 ], [ -16.3463869, 28.5544845 ], [ -16.3464487, 28.5544042 ], [ -16.3467336, 28.55415 ], [ -16.3469471, 28.5539798 ], [ -16.3471872, 28.5539032 ], [ -16.3476057, 28.5539308 ], [ -16.3477853, 28.5538965 ], [ -16.347947, 28.5539504 ], [ -16.348189, 28.5539661 ], [ -16.3482599, 28.5538544 ], [ -16.3486914, 28.5534764 ], [ -16.3490818, 28.5530626 ], [ -16.3493721, 28.5528651 ], [ -16.3498355, 28.5526698 ], [ -16.3505052, 28.5527318 ], [ -16.3512625, 28.5528476 ], [ -16.351725, 28.552881 ], [ -16.3521633, 28.5526265 ], [ -16.3530014, 28.5526338 ] ] } },
{ "type": "Feature", "properties": { "Layer": "0801DPMT", "IDTRAMO": 38102.0, "Provincia": "Santa Cruz de Tenerife", "Referencia": "DL-128-TF", "TM": "San Cristóbal de La Laguna (Tenerife)", "Estado": "A", "OM": "2003-08-28", "Sit_Admin": "Aprobado (O.M. 28/08/03)", "Tipo_Linea": "Límite DPMT aprobado", "Label": "DL-128-TF (O.M. 28/08/2003)", "ID_SEGMENT": "38102003", "FIGURA": null, "Shape_Leng": 0.0, "VERTICES": "SI" }, "geometry": { "type": "LineString", "coordinates": [ [ -16.3530014, 28.5526338 ], [ -16.3531134, 28.5523387 ], [ -16.3532448, 28.5523556 ], [ -16.3533245, 28.5526384 ], [ -16.3533627, 28.5526868 ], [ -16.3536474, 28.5526729 ], [ -16.3536142, 28.5526461 ], [ -16.3536886, 28.5526144 ], [ -16.3539267, 28.552455 ], [ -16.3539277, 28.5523737 ], [ -16.3539353, 28.5523369 ], [ -16.3540218, 28.5522268 ], [ -16.3540532, 28.5521552 ], [ -16.354119, 28.5519442 ], [ -16.3541499, 28.5519651 ], [ -16.3541653, 28.5518965 ], [ -16.3541072, 28.5512864 ], [ -16.354007, 28.5506876 ], [ -16.3539868, 28.5503645 ], [ -16.3540042, 28.5500798 ], [ -16.3540965, 28.5498549 ], [ -16.3543243, 28.5496345 ], [ -16.3546705, 28.5495334 ], [ -16.3548564, 28.5493865 ], [ -16.3554823, 28.5494848 ], [ -16.3556324, 28.5494775 ], [ -16.3558568, 28.549589 ], [ -16.3562295, 28.5495592 ], [ -16.3568251, 28.5493043 ], [ -16.3571099, 28.5492636 ], [ -16.3574165, 28.5484907 ], [ -16.3575338, 28.548097 ], [ -16.3577414, 28.5476492 ], [ -16.3582538, 28.5476389 ], [ -16.3586436, 28.5481616 ], [ -16.3590586, 28.5487206 ], [ -16.3593448, 28.5490118 ], [ -16.3595343, 28.5493597 ], [ -16.3599714, 28.5488331 ], [ -16.3606742, 28.5480973 ], [ -16.3607796, 28.5477282 ], [ -16.3613952, 28.5478101 ], [ -16.3612386, 28.548066 ], [ -16.361109, 28.5482653 ], [ -16.3612187, 28.5483639 ], [ -16.3616198, 28.5481389 ], [ -16.3619258, 28.5475424 ], [ -16.3621073, 28.5473085 ], [ -16.3624322, 28.5469272 ], [ -16.3628848, 28.5468604 ], [ -16.3629522, 28.5476396 ], [ -16.3636841, 28.5476997 ], [ -16.3639092, 28.5474435 ], [ -16.3641806, 28.5469384 ], [ -16.3641015, 28.5464806 ], [ -16.3645009, 28.5457589 ], [ -16.3649219, 28.5450024 ], [ -16.3658852, 28.5448553 ], [ -16.3663815, 28.5454713 ], [ -16.366744, 28.5456342 ], [ -16.3675074, 28.5459781 ], [ -16.3683649, 28.5462742 ], [ -16.3685188, 28.5461416 ], [ -16.3687503, 28.5461883 ], [ -16.3687467, 28.5463656 ], [ -16.3689791, 28.5463511 ], [ -16.3692545, 28.5464039 ], [ -16.3697707, 28.5465736 ], [ -16.3700648, 28.546744 ], [ -16.3701378, 28.5467611 ], [ -16.3702184, 28.5467486 ], [ -16.3702631, 28.5468113 ], [ -16.3704633, 28.5469657 ], [ -16.3708825, 28.5467509 ], [ -16.3717854, 28.5467972 ], [ -16.3720558, 28.5465564 ], [ -16.3721611, 28.5461222 ] ] } },
{ "type": "Feature", "properties": { "Layer": "0801DPMT", "IDTRAMO": 38101.0, "Provincia": "Santa Cruz de Tenerife", "Referencia": "DL-129-TF", "TM": "San Cristóbal de La Laguna (Tenerife)", "Estado": "A", "OM": "2000-09-28", "Sit_Admin": "Aprobado (O.M. 28/09/2000)", "Tipo_Linea": "Límite DPMT aprobado", "Label": "DL-129-TF (O.M. 28/09/2000)", "ID_SEGMENT": "38101001", "FIGURA": null, "Shape_Leng": 0.0, "VERTICES": "SI" }, "geometry": { "type": "LineString", "coordinates": [ [ -16.3721611, 28.5461222 ], [ -16.372293, 28.5460808 ], [ -16.3730239, 28.5461068 ], [ -16.3733497, 28.5460464 ], [ -16.3736564, 28.546467 ], [ -16.3739034, 28.546735 ], [ -16.3741906, 28.5469401 ], [ -16.3747065, 28.5473884 ], [ -16.3751493, 28.5471743 ], [ -16.3755884, 28.5472036 ], [ -16.3757027, 28.5474515 ], [ -16.376286, 28.5475477 ], [ -16.3764533, 28.5477288 ], [ -16.3769861, 28.5476363 ], [ -16.3771207, 28.547595 ], [ -16.3772863, 28.5477481 ], [ -16.3775045, 28.5474124 ], [ -16.3782117, 28.5472532 ], [ -16.3787665, 28.5474723 ], [ -16.3793042, 28.5473692 ], [ -16.3798113, 28.5472849 ], [ -16.380229, 28.547034 ], [ -16.3801845, 28.5466713 ], [ -16.3802857, 28.5465556 ], [ -16.380366, 28.5460768 ], [ -16.3808184, 28.5461798 ], [ -16.380837, 28.5464586 ], [ -16.3809172, 28.5463122 ], [ -16.380913, 28.546144 ], [ -16.3811326, 28.5461264 ], [ -16.3812247, 28.5462942 ], [ -16.3814892, 28.5462501 ], [ -16.3816084, 28.5463988 ], [ -16.3816899, 28.5464171 ], [ -16.3817287, 28.5463387 ], [ -16.382083, 28.5461514 ], [ -16.3827612, 28.5463355 ], [ -16.3829192, 28.5465902 ], [ -16.3830789, 28.5463248 ], [ -16.3832501, 28.5463367 ], [ -16.3829853, 28.5457334 ], [ -16.3837029, 28.5452404 ], [ -16.3842011, 28.5449588 ], [ -16.384726, 28.5450631 ], [ -16.3848294, 28.5454104 ], [ -16.3851068, 28.5454962 ], [ -16.3852345, 28.5452468 ], [ -16.385402, 28.5450757 ], [ -16.3854379, 28.5448571 ], [ -16.3855496, 28.5445052 ], [ -16.3858461, 28.5442654 ], [ -16.386233, 28.5439922 ], [ -16.3865442, 28.5439027 ], [ -16.3866646, 28.5435365 ], [ -16.3869832, 28.5432153 ], [ -16.387636, 28.5431227 ], [ -16.3880087, 28.5433875 ], [ -16.3885605, 28.5432585 ], [ -16.3888624, 28.543252 ], [ -16.3892014, 28.5429826 ], [ -16.3893578, 28.5429303 ], [ -16.3898842, 28.5426305 ], [ -16.3898611, 28.5423562 ], [ -16.3901356, 28.5422502 ], [ -16.3905564, 28.5420858 ], [ -16.3908599, 28.542178 ], [ -16.3915309, 28.541743 ], [ -16.391583, 28.5413735 ], [ -16.391835, 28.5409121 ], [ -16.3920195, 28.5408085 ], [ -16.3923444, 28.5408552 ], [ -16.3925642, 28.5411352 ], [ -16.3927533, 28.5410771 ], [ -16.3929862, 28.5409584 ], [ -16.3929146, 28.5408774 ], [ -16.392955, 28.5407686 ], [ -16.392909, 28.5406544 ], [ -16.3930783, 28.5404864 ], [ -16.3933145, 28.540478 ], [ -16.3935565, 28.5406112 ], [ -16.3940673, 28.5403272 ], [ -16.3942387, 28.5400581 ], [ -16.3945984, 28.5399619 ], [ -16.3948525, 28.5397162 ], [ -16.3949456, 28.5395711 ], [ -16.394887, 28.5394073 ], [ -16.3950438, 28.5391081 ], [ -16.3950333, 28.5387041 ], [ -16.3951062, 28.5385961 ], [ -16.3949512, 28.5383387 ], [ -16.3949298, 28.5380873 ], [ -16.3950653, 28.5379291 ], [ -16.3954912, 28.5380987 ], [ -16.3957878, 28.5378629 ], [ -16.3961033, 28.5378008 ], [ -16.3963171, 28.5377371 ], [ -16.3965849, 28.5377686 ], [ -16.3968412, 28.5380027 ], [ -16.3974616, 28.5381803 ], [ -16.3972844, 28.5378425 ], [ -16.3974063, 28.5376855 ], [ -16.3972874, 28.537495 ], [ -16.3974487, 28.5373914 ], [ -16.397501, 28.5372432 ], [ -16.3975971, 28.5369903 ], [ -16.3976317, 28.536822 ], [ -16.3977177, 28.536546 ], [ -16.397803, 28.5362511 ], [ -16.3977471, 28.5358008 ], [ -16.3979251, 28.5356919 ], [ -16.3978246, 28.5353421 ], [ -16.3976889, 28.5349593 ], [ -16.3975552, 28.5348609 ], [ -16.3977544, 28.5347692 ], [ -16.3979664, 28.5338709 ], [ -16.3981555, 28.5337778 ], [ -16.3983374, 28.5334097 ], [ -16.3986439, 28.5332316 ], [ -16.3996907, 28.532898 ], [ -16.4003114, 28.5329066 ], [ -16.4004892, 28.5330614 ], [ -16.400696, 28.5333877 ], [ -16.4008176, 28.5334608 ], [ -16.400799, 28.5335742 ], [ -16.4009144, 28.5336068 ], [ -16.4007923, 28.5330812 ], [ -16.4019376, 28.5329786 ], [ -16.4021059, 28.5329302 ], [ -16.4022722, 28.5329719 ], [ -16.4021731, 28.5325848 ], [ -16.4023056, 28.5322859 ], [ -16.4024308, 28.5317009 ], [ -16.4025067, 28.5315333 ], [ -16.4025948, 28.5310648 ], [ -16.4028784, 28.5308794 ], [ -16.40395, 28.529971 ], [ -16.4040951, 28.5298671 ], [ -16.4042231, 28.5300214 ], [ -16.4048378, 28.530022 ], [ -16.4052554, 28.5298322 ], [ -16.4056579, 28.5295733 ], [ -16.4060816, 28.5292512 ], [ -16.4061231, 28.5291382 ], [ -16.4064586, 28.5288628 ], [ -16.406766, 28.5284266 ], [ -16.4078232, 28.5276538 ], [ -16.4089094, 28.5270959 ], [ -16.4093104, 28.526941 ], [ -16.4102193, 28.5265902 ] ] } },
{ "type": "Feature", "properties": { "Layer": "0801DPMT", "IDTRAMO": 38021.0, "Provincia": "Santa Cruz de Tenerife", "Referencia": "DL-130-TF", "TM": "Güímar (Tenerife)", "Estado": "A", "OM": "2003-03-20", "Sit_Admin": "Aprobado (O.M. 20/03/2003)", "Tipo_Linea": "Límite DPMT aprobado", "Label": "DL-130-TF (O.M. 20/03/2003)", "ID_SEGMENT": "38021002", "FIGURA": null, "Shape_Leng": 0.0, "VERTICES": "SI" }, "geometry": { "type": "LineString", "coordinates": [ [ -16.3602303, 28.3203331 ], [ -16.3604034, 28.3206813 ], [ -16.3603727, 28.3209642 ], [ -16.3607446, 28.3212122 ], [ -16.3612085, 28.3215778 ], [ -16.3612981, 28.3218001 ], [ -16.361582, 28.3222849 ], [ -16.3619363, 28.3227291 ], [ -16.3621046, 28.3231524 ], [ -16.3624835, 28.3231561 ], [ -16.3625338, 28.3235224 ], [ -16.3628127, 28.3238787 ], [ -16.3626207, 28.3241281 ], [ -16.3627221, 28.3246735 ], [ -16.3629497, 28.3251385 ], [ -16.363103, 28.3254233 ], [ -16.3631815, 28.325572 ], [ -16.3633509, 28.3257331 ], [ -16.3634559, 28.3260336 ], [ -16.363601, 28.3263914 ], [ -16.3634272, 28.3266382 ], [ -16.3634031, 28.326732 ], [ -16.3634935, 28.3269242 ], [ -16.3634537, 28.3272096 ], [ -16.3633095, 28.327461 ], [ -16.3633233, 28.3279075 ], [ -16.363343, 28.3285943 ], [ -16.3635615, 28.329329 ], [ -16.3630558, 28.3297988 ], [ -16.3626708, 28.330443 ] ] } },
{ "type": "Feature", "properties": { "Layer": "0801DPMT", "IDTRAMO": 38020.0, "Provincia": "Santa Cruz de Tenerife", "Referencia": "DL-131-TF", "TM": "Arafo (Tenerife)", "Estado": "A", "OM": "2001-12-14", "Sit_Admin": "Aprobado (O.M. 14/12/2001)", "Tipo_Linea": "Límite DPMT aprobado", "Label": "DL-131-TF (O.M. 14/12/2001)", "ID_SEGMENT": "38020002", "FIGURA": null, "Shape_Leng": 0.0, "VERTICES": "SI" }, "geometry": { "type": "LineString", "coordinates": [ [ -16.3626708, 28.330443 ], [ -16.3624641, 28.3310328 ], [ -16.3623878, 28.3314957 ], [ -16.3626033, 28.3323835 ], [ -16.3628143, 28.3330463 ], [ -16.3632483, 28.3336827 ], [ -16.3636302, 28.3344488 ], [ -16.3638787, 28.3349911 ], [ -16.3641538, 28.3353394 ], [ -16.3640878, 28.3355119 ], [ -16.3644377, 28.3357569 ], [ -16.3644667, 28.3359584 ], [ -16.3645926, 28.3360993 ], [ -16.3649164, 28.3361505 ], [ -16.3649771, 28.3365765 ], [ -16.3654617, 28.3366064 ], [ -16.365446, 28.3367518 ], [ -16.3651079, 28.3369006 ], [ -16.3652837, 28.3372475 ], [ -16.365615, 28.3379696 ], [ -16.3656942, 28.3381084 ], [ -16.3661122, 28.3384493 ], [ -16.3663101, 28.338919 ], [ -16.3660716, 28.3390796 ], [ -16.3661405, 28.3392052 ], [ -16.3662805, 28.3392104 ], [ -16.3661838, 28.3393237 ], [ -16.3661937, 28.3393397 ], [ -16.3665659, 28.3394401 ], [ -16.3667018, 28.3397142 ] ] } },
{ "type": "Feature", "properties": { "Layer": "0801DPMT", "IDTRAMO": 38010.0, "Provincia": "Santa Cruz de Tenerife", "Referencia": "DL-133-TF", "TM": "El Rosario (Tenerife)", "Estado": "A", "OM": "2003-01-09", "Sit_Admin": "Aprobado (O.M. 09/01/2003)", "Tipo_Linea": "Límite DPMT aprobado", "Label": "DL-133-TF (O.M. 09/01/2003)", "ID_SEGMENT": "38010002", "FIGURA": null, "Shape_Leng": 0.0, "VERTICES": "SI" }, "geometry": { "type": "LineString", "coordinates": [ [ -16.3185452, 28.404196 ], [ -16.3188773, 28.4045381 ], [ -16.3186707, 28.4046201 ], [ -16.3182928, 28.4044283 ], [ -16.3179042, 28.4046139 ], [ -16.3172854, 28.4049756 ], [ -16.3169461, 28.405066 ], [ -16.3166654, 28.4051068 ], [ -16.3165514, 28.4051077 ], [ -16.3165369, 28.4052589 ], [ -16.3164962, 28.4054438 ], [ -16.3163513, 28.4056025 ], [ -16.3159453, 28.4059411 ], [ -16.3157521, 28.4059331 ], [ -16.3154438, 28.4061442 ], [ -16.3152982, 28.4061876 ], [ -16.314982, 28.4064801 ], [ -16.3147141, 28.4065273 ], [ -16.3145271, 28.406345 ], [ -16.3142651, 28.4065925 ], [ -16.3139483, 28.4067771 ], [ -16.3137664, 28.4068193 ], [ -16.3136347, 28.4067429 ], [ -16.3134115, 28.4067483 ], [ -16.3131876, 28.4067921 ], [ -16.312663, 28.4071567 ], [ -16.3124297, 28.4074744 ], [ -16.3122542, 28.4075984 ], [ -16.3120377, 28.4076115 ], [ -16.3120573, 28.4079696 ], [ -16.311759, 28.4080972 ], [ -16.3113282, 28.408087 ], [ -16.3109008, 28.4081435 ], [ -16.3107028, 28.4079597 ], [ -16.3105398, 28.4080013 ], [ -16.310497, 28.4082378 ], [ -16.3103621, 28.4082834 ], [ -16.3101853, 28.4080829 ], [ -16.3096298, 28.4086389 ], [ -16.3088843, 28.4087868 ], [ -16.3083999, 28.4093622 ], [ -16.3077281, 28.4097348 ] ] } },
{ "type": "Feature", "properties": { "Layer": "0801DPMT", "IDTRAMO": 38074.0, "Provincia": "Santa Cruz de Tenerife", "Referencia": "DL-134-TF", "TM": "Santiago del Teide (Tenerife)", "Estado": "A", "OM": "2002-03-13", "Sit_Admin": "Aprobado (O.M. 13/03/2002)", "Tipo_Linea": "Límite DPMT aprobado", "Label": "DL-134-TF (O.M. 13/03/2002)", "ID_SEGMENT": "38074004", "FIGURA": null, "Shape_Leng": 0.0, "VERTICES": "SI" }, "geometry": { "type": "LineString", "coordinates": [ [ -16.8521549, 28.2737669 ], [ -16.8521055, 28.2736512 ], [ -16.8521708, 28.2734968 ], [ -16.8521456, 28.2733025 ], [ -16.8517822, 28.2733175 ], [ -16.8515552, 28.273376 ], [ -16.8512104, 28.273351 ], [ -16.8506489, 28.2733003 ], [ -16.8503233, 28.2734068 ], [ -16.8500239, 28.2733633 ], [ -16.8497627, 28.272997 ], [ -16.8494555, 28.2728637 ], [ -16.8493852, 28.2726759 ], [ -16.8490414, 28.2724157 ], [ -16.8488563, 28.2721372 ], [ -16.8488129, 28.2716994 ], [ -16.8489308, 28.2713805 ], [ -16.8490038, 28.2710956 ], [ -16.8488217, 28.2707943 ], [ -16.8488575, 28.2703632 ], [ -16.8489602, 28.270051 ], [ -16.8493497, 28.2696596 ], [ -16.8499001, 28.2698798 ], [ -16.850128, 28.2694135 ], [ -16.8502578, 28.269328 ], [ -16.8506538, 28.2690834 ], [ -16.8503189, 28.2687543 ], [ -16.8495524, 28.2684806 ], [ -16.8489119, 28.2683081 ], [ -16.8485363, 28.2682204 ], [ -16.8481457, 28.268022 ], [ -16.8479438, 28.2679057 ], [ -16.8473812, 28.2676531 ], [ -16.8469086, 28.2669769 ], [ -16.8462446, 28.2668226 ], [ -16.8453781, 28.2665829 ], [ -16.8452449, 28.2662646 ], [ -16.8449563, 28.2663232 ], [ -16.8444801, 28.2661126 ], [ -16.8441318, 28.2660413 ], [ -16.8435604, 28.2659823 ], [ -16.8431827, 28.2658284 ], [ -16.8427472, 28.2657266 ], [ -16.8424666, 28.2655432 ], [ -16.8419566, 28.2651191 ], [ -16.8415282, 28.2651237 ], [ -16.8407647, 28.265012 ], [ -16.840517, 28.2647903 ], [ -16.8402166, 28.264298 ], [ -16.8402441, 28.2639628 ], [ -16.8403169, 28.2634559 ], [ -16.8404519, 28.2628909 ], [ -16.840378, 28.2624225 ], [ -16.8400472, 28.2622021 ], [ -16.8399656, 28.2620258 ], [ -16.8397962, 28.2618886 ], [ -16.8392373, 28.2616595 ], [ -16.8390972, 28.2614028 ], [ -16.8390316, 28.2610002 ], [ -16.8390055, 28.2606322 ], [ -16.8388352, 28.2601287 ], [ -16.8380691, 28.2598325 ], [ -16.8381672, 28.2593998 ], [ -16.8380655, 28.2589496 ], [ -16.8378427, 28.2586937 ], [ -16.8376098, 28.2579128 ], [ -16.8375149, 28.2576502 ], [ -16.8374179, 28.2569245 ], [ -16.8373543, 28.2562451 ], [ -16.8373086, 28.2558759 ], [ -16.8374028, 28.2554996 ], [ -16.8373423, 28.2548647 ], [ -16.8374655, 28.2543543 ], [ -16.8372828, 28.2541354 ], [ -16.8376236, 28.2534333 ], [ -16.8380255, 28.2526705 ], [ -16.838208, 28.252178 ], [ -16.8384572, 28.2520478 ], [ -16.838529, 28.2515017 ], [ -16.8384595, 28.2510464 ], [ -16.8386203, 28.2501074 ], [ -16.8384005, 28.2495 ], [ -16.8389115, 28.2490688 ], [ -16.839214, 28.2488913 ], [ -16.8393788, 28.2485434 ], [ -16.8394707, 28.2483521 ], [ -16.8395534, 28.2481732 ], [ -16.8397105, 28.24791 ], [ -16.839913, 28.2477118 ], [ -16.8401105, 28.2475087 ], [ -16.8402124, 28.2474041 ], [ -16.8404048, 28.2472043 ], [ -16.8406236, 28.2470689 ], [ -16.8407046, 28.2470178 ], [ -16.8408454, 28.2469278 ], [ -16.8409571, 28.2467597 ], [ -16.8410166, 28.2464833 ], [ -16.8413143, 28.2464244 ], [ -16.8413862, 28.2462905 ], [ -16.8416804, 28.2461281 ], [ -16.8419347, 28.2459187 ], [ -16.842017, 28.2457813 ], [ -16.8422738, 28.2456457 ], [ -16.8423766, 28.2454862 ], [ -16.8426434, 28.245437 ], [ -16.8428032, 28.2452026 ], [ -16.842923, 28.2450219 ], [ -16.8431476, 28.2448907 ], [ -16.8434237, 28.2447891 ], [ -16.8434052, 28.2445339 ], [ -16.8433403, 28.244538 ], [ -16.8429979, 28.2443928 ], [ -16.8426111, 28.2440411 ], [ -16.8422491, 28.2436122 ], [ -16.842098, 28.2432066 ], [ -16.8421724, 28.2429979 ], [ -16.8419094, 28.2430403 ], [ -16.8417992, 28.2429362 ], [ -16.8418707, 28.2426601 ], [ -16.8423292, 28.2424967 ], [ -16.8425359, 28.2425846 ], [ -16.842582, 28.2426252 ], [ -16.8426902, 28.2426602 ], [ -16.8427738, 28.2425201 ], [ -16.8429696, 28.2425204 ], [ -16.8429004, 28.2423796 ], [ -16.8428519, 28.2421778 ], [ -16.8431423, 28.2417789 ], [ -16.8429797, 28.2414449 ], [ -16.8428275, 28.2413481 ], [ -16.8425514, 28.2409719 ], [ -16.8423165, 28.240876 ], [ -16.8424213, 28.2406754 ], [ -16.8424946, 28.2404543 ], [ -16.8427577, 28.2403158 ], [ -16.8434984, 28.2403554 ], [ -16.8444609, 28.2402447 ], [ -16.844814, 28.2402253 ], [ -16.8452807, 28.2403326 ] ] } },
{ "type": "Feature", "properties": { "Layer": "0801DPMT", "IDTRAMO": 38033.0, "Provincia": "Santa Cruz de Tenerife", "Referencia": "DL-135-TF", "TM": "Fasnia (Tenerife)", "Estado": "A", "OM": "2006-06-12", "Sit_Admin": "Aprobado (O.M. 12/06/2006)", "Tipo_Linea": "Límite DPMT aprobado", "Label": "DL-135-TF (O.M. 12/06/2006)", "ID_SEGMENT": "38033002", "FIGURA": null, "Shape_Leng": 0.0, "VERTICES": "SI" }, "geometry": { "type": "LineString", "coordinates": [ [ -16.423454, 28.1938773 ], [ -16.4233043, 28.1940792 ], [ -16.4227291, 28.1938168 ], [ -16.4224251, 28.1937929 ], [ -16.4221637, 28.1938528 ], [ -16.4220828, 28.1939402 ], [ -16.4222608, 28.1943305 ], [ -16.4220886, 28.1946824 ], [ -16.4220799, 28.1949864 ], [ -16.422261, 28.1952416 ], [ -16.4222291, 28.1953582 ], [ -16.4225376, 28.1954958 ], [ -16.4225802, 28.1956352 ], [ -16.4226114, 28.1957925 ], [ -16.4224427, 28.1961556 ], [ -16.4221135, 28.1967989 ], [ -16.4218505, 28.1971348 ], [ -16.4217273, 28.1978202 ], [ -16.4215981, 28.1981102 ], [ -16.4213232, 28.1983364 ], [ -16.4217985, 28.1985045 ], [ -16.422059, 28.1988886 ], [ -16.4223325, 28.1990528 ], [ -16.4226408, 28.1992387 ], [ -16.4228429, 28.1993645 ], [ -16.42344, 28.1997273 ], [ -16.4240336, 28.2000874 ], [ -16.4239811, 28.2005833 ], [ -16.4243518, 28.2009747 ], [ -16.4249583, 28.2016143 ], [ -16.4251347, 28.2020384 ], [ -16.4250666, 28.2027078 ], [ -16.4249583, 28.2033866 ], [ -16.4249944, 28.2036167 ], [ -16.4248287, 28.20423 ], [ -16.42483, 28.2046634 ], [ -16.4244393, 28.20495 ], [ -16.4238525, 28.2052003 ], [ -16.4234113, 28.2056389 ], [ -16.4231598, 28.2059137 ], [ -16.4229666, 28.2061247 ], [ -16.4226902, 28.2061959 ], [ -16.4227745, 28.2070671 ], [ -16.4220885, 28.2073907 ], [ -16.4217837, 28.2079013 ], [ -16.4216171, 28.2081633 ], [ -16.4212617, 28.2083333 ], [ -16.4210484, 28.2087071 ], [ -16.421344, 28.2092601 ], [ -16.4216739, 28.2096855 ], [ -16.4215696, 28.2099095 ], [ -16.4211945, 28.2099864 ], [ -16.4208985, 28.2101066 ], [ -16.4202608, 28.2101265 ], [ -16.420241, 28.2103809 ], [ -16.4201489, 28.2106101 ], [ -16.4200064, 28.2106346 ], [ -16.4198274, 28.2109459 ], [ -16.4195701, 28.2112865 ], [ -16.419418, 28.2118752 ], [ -16.4193127, 28.2122893 ], [ -16.4192159, 28.2123977 ], [ -16.4186449, 28.2131009 ], [ -16.4182921, 28.2132445 ], [ -16.4182988, 28.2136093 ], [ -16.4181484, 28.2136978 ], [ -16.418092, 28.2138785 ], [ -16.4179558, 28.21431 ], [ -16.4174201, 28.2149879 ], [ -16.4176383, 28.2150751 ], [ -16.4178907, 28.2153582 ], [ -16.4173801, 28.2156584 ], [ -16.417229, 28.2157168 ], [ -16.4167289, 28.2159462 ], [ -16.4164314, 28.2159728 ], [ -16.4165056, 28.2164381 ], [ -16.4161971, 28.2163893 ], [ -16.4159898, 28.216334 ], [ -16.4158754, 28.2161948 ], [ -16.4157819, 28.2164687 ], [ -16.4155951, 28.2170249 ], [ -16.4154627, 28.2176088 ], [ -16.4153943, 28.2177691 ], [ -16.4153654, 28.2182709 ], [ -16.4148587, 28.2184825 ], [ -16.4155252, 28.2191426 ], [ -16.414483, 28.2190486 ], [ -16.4144853, 28.219174 ], [ -16.4145089, 28.2195781 ] ] } },
{ "type": "Feature", "properties": { "Layer": "0801DPMT", "IDTRAMO": 38073.0, "Provincia": "Santa Cruz de Tenerife", "Referencia": "DL-136-TF", "TM": "Santiago del Teide (Tenerife)", "Estado": "A", "OM": "2002-06-12", "Sit_Admin": "Aprobado (O.M. 12/06/2002)", "Tipo_Linea": "Límite DPMT aprobado", "Label": "DL-136-TF (O.M. 12/06/2002)", "ID_SEGMENT": "38073002", "FIGURA": null, "Shape_Leng": 0.0, "VERTICES": "SI" }, "geometry": { "type": "LineString", "coordinates": [ [ -16.8452807, 28.2403326 ], [ -16.8454686, 28.2395745 ], [ -16.845724, 28.2393273 ], [ -16.8452751, 28.2388626 ], [ -16.845304, 28.2381843 ], [ -16.8452772, 28.2379651 ], [ -16.8450517, 28.2377573 ], [ -16.8448575, 28.2376364 ], [ -16.8444698, 28.2375999 ], [ -16.844108, 28.237287 ], [ -16.8436096, 28.2372834 ], [ -16.843082, 28.2374664 ], [ -16.8429564, 28.2375299 ], [ -16.8427819, 28.2375107 ], [ -16.8425368, 28.23721 ], [ -16.842566, 28.2368348 ], [ -16.8429421, 28.2367442 ], [ -16.8430042, 28.2366754 ], [ -16.8429744, 28.2364723 ], [ -16.8428653, 28.2362595 ], [ -16.8428329, 28.2361313 ], [ -16.8428329, 28.2359601 ], [ -16.8427748, 28.2357789 ], [ -16.8427756, 28.2356222 ], [ -16.8428078, 28.2355004 ], [ -16.8423291, 28.23558 ], [ -16.8422176, 28.2350479 ], [ -16.8424001, 28.2348784 ] ] } },
{ "type": "Feature", "properties": { "Layer": "0801DPMT", "IDTRAMO": 38031.0, "Provincia": "Santa Cruz de Tenerife", "Referencia": "DL-138-TF", "TM": "Fasnia (Tenerife)", "Estado": "A", "OM": "2001-03-19", "Sit_Admin": "Aprobado (O.M. 19/03/2001)", "Tipo_Linea": "Límite DPMT aprobado", "Label": "DL-138-TF (O.M. 19/03/2001)", "ID_SEGMENT": "38031001", "FIGURA": null, "Shape_Leng": 0.0, "VERTICES": "SI" }, "geometry": { "type": "LineString", "coordinates": [ [ -16.4077629, 28.2346112 ], [ -16.4080632, 28.2345687 ], [ -16.4081643, 28.234411 ], [ -16.4083271, 28.2336079 ], [ -16.4079695, 28.2331405 ], [ -16.4079471, 28.2328195 ], [ -16.4082064, 28.2326333 ], [ -16.4085388, 28.2322966 ], [ -16.4084048, 28.2319087 ], [ -16.4088317, 28.2311694 ], [ -16.4089738, 28.2307132 ], [ -16.4093079, 28.2301944 ], [ -16.4089024, 28.2296642 ], [ -16.4090227, 28.2295411 ], [ -16.4090371, 28.2294346 ], [ -16.4088484, 28.2290741 ], [ -16.4091963, 28.2287497 ], [ -16.4091939, 28.2286426 ], [ -16.4087061, 28.2282942 ], [ -16.4089883, 28.2279898 ], [ -16.408935, 28.2277843 ], [ -16.4091399, 28.2275393 ], [ -16.409188, 28.2270827 ], [ -16.4091459, 28.2269176 ], [ -16.4094426, 28.2267619 ], [ -16.409784, 28.226545 ], [ -16.4099012, 28.2261581 ], [ -16.4101148, 28.2257939 ], [ -16.4100542, 28.2254288 ], [ -16.409743, 28.2252025 ], [ -16.4097387, 28.2249127 ], [ -16.4095882, 28.2244849 ], [ -16.4097733, 28.2243648 ], [ -16.4101159, 28.2242428 ], [ -16.4103498, 28.2238393 ], [ -16.4101468, 28.2235493 ], [ -16.4106434, 28.2233131 ], [ -16.4107577, 28.2230504 ], [ -16.4108485, 28.2234306 ], [ -16.4110648, 28.2235617 ], [ -16.4111686, 28.2229047 ], [ -16.4113255, 28.2226776 ], [ -16.4116858, 28.2225882 ], [ -16.4116623, 28.2220994 ] ] } },
{ "type": "Feature", "properties": { "Layer": "0801DPMT", "IDTRAMO": 38040.0, "Provincia": "Santa Cruz de Tenerife", "Referencia": "DL-139-TF", "TM": "Arico (Tenerife)", "Estado": "A", "OM": "2002-03-25", "Sit_Admin": "Aprobado (O.M. 25/03/2002)", "Tipo_Linea": "Límite DPMT aprobado", "Label": "DL-139-TF (O.M. 25/03/2002)", "ID_SEGMENT": "38040002", "FIGURA": null, "Shape_Leng": 0.0, "VERTICES": "NO" }, "geometry": { "type": "LineString", "coordinates": [ [ -16.4815483, 28.0963142 ], [ -16.4814042, 28.0968089 ], [ -16.4808623, 28.0966425 ], [ -16.4808916, 28.0967381 ], [ -16.4809293, 28.0971459 ], [ -16.4808299, 28.0973554 ], [ -16.4808158, 28.0974524 ], [ -16.4807898, 28.097803 ], [ -16.4807332, 28.0984429 ], [ -16.4806799, 28.0987697 ], [ -16.480554, 28.0989266 ], [ -16.4806998, 28.0990902 ], [ -16.4804756, 28.099383 ], [ -16.4807964, 28.0998592 ], [ -16.4802312, 28.1002625 ], [ -16.4800436, 28.0998488 ], [ -16.4797536, 28.0995999 ], [ -16.4792504, 28.0997053 ], [ -16.4792614, 28.1000553 ], [ -16.4790687, 28.1002384 ], [ -16.47895, 28.1001701 ], [ -16.4786077, 28.100354 ], [ -16.4787633, 28.1005735 ], [ -16.4786258, 28.1007569 ], [ -16.4786636, 28.1009108 ], [ -16.4784937, 28.1011245 ], [ -16.4782936, 28.1013199 ], [ -16.4778024, 28.1010642 ], [ -16.477792, 28.1008925 ], [ -16.4777317, 28.1006846 ], [ -16.4776435, 28.1005054 ], [ -16.4775151, 28.1005188 ], [ -16.477529, 28.1007875 ], [ -16.4774701, 28.100869 ], [ -16.4773135, 28.1008707 ], [ -16.4772253, 28.1009869 ], [ -16.4769475, 28.1010638 ], [ -16.4766252, 28.1012393 ], [ -16.4769566, 28.1012606 ], [ -16.477082, 28.1013743 ], [ -16.4769729, 28.1014586 ], [ -16.4768174, 28.1015683 ], [ -16.4764298, 28.1015302 ], [ -16.4763585, 28.1016697 ], [ -16.4764474, 28.1019094 ], [ -16.4764741, 28.1021366 ], [ -16.4765892, 28.102378 ], [ -16.4761654, 28.1023674 ], [ -16.4757173, 28.1021693 ], [ -16.47518, 28.1023436 ], [ -16.4748576, 28.1026602 ], [ -16.4749942, 28.1029692 ], [ -16.4750242, 28.1030987 ], [ -16.4747897, 28.1032241 ], [ -16.4746214, 28.1029718 ], [ -16.4745067, 28.103216 ], [ -16.4742828, 28.1034085 ], [ -16.474231, 28.1036145 ], [ -16.4741189, 28.1036892 ], [ -16.4741834, 28.1040517 ], [ -16.4744052, 28.10416 ], [ -16.4741765, 28.1042515 ], [ -16.4739543, 28.1043792 ], [ -16.4735392, 28.1042967 ] ] } },
{ "type": "Feature", "properties": { "Layer": "0801DPMT", "IDTRAMO": 38038.0, "Provincia": "Santa Cruz de Tenerife", "Referencia": "DL-140-TF", "TM": "Arico (Tenerife)", "Estado": "A", "OM": "2005-07-11", "Sit_Admin": "Aprobado (O.M. 11/07/2005)", "Tipo_Linea": "Límite DPMT aprobado", "Label": "DL-140-TF (O.M. 11/07/2005)", "ID_SEGMENT": "38038002", "FIGURA": null, "Shape_Leng": 0.0, "VERTICES": "SI" }, "geometry": { "type": "LineString", "coordinates": [ [ -16.4689796, 28.1097617 ], [ -16.4689175, 28.1099366 ], [ -16.4689711, 28.1102104 ], [ -16.4689387, 28.1105748 ], [ -16.4686463, 28.1108417 ], [ -16.468582, 28.1111259 ], [ -16.4683495, 28.1112978 ], [ -16.4680198, 28.1112242 ], [ -16.4674611, 28.1114462 ], [ -16.4674697, 28.1117077 ], [ -16.4677411, 28.1118759 ], [ -16.4673919, 28.1123029 ], [ -16.4672455, 28.1128324 ], [ -16.4666901, 28.1127692 ], [ -16.4665286, 28.112206 ], [ -16.4661589, 28.1119691 ], [ -16.4656103, 28.1118179 ], [ -16.4654968, 28.1119532 ], [ -16.4652486, 28.1120355 ], [ -16.4647928, 28.1118616 ], [ -16.4646661, 28.1118129 ], [ -16.4640229, 28.1115657 ], [ -16.4639119, 28.1117689 ], [ -16.4642597, 28.1118656 ], [ -16.4641474, 28.1122184 ], [ -16.4638647, 28.1122221 ], [ -16.4637217, 28.1123399 ], [ -16.4638721, 28.1125219 ], [ -16.4640242, 28.1127598 ], [ -16.4643744, 28.1130825 ], [ -16.4645349, 28.1132321 ], [ -16.4639972, 28.1135112 ], [ -16.4636066, 28.1138195 ], [ -16.4633598, 28.1134509 ], [ -16.4629481, 28.1134558 ], [ -16.4629925, 28.11362 ], [ -16.4628666, 28.1138474 ], [ -16.462734, 28.1141022 ], [ -16.4623219, 28.1140242 ], [ -16.4621147, 28.1142356 ], [ -16.4623555, 28.1144489 ], [ -16.4624594, 28.1147617 ], [ -16.4623943, 28.1149046 ], [ -16.4625303, 28.1149952 ], [ -16.4626176, 28.1152468 ], [ -16.4629553, 28.1156583 ], [ -16.4632112, 28.1156723 ], [ -16.4632996, 28.1159467 ], [ -16.4632896, 28.1162373 ], [ -16.4634311, 28.1165771 ], [ -16.463378, 28.1167044 ], [ -16.4634942, 28.1169888 ], [ -16.4637245, 28.1172531 ], [ -16.4639907, 28.1178218 ], [ -16.4642743, 28.1181284 ], [ -16.4646155, 28.1182715 ], [ -16.4643675, 28.1183118 ], [ -16.4641223, 28.1185433 ], [ -16.4639757, 28.118884 ], [ -16.4643196, 28.1191666 ], [ -16.4638467, 28.1191695 ], [ -16.4635725, 28.1192942 ], [ -16.4635135, 28.1196815 ], [ -16.4635988, 28.1200515 ], [ -16.4630776, 28.1205973 ], [ -16.4632446, 28.1207741 ], [ -16.4629623, 28.1209874 ], [ -16.4626687, 28.1208464 ], [ -16.4625563, 28.1207227 ], [ -16.4621213, 28.1202479 ], [ -16.4620404, 28.1207309 ], [ -16.4616483, 28.1210684 ], [ -16.4619329, 28.1214112 ], [ -16.4621785, 28.122131 ], [ -16.4616254, 28.1219945 ], [ -16.4611014, 28.1217943 ], [ -16.4608497, 28.121747 ], [ -16.4604467, 28.1218186 ], [ -16.4602152, 28.1219144 ], [ -16.4598685, 28.1220648 ], [ -16.4599334, 28.122203 ], [ -16.4598176, 28.1223339 ], [ -16.4597642, 28.1225703 ], [ -16.4593476, 28.1229933 ], [ -16.4588841, 28.1235597 ], [ -16.4583871, 28.1235908 ], [ -16.4582085, 28.1234496 ], [ -16.4577658, 28.1237489 ], [ -16.4575881, 28.1238771 ], [ -16.4574454, 28.1240594 ], [ -16.457206, 28.1242227 ], [ -16.4571087, 28.1243961 ], [ -16.457125, 28.1246688 ], [ -16.4570049, 28.1248571 ], [ -16.4565797, 28.1249398 ], [ -16.4563397, 28.125282 ], [ -16.4560982, 28.1256266 ], [ -16.4557784, 28.1257127 ], [ -16.4554956, 28.1256998 ], [ -16.4552391, 28.1255168 ], [ -16.4547299, 28.1255436 ], [ -16.4545332, 28.1258431 ], [ -16.4541201, 28.1256945 ], [ -16.4534135, 28.1258756 ], [ -16.4534099, 28.1261858 ], [ -16.4532377, 28.1262588 ], [ -16.4531452, 28.1264338 ], [ -16.45305, 28.1267793 ], [ -16.4527746, 28.1269568 ], [ -16.4525242, 28.1272368 ], [ -16.452174, 28.1272 ], [ -16.4519036, 28.127321 ], [ -16.4518281, 28.1274793 ], [ -16.4516827, 28.1278512 ], [ -16.4514218, 28.1281543 ], [ -16.4506958, 28.1284402 ], [ -16.4504406, 28.1285944 ], [ -16.4500792, 28.1289281 ], [ -16.4497042, 28.1289914 ], [ -16.4495083, 28.1291733 ], [ -16.4495372, 28.1294207 ], [ -16.4492923, 28.1295155 ] ] } },
{ "type": "Feature", "properties": { "Layer": "0801DPMT", "IDTRAMO": 38037.0, "Provincia": "Santa Cruz de Tenerife", "Referencia": "DL-141-TF", "TM": "Arico (Tenerife)", "Estado": "A", "OM": "2001-06-29", "Sit_Admin": "Aprobado (O.M. 29/06/2001)", "Tipo_Linea": "Límite DPMT aprobado", "Label": "DL-141-TF (O.M. 29/06/2001)", "ID_SEGMENT": "38037001", "FIGURA": null, "Shape_Leng": 0.0, "VERTICES": "SI" }, "geometry": { "type": "LineString", "coordinates": [ [ -16.4492923, 28.1295155 ], [ -16.4492835, 28.1298471 ], [ -16.4493125, 28.1301346 ], [ -16.4493995, 28.1304213 ], [ -16.4495361, 28.1309155 ], [ -16.449569, 28.1312686 ], [ -16.4494627, 28.1317264 ], [ -16.449311, 28.1319575 ], [ -16.4494806, 28.1321482 ], [ -16.4494921, 28.1323756 ], [ -16.4496285, 28.132691 ], [ -16.4496219, 28.1329438 ], [ -16.4493163, 28.1329803 ], [ -16.4492743, 28.133126 ], [ -16.4492121, 28.1334785 ], [ -16.4490879, 28.1338267 ], [ -16.4492424, 28.1341126 ], [ -16.4494509, 28.1342478 ], [ -16.4494891, 28.1343811 ], [ -16.4492395, 28.1345274 ], [ -16.4488358, 28.1348151 ], [ -16.448258, 28.1352124 ], [ -16.4483103, 28.1356899 ], [ -16.4483871, 28.1358636 ], [ -16.4483364, 28.1360594 ], [ -16.4482004, 28.1360725 ], [ -16.4480803, 28.1358544 ], [ -16.4477565, 28.1352699 ], [ -16.447442, 28.1352701 ], [ -16.4469075, 28.1353928 ], [ -16.4465913, 28.1355884 ], [ -16.4461605, 28.135679 ], [ -16.446162, 28.1358554 ], [ -16.4456739, 28.1355885 ], [ -16.4455891, 28.1353307 ], [ -16.4453213, 28.1354108 ], [ -16.4450948, 28.135131 ], [ -16.4453144, 28.1348935 ], [ -16.4453112, 28.1341968 ], [ -16.4449876, 28.1344303 ], [ -16.4446989, 28.1346817 ], [ -16.4444815, 28.1348812 ], [ -16.4439266, 28.1349877 ], [ -16.443502, 28.1352076 ], [ -16.4427635, 28.1349671 ], [ -16.4423362, 28.1351015 ], [ -16.4420143, 28.1352023 ], [ -16.4419932, 28.1355063 ], [ -16.4419733, 28.1357855 ], [ -16.4420783, 28.136082 ], [ -16.442545, 28.1363787 ], [ -16.4428022, 28.1364102 ], [ -16.4431384, 28.136396 ], [ -16.443558, 28.1362069 ], [ -16.4437179, 28.1363512 ], [ -16.4436097, 28.1366796 ], [ -16.4440088, 28.137094 ], [ -16.4434115, 28.1370231 ], [ -16.443009, 28.1372243 ], [ -16.4431164, 28.1377028 ], [ -16.4431172, 28.1380329 ], [ -16.4433117, 28.1385622 ], [ -16.4430131, 28.1385237 ], [ -16.442821, 28.1387356 ], [ -16.442573, 28.1388235 ], [ -16.4426433, 28.1391597 ], [ -16.4430659, 28.139289 ], [ -16.4427994, 28.1394591 ], [ -16.4424717, 28.1395275 ], [ -16.4421588, 28.1397263 ], [ -16.442174, 28.1399729 ], [ -16.4418563, 28.1402245 ], [ -16.4418773, 28.1403186 ], [ -16.4421122, 28.1405301 ], [ -16.4415015, 28.140691 ], [ -16.4409482, 28.1406303 ], [ -16.4406797, 28.1407705 ], [ -16.4405899, 28.1409273 ], [ -16.4404059, 28.1410791 ], [ -16.4401456, 28.1415822 ], [ -16.4403279, 28.1416651 ], [ -16.440125, 28.142118 ], [ -16.4400928, 28.1423199 ], [ -16.4397595, 28.1426427 ], [ -16.439804, 28.1427835 ], [ -16.4394005, 28.1431682 ], [ -16.4388171, 28.1438013 ], [ -16.4385706, 28.1438613 ], [ -16.4383875, 28.1434832 ], [ -16.4381246, 28.1430404 ], [ -16.4378465, 28.1425219 ], [ -16.4377708, 28.1423807 ], [ -16.4375543, 28.1423919 ], [ -16.4374631, 28.1425211 ], [ -16.4372438, 28.1428285 ], [ -16.4370358, 28.1432925 ], [ -16.4364908, 28.1433901 ], [ -16.4362833, 28.1428141 ], [ -16.4361764, 28.1423481 ] ] } },
{ "type": "Feature", "properties": { "Layer": "0801DPMT", "IDTRAMO": 38036.0, "Provincia": "Santa Cruz de Tenerife", "Referencia": "DL-142-TF", "TM": "Arico (Tenerife)", "Estado": "A", "OM": "2002-03-25", "Sit_Admin": "Aprobado (O.M. 25/03/2002)", "Tipo_Linea": "Límite DPMT aprobado", "Label": "DL-142-TF (O.M. 25/03/2002)", "ID_SEGMENT": "38036002", "FIGURA": null, "Shape_Leng": 0.0, "VERTICES": "SI" }, "geometry": { "type": "LineString", "coordinates": [ [ -16.4361764, 28.1423481 ], [ -16.4359019, 28.1422187 ], [ -16.4356063, 28.1418131 ], [ -16.4351362, 28.1416825 ], [ -16.4348094, 28.1413455 ], [ -16.4344609, 28.1411841 ], [ -16.4342456, 28.1412339 ], [ -16.4336467, 28.1414403 ], [ -16.4335476, 28.1417343 ], [ -16.4332148, 28.1416796 ], [ -16.4331424, 28.1419707 ], [ -16.4334911, 28.142267 ], [ -16.4334248, 28.1424757 ], [ -16.4336556, 28.1430431 ], [ -16.4339792, 28.1430514 ], [ -16.4336905, 28.143366 ], [ -16.4332545, 28.1430962 ], [ -16.4329422, 28.1432869 ], [ -16.4328255, 28.1433901 ], [ -16.4329006, 28.1435935 ], [ -16.4323913, 28.1433863 ], [ -16.4320923, 28.1431727 ], [ -16.4318736, 28.1430144 ], [ -16.4316159, 28.1429848 ], [ -16.4312294, 28.1436606 ], [ -16.4313077, 28.1438375 ], [ -16.4310637, 28.1442184 ], [ -16.4307208, 28.1445516 ], [ -16.4304832, 28.144789 ], [ -16.4302384, 28.1447928 ], [ -16.4300723, 28.1449955 ], [ -16.4302957, 28.1451092 ], [ -16.4302564, 28.145257 ], [ -16.4299141, 28.1455468 ], [ -16.4299693, 28.1458396 ], [ -16.4297226, 28.1459925 ], [ -16.4294941, 28.1458664 ], [ -16.4290999, 28.1459288 ], [ -16.4289828, 28.1461408 ], [ -16.4287109, 28.1463517 ], [ -16.4283695, 28.146561 ], [ -16.4282709, 28.1468131 ], [ -16.4280424, 28.1470491 ], [ -16.4279452, 28.1472667 ], [ -16.4277511, 28.1476329 ], [ -16.4279694, 28.147792 ], [ -16.4273606, 28.1485558 ], [ -16.4269692, 28.1482918 ], [ -16.426907, 28.1485393 ], [ -16.4269428, 28.1489169 ], [ -16.4267034, 28.1488194 ], [ -16.4266275, 28.1491633 ], [ -16.4263963, 28.1494383 ], [ -16.4262559, 28.1495003 ], [ -16.4261818, 28.1497481 ], [ -16.4260177, 28.1499496 ], [ -16.4258568, 28.1500193 ], [ -16.4258244, 28.1504712 ], [ -16.4258602, 28.1507137 ], [ -16.4257897, 28.1508693 ], [ -16.4259184, 28.1510445 ], [ -16.4259818, 28.1511378 ], [ -16.4262945, 28.1512444 ], [ -16.4265434, 28.1517671 ], [ -16.4267551, 28.1517929 ], [ -16.4271226, 28.1520667 ], [ -16.4273241, 28.1516959 ], [ -16.4276051, 28.1515323 ], [ -16.4278821, 28.1515542 ], [ -16.4279838, 28.1521345 ], [ -16.4284062, 28.1520984 ], [ -16.4290387, 28.1519446 ], [ -16.4288837, 28.1522954 ], [ -16.4289999, 28.1525324 ], [ -16.4289013, 28.1527887 ], [ -16.4291458, 28.1528769 ], [ -16.4291748, 28.1530958 ], [ -16.4295457, 28.1533909 ], [ -16.4297955, 28.1533883 ], [ -16.4299502, 28.1531113 ], [ -16.4300652, 28.1529113 ], [ -16.4303452, 28.1527967 ], [ -16.4306869, 28.1529208 ], [ -16.4307237, 28.1526659 ], [ -16.4312652, 28.1522742 ], [ -16.4314385, 28.1521292 ], [ -16.4317543, 28.1521475 ], [ -16.4325813, 28.1523093 ], [ -16.43297, 28.1526582 ], [ -16.4328334, 28.152918 ], [ -16.4325816, 28.1532018 ], [ -16.432731, 28.1534208 ], [ -16.4328067, 28.1537006 ], [ -16.4333099, 28.1539721 ], [ -16.4337157, 28.1539907 ], [ -16.4339595, 28.1539223 ], [ -16.4344071, 28.1544953 ], [ -16.4344417, 28.154953 ], [ -16.4346384, 28.1551304 ], [ -16.435303, 28.1552893 ], [ -16.4352824, 28.1556903 ], [ -16.4346647, 28.1562304 ], [ -16.4355369, 28.1564611 ], [ -16.4351967, 28.1568023 ], [ -16.4351758, 28.1571075 ], [ -16.434591, 28.1572191 ], [ -16.4345473, 28.1579647 ], [ -16.434481, 28.1581529 ], [ -16.4342727, 28.1582256 ], [ -16.4339505, 28.1581364 ] ] } },
{ "type": "Feature", "properties": { "Layer": "0801DPMT", "IDTRAMO": 38035.0, "Provincia": "Santa Cruz de Tenerife", "Referencia": "DL-143-TF", "TM": "Arico (Tenerife)", "Estado": "A", "OM": "2005-11-14", "Sit_Admin": "Aprobado (O.M. 14/11/2005)", "Tipo_Linea": "Límite DPMT aprobado", "Label": "DL-143-TF (O.M. 14/11/2005)", "ID_SEGMENT": "38035003", "FIGURA": null, "Shape_Leng": 0.0, "VERTICES": "SI" }, "geometry": { "type": "LineString", "coordinates": [ [ -16.4339505, 28.1581364 ], [ -16.4342372, 28.1583479 ], [ -16.4342342, 28.1587731 ], [ -16.433946, 28.1591766 ], [ -16.4337959, 28.1593344 ], [ -16.4334456, 28.1594178 ], [ -16.4332747, 28.1596552 ], [ -16.4331838, 28.1601052 ], [ -16.4329453, 28.1603778 ], [ -16.433088, 28.160522 ], [ -16.4331717, 28.1608518 ], [ -16.4331469, 28.1610093 ], [ -16.4330335, 28.1611993 ], [ -16.4325333, 28.1614878 ], [ -16.4326108, 28.1615932 ], [ -16.4325114, 28.1618829 ], [ -16.4322209, 28.1623178 ], [ -16.4320291, 28.1628222 ], [ -16.4319516, 28.1632624 ], [ -16.4318454, 28.1637251 ], [ -16.4318413, 28.1639368 ], [ -16.4319526, 28.1640782 ], [ -16.4321768, 28.1641592 ], [ -16.4325462, 28.1643654 ], [ -16.4324381, 28.1644874 ], [ -16.4323294, 28.1644106 ], [ -16.4318448, 28.1643833 ], [ -16.4316031, 28.1645929 ], [ -16.4314267, 28.164726 ], [ -16.4309613, 28.1649238 ], [ -16.4306464, 28.1648976 ], [ -16.4306457, 28.1648975 ], [ -16.4304825, 28.1648839 ], [ -16.4302624, 28.1648358 ], [ -16.4299535, 28.164925 ], [ -16.4298959, 28.1649416 ], [ -16.4297912, 28.164905 ], [ -16.4297114, 28.164807 ], [ -16.4293262, 28.1647502 ], [ -16.4292579, 28.1647368 ], [ -16.4291819, 28.1647924 ], [ -16.4291534, 28.164796 ], [ -16.4290855, 28.1647359 ], [ -16.429093, 28.1646711 ], [ -16.4290229, 28.1646216 ], [ -16.4289148, 28.1645377 ], [ -16.4288744, 28.1645605 ], [ -16.4287474, 28.1645637 ], [ -16.4284941, 28.1644241 ], [ -16.4281909, 28.1642213 ], [ -16.4278498, 28.1641687 ], [ -16.4277082, 28.1641765 ], [ -16.4274374, 28.1642784 ], [ -16.4269969, 28.1644872 ], [ -16.4267028, 28.1645192 ], [ -16.426479, 28.1650335 ], [ -16.4264346, 28.1652252 ], [ -16.4263239, 28.1659261 ], [ -16.426257, 28.1661327 ], [ -16.4260252, 28.1664508 ], [ -16.4259637, 28.1667033 ], [ -16.4257693, 28.1672603 ], [ -16.4260494, 28.1673327 ], [ -16.4260319, 28.1674964 ], [ -16.4255882, 28.1676491 ], [ -16.4254871, 28.1681456 ] ] } },
{ "type": "Feature", "properties": { "Layer": "0801DPMT", "IDTRAMO": 38034.0, "Provincia": "Santa Cruz de Tenerife", "Referencia": "DL-144-TF", "TM": "Arico (Tenerife)", "Estado": "A", "OM": "2004-10-01", "Sit_Admin": "Aprobado (O.M. 01/10/2004)", "Tipo_Linea": "Límite DPMT aprobado", "Label": "DL-144-TF (O.M. 01/10/2004)", "ID_SEGMENT": "38034002", "FIGURA": null, "Shape_Leng": 0.0, "VERTICES": "SI" }, "geometry": { "type": "LineString", "coordinates": [ [ -16.4254871, 28.1681456 ], [ -16.425843, 28.168514 ], [ -16.4261037, 28.1686127 ], [ -16.4259979, 28.1689247 ], [ -16.426125, 28.1692529 ], [ -16.4269758, 28.1693364 ], [ -16.426956, 28.1694013 ], [ -16.4269299, 28.1696459 ], [ -16.4275169, 28.1702466 ], [ -16.4278579, 28.1702715 ], [ -16.428078, 28.1707296 ], [ -16.4279807, 28.1710594 ], [ -16.4285181, 28.1715735 ], [ -16.428907, 28.1719264 ], [ -16.4293589, 28.1723654 ], [ -16.4298449, 28.1725817 ], [ -16.4302433, 28.1730908 ], [ -16.4302802, 28.1734226 ], [ -16.4305733, 28.173553 ], [ -16.430731, 28.1738263 ], [ -16.4304946, 28.173877 ], [ -16.4304595, 28.1740414 ], [ -16.4299811, 28.1739724 ], [ -16.4296618, 28.1741484 ], [ -16.4294949, 28.1745059 ], [ -16.4292151, 28.1748264 ], [ -16.4290872, 28.1750834 ], [ -16.4292057, 28.1752605 ], [ -16.4292431, 28.1756674 ], [ -16.4295027, 28.175831 ], [ -16.4295259, 28.1760844 ], [ -16.4293056, 28.1760555 ], [ -16.428774, 28.1762069 ], [ -16.4288623, 28.1766617 ], [ -16.4285811, 28.1772713 ], [ -16.4284574, 28.1775863 ], [ -16.4286499, 28.1780218 ], [ -16.428786, 28.1782797 ], [ -16.4288329, 28.1787174 ], [ -16.4285426, 28.179117 ], [ -16.4281781, 28.1796334 ], [ -16.4277815, 28.1799129 ], [ -16.4275707, 28.1804123 ], [ -16.4269912, 28.1806219 ], [ -16.4264722, 28.1808394 ], [ -16.4260563, 28.1812865 ], [ -16.4260809, 28.181607 ], [ -16.4261842, 28.1822949 ], [ -16.4263446, 28.1824052 ], [ -16.4266643, 28.1824566 ], [ -16.427316, 28.1828537 ], [ -16.4276113, 28.1833351 ], [ -16.4276059, 28.1838295 ], [ -16.427702, 28.1842419 ], [ -16.4279645, 28.1845955 ], [ -16.4283366, 28.1855845 ], [ -16.4287626, 28.1861499 ], [ -16.4285918, 28.1866544 ], [ -16.4283629, 28.1865866 ], [ -16.4277997, 28.1865729 ], [ -16.4277949, 28.1867684 ], [ -16.4281968, 28.1871166 ], [ -16.4282053, 28.1873377 ], [ -16.4280007, 28.1874569 ], [ -16.4277403, 28.1877667 ], [ -16.4275698, 28.1878883 ], [ -16.4279697, 28.1884665 ], [ -16.4276234, 28.1896206 ], [ -16.4271736, 28.189309 ], [ -16.4269014, 28.1893264 ], [ -16.4265274, 28.1892906 ], [ -16.4265289, 28.1895748 ], [ -16.4259273, 28.1899434 ], [ -16.4259595, 28.190733 ], [ -16.425904, 28.1909178 ], [ -16.4259241, 28.1910667 ], [ -16.4258107, 28.1912213 ], [ -16.4257186, 28.1912104 ], [ -16.4255769, 28.191173 ], [ -16.4255267, 28.1912344 ], [ -16.4254718, 28.1913483 ], [ -16.4255714, 28.1914224 ], [ -16.4254993, 28.1918496 ], [ -16.4254091, 28.1920382 ], [ -16.4253344, 28.1920684 ], [ -16.4247702, 28.1919659 ], [ -16.4247627, 28.1921583 ], [ -16.4245486, 28.1921898 ], [ -16.4243814, 28.1921551 ], [ -16.4243041, 28.1921828 ], [ -16.4241878, 28.1923765 ], [ -16.4240444, 28.192524 ], [ -16.4241245, 28.1926718 ], [ -16.4240954, 28.1927809 ], [ -16.4236389, 28.1931165 ], [ -16.4234127, 28.1933705 ], [ -16.4234792, 28.1934135 ], [ -16.423454, 28.1938773 ] ] } },
{ "type": "Feature", "properties": { "Layer": "0801DPMT", "IDTRAMO": 38094.0, "Provincia": "Santa Cruz de Tenerife", "Referencia": "DL-175-TF", "TM": "La Victoria de Acentejo (Tenerife)", "Estado": "A", "OM": "2001-08-01", "Sit_Admin": "Aprobado (O.M. 01/08/2001)", "Tipo_Linea": "Límite DPMT aprobado", "Label": "DL-175-TF (O.M. 01/08/2001)", "ID_SEGMENT": "38094002", "FIGURA": null, "Shape_Leng": 0.0, "VERTICES": "SI" }, "geometry": { "type": "LineString", "coordinates": [ [ -16.4743229, 28.4428894 ], [ -16.4745518, 28.4427293 ], [ -16.4747161, 28.44254 ], [ -16.4749771, 28.442099 ], [ -16.4754933, 28.4417945 ], [ -16.4771299, 28.4404386 ], [ -16.478158, 28.4404151 ], [ -16.4787032, 28.4403444 ], [ -16.4791043, 28.4401108 ], [ -16.4798216, 28.439696 ], [ -16.4803588, 28.4395826 ], [ -16.4808204, 28.4395775 ], [ -16.4813725, 28.4397835 ], [ -16.4817026, 28.4399692 ], [ -16.482681, 28.4396207 ], [ -16.4831471, 28.4395166 ], [ -16.4835823, 28.4389293 ], [ -16.4843264, 28.4386309 ], [ -16.4853091, 28.4382307 ], [ -16.4858252, 28.4381263 ], [ -16.4861735, 28.4376208 ], [ -16.4866925, 28.4368946 ], [ -16.4870475, 28.4365392 ] ] } },
{ "type": "Feature", "properties": { "Layer": "0801DPMT", "IDTRAMO": 38092.0, "Provincia": "Santa Cruz de Tenerife", "Referencia": "DL-176-TF", "TM": "Santa Úrsula (Tenerife)", "Estado": "A", "OM": "2001-09-04", "Sit_Admin": "Aprobado (O.M. 04/09/2001)", "Tipo_Linea": "Límite DPMT aprobado", "Label": "DL-176-TF (O.M. 04/09/2001)", "ID_SEGMENT": "38092001", "FIGURA": null, "Shape_Leng": 0.0, "VERTICES": "SI" }, "geometry": { "type": "LineString", "coordinates": [ [ -16.4910258, 28.4386329 ], [ -16.491377, 28.4385579 ], [ -16.4917048, 28.4384428 ], [ -16.4918114, 28.4385271 ], [ -16.4918984, 28.4389772 ], [ -16.4921499, 28.4392625 ], [ -16.4927161, 28.439918 ], [ -16.4929032, 28.4398641 ], [ -16.4934238, 28.4393606 ], [ -16.4938675, 28.4392001 ], [ -16.4941807, 28.4388988 ], [ -16.4943683, 28.4388831 ], [ -16.4945736, 28.4389009 ], [ -16.4952743, 28.438666 ], [ -16.4958887, 28.4379513 ], [ -16.4960897, 28.4378389 ], [ -16.4962043, 28.4378014 ], [ -16.4963474, 28.4378677 ], [ -16.4965754, 28.4378831 ], [ -16.4969393, 28.438186 ], [ -16.4970135, 28.4379259 ], [ -16.4968089, 28.4378001 ], [ -16.4970402, 28.4377345 ], [ -16.4972149, 28.4375019 ], [ -16.4972803, 28.4371363 ], [ -16.4973631, 28.4370726 ], [ -16.4973069, 28.4369199 ], [ -16.4973461, 28.4367013 ], [ -16.4974583, 28.436506 ], [ -16.4976376, 28.4362498 ], [ -16.4977977, 28.4356894 ], [ -16.4975356, 28.435393 ], [ -16.4975695, 28.4352817 ], [ -16.498142, 28.4348375 ], [ -16.4981898, 28.4341579 ], [ -16.4982126, 28.4340604 ], [ -16.4985538, 28.4335138 ], [ -16.4989493, 28.4331743 ], [ -16.4986131, 28.432677 ], [ -16.498325, 28.4324739 ], [ -16.4979923, 28.4323326 ], [ -16.4979187, 28.4320351 ], [ -16.4979798, 28.4315277 ], [ -16.4983581, 28.4310416 ], [ -16.4985927, 28.4307409 ], [ -16.4997458, 28.430085 ], [ -16.499926, 28.4298746 ], [ -16.4999417, 28.4295731 ], [ -16.5003849, 28.4292519 ], [ -16.5012803, 28.4287741 ], [ -16.5013253, 28.428637 ], [ -16.5013231, 28.4282522 ], [ -16.5018419, 28.42733 ], [ -16.5017866, 28.4270583 ], [ -16.5019452, 28.4261321 ], [ -16.5020527, 28.4249846 ], [ -16.5029064, 28.4243933 ] ] } },
{ "type": "Feature", "properties": { "Layer": "0801DPMT", "IDTRAMO": 38091.0, "Provincia": "Santa Cruz de Tenerife", "Referencia": "DL-177-TF", "TM": "La Orotava (Tenerife)", "Estado": "A", "OM": "2004-11-02", "Sit_Admin": "Aprobado (O.M. 02/11/2004)", "Tipo_Linea": "Límite DPMT aprobado", "Label": "DL-177-TF (O.M. 02/11/2004)", "ID_SEGMENT": "38091001", "FIGURA": null, "Shape_Leng": 0.0, "VERTICES": "SI" }, "geometry": { "type": "LineString", "coordinates": [ [ -16.5029064, 28.4243933 ], [ -16.5030863, 28.4243074 ], [ -16.5038643, 28.4238986 ], [ -16.5044555, 28.4236499 ], [ -16.5049753, 28.4234512 ], [ -16.5053401, 28.4232461 ], [ -16.5059675, 28.422831 ], [ -16.5060802, 28.4225827 ], [ -16.5066377, 28.4226055 ], [ -16.5067557, 28.4227589 ], [ -16.506863, 28.4230789 ], [ -16.5070694, 28.423159 ], [ -16.5073951, 28.4229044 ], [ -16.5068679, 28.422284 ], [ -16.5069648, 28.4219122 ], [ -16.5077067, 28.4214323 ], [ -16.5080461, 28.4212676 ], [ -16.5087995, 28.4208431 ], [ -16.5094855, 28.4203861 ], [ -16.5099304, 28.4202165 ], [ -16.5102919, 28.4199578 ], [ -16.5110373, 28.4195381 ], [ -16.5119177, 28.4191781 ], [ -16.5125319, 28.4192572 ], [ -16.5128471, 28.4193057 ], [ -16.5133283, 28.4190408 ], [ -16.5137323, 28.4189593 ], [ -16.5140692, 28.4187693 ], [ -16.514579, 28.4188042 ], [ -16.5149096, 28.4187424 ], [ -16.5150955, 28.4187269 ], [ -16.5154297, 28.4186601 ], [ -16.5159206, 28.4188328 ], [ -16.5164231, 28.4189667 ], [ -16.5165905, 28.4189228 ], [ -16.5170176, 28.4190609 ], [ -16.5178926, 28.4191072 ], [ -16.5182899, 28.4192552 ], [ -16.5185319, 28.4193891 ], [ -16.5184545, 28.4190933 ], [ -16.5184318, 28.4187176 ], [ -16.5188625, 28.4181798 ], [ -16.5190676, 28.4181289 ], [ -16.5190451, 28.4179147 ], [ -16.5194236, 28.4175859 ], [ -16.5199573, 28.4174083 ], [ -16.5204647, 28.4173245 ], [ -16.5212349, 28.4176061 ], [ -16.5217245, 28.417915 ], [ -16.5220313, 28.4177697 ], [ -16.5222668, 28.4174699 ], [ -16.5227365, 28.417076 ], [ -16.523139, 28.4170539 ] ] } },
{ "type": "Feature", "properties": { "Layer": "0801DPMT", "IDTRAMO": 38084.0, "Provincia": "Santa Cruz de Tenerife", "Referencia": "DL-178-TF", "TM": "Los Realejos (Tenerife)", "Estado": "A", "OM": "2005-09-23", "Sit_Admin": "Aprobado (O.M. 23/09/2005)", "Tipo_Linea": "Límite DPMT aprobado", "Label": "DL-178-TF (O.M. 23/09/2005)", "ID_SEGMENT": "38084001", "FIGURA": null, "Shape_Leng": 0.0, "VERTICES": "SI" }, "geometry": { "type": "LineString", "coordinates": [ [ -16.5705174, 28.4079484 ], [ -16.5705048, 28.4076897 ], [ -16.5706379, 28.4073063 ], [ -16.5707651, 28.4073041 ], [ -16.5707864, 28.40728 ], [ -16.5708052, 28.4071211 ], [ -16.5709815, 28.407004 ], [ -16.5711363, 28.4070126 ], [ -16.5712045, 28.4069452 ], [ -16.5712587, 28.4068602 ], [ -16.571309, 28.4067645 ], [ -16.5714647, 28.4062325 ], [ -16.5717631, 28.4055164 ], [ -16.5719691, 28.4050574 ], [ -16.5721702, 28.4047221 ], [ -16.5721708, 28.4043884 ], [ -16.5723998, 28.4039799 ], [ -16.5726518, 28.4039034 ], [ -16.5730897, 28.403748 ], [ -16.5736496, 28.4036011 ], [ -16.5737697, 28.4036363 ], [ -16.5744334, 28.403654 ], [ -16.5746165, 28.4037506 ], [ -16.5747251, 28.4037127 ], [ -16.5751267, 28.403928 ], [ -16.5751712, 28.404074 ], [ -16.5753207, 28.4042217 ], [ -16.5753751, 28.4043854 ], [ -16.5753557, 28.4045439 ], [ -16.5750706, 28.4047171 ], [ -16.5752638, 28.4048566 ], [ -16.5756657, 28.4052262 ], [ -16.575778, 28.4052197 ], [ -16.5757884, 28.4050215 ], [ -16.5757842, 28.4048272 ], [ -16.576152, 28.4047773 ], [ -16.5764703, 28.4048042 ], [ -16.576704, 28.4047938 ], [ -16.5768818, 28.4048118 ], [ -16.5771345, 28.404782 ], [ -16.5774026, 28.4048281 ], [ -16.5775353, 28.4048135 ], [ -16.5777858, 28.4046767 ], [ -16.5778768, 28.4047475 ], [ -16.5779839, 28.4046591 ], [ -16.5782865, 28.4045647 ], [ -16.5784813, 28.4043947 ], [ -16.5786887, 28.4042074 ], [ -16.5788148, 28.4036539 ], [ -16.579083, 28.4033804 ], [ -16.5794752, 28.4032047 ], [ -16.5798026, 28.4031468 ], [ -16.5799921, 28.4032108 ], [ -16.5802641, 28.4029514 ], [ -16.5804066, 28.4027823 ], [ -16.5804809, 28.402735 ], [ -16.5805724, 28.4025796 ], [ -16.5807379, 28.402417 ], [ -16.5809922, 28.4023091 ], [ -16.5811721, 28.4019065 ], [ -16.5813375, 28.4017741 ], [ -16.5814513, 28.4017491 ], [ -16.5816044, 28.4016436 ], [ -16.5820127, 28.4013942 ], [ -16.5821358, 28.4012788 ], [ -16.5823382, 28.4011278 ], [ -16.5827831, 28.4009029 ], [ -16.5829205, 28.4008582 ], [ -16.5832545, 28.400518 ], [ -16.583252, 28.4002857 ], [ -16.5834432, 28.400317 ], [ -16.5836935, 28.4003644 ], [ -16.5838197, 28.4002722 ], [ -16.5839028, 28.4002596 ], [ -16.5839568, 28.4002088 ], [ -16.584227, 28.4001128 ], [ -16.5843848, 28.400111 ], [ -16.5847409, 28.3998723 ], [ -16.5851111, 28.3992743 ], [ -16.5853891, 28.3992776 ], [ -16.5853987, 28.3989879 ], [ -16.5859792, 28.3991232 ], [ -16.5860743, 28.3989768 ], [ -16.5862825, 28.3987876 ], [ -16.5866022, 28.3986154 ], [ -16.5869508, 28.3983789 ], [ -16.5871405, 28.3982774 ], [ -16.5871813, 28.3982378 ], [ -16.5872555, 28.3982098 ], [ -16.5873283, 28.3982074 ], [ -16.5873781, 28.3980911 ], [ -16.5874466, 28.3980862 ], [ -16.5875991, 28.3979117 ], [ -16.5878074, 28.3977716 ], [ -16.5880258, 28.3977882 ], [ -16.5883108, 28.3979653 ], [ -16.5888794, 28.397883 ], [ -16.589694, 28.397957 ], [ -16.59007, 28.3979362 ], [ -16.5901565, 28.3978378 ], [ -16.5903863, 28.3978896 ], [ -16.5910504, 28.3977783 ], [ -16.5912564, 28.3978529 ], [ -16.5916269, 28.3977799 ], [ -16.5918096, 28.3978254 ], [ -16.5919134, 28.3977878 ] ] } },
{ "type": "Feature", "properties": { "Layer": "0801DPMT", "IDTRAMO": 38083.0, "Provincia": "Santa Cruz de Tenerife", "Referencia": "DL-179-TF", "TM": "Los Realejos (Tenerife)", "Estado": "A", "OM": "2005-01-17", "Sit_Admin": "Aprobado (O.M. 17/01/2005)", "Tipo_Linea": "Límite DPMT aprobado", "Label": "DL-179-TF (O.M. 17/01/2005)", "ID_SEGMENT": "38083001", "FIGURA": null, "Shape_Leng": 0.0, "VERTICES": "SI" }, "geometry": { "type": "LineString", "coordinates": [ [ -16.5919134, 28.3977878 ], [ -16.5921498, 28.3974398 ], [ -16.5923979, 28.3974285 ], [ -16.5924586, 28.3973886 ], [ -16.5925236, 28.3974032 ], [ -16.5925842, 28.3974436 ], [ -16.5926477, 28.3974479 ], [ -16.5927105, 28.3974192 ], [ -16.5928825, 28.3974228 ], [ -16.5931664, 28.3974755 ], [ -16.593453, 28.3977922 ], [ -16.5936073, 28.3979127 ], [ -16.5937145, 28.3981057 ], [ -16.5937469, 28.3982339 ], [ -16.5937908, 28.3982641 ], [ -16.5941951, 28.3981791 ], [ -16.5942665, 28.3982883 ], [ -16.5942323, 28.3985569 ], [ -16.5943505, 28.3987148 ], [ -16.5946294, 28.3989662 ], [ -16.5945917, 28.3992715 ], [ -16.5946844, 28.3993475 ], [ -16.5950271, 28.3995352 ], [ -16.5953401, 28.3996763 ], [ -16.5957511, 28.3998421 ], [ -16.5962566, 28.4000758 ], [ -16.5966396, 28.3996977 ], [ -16.5966755, 28.3996519 ], [ -16.5967112, 28.3996744 ], [ -16.5967986, 28.3997069 ], [ -16.5969347, 28.3997086 ], [ -16.5970741, 28.3997494 ], [ -16.5971249, 28.3998027 ], [ -16.5974063, 28.4001063 ], [ -16.5978145, 28.3996788 ], [ -16.5978892, 28.3991108 ], [ -16.5980305, 28.3993239 ], [ -16.5981909, 28.3990563 ], [ -16.5983893, 28.3985842 ], [ -16.5987018, 28.3980832 ], [ -16.5989652, 28.3975734 ], [ -16.5993089, 28.3970067 ], [ -16.5995826, 28.3963728 ], [ -16.599926, 28.3958658 ], [ -16.6007913, 28.3954164 ], [ -16.6009418, 28.3953009 ], [ -16.6011602, 28.3951223 ], [ -16.6015629, 28.3947933 ], [ -16.6018819, 28.3944897 ], [ -16.6024952, 28.3940112 ], [ -16.6028238, 28.3938673 ], [ -16.6033964, 28.3937398 ], [ -16.6039353, 28.3938015 ], [ -16.6046399, 28.3939559 ], [ -16.6055138, 28.3938818 ], [ -16.6065192, 28.3937483 ], [ -16.6069826, 28.3936151 ], [ -16.6072554, 28.3933563 ], [ -16.6080106, 28.393482 ], [ -16.6083963, 28.3935198 ], [ -16.6088825, 28.3935939 ], [ -16.6093328, 28.393623 ], [ -16.6103208, 28.3940426 ], [ -16.6107629, 28.394282 ], [ -16.6115046, 28.394328 ], [ -16.6117298, 28.3940908 ], [ -16.6118958, 28.3939988 ], [ -16.6122321, 28.3939498 ], [ -16.6129316, 28.3940717 ], [ -16.6134494, 28.3943849 ], [ -16.6139865, 28.3946185 ], [ -16.6142884, 28.3945071 ], [ -16.6144834, 28.3943169 ], [ -16.6145862, 28.3941804 ], [ -16.615379, 28.3938771 ], [ -16.6163338, 28.39385 ], [ -16.6170188, 28.3939258 ], [ -16.6175281, 28.3939833 ], [ -16.6182767, 28.394167 ], [ -16.6191772, 28.394607 ], [ -16.6193001, 28.3945503 ], [ -16.6194371, 28.3948417 ], [ -16.6199827, 28.3951954 ], [ -16.6206482, 28.3955382 ], [ -16.6214948, 28.3956371 ], [ -16.6222118, 28.395603 ], [ -16.622864, 28.3957252 ], [ -16.6230413, 28.3957246 ], [ -16.6235427, 28.3953801 ] ] } },
{ "type": "Feature", "properties": { "Layer": "0801DPMT", "IDTRAMO": 38082.0, "Provincia": "Santa Cruz de Tenerife", "Referencia": "DL-180-TF", "TM": "San Juan de la Rambla (Tenerife)", "Estado": "A", "OM": "2005-12-20", "Sit_Admin": "Aprobado (O.M. 20/12/2005)", "Tipo_Linea": "Límite DPMT aprobado", "Label": "DL-180-TF (O.M. 20/12/2005)", "ID_SEGMENT": "38082001", "FIGURA": null, "Shape_Leng": 0.0, "VERTICES": "SI" }, "geometry": { "type": "LineString", "coordinates": [ [ -16.6235427, 28.3953801 ], [ -16.6238908, 28.3954232 ], [ -16.6243116, 28.395759 ], [ -16.6246145, 28.3957887 ], [ -16.6249674, 28.3959097 ], [ -16.6256028, 28.3960491 ], [ -16.6259894, 28.3960519 ], [ -16.6261036, 28.3961154 ], [ -16.6267833, 28.3960313 ], [ -16.6274997, 28.3960673 ], [ -16.6281116, 28.3959965 ], [ -16.6289973, 28.3959163 ], [ -16.6299839, 28.3956466 ], [ -16.6303632, 28.3954872 ], [ -16.6306678, 28.3955054 ], [ -16.6312793, 28.3956342 ], [ -16.631573, 28.3957704 ], [ -16.6316562, 28.3957596 ], [ -16.6319169, 28.3956848 ], [ -16.632053, 28.3956107 ], [ -16.632143, 28.395624 ], [ -16.6321826, 28.395599 ], [ -16.6323255, 28.3954904 ], [ -16.632803, 28.3951873 ], [ -16.6332738, 28.3950332 ], [ -16.6338457, 28.3949884 ], [ -16.6343657, 28.3947386 ], [ -16.634853, 28.3945117 ], [ -16.6350773, 28.3943478 ], [ -16.635677, 28.3941028 ], [ -16.6361551, 28.3940939 ], [ -16.6365629, 28.3939822 ], [ -16.637204, 28.3940013 ], [ -16.6376035, 28.3940504 ], [ -16.6381931, 28.394242 ], [ -16.6385571, 28.3943562 ], [ -16.6386585, 28.3944141 ], [ -16.638802, 28.3945355 ], [ -16.6389896, 28.3946625 ], [ -16.6390783, 28.394691 ], [ -16.6391639, 28.3947116 ], [ -16.6394779, 28.3948813 ], [ -16.6397562, 28.3953347 ], [ -16.6399118, 28.3955681 ], [ -16.6401386, 28.395885 ], [ -16.6402065, 28.3964863 ], [ -16.6402885, 28.3965503 ], [ -16.6402889, 28.3967739 ], [ -16.6402775, 28.3969146 ], [ -16.640367, 28.3969739 ], [ -16.6410343, 28.3969705 ], [ -16.6411149, 28.3970677 ], [ -16.6410377, 28.3972334 ], [ -16.6410784, 28.3976274 ], [ -16.6411697, 28.3976785 ], [ -16.6414029, 28.3975232 ], [ -16.6417207, 28.3974387 ], [ -16.6419136, 28.3973625 ], [ -16.6422102, 28.3972178 ], [ -16.6424109, 28.3972489 ], [ -16.6425471, 28.3972515 ], [ -16.6432479, 28.3977202 ], [ -16.6435584, 28.3978724 ], [ -16.6437738, 28.3981822 ], [ -16.6438459, 28.3983323 ], [ -16.6439442, 28.3983997 ], [ -16.6442293, 28.398422 ], [ -16.6444031, 28.3983319 ], [ -16.6446735, 28.3981621 ], [ -16.644801, 28.3980508 ], [ -16.6450174, 28.3976882 ], [ -16.6452754, 28.3971706 ], [ -16.6453657, 28.3969521 ], [ -16.6455138, 28.3967133 ], [ -16.645743, 28.3964685 ], [ -16.6460343, 28.3963059 ], [ -16.6463135, 28.3960614 ], [ -16.6466595, 28.3959066 ], [ -16.6469822, 28.3958065 ], [ -16.6477082, 28.3958625 ], [ -16.6484017, 28.3958609 ], [ -16.6485362, 28.3957786 ], [ -16.6489292, 28.3953332 ], [ -16.6492256, 28.3952626 ], [ -16.6494882, 28.3952323 ], [ -16.6497872, 28.3953165 ], [ -16.6498945, 28.3953718 ], [ -16.6501064, 28.3955745 ], [ -16.6505564, 28.3956025 ], [ -16.6505545, 28.3959039 ], [ -16.650812, 28.3959061 ], [ -16.6511632, 28.3955454 ], [ -16.6514646, 28.3956845 ], [ -16.6516153, 28.3960509 ], [ -16.6520433, 28.3961711 ], [ -16.6522022, 28.3958785 ], [ -16.6524208, 28.3955486 ] ] } },
{ "type": "Feature", "properties": { "Layer": "0801DPMT", "IDTRAMO": 38081.0, "Provincia": "Santa Cruz de Tenerife", "Referencia": "DL-181-TF", "TM": "La Guancha (Tenerife)", "Estado": "A", "OM": "2004-11-02", "Sit_Admin": "Aprobado (O.M. 02/11/2004)", "Tipo_Linea": "Límite DPMT aprobado", "Label": "DL-181-TF (O.M. 02/11/2004)", "ID_SEGMENT": "38081001", "FIGURA": null, "Shape_Leng": 0.0, "VERTICES": "SI" }, "geometry": { "type": "LineString", "coordinates": [ [ -16.6524208, 28.3955486 ], [ -16.6526661, 28.3954528 ], [ -16.6529109, 28.3954567 ], [ -16.6530324, 28.3955551 ], [ -16.6533555, 28.3954842 ], [ -16.6535075, 28.3956406 ], [ -16.6536194, 28.3956824 ], [ -16.6537555, 28.3957534 ], [ -16.6538618, 28.395826 ], [ -16.6540124, 28.3959718 ], [ -16.6541387, 28.3960113 ], [ -16.6542849, 28.3962038 ], [ -16.6544918, 28.3963485 ], [ -16.6545976, 28.3964098 ], [ -16.654812, 28.3965158 ], [ -16.6550329, 28.3966082 ], [ -16.6551256, 28.3967192 ], [ -16.6552501, 28.3968562 ], [ -16.6553564, 28.396975 ], [ -16.6554348, 28.3969279 ], [ -16.6559191, 28.3975561 ], [ -16.6565174, 28.3983379 ], [ -16.6566239, 28.3985003 ], [ -16.6567765, 28.3986103 ], [ -16.6569694, 28.398662 ], [ -16.6572821, 28.3986981 ], [ -16.6574036, 28.3986823 ], [ -16.6577377, 28.3986941 ], [ -16.6577972, 28.3988391 ], [ -16.6578781, 28.399117 ], [ -16.6580084, 28.3992438 ], [ -16.6582304, 28.3995523 ], [ -16.657983, 28.3997071 ], [ -16.6580106, 28.3998333 ], [ -16.658031, 28.4001561 ], [ -16.6580569, 28.4005894 ], [ -16.6581504, 28.4006647 ], [ -16.6583274, 28.4005956 ], [ -16.658406, 28.4007863 ], [ -16.6584988, 28.4008237 ], [ -16.6585732, 28.4005194 ], [ -16.6588056, 28.4002667 ], [ -16.6588494, 28.4000884 ], [ -16.6592171, 28.4000283 ], [ -16.6593475, 28.4007606 ], [ -16.6595477, 28.4007311 ], [ -16.6597426, 28.4008682 ], [ -16.6599806, 28.4011418 ], [ -16.6599355, 28.4009998 ], [ -16.6598921, 28.4008162 ], [ -16.6598004, 28.4006192 ], [ -16.6599796, 28.4006122 ], [ -16.6600138, 28.4002678 ], [ -16.6601617, 28.4003345 ], [ -16.660873, 28.4007517 ], [ -16.6609161, 28.4007218 ], [ -16.6609197, 28.4004528 ], [ -16.6611966, 28.4002029 ], [ -16.6612565, 28.4001995 ], [ -16.6612982, 28.4000425 ], [ -16.6615202, 28.3997621 ], [ -16.6614775, 28.3992718 ], [ -16.6612972, 28.3987396 ], [ -16.6613641, 28.3985821 ], [ -16.6621694, 28.398462 ], [ -16.6627104, 28.3983892 ], [ -16.6629007, 28.3985384 ], [ -16.6631702, 28.3984735 ], [ -16.6635622, 28.3986632 ], [ -16.6636356, 28.398705 ], [ -16.6638232, 28.3990638 ], [ -16.6639721, 28.3991516 ], [ -16.6641275, 28.3993797 ], [ -16.6642445, 28.3997855 ], [ -16.6643262, 28.3998709 ], [ -16.6643808, 28.3998815 ], [ -16.6644366, 28.3997717 ], [ -16.6647448, 28.399673 ], [ -16.664894, 28.3996622 ], [ -16.6649456, 28.3995651 ], [ -16.6651067, 28.399421 ], [ -16.6652257, 28.399413 ], [ -16.6654049, 28.3996675 ], [ -16.6654017, 28.3998565 ], [ -16.6655167, 28.3997662 ], [ -16.6656693, 28.3995166 ], [ -16.6655811, 28.3993405 ], [ -16.6652361, 28.3990018 ], [ -16.6656208, 28.3987215 ], [ -16.6662216, 28.3992631 ], [ -16.6662371, 28.3994338 ], [ -16.6664761, 28.3999449 ], [ -16.6667519, 28.4004064 ], [ -16.6669917, 28.4007659 ], [ -16.6671848, 28.4009126 ], [ -16.6673831, 28.4008035 ], [ -16.6674803, 28.4006303 ], [ -16.6674108, 28.4004329 ], [ -16.6675035, 28.4000173 ], [ -16.6674737, 28.3998633 ], [ -16.6675662, 28.3997189 ], [ -16.6678705, 28.3996849 ], [ -16.6682011, 28.4000917 ], [ -16.6683317, 28.4003561 ], [ -16.6685626, 28.4005552 ], [ -16.6688053, 28.4008984 ], [ -16.6692149, 28.4007263 ], [ -16.6691907, 28.4006423 ], [ -16.6693149, 28.4004338 ], [ -16.6697054, 28.400118 ], [ -16.6699386, 28.3999438 ], [ -16.6698898, 28.3997048 ], [ -16.6700828, 28.3994273 ], [ -16.6701783, 28.3989564 ], [ -16.6705875, 28.3987963 ], [ -16.6710658, 28.3988614 ], [ -16.6713262, 28.3991079 ], [ -16.6713141, 28.3995464 ], [ -16.6712089, 28.3996089 ], [ -16.6713663, 28.3996996 ], [ -16.6713972, 28.3998025 ], [ -16.6713395, 28.400101 ], [ -16.6714619, 28.4003048 ], [ -16.6715875, 28.4003934 ], [ -16.6719576, 28.4000877 ], [ -16.6723002, 28.4002812 ], [ -16.6723883, 28.4004475 ], [ -16.672809, 28.4003979 ], [ -16.6733607, 28.4004122 ], [ -16.6737655, 28.4004166 ], [ -16.6744745, 28.4006752 ], [ -16.6746981, 28.4004896 ], [ -16.674672, 28.4002566 ], [ -16.6745176, 28.4001292 ], [ -16.6745936, 28.4000491 ], [ -16.6746193, 28.3997488 ], [ -16.674344, 28.3995101 ], [ -16.673994, 28.399183 ], [ -16.6740566, 28.3990614 ], [ -16.6736972, 28.3986593 ], [ -16.6733828, 28.3980891 ], [ -16.6734092, 28.3979241 ], [ -16.6735324, 28.3977451 ], [ -16.6736817, 28.3977082 ], [ -16.6739098, 28.3977267 ], [ -16.6741413, 28.3977428 ], [ -16.6743713, 28.3979558 ], [ -16.674537, 28.3979581 ], [ -16.6747692, 28.398182 ], [ -16.6749451, 28.3983073 ], [ -16.6751569, 28.3981588 ], [ -16.6754562, 28.3982871 ], [ -16.6758784, 28.398171 ], [ -16.676121, 28.3980339 ], [ -16.6760615, 28.3978691 ], [ -16.6762854, 28.3976942 ], [ -16.6758365, 28.397112 ], [ -16.6756944, 28.3969865 ], [ -16.6754421, 28.3968282 ], [ -16.6755591, 28.3967565 ], [ -16.6756444, 28.3965684 ], [ -16.675711, 28.3965114 ], [ -16.6758056, 28.3965113 ], [ -16.6761622, 28.3966043 ], [ -16.676471, 28.3967332 ], [ -16.6765476, 28.3967201 ], [ -16.6770377, 28.3969062 ], [ -16.6773074, 28.3969101 ], [ -16.6772827, 28.3967194 ], [ -16.6772067, 28.3963061 ], [ -16.6770974, 28.3962339 ], [ -16.6769174, 28.3961238 ], [ -16.6766849, 28.3960677 ], [ -16.6760638, 28.3959295 ], [ -16.6757478, 28.395624 ], [ -16.675701, 28.3954778 ], [ -16.675665, 28.3951445 ], [ -16.6755641, 28.3948176 ], [ -16.6752176, 28.394471 ], [ -16.6753307, 28.3942139 ], [ -16.6755037, 28.3940706 ], [ -16.6761151, 28.3935209 ], [ -16.676582, 28.3929654 ], [ -16.6767354, 28.3928617 ], [ -16.6769544, 28.3927889 ], [ -16.6770839, 28.3927615 ], [ -16.6774209, 28.3925501 ], [ -16.6779116, 28.392231 ], [ -16.6784302, 28.3920001 ], [ -16.6791305, 28.3917465 ], [ -16.679574, 28.3913662 ], [ -16.6798169, 28.3909154 ], [ -16.6801184, 28.3907217 ], [ -16.6803046, 28.3904278 ], [ -16.6804552, 28.3903662 ], [ -16.681146, 28.3902906 ], [ -16.6819157, 28.3903578 ], [ -16.6823481, 28.3904027 ], [ -16.6826911, 28.3905281 ], [ -16.6832089, 28.3905816 ], [ -16.6836096, 28.3906825 ], [ -16.6837943, 28.3907668 ], [ -16.6841192, 28.3908713 ] ] } },
{ "type": "Feature", "properties": { "Layer": "0801DPMT", "IDTRAMO": 38080.0, "Provincia": "Santa Cruz de Tenerife", "Referencia": "DL-182-TF", "TM": "Icod de los Vinos (Tenerife)", "Estado": "A", "OM": "2001-12-14", "Sit_Admin": "Aprobado (O.M. 14/12/2001)", "Tipo_Linea": "Límite DPMT aprobado", "Label": "DL-182-TF (O.M. 14/12/2001)", "ID_SEGMENT": "38080001", "FIGURA": null, "Shape_Leng": 0.0, "VERTICES": "SI" }, "geometry": { "type": "LineString", "coordinates": [ [ -16.6841192, 28.3908713 ], [ -16.6844527, 28.3912568 ], [ -16.6853068, 28.3915104 ], [ -16.6855268, 28.3916448 ], [ -16.6857598, 28.3918422 ], [ -16.6864866, 28.3921858 ], [ -16.6867993, 28.3921661 ], [ -16.6871951, 28.391758 ], [ -16.6873588, 28.3916058 ], [ -16.6875075, 28.3916283 ], [ -16.6875805, 28.3916918 ], [ -16.6877225, 28.3916913 ], [ -16.6878855, 28.3918978 ], [ -16.6878741, 28.3919936 ], [ -16.6877407, 28.3922222 ], [ -16.6877966, 28.3922929 ], [ -16.6879794, 28.3923273 ], [ -16.6881995, 28.3920875 ], [ -16.6883724, 28.3921069 ], [ -16.6886004, 28.3921968 ], [ -16.6888217, 28.3922098 ], [ -16.6889883, 28.3923003 ], [ -16.6891319, 28.3924336 ], [ -16.6894946, 28.3926663 ], [ -16.6903755, 28.3930159 ], [ -16.6907906, 28.3927892 ], [ -16.6912403, 28.3927625 ], [ -16.6913038, 28.3928797 ], [ -16.6914508, 28.3928912 ], [ -16.6918704, 28.3930251 ], [ -16.6919619, 28.3930905 ], [ -16.6920253, 28.3930507 ], [ -16.6919934, 28.3929376 ], [ -16.6926959, 28.3926988 ], [ -16.6927175, 28.3928005 ], [ -16.6927889, 28.392834 ], [ -16.6930418, 28.3925403 ], [ -16.6934388, 28.3927762 ], [ -16.6931513, 28.3938272 ], [ -16.6933947, 28.3944556 ], [ -16.6936248, 28.3950666 ], [ -16.6937616, 28.3953489 ], [ -16.6938808, 28.3950458 ], [ -16.6938142, 28.3945942 ], [ -16.6944835, 28.3940889 ], [ -16.6947425, 28.3946614 ], [ -16.6949068, 28.394688 ], [ -16.6947415, 28.3939287 ], [ -16.6943714, 28.3934122 ], [ -16.6940869, 28.392497 ], [ -16.6940873, 28.3919001 ], [ -16.6941061, 28.3910479 ], [ -16.6939717, 28.3902967 ], [ -16.6938622, 28.3899281 ], [ -16.6938778, 28.3897213 ], [ -16.6938381, 28.3895513 ], [ -16.6939973, 28.3891994 ], [ -16.6940669, 28.3889027 ], [ -16.6940318, 28.3884179 ], [ -16.6941739, 28.388157 ], [ -16.6941752, 28.3879495 ], [ -16.6941097, 28.3876126 ], [ -16.6942752, 28.3872563 ], [ -16.6944041, 28.3869541 ], [ -16.6945375, 28.3865098 ], [ -16.694972, 28.3861333 ], [ -16.6959148, 28.3861583 ], [ -16.6968583, 28.3861981 ], [ -16.6977758, 28.386242 ], [ -16.6982307, 28.3859814 ], [ -16.6987985, 28.3855998 ], [ -16.699429, 28.3851155 ], [ -16.6996119, 28.3845709 ], [ -16.6999916, 28.3839125 ], [ -16.7006913, 28.3834909 ], [ -16.7013042, 28.3832938 ], [ -16.7019563, 28.3832454 ], [ -16.7030263, 28.3832126 ], [ -16.704237, 28.3831907 ], [ -16.7053247, 28.3830536 ], [ -16.7058528, 28.3831293 ], [ -16.7060174, 28.3832125 ], [ -16.7063429, 28.3833414 ], [ -16.7069264, 28.3831362 ], [ -16.7080908, 28.3832379 ], [ -16.7087209, 28.3830435 ], [ -16.7089993, 28.3830442 ], [ -16.7096275, 28.3832206 ], [ -16.7103172, 28.3836232 ], [ -16.7104641, 28.3836325 ], [ -16.7107067, 28.3840474 ], [ -16.7107591, 28.3845796 ], [ -16.7108728, 28.3846153 ], [ -16.7111498, 28.383982 ], [ -16.7114025, 28.3838532 ], [ -16.7117675, 28.3839384 ], [ -16.7120917, 28.3845446 ], [ -16.7125342, 28.3849165 ], [ -16.7127796, 28.3849822 ], [ -16.7129052, 28.384917 ], [ -16.7130012, 28.3845696 ], [ -16.712899, 28.3841648 ], [ -16.7130594, 28.383592 ], [ -16.7135967, 28.3842789 ], [ -16.713958, 28.3845566 ], [ -16.7140704, 28.3847882 ], [ -16.7144249, 28.3850417 ], [ -16.714714, 28.3851961 ], [ -16.7151738, 28.3852081 ], [ -16.7155649, 28.3852963 ], [ -16.7156799, 28.3853795 ], [ -16.716474, 28.3856428 ], [ -16.7168568, 28.3855936 ], [ -16.7167617, 28.3854892 ], [ -16.7168515, 28.3853301 ], [ -16.7169041, 28.3852387 ], [ -16.7172325, 28.3853327 ], [ -16.7172627, 28.3855084 ], [ -16.7171741, 28.3857951 ], [ -16.717273, 28.3860458 ], [ -16.7172687, 28.3862353 ], [ -16.7176767, 28.3863382 ], [ -16.7181887, 28.3864776 ], [ -16.7181755, 28.3867235 ], [ -16.718561, 28.3867518 ], [ -16.7184735, 28.3869971 ], [ -16.7186953, 28.3870508 ], [ -16.7190735, 28.3873382 ], [ -16.719089, 28.3870539 ], [ -16.7198248, 28.3867435 ], [ -16.7202827, 28.3866141 ], [ -16.720123, 28.3862249 ], [ -16.7202333, 28.3857102 ], [ -16.7202199, 28.3854084 ], [ -16.7201578, 28.3849624 ], [ -16.7197233, 28.3845072 ], [ -16.7198311, 28.3841418 ], [ -16.7199098, 28.3839179 ], [ -16.7201751, 28.3836368 ], [ -16.7204765, 28.3835535 ], [ -16.7210054, 28.3839131 ], [ -16.7213257, 28.3837197 ], [ -16.7220795, 28.3836835 ], [ -16.7221292, 28.3837238 ], [ -16.7230375, 28.383786 ], [ -16.7228688, 28.3835283 ], [ -16.7234218, 28.3831753 ], [ -16.7237268, 28.3830872 ], [ -16.7239803, 28.3826133 ], [ -16.7238996, 28.3824886 ], [ -16.7232897, 28.3823517 ], [ -16.7230613, 28.3824969 ], [ -16.7224428, 28.3820385 ], [ -16.7219454, 28.3816589 ], [ -16.7222222, 28.381489 ], [ -16.7220983, 28.3811072 ], [ -16.7221885, 28.3810376 ], [ -16.7221284, 28.3805784 ], [ -16.722372, 28.3805407 ], [ -16.7227411, 28.3804493 ], [ -16.7227568, 28.3803327 ], [ -16.7231839, 28.3801458 ], [ -16.723289, 28.380227 ], [ -16.7237428, 28.380381 ], [ -16.7237969, 28.3804958 ], [ -16.7238739, 28.3804446 ], [ -16.7243239, 28.3803885 ], [ -16.7247014, 28.3803348 ], [ -16.7247189, 28.3799419 ], [ -16.7247955, 28.3798625 ], [ -16.7252608, 28.3798691 ], [ -16.7254719, 28.3797156 ], [ -16.7252663, 28.3794703 ], [ -16.7250983, 28.3793937 ], [ -16.7250318, 28.3793536 ], [ -16.7250251, 28.3792868 ], [ -16.7242386, 28.3791255 ], [ -16.7241821, 28.379106 ], [ -16.7241399, 28.3790686 ], [ -16.7241336, 28.379039 ], [ -16.7238761, 28.3786606 ], [ -16.7238231, 28.3785363 ], [ -16.7236813, 28.3784079 ] ] } },
{ "type": "Feature", "properties": { "Layer": "0801DPMT", "IDTRAMO": 38000.0, "Provincia": "Santa Cruz de Tenerife", "Referencia": "Discontinuidad", "TM": null, "Estado": "T", "Sit_Admin": "Provisional o en tramitación", "Tipo_Linea": "Límite DPMT provisional o en tramitación", "Label": "Discontinuidad", "ID_SEGMENT": "38000015", "FIGURA": null, "Shape_Leng": 0.0, "VERTICES": "SI" }, "geometry": { "type": "LineString", "coordinates": [ [ -16.7391781, 28.3795948 ], [ -16.7388586, 28.3792133 ] ] } },
{ "type": "Feature", "properties": { "Layer": "0801DPMT", "IDTRAMO": 38079.0, "Provincia": "Santa Cruz de Tenerife", "Referencia": "DL-183-TF", "TM": "Icod de los Vinos (Tenerife)", "Estado": "A", "OM": "2006-09-21", "Sit_Admin": "Aprobado (O.M. 21/09/2006)", "Tipo_Linea": "Límite DPMT aprobado", "Label": "DL-183-TF (O.M. 21/09/2006)", "ID_SEGMENT": "38079002", "FIGURA": null, "Shape_Leng": 0.0, "VERTICES": "SI" }, "geometry": { "type": "LineString", "coordinates": [ [ -16.7236813, 28.3784079 ], [ -16.7235648, 28.3782972 ], [ -16.7235843, 28.3782274 ], [ -16.7235344, 28.3781628 ], [ -16.7235177, 28.3781066 ], [ -16.7235247, 28.3780431 ], [ -16.7235642, 28.3779728 ], [ -16.7235489, 28.3779308 ], [ -16.7238762, 28.3776583 ], [ -16.7238785, 28.3775683 ], [ -16.7240778, 28.3774083 ], [ -16.7242611, 28.3772612 ], [ -16.7247521, 28.3768304 ], [ -16.7252882, 28.3764346 ], [ -16.7260735, 28.3760731 ], [ -16.7266741, 28.3759781 ], [ -16.7273512, 28.3761901 ], [ -16.7276711, 28.3764327 ], [ -16.7279192, 28.3767695 ], [ -16.7283477, 28.3768376 ], [ -16.7286828, 28.3773898 ], [ -16.7289852, 28.3774942 ], [ -16.7293949, 28.3774865 ], [ -16.7296308, 28.3775331 ], [ -16.7299316, 28.3772027 ], [ -16.7302818, 28.3768953 ], [ -16.730618, 28.3766521 ], [ -16.7308309, 28.3765609 ], [ -16.7309053, 28.3767018 ], [ -16.7309129, 28.3767926 ], [ -16.7311439, 28.3770601 ], [ -16.7310851, 28.377214 ], [ -16.7311697, 28.3774662 ], [ -16.7311311, 28.3775965 ], [ -16.7313968, 28.3776366 ], [ -16.7314409, 28.3777155 ], [ -16.7313593, 28.377787 ], [ -16.7311845, 28.3781491 ], [ -16.7312732, 28.3782334 ], [ -16.7316599, 28.3782377 ], [ -16.7318592, 28.378402 ], [ -16.731861, 28.3785113 ], [ -16.7318419, 28.378643 ], [ -16.7319456, 28.3788148 ], [ -16.7321335, 28.3787623 ], [ -16.7322239, 28.3787913 ], [ -16.732282, 28.3789998 ], [ -16.7321751, 28.3792036 ], [ -16.7321399, 28.3795763 ], [ -16.7322718, 28.3796948 ], [ -16.7323547, 28.3798289 ], [ -16.7322875, 28.380009 ], [ -16.7323705, 28.3801472 ], [ -16.7322255, 28.3802847 ], [ -16.7320678, 28.3804274 ], [ -16.7319482, 28.3805255 ], [ -16.7320008, 28.3806889 ], [ -16.7318708, 28.3809715 ], [ -16.7319566, 28.3810818 ], [ -16.7319303, 28.3812767 ], [ -16.7318946, 28.381462 ], [ -16.7319593, 28.3817447 ], [ -16.7322715, 28.3817213 ], [ -16.7327226, 28.3818543 ], [ -16.7329754, 28.3821378 ], [ -16.7336991, 28.3822157 ], [ -16.7339899, 28.3818017 ], [ -16.7341352, 28.3817317 ], [ -16.7347347, 28.3815866 ], [ -16.7349131, 28.381322 ], [ -16.7349735, 28.3811268 ], [ -16.7352096, 28.3809879 ], [ -16.7352151, 28.3807811 ], [ -16.735372, 28.3804871 ], [ -16.735202, 28.3803467 ], [ -16.735471, 28.3801001 ], [ -16.7355316, 28.3799359 ], [ -16.7354216, 28.3798753 ], [ -16.7354778, 28.3797484 ], [ -16.735559, 28.3796945 ], [ -16.735707, 28.3795957 ], [ -16.7356228, 28.3793163 ], [ -16.7357126, 28.3792729 ], [ -16.7357706, 28.3792685 ], [ -16.7358901, 28.3795863 ], [ -16.7363255, 28.379647 ], [ -16.7366312, 28.3797556 ], [ -16.7367634, 28.3798832 ], [ -16.7370147, 28.3800681 ], [ -16.7374727, 28.380262 ], [ -16.7378654, 28.3802202 ], [ -16.7381453, 28.3802271 ], [ -16.7384867, 28.3805104 ], [ -16.7386888, 28.3801263 ], [ -16.738804, 28.3800442 ], [ -16.7390041, 28.3803699 ], [ -16.7391674, 28.3805195 ], [ -16.7392798, 28.3804905 ], [ -16.7393577, 28.3803514 ], [ -16.7393424, 28.3802557 ], [ -16.739381, 28.3800843 ], [ -16.7391889, 28.3799037 ], [ -16.7392444, 28.3798041 ], [ -16.7391781, 28.3795948 ] ] } },
{ "type": "Feature", "properties": { "Layer": "0801DPMT", "IDTRAMO": 38093.0, "Provincia": "Santa Cruz de Tenerife", "Referencia": "DL-184-TF", "TM": "Santa Úrsula (Tenerife)", "Estado": "A", "OM": "2002-01-28", "Sit_Admin": "Aprobado (O.M. 28/01/2002)", "Tipo_Linea": "Límite DPMT aprobado", "Label": "DL-184-TF (O.M. 28/01/2002)", "ID_SEGMENT": "38093001", "FIGURA": null, "Shape_Leng": 0.0, "VERTICES": "SI" }, "geometry": { "type": "LineString", "coordinates": [ [ -16.4870475, 28.4365392 ], [ -16.4880641, 28.4364901 ], [ -16.4885493, 28.4370179 ], [ -16.4887396, 28.4375423 ], [ -16.4884947, 28.4379488 ], [ -16.4882874, 28.4387496 ], [ -16.488733, 28.4394488 ], [ -16.4892382, 28.4396587 ], [ -16.4893199, 28.439572 ], [ -16.4892026, 28.4394018 ], [ -16.4894392, 28.4392934 ], [ -16.4896422, 28.4393641 ], [ -16.4904903, 28.4391945 ], [ -16.4907853, 28.4392472 ], [ -16.4910258, 28.4386329 ] ] } },
{ "type": "Feature", "properties": { "Layer": "0801DPMT", "IDTRAMO": 38096.0, "Provincia": "Santa Cruz de Tenerife", "Referencia": "DL-186-TF", "TM": "El Sauzal (Tenerife)", "Estado": "A", "OM": "2002-07-18", "Sit_Admin": "Aprobado (O.M. 18/07/2002)", "Tipo_Linea": "Límite DPMT aprobado", "Label": "DL-186-TF (O.M. 18/07/2002)", "ID_SEGMENT": "38096001", "FIGURA": null, "Shape_Leng": 0.0, "VERTICES": "NO" }, "geometry": { "type": "LineString", "coordinates": [ [ -16.4484368, 28.4745022 ], [ -16.4484598, 28.4746317 ], [ -16.4487503, 28.474775 ], [ -16.4490978, 28.4748148 ], [ -16.4492904, 28.4749399 ], [ -16.4497136, 28.4755515 ], [ -16.4497793, 28.4754233 ], [ -16.4497276, 28.4753611 ], [ -16.4497308, 28.4752429 ], [ -16.4500934, 28.4752161 ], [ -16.4503226, 28.475244 ], [ -16.4504233, 28.4753496 ], [ -16.4502915, 28.4753971 ], [ -16.4500652, 28.4756947 ], [ -16.4501314, 28.4758634 ], [ -16.4503472, 28.4757366 ], [ -16.4507826, 28.4756925 ], [ -16.4507325, 28.4754023 ], [ -16.4502793, 28.4749386 ], [ -16.450028, 28.474698 ], [ -16.4499065, 28.4746356 ], [ -16.4497117, 28.4743933 ], [ -16.4495689, 28.4741393 ], [ -16.4491639, 28.4741109 ], [ -16.4490422, 28.4741292 ], [ -16.4489909, 28.4741005 ], [ -16.448922, 28.4740803 ], [ -16.4489308, 28.4740164 ], [ -16.4489944, 28.4738179 ], [ -16.4490845, 28.4735756 ], [ -16.4492199, 28.4733557 ], [ -16.4493373, 28.4732807 ], [ -16.4493073, 28.4731529 ], [ -16.4494526, 28.4731054 ], [ -16.4493858, 28.4730263 ], [ -16.449219, 28.4728351 ], [ -16.4494866, 28.4728285 ], [ -16.4496683, 28.4726883 ], [ -16.4497684, 28.4725142 ], [ -16.4500347, 28.4723443 ], [ -16.4502006, 28.472305 ], [ -16.4505443, 28.4723329 ], [ -16.4506706, 28.4724085 ], [ -16.4507272, 28.4722409 ], [ -16.4507102, 28.4720985 ], [ -16.4505884, 28.4720628 ], [ -16.4504752, 28.4720495 ], [ -16.4503339, 28.4720086 ], [ -16.4502403, 28.4719667 ], [ -16.4503364, 28.4718465 ], [ -16.4505137, 28.4717549 ], [ -16.4505681, 28.4717518 ], [ -16.4506659, 28.4716259 ], [ -16.4507231, 28.4714996 ], [ -16.4507175, 28.4713599 ], [ -16.4507964, 28.4713132 ], [ -16.4510408, 28.4713319 ], [ -16.4512476, 28.4713842 ], [ -16.4514285, 28.4713701 ], [ -16.4514652, 28.4715123 ], [ -16.4515655, 28.4715063 ], [ -16.4516671, 28.4714661 ], [ -16.4518399, 28.4713152 ], [ -16.451947, 28.4713176 ], [ -16.4520782, 28.4713839 ], [ -16.4522655, 28.4713288 ], [ -16.4523351, 28.4710882 ], [ -16.4524222, 28.4708992 ], [ -16.4525417, 28.4708501 ], [ -16.452641, 28.4709143 ], [ -16.4526153, 28.4705613 ], [ -16.4527615, 28.4703846 ], [ -16.4528293, 28.4703735 ], [ -16.4529314, 28.4703917 ], [ -16.4530622, 28.4704653 ], [ -16.4532915, 28.470344 ], [ -16.4534621, 28.4702646 ], [ -16.45367, 28.4701602 ], [ -16.4537382, 28.4699887 ], [ -16.4540754, 28.4698151 ], [ -16.4539874, 28.4696021 ], [ -16.4542331, 28.4693676 ], [ -16.4548593, 28.4690822 ], [ -16.4552031, 28.4690661 ], [ -16.455364, 28.4691758 ], [ -16.4554928, 28.4690678 ], [ -16.4553912, 28.4689073 ], [ -16.4554876, 28.4687598 ], [ -16.4557207, 28.4686363 ], [ -16.4557298, 28.4685869 ], [ -16.4558547, 28.4684899 ], [ -16.4559408, 28.4685165 ], [ -16.4560647, 28.4685025 ], [ -16.4561232, 28.4685044 ], [ -16.4562071, 28.4684073 ], [ -16.4562011, 28.4682442 ], [ -16.4560513, 28.468013 ], [ -16.4560596, 28.4678744 ], [ -16.4562083, 28.4677512 ], [ -16.456275, 28.4675649 ], [ -16.4562813, 28.4673665 ], [ -16.4562688, 28.467275 ], [ -16.4560986, 28.4671462 ], [ -16.4558875, 28.467045 ], [ -16.4558587, 28.4669565 ], [ -16.4556118, 28.4667773 ], [ -16.4554461, 28.4667893 ], [ -16.4549902, 28.4666295 ], [ -16.4549998, 28.4661154 ], [ -16.455074, 28.4658002 ] ] } },
{ "type": "Feature", "properties": { "Layer": "0801DPMT", "IDTRAMO": 38097.0, "Provincia": "Santa Cruz de Tenerife", "Referencia": "DL-187-TF", "TM": "El Sauzal (Tenerife)", "Estado": "A", "OM": "2003-06-25", "Sit_Admin": "Aprobado (O.M. 25/06/2003)", "Tipo_Linea": "Límite DPMT aprobado", "Label": "DL-187-TF (O.M. 25/06/2003)", "ID_SEGMENT": "38097001", "FIGURA": null, "Shape_Leng": 0.0, "VERTICES": "SI" }, "geometry": { "type": "LineString", "coordinates": [ [ -16.4302591, 28.4870901 ], [ -16.4306238, 28.4866874 ], [ -16.4310347, 28.4863979 ], [ -16.431397, 28.4857293 ], [ -16.4316306, 28.4853142 ], [ -16.4314522, 28.4849273 ], [ -16.4313636, 28.4847352 ], [ -16.4316543, 28.4843201 ], [ -16.432075, 28.4839637 ], [ -16.4324628, 28.4834908 ], [ -16.4325601, 28.4832715 ], [ -16.4329963, 28.4829005 ], [ -16.4335315, 28.4828232 ], [ -16.4342538, 28.4824286 ], [ -16.4351625, 28.4820959 ], [ -16.4357254, 28.48147 ], [ -16.4360102, 28.4812745 ], [ -16.4365331, 28.4808404 ], [ -16.4368456, 28.4810089 ], [ -16.4377311, 28.4814862 ], [ -16.438339, 28.4811612 ], [ -16.4392451, 28.4810829 ], [ -16.4399901, 28.4810046 ], [ -16.4411627, 28.4810247 ], [ -16.4421811, 28.4808174 ], [ -16.4426994, 28.4801717 ], [ -16.4430509, 28.4798772 ], [ -16.4438895, 28.4799623 ], [ -16.4436259, 28.479483 ], [ -16.4434956, 28.4794173 ], [ -16.4434127, 28.4792868 ], [ -16.4433782, 28.4791312 ], [ -16.443164, 28.4783243 ], [ -16.442708, 28.4783198 ], [ -16.4426127, 28.4778438 ], [ -16.4425913, 28.4772003 ], [ -16.4423592, 28.4768651 ], [ -16.4423449, 28.4766752 ], [ -16.4424293, 28.476316 ], [ -16.4430491, 28.4764294 ], [ -16.4432348, 28.476155 ], [ -16.4433149, 28.4759439 ], [ -16.44344, 28.475809 ], [ -16.4439204, 28.4752556 ], [ -16.4441369, 28.475038 ], [ -16.4443925, 28.4748373 ], [ -16.4445097, 28.4746722 ], [ -16.4441695, 28.4736523 ], [ -16.444125, 28.4735189 ], [ -16.4443466, 28.4734763 ], [ -16.4444391, 28.4734585 ], [ -16.4446311, 28.4733302 ], [ -16.4449576, 28.4733287 ], [ -16.4451244, 28.4732543 ], [ -16.4454258, 28.4732615 ], [ -16.44569, 28.4738709 ], [ -16.4462766, 28.4738781 ], [ -16.4468804, 28.4741566 ], [ -16.4470555, 28.4743109 ], [ -16.4471305, 28.4744397 ], [ -16.4471322, 28.4745663 ], [ -16.4469781, 28.4752184 ], [ -16.4471053, 28.4753658 ], [ -16.4472797, 28.47532 ], [ -16.4475284, 28.4750376 ], [ -16.4475284, 28.4748635 ], [ -16.4476718, 28.4748913 ], [ -16.447642, 28.4746992 ], [ -16.4475343, 28.4745191 ], [ -16.4474824, 28.4742626 ], [ -16.4475745, 28.4740863 ], [ -16.4477084, 28.4740128 ], [ -16.44792, 28.4740245 ], [ -16.4481265, 28.4740901 ], [ -16.4484368, 28.4745022 ] ] } },
{ "type": "Feature", "properties": { "Layer": "0801DPMT", "IDTRAMO": 38000.0, "Provincia": "Santa Cruz de Tenerife", "Referencia": "Discontinuidad", "TM": null, "Estado": "T", "Sit_Admin": "Provisional o en tramitación", "Tipo_Linea": "Límite DPMT provisional o en tramitación", "Label": "Discontinuidad", "ID_SEGMENT": "38000016", "FIGURA": null, "Shape_Leng": 0.0, "VERTICES": "SI" }, "geometry": { "type": "LineString", "coordinates": [ [ -16.4302591, 28.4870901 ], [ -16.4302191, 28.4868697 ], [ -16.4295986, 28.4863749 ], [ -16.4294472, 28.4862541 ] ] } },
{ "type": "Feature", "properties": { "Layer": "0801DPMT", "IDTRAMO": 38009.0, "Provincia": "Santa Cruz de Tenerife", "Referencia": "DL-188-TF", "TM": "Santa Cruz de Tenerife (Tenerife)", "Estado": "A", "OM": "2010-05-07", "Sit_Admin": "Aprobado (O.M. 07/05/2010)", "Tipo_Linea": "Límite DPMT aprobado", "Label": "DL-188-TF (O.M. 07/05/2010)", "ID_SEGMENT": "38009001", "FIGURA": null, "Shape_Leng": 0.0, "VERTICES": "SI" }, "geometry": { "type": "LineString", "coordinates": [ [ -16.3077281, 28.4097348 ], [ -16.3073899, 28.4099184 ], [ -16.3066464, 28.4104605 ], [ -16.3064696, 28.4106183 ], [ -16.3062278, 28.4109182 ], [ -16.3060833, 28.4113379 ], [ -16.3059374, 28.4115247 ], [ -16.3056586, 28.4119429 ], [ -16.305598, 28.412536 ], [ -16.3052131, 28.4124887 ], [ -16.3053146, 28.4128847 ], [ -16.3043926, 28.4132616 ], [ -16.3040046, 28.41341 ], [ -16.3037675, 28.4132674 ], [ -16.3037066, 28.4134675 ], [ -16.3034351, 28.4136026 ], [ -16.3024867, 28.4140467 ], [ -16.3019518, 28.4142994 ], [ -16.3017834, 28.4142654 ], [ -16.3012158, 28.4144918 ], [ -16.3008199, 28.4145352 ], [ -16.3005515, 28.4148096 ], [ -16.3005374, 28.415139 ], [ -16.3000697, 28.4153745 ], [ -16.2997233, 28.415587 ], [ -16.2997042, 28.4158386 ], [ -16.2991772, 28.4164215 ], [ -16.2988827, 28.4169627 ], [ -16.2987361, 28.4170696 ], [ -16.2984349, 28.4173047 ], [ -16.2982344, 28.4174109 ], [ -16.2980085, 28.4176408 ], [ -16.2983524, 28.4179114 ], [ -16.2980728, 28.4179248 ], [ -16.2979073, 28.4180393 ], [ -16.2976334, 28.4179112 ], [ -16.2975116, 28.418093 ], [ -16.297843, 28.4183471 ], [ -16.2975269, 28.4184767 ], [ -16.2973286, 28.4184487 ], [ -16.2972642, 28.4185568 ], [ -16.2973726, 28.4186686 ], [ -16.297224, 28.4192447 ], [ -16.2970304, 28.4199268 ], [ -16.2968875, 28.4200816 ], [ -16.2962095, 28.4204722 ], [ -16.2955488, 28.4205735 ], [ -16.2951167, 28.4208688 ], [ -16.2948884, 28.421217 ], [ -16.2943497, 28.4220408 ], [ -16.2941717, 28.4221942 ], [ -16.2938133, 28.4228024 ], [ -16.2937967, 28.4230817 ], [ -16.2934724, 28.4230829 ], [ -16.2935491, 28.4238823 ], [ -16.2937243, 28.4239309 ], [ -16.2937267, 28.4241281 ], [ -16.2938178, 28.424207 ], [ -16.2935508, 28.4246128 ], [ -16.2929383, 28.4249843 ], [ -16.2926972, 28.4254827 ], [ -16.2925844, 28.42551 ], [ -16.2922076, 28.4257432 ], [ -16.2923506, 28.4263398 ], [ -16.2924701, 28.4264958 ], [ -16.2926183, 28.4268566 ], [ -16.2921266, 28.4271034 ], [ -16.292051, 28.4269987 ], [ -16.2920348, 28.4267925 ], [ -16.2916769, 28.426895 ], [ -16.2914851, 28.4269348 ] ] } },
{ "type": "Feature", "properties": { "Layer": "0801DPMT", "IDTRAMO": 38008.0, "Provincia": "Santa Cruz de Tenerife", "Referencia": "DL-189-TF", "TM": "Santa Cruz de Tenerife (Tenerife)", "Estado": "A", "OM": "2005-06-27", "Sit_Admin": "Aprobado (O.M. 27/06/2005)", "Tipo_Linea": "Límite DPMT aprobado", "Label": "DL-189-TF (O.M. 27/06/2005)", "ID_SEGMENT": "38008002", "FIGURA": null, "Shape_Leng": 0.0, "VERTICES": "SI" }, "geometry": { "type": "LineString", "coordinates": [ [ -16.2914851, 28.4269348 ], [ -16.2911915, 28.42697 ], [ -16.2908899, 28.4270435 ], [ -16.290574, 28.427301 ], [ -16.2904804, 28.4273982 ], [ -16.2903934, 28.4274673 ], [ -16.2899377, 28.4277261 ], [ -16.2896908, 28.4278847 ], [ -16.289375, 28.4283023 ], [ -16.2891329, 28.428528 ], [ -16.2890298, 28.4285669 ], [ -16.2888494, 28.4288709 ], [ -16.2886979, 28.4288809 ], [ -16.2885566, 28.4290417 ], [ -16.2882163, 28.4292328 ], [ -16.2878735, 28.429446 ], [ -16.2872889, 28.4300947 ], [ -16.2865603, 28.4302678 ], [ -16.2862407, 28.4303554 ], [ -16.2857856, 28.4307203 ], [ -16.2851834, 28.4311699 ], [ -16.2843828, 28.4317505 ], [ -16.2839272, 28.4320967 ], [ -16.2836922, 28.432319 ], [ -16.2828746, 28.432797 ], [ -16.282557, 28.4331384 ], [ -16.2816619, 28.433418 ], [ -16.2811153, 28.4338153 ], [ -16.2806935, 28.4341154 ], [ -16.2803012, 28.4345186 ], [ -16.2802039, 28.4346673 ], [ -16.2800657, 28.4347805 ], [ -16.2795286, 28.4354824 ], [ -16.2792273, 28.4355412 ], [ -16.2791555, 28.4358256 ], [ -16.2788333, 28.4359524 ], [ -16.2783685, 28.4363726 ], [ -16.2781744, 28.4364678 ], [ -16.2780615, 28.4367203 ], [ -16.2784528, 28.4371134 ], [ -16.2787588, 28.4374233 ], [ -16.2788963, 28.4375769 ], [ -16.2789833, 28.4376741 ], [ -16.2792904, 28.4380627 ], [ -16.27959, 28.4384313 ], [ -16.2793965, 28.4386667 ], [ -16.2792158, 28.4389647 ] ] } },
{ "type": "Feature", "properties": { "Layer": "0801DPMT", "IDTRAMO": 38070.0, "Provincia": "Santa Cruz de Tenerife", "Referencia": "DL-190-TF", "TM": "Guía de Isora (Tenerife)", "Estado": "A", "OM": "2002-01-14", "Sit_Admin": "Aprobado (O.M. 14/01/2002)", "Tipo_Linea": "Límite DPMT aprobado", "Label": "DL-190-TF (O.M. 14/01/2002)", "ID_SEGMENT": "38070001", "FIGURA": null, "Shape_Leng": 0.0, "VERTICES": "SI" }, "geometry": { "type": "LineString", "coordinates": [ [ -16.8318016, 28.2011345 ], [ -16.8316375, 28.2010509 ], [ -16.8313147, 28.2009673 ], [ -16.8311573, 28.200947 ], [ -16.831015, 28.2010795 ], [ -16.8305684, 28.2010896 ], [ -16.8303111, 28.2011489 ], [ -16.8301959, 28.2010722 ], [ -16.830176, 28.2011718 ], [ -16.8300259, 28.2012117 ], [ -16.8298187, 28.2012299 ], [ -16.8297125, 28.2013439 ], [ -16.829687, 28.2013228 ], [ -16.829481, 28.2015055 ], [ -16.8294311, 28.2015626 ], [ -16.8293197, 28.2016846 ], [ -16.8292174, 28.2016525 ], [ -16.8292521, 28.2015149 ], [ -16.8291878, 28.2012927 ], [ -16.829222, 28.2012596 ], [ -16.8292967, 28.2011219 ], [ -16.8290573, 28.2007782 ], [ -16.8288207, 28.200724 ], [ -16.8288175, 28.2007352 ], [ -16.8287509, 28.2007194 ], [ -16.8285428, 28.200825 ], [ -16.8283729, 28.2007858 ], [ -16.8285086, 28.2006888 ], [ -16.8284642, 28.2006231 ], [ -16.8285308, 28.2005492 ], [ -16.828434, 28.2004635 ], [ -16.8284434, 28.2003068 ], [ -16.8283285, 28.2000988 ], [ -16.8280257, 28.2000152 ], [ -16.8277755, 28.1999847 ], [ -16.8275931, 28.1998521 ], [ -16.8276504, 28.1997973 ], [ -16.8276227, 28.1996825 ], [ -16.8277353, 28.1993959 ], [ -16.8279561, 28.1992295 ], [ -16.8280707, 28.1992422 ], [ -16.8281156, 28.1991988 ], [ -16.8282154, 28.19908 ], [ -16.8283346, 28.1986242 ], [ -16.8282969, 28.1985015 ], [ -16.8278119, 28.1982332 ], [ -16.8276899, 28.1979939 ], [ -16.8276841, 28.1975506 ], [ -16.8275507, 28.1973554 ], [ -16.8276411, 28.1972159 ], [ -16.8275222, 28.1973138 ], [ -16.8269083, 28.1969711 ], [ -16.8266018, 28.1967508 ], [ -16.8264468, 28.196323 ], [ -16.8265123, 28.1959254 ], [ -16.8266461, 28.1957964 ], [ -16.8261885, 28.195482 ], [ -16.8261338, 28.1951512 ], [ -16.8262713, 28.1946681 ], [ -16.8265838, 28.1942934 ], [ -16.8265832, 28.1941703 ], [ -16.8269156, 28.1938819 ], [ -16.827288, 28.1938659 ], [ -16.8273393, 28.1937618 ], [ -16.8270353, 28.1937623 ], [ -16.8266636, 28.1937244 ], [ -16.8265281, 28.1933327 ], [ -16.8267601, 28.1931678 ], [ -16.8265188, 28.1932073 ], [ -16.826391, 28.192953 ], [ -16.8265803, 28.1929066 ], [ -16.826364, 28.1926354 ], [ -16.8261568, 28.1925933 ], [ -16.8257273, 28.1922102 ], [ -16.8251993, 28.191722 ], [ -16.8248614, 28.1914122 ], [ -16.8244491, 28.1911344 ] ] } },
{ "type": "Feature", "properties": { "Layer": "0801DPMT", "IDTRAMO": 38007.0, "Provincia": "Santa Cruz de Tenerife", "Referencia": "DL-191-TF", "TM": "Santa Cruz de Tenerife (Tenerife)", "Estado": "A", "OM": "2008-12-12", "Sit_Admin": "Aprobado (O.M. 12/12/2008)", "Tipo_Linea": "Límite DPMT aprobado", "Label": "DL-191-TF (O.M. 12/12/2008)", "ID_SEGMENT": "38007003", "FIGURA": "Isleta 1", "Shape_Leng": 0.0, "VERTICES": "SI" }, "geometry": { "type": "LineString", "coordinates": [ [ -16.2550663, 28.4556992 ], [ -16.2548241, 28.4554406 ], [ -16.2541552, 28.4558048 ], [ -16.2535486, 28.4561351 ], [ -16.252923, 28.4564757 ], [ -16.2535229, 28.4566705 ], [ -16.2542006, 28.4568906 ], [ -16.2543509, 28.4566905 ], [ -16.2546406, 28.456297 ], [ -16.2550663, 28.4556992 ] ] } },
{ "type": "Feature", "properties": { "Layer": "0801DPMT", "IDTRAMO": 38007.0, "Provincia": "Santa Cruz de Tenerife", "Referencia": "DL-191-TF", "TM": "Santa Cruz de Tenerife (Tenerife)", "Estado": "A", "OM": "2008-12-12", "Sit_Admin": "Aprobado (O.M. 12/12/2008)", "Tipo_Linea": "Límite DPMT aprobado", "Label": "DL-191-TF (O.M. 12/12/2008)", "ID_SEGMENT": "38007005", "FIGURA": "Isleta 2", "Shape_Leng": 0.0, "VERTICES": "SI" }, "geometry": { "type": "LineString", "coordinates": [ [ -16.244987, 28.4774734 ], [ -16.2444604, 28.4778991 ], [ -16.2448798, 28.4782916 ], [ -16.2454389, 28.4778902 ], [ -16.244987, 28.4774734 ] ] } },
{ "type": "Feature", "properties": { "Layer": "0801DPMT", "IDTRAMO": 38007.0, "Provincia": "Santa Cruz de Tenerife", "Referencia": "DL-191-TF", "TM": "Santa Cruz de Tenerife (Tenerife)", "Estado": "A", "OM": "2008-12-12", "Sit_Admin": "Aprobado (O.M. 12/12/2008)", "Tipo_Linea": "Límite DPMT aprobado", "Label": "DL-191-TF (O.M. 12/12/2008)", "ID_SEGMENT": "38007007", "FIGURA": null, "Shape_Leng": 0.0, "VERTICES": "SI" }, "geometry": { "type": "LineString", "coordinates": [ [ -16.2792158, 28.4389647 ], [ -16.2790263, 28.4392713 ], [ -16.2788108, 28.4396083 ], [ -16.278621, 28.4399103 ], [ -16.2783757, 28.4403009 ], [ -16.2782095, 28.4405613 ], [ -16.2780117, 28.4408841 ], [ -16.2778565, 28.4411314 ], [ -16.2776807, 28.4413443 ], [ -16.2775071, 28.4415271 ], [ -16.2772654, 28.4417187 ], [ -16.2770352, 28.4418682 ], [ -16.2767927, 28.4419883 ], [ -16.2765057, 28.442114 ], [ -16.2762525, 28.4422302 ], [ -16.2760947, 28.4420187 ], [ -16.2758642, 28.4418465 ], [ -16.275711, 28.4417922 ], [ -16.2754314, 28.4416931 ], [ -16.2748411, 28.4413196 ], [ -16.2742665, 28.4413978 ], [ -16.2740995, 28.4414104 ], [ -16.2740149, 28.4417331 ], [ -16.274111, 28.4418258 ], [ -16.2741601, 28.442016 ], [ -16.2740663, 28.4422169 ], [ -16.2737621, 28.4428737 ], [ -16.2735361, 28.4430591 ], [ -16.2732869, 28.4433184 ], [ -16.2732054, 28.443453 ], [ -16.2730402, 28.4437375 ], [ -16.2728057, 28.4440991 ], [ -16.2725094, 28.4443107 ], [ -16.2724644, 28.4444106 ], [ -16.2722995, 28.4444999 ], [ -16.2721001, 28.4446186 ], [ -16.2722867, 28.444876 ], [ -16.2717674, 28.4453642 ], [ -16.2713985, 28.44557 ], [ -16.2712708, 28.4457126 ], [ -16.2713121, 28.4458858 ], [ -16.2708337, 28.4465171 ], [ -16.270646, 28.446834 ], [ -16.2701385, 28.4472509 ], [ -16.269495, 28.4474808 ], [ -16.2693715, 28.4475402 ], [ -16.2695628, 28.4478918 ], [ -16.2694069, 28.4480843 ], [ -16.2688453, 28.4483613 ], [ -16.2685681, 28.4485365 ], [ -16.2680181, 28.4490402 ], [ -16.2675335, 28.4494838 ], [ -16.266784, 28.4499051 ], [ -16.2661411, 28.4502664 ], [ -16.2657589, 28.4503494 ], [ -16.265583, 28.4502454 ], [ -16.2653539, 28.4502882 ], [ -16.2649882, 28.4500791 ], [ -16.2648917, 28.4501863 ], [ -16.2646997, 28.4500841 ], [ -16.2644142, 28.4503503 ], [ -16.2640422, 28.4504287 ], [ -16.2638029, 28.4504233 ], [ -16.2634385, 28.4505943 ], [ -16.2633509, 28.4507434 ], [ -16.2627671, 28.4512274 ], [ -16.2624109, 28.4513066 ], [ -16.2616899, 28.4515925 ], [ -16.2616355, 28.4516141 ], [ -16.2616113, 28.4516342 ], [ -16.2611184, 28.4520439 ], [ -16.2608649, 28.4519688 ], [ -16.2607192, 28.4519256 ], [ -16.2603948, 28.4520477 ], [ -16.2603764, 28.4520546 ], [ -16.2603268, 28.4522334 ], [ -16.2599243, 28.4525457 ], [ -16.2593016, 28.4527558 ], [ -16.2589963, 28.4527613 ], [ -16.2582856, 28.4531414 ], [ -16.2576527, 28.4534834 ], [ -16.256957, 28.4538686 ], [ -16.2561234, 28.4537232 ], [ -16.2557768, 28.4538996 ], [ -16.2551844, 28.4540181 ], [ -16.2550182, 28.4541728 ], [ -16.2548698, 28.4542543 ], [ -16.2549003, 28.4542969 ], [ -16.2543666, 28.4546145 ], [ -16.2538479, 28.4549184 ], [ -16.2532247, 28.4552576 ], [ -16.2529577, 28.455183 ], [ -16.2528982, 28.4552155 ], [ -16.2528081, 28.4552646 ], [ -16.2528307, 28.4554195 ], [ -16.2528077, 28.4555365 ], [ -16.2527343, 28.4556425 ], [ -16.2526482, 28.4557229 ], [ -16.2525439, 28.4557797 ], [ -16.2524283, 28.4558148 ], [ -16.2523302, 28.4558157 ], [ -16.2521835, 28.4557957 ], [ -16.2520956, 28.4557565 ], [ -16.252061, 28.4557287 ], [ -16.2520018, 28.4557753 ], [ -16.2519901, 28.4557845 ], [ -16.2516694, 28.4562334 ], [ -16.2513247, 28.4567267 ], [ -16.2517307, 28.4568805 ], [ -16.2515616, 28.4570027 ], [ -16.2509968, 28.4567636 ], [ -16.2508784, 28.4570075 ], [ -16.2507639, 28.4569565 ], [ -16.250331, 28.4576791 ], [ -16.2500429, 28.4582226 ], [ -16.2498977, 28.4585175 ], [ -16.24988, 28.4586369 ], [ -16.2495378, 28.4593183 ], [ -16.249453, 28.4594196 ], [ -16.2492014, 28.4599431 ], [ -16.2488907, 28.4606818 ], [ -16.2487512, 28.4612105 ], [ -16.2486153, 28.4616378 ], [ -16.2482041, 28.4624008 ], [ -16.2477523, 28.4632557 ], [ -16.2477376, 28.4632837 ], [ -16.2476511, 28.4634472 ], [ -16.2474482, 28.4638297 ], [ -16.247353, 28.4639907 ], [ -16.2471547, 28.4643262 ], [ -16.2469414, 28.4649734 ], [ -16.2466838, 28.4653786 ], [ -16.2463683, 28.4660639 ], [ -16.2461744, 28.4664304 ], [ -16.2461389, 28.4672718 ], [ -16.246246, 28.4674495 ], [ -16.246797, 28.4682605 ], [ -16.2470991, 28.4687624 ], [ -16.2471913, 28.4690885 ], [ -16.247199, 28.4695133 ], [ -16.247253, 28.4696667 ], [ -16.247197, 28.4703803 ], [ -16.2471024, 28.4709089 ], [ -16.2470145, 28.4715255 ], [ -16.2469194, 28.4721296 ], [ -16.2467753, 28.4730525 ], [ -16.2466593, 28.4738004 ], [ -16.2465296, 28.4746075 ], [ -16.2463836, 28.4751824 ], [ -16.2461393, 28.4757168 ], [ -16.2457579, 28.4763129 ], [ -16.2455325, 28.4765742 ], [ -16.2452542, 28.4768578 ], [ -16.2449633, 28.477083 ], [ -16.2446443, 28.4773328 ], [ -16.2440144, 28.4778242 ], [ -16.2432409, 28.478434 ], [ -16.2432436, 28.4786871 ], [ -16.2430017, 28.4788185 ], [ -16.2424638, 28.4792361 ], [ -16.2424016, 28.479483 ], [ -16.2426587, 28.4795245 ], [ -16.2429435, 28.4804399 ], [ -16.242492, 28.4805611 ], [ -16.2424593, 28.4806599 ], [ -16.242507, 28.4808923 ], [ -16.2424682, 28.4809117 ], [ -16.2427672, 28.4812125 ], [ -16.243137, 28.4809419 ], [ -16.243285, 28.481092 ], [ -16.2434673, 28.4812605 ], [ -16.2438006, 28.4816311 ], [ -16.2443203, 28.4821995 ], [ -16.2448326, 28.4827615 ], [ -16.2451203, 28.482963 ], [ -16.2454023, 28.4831625 ], [ -16.2449571, 28.4835749 ], [ -16.2446718, 28.4833681 ], [ -16.2440422, 28.4829099 ], [ -16.2435656, 28.4825596 ], [ -16.2435631, 28.4824211 ], [ -16.2433041, 28.4827983 ], [ -16.2428771, 28.482499 ], [ -16.242495, 28.4822264 ], [ -16.2423217, 28.4818831 ], [ -16.2420017, 28.4816356 ], [ -16.242489, 28.4812863 ], [ -16.2423406, 28.4811365 ], [ -16.2423198, 28.4806451 ], [ -16.242258, 28.4805453 ], [ -16.2419101, 28.4803112 ], [ -16.241703, 28.4802034 ], [ -16.2414004, 28.4805917 ], [ -16.2412033, 28.4808466 ], [ -16.2409691, 28.4811553 ], [ -16.2405217, 28.4814376 ], [ -16.2405645, 28.4814992 ], [ -16.2400767, 28.4819662 ], [ -16.2396392, 28.4823814 ], [ -16.2391048, 28.4828779 ], [ -16.2387892, 28.4832514 ], [ -16.2386125, 28.4835192 ], [ -16.2382817, 28.4841038 ], [ -16.2380848, 28.4844185 ], [ -16.2379113, 28.4844579 ], [ -16.2378008, 28.484651 ], [ -16.2374513, 28.4852616 ], [ -16.2373966, 28.4852426 ], [ -16.2372454, 28.485562 ], [ -16.2370891, 28.4858357 ], [ -16.2370131, 28.4859688 ], [ -16.2370303, 28.4861514 ], [ -16.2367543, 28.4863764 ], [ -16.2366857, 28.4864117 ], [ -16.2363224, 28.4865983 ], [ -16.2359074, 28.4867036 ], [ -16.2359114, 28.4868917 ], [ -16.235922, 28.4873891 ], [ -16.2359245, 28.4875057 ], [ -16.2359387, 28.4881773 ], [ -16.2359501, 28.4887101 ], [ -16.2351969, 28.4891185 ], [ -16.2345432, 28.489473 ], [ -16.2340682, 28.4897306 ], [ -16.2336694, 28.4899469 ], [ -16.232731, 28.4897108 ], [ -16.231804, 28.4894776 ], [ -16.2313119, 28.4897983 ], [ -16.2307693, 28.4901438 ], [ -16.2301801, 28.4903552 ], [ -16.2297895, 28.4905103 ], [ -16.2304341, 28.4901843 ], [ -16.2311445, 28.4895912 ], [ -16.2316766, 28.4890599 ], [ -16.2315444, 28.4890607 ], [ -16.2311918, 28.4887002 ], [ -16.2307082, 28.4890691 ], [ -16.2303217, 28.4893784 ], [ -16.2298991, 28.4897216 ], [ -16.230072, 28.4900764 ], [ -16.2300262, 28.490197 ], [ -16.2298279, 28.4900411 ], [ -16.2289288, 28.4903429 ], [ -16.228779, 28.4906017 ], [ -16.2279974, 28.4908392 ], [ -16.2271485, 28.4910982 ], [ -16.2267277, 28.4912288 ], [ -16.2264108, 28.4913272 ], [ -16.2256658, 28.4915584 ], [ -16.2252422, 28.4916925 ], [ -16.2247441, 28.4917404 ], [ -16.2244676, 28.4917317 ], [ -16.2241882, 28.491723 ], [ -16.2229269, 28.4916628 ], [ -16.2223363, 28.4916769 ], [ -16.2209858, 28.4917828 ], [ -16.2205264, 28.4918185 ], [ -16.2202732, 28.4923074 ], [ -16.2192819, 28.4927116 ], [ -16.2192487, 28.4930427 ], [ -16.2191654, 28.4932091 ], [ -16.2190221, 28.4934334 ], [ -16.2187668, 28.493759 ], [ -16.2183067, 28.494232 ], [ -16.2182036, 28.4943136 ], [ -16.217761, 28.4945441 ], [ -16.2168751, 28.4950221 ], [ -16.2165007, 28.494641 ], [ -16.2161589, 28.4948419 ], [ -16.2153215, 28.4950349 ], [ -16.215375, 28.4951678 ], [ -16.2149372, 28.4953566 ], [ -16.2145139, 28.4952179 ], [ -16.2145031, 28.4951287 ], [ -16.2140808, 28.4951486 ], [ -16.2140327, 28.4949247 ], [ -16.2133358, 28.495 ], [ -16.2129307, 28.4950439 ], [ -16.2121509, 28.4951898 ], [ -16.2116476, 28.4953703 ], [ -16.2109749, 28.4956097 ], [ -16.2102035, 28.4960783 ], [ -16.209546, 28.4966054 ], [ -16.2089277, 28.4969839 ], [ -16.2083959, 28.4973151 ], [ -16.2083389, 28.4973469 ], [ -16.2077256, 28.4976896 ], [ -16.2070885, 28.4981193 ], [ -16.2064631, 28.4984907 ], [ -16.2058141, 28.4988898 ], [ -16.2051378, 28.4992876 ], [ -16.2044767, 28.4996174 ], [ -16.2038004, 28.4998809 ], [ -16.2031159, 28.500083 ], [ -16.2023633, 28.5002711 ], [ -16.2016127, 28.5004575 ], [ -16.2008801, 28.500636 ], [ -16.2002694, 28.5007602 ], [ -16.1994907, 28.5009049 ], [ -16.1995016, 28.5009743 ], [ -16.1990031, 28.5010067 ], [ -16.1984094, 28.5009275 ], [ -16.1980514, 28.5008372 ], [ -16.1975883, 28.5006389 ], [ -16.1969732, 28.5003136 ], [ -16.1967233, 28.5001951 ], [ -16.1964985, 28.5001192 ], [ -16.196483, 28.500116 ], [ -16.1958945, 28.4999942 ], [ -16.1954698, 28.5000108 ] ] } },
{ "type": "Feature", "properties": { "Layer": "0801DPMT", "IDTRAMO": 38004.0, "Provincia": "Santa Cruz de Tenerife", "Referencia": "DES01/02/38/0003-DES10/01", "TM": "Santa Cruz de Tenerife (Tenerife)", "Estado": "T", "Sit_Admin": "Provisional o en tramitación", "Tipo_Linea": "Límite DPMT provisional o en tramitación", "Label": "DES01/02/38/0003-DES10/01", "ID_SEGMENT": "38004001", "FIGURA": null, "Shape_Leng": 0.0, "VERTICES": "SI" }, "geometry": { "type": "LineString", "coordinates": [ [ -16.1790863, 28.5097236 ], [ -16.1786992, 28.5097426 ], [ -16.1783812, 28.5099271 ], [ -16.1783036, 28.5099546 ], [ -16.1781245, 28.5101808 ], [ -16.1781491, 28.5103475 ], [ -16.1780206, 28.510404 ], [ -16.1779665, 28.5103801 ], [ -16.1773793, 28.5103301 ], [ -16.177332, 28.5105622 ], [ -16.1773693, 28.5106756 ], [ -16.1775168, 28.5109573 ], [ -16.1776091, 28.5112195 ], [ -16.1775139, 28.5111602 ], [ -16.1775582, 28.5112897 ], [ -16.1773921, 28.5114571 ], [ -16.17732, 28.5113982 ], [ -16.1773408, 28.5114821 ], [ -16.1772602, 28.5116678 ], [ -16.1772957, 28.5119275 ], [ -16.1772711, 28.5121865 ], [ -16.1770291, 28.5124732 ], [ -16.1767891, 28.5126968 ], [ -16.1765318, 28.513054 ], [ -16.1763042, 28.5134029 ], [ -16.1761846, 28.5136422 ], [ -16.1757955, 28.5138685 ], [ -16.1754907, 28.513961 ], [ -16.1752569, 28.5139653 ], [ -16.1751598, 28.5139025 ], [ -16.1750379, 28.5138717 ], [ -16.1746381, 28.513933 ], [ -16.1742847, 28.5141018 ], [ -16.1740496, 28.5147731 ], [ -16.174035, 28.5149934 ], [ -16.1735582, 28.5152335 ], [ -16.1733669, 28.5153718 ], [ -16.1732389, 28.5154355 ], [ -16.173083, 28.5155716 ], [ -16.1729585, 28.5156234 ], [ -16.172905, 28.5156746 ], [ -16.1726065, 28.5157928 ], [ -16.1721558, 28.5158145 ], [ -16.1721155, 28.5158343 ], [ -16.1717708, 28.5158268 ], [ -16.1715775, 28.5159881 ], [ -16.1714759, 28.5160594 ], [ -16.1711775, 28.5163565 ], [ -16.1705893, 28.5165056 ], [ -16.1702874, 28.5166119 ], [ -16.1700153, 28.5167617 ], [ -16.1696656, 28.5167474 ], [ -16.1694634, 28.5168778 ], [ -16.1692634, 28.5171315 ], [ -16.1689985, 28.5173299 ], [ -16.1687199, 28.5176535 ], [ -16.1683694, 28.517923 ], [ -16.1681183, 28.5180316 ], [ -16.1680625, 28.5181353 ], [ -16.1680078, 28.5182049 ], [ -16.1675872, 28.5184281 ], [ -16.1674415, 28.5185005 ], [ -16.1672772, 28.518531 ], [ -16.1671134, 28.5186562 ], [ -16.1669452, 28.5186995 ] ] } },
{ "type": "Feature", "properties": { "Layer": "0801DPMT", "IDTRAMO": 38003.0, "Provincia": "Santa Cruz de Tenerife", "Referencia": "DL-195-TF", "TM": "Santa Cruz de Tenerife (Tenerife)", "Estado": "A", "OM": "2010-05-07", "Sit_Admin": "Aprobado (O.M. 07/05/2010)", "Tipo_Linea": "Límite DPMT aprobado", "Label": "DL-195-TF (O.M. 07/05/2010)", "ID_SEGMENT": "38003001", "FIGURA": null, "Shape_Leng": 0.0, "VERTICES": "SI" }, "geometry": { "type": "LineString", "coordinates": [ [ -16.1669452, 28.5186995 ], [ -16.1665682, 28.5188433 ], [ -16.1663805, 28.5187863 ], [ -16.1659043, 28.5187004 ], [ -16.165308, 28.5185994 ], [ -16.1650405, 28.51873 ], [ -16.1649709, 28.5187778 ], [ -16.1650971, 28.5191669 ], [ -16.1649402, 28.5191358 ], [ -16.1646976, 28.5193814 ], [ -16.1641002, 28.5196244 ], [ -16.1638894, 28.5197684 ], [ -16.1632474, 28.5198984 ], [ -16.1626804, 28.5198825 ], [ -16.1622656, 28.5201352 ], [ -16.1616782, 28.5198108 ], [ -16.1610342, 28.5202181 ], [ -16.160357, 28.5206681 ], [ -16.1600348, 28.5211286 ], [ -16.1591677, 28.5216076 ], [ -16.1586128, 28.5220061 ], [ -16.1583636, 28.5221111 ], [ -16.157809, 28.522277 ], [ -16.15706, 28.5225887 ], [ -16.1563742, 28.522891 ], [ -16.156061, 28.5229343 ], [ -16.1553576, 28.5228912 ], [ -16.1544936, 28.5227571 ], [ -16.1539239, 28.5226115 ], [ -16.1532831, 28.5227631 ], [ -16.1524759, 28.5231918 ], [ -16.1525263, 28.523265 ], [ -16.1523845, 28.523342 ], [ -16.1522757, 28.5232703 ], [ -16.151974, 28.5233583 ], [ -16.1517237, 28.5233923 ], [ -16.1516193, 28.5233723 ], [ -16.1504291, 28.5233502 ], [ -16.1495417, 28.5233493 ], [ -16.1488509, 28.5240184 ], [ -16.1481583, 28.5244745 ], [ -16.147258, 28.5242895 ], [ -16.1467476, 28.5238256 ], [ -16.1464284, 28.5230925 ], [ -16.1461165, 28.5224498 ], [ -16.1450995, 28.5222513 ], [ -16.1441248, 28.5220592 ], [ -16.145, 28.5228205 ], [ -16.1451722, 28.523278 ], [ -16.1452969, 28.5232373 ], [ -16.1455751, 28.5232441 ], [ -16.1455823, 28.5234357 ], [ -16.1452952, 28.5234209 ], [ -16.1452042, 28.5233512 ], [ -16.145208, 28.5237022 ], [ -16.1451463, 28.5238939 ], [ -16.1449865, 28.524439 ], [ -16.1451369, 28.5248808 ], [ -16.1453639, 28.5255718 ], [ -16.1447376, 28.5259982 ], [ -16.1443109, 28.5264867 ], [ -16.143433, 28.5266123 ], [ -16.1431208, 28.5268826 ], [ -16.1426483, 28.5265893 ], [ -16.1420747, 28.5269216 ], [ -16.1417318, 28.527504 ], [ -16.1415119, 28.527654 ], [ -16.1411253, 28.5279264 ], [ -16.1413178, 28.5286566 ], [ -16.1418615, 28.5292021 ], [ -16.1408831, 28.5295585 ], [ -16.1412015, 28.5300802 ], [ -16.1409207, 28.5306452 ], [ -16.1407163, 28.5310571 ], [ -16.1407072, 28.5317303 ], [ -16.1399821, 28.5317051 ], [ -16.1392837, 28.5316788 ], [ -16.138896, 28.5318732 ], [ -16.1386144, 28.531975 ], [ -16.1385353, 28.5320863 ], [ -16.1385628, 28.5323767 ], [ -16.1383561, 28.5332188 ], [ -16.1378597, 28.533775 ], [ -16.1370792, 28.5337749 ], [ -16.1366798, 28.5343476 ], [ -16.1363563, 28.5343123 ], [ -16.1356658, 28.5348427 ], [ -16.1345868, 28.5343846 ] ] } },
{ "type": "Feature", "properties": { "Layer": "0801DPMT", "IDTRAMO": 38001.0, "Provincia": "Santa Cruz de Tenerife", "Referencia": "DL-196-TF", "TM": "Santa Cruz de Tenerife (Tenerife)", "Estado": "A", "OM": "2006-09-22", "Sit_Admin": "Aprobado (O.M. 22/09/2006)", "Tipo_Linea": "Límite DPMT aprobado", "Label": "DL-196-TF (O.M. 22/09/2006)", "ID_SEGMENT": "38001001", "FIGURA": null, "Shape_Leng": 0.0, "VERTICES": "SI" }, "geometry": { "type": "LineString", "coordinates": [ [ -16.274189, 28.5716425 ], [ -16.2743119, 28.5721123 ], [ -16.2741401, 28.572291 ], [ -16.2744738, 28.5725047 ], [ -16.2746582, 28.5727669 ], [ -16.2744801, 28.5730045 ], [ -16.2743881, 28.5732388 ], [ -16.2739747, 28.5734904 ], [ -16.2738415, 28.5736994 ], [ -16.2731229, 28.5736697 ], [ -16.2725781, 28.5739607 ], [ -16.272394, 28.5744241 ], [ -16.2721072, 28.5750425 ], [ -16.2718531, 28.5757094 ], [ -16.2719461, 28.5761537 ], [ -16.2725107, 28.5764845 ], [ -16.2730952, 28.5769291 ], [ -16.2733755, 28.5773807 ], [ -16.2729031, 28.5774251 ], [ -16.2725, 28.5776743 ], [ -16.2717798, 28.5772854 ], [ -16.2715376, 28.5770141 ], [ -16.2707953, 28.5766239 ], [ -16.270807, 28.5764184 ], [ -16.2706109, 28.5760914 ], [ -16.2701437, 28.5753752 ], [ -16.2696711, 28.5750853 ], [ -16.2693436, 28.5750335 ], [ -16.2687842, 28.5749114 ], [ -16.2683957, 28.5743037 ], [ -16.2682123, 28.5744079 ], [ -16.2679371, 28.5740609 ], [ -16.2675639, 28.5739127 ], [ -16.2672155, 28.5739221 ], [ -16.2668026, 28.5736627 ], [ -16.2662142, 28.5735964 ], [ -16.265861, 28.5736427 ], [ -16.2656275, 28.5738569 ], [ -16.264741, 28.5737334 ], [ -16.2649035, 28.5733617 ], [ -16.2645625, 28.5730087 ], [ -16.2641647, 28.5730395 ], [ -16.2640392, 28.5728199 ], [ -16.263734, 28.5727878 ], [ -16.2635175, 28.5728084 ], [ -16.2626653, 28.5730713 ], [ -16.2623021, 28.5732924 ], [ -16.261715, 28.5731605 ], [ -16.261317, 28.5728382 ], [ -16.261009, 28.5721949 ], [ -16.2604904, 28.5719797 ], [ -16.2596717, 28.5715938 ], [ -16.2596762, 28.5714967 ], [ -16.2593716, 28.5711696 ], [ -16.2590035, 28.5710539 ], [ -16.2585405, 28.5707359 ], [ -16.2588053, 28.5703112 ], [ -16.2585566, 28.5702374 ], [ -16.2581229, 28.5702152 ], [ -16.2584993, 28.5700694 ], [ -16.2582927, 28.5697986 ], [ -16.257973, 28.5696468 ], [ -16.2574558, 28.5696377 ], [ -16.2572343, 28.5692857 ], [ -16.2568007, 28.5691534 ], [ -16.2564506, 28.5692423 ], [ -16.2560625, 28.5694632 ], [ -16.2554465, 28.5698006 ], [ -16.2556682, 28.5699419 ], [ -16.2552773, 28.5704366 ], [ -16.254913, 28.5704955 ], [ -16.2543896, 28.5698514 ], [ -16.2539905, 28.5697156 ], [ -16.2533853, 28.5699611 ], [ -16.2528741, 28.5700585 ], [ -16.2524988, 28.5698506 ], [ -16.252361, 28.5704642 ], [ -16.2520123, 28.5707189 ], [ -16.2514731, 28.5712041 ], [ -16.2507335, 28.5710325 ], [ -16.2500901, 28.5708826 ], [ -16.2496771, 28.5710034 ], [ -16.2495015, 28.5707309 ], [ -16.2487451, 28.5706119 ], [ -16.2482375, 28.5703839 ], [ -16.2479791, 28.5704053 ], [ -16.2473706, 28.570643 ], [ -16.2465688, 28.5705703 ], [ -16.2460397, 28.5705246 ], [ -16.24561, 28.5706538 ], [ -16.245035, 28.5710854 ], [ -16.2445065, 28.571146 ], [ -16.2443397, 28.5712997 ], [ -16.2442268, 28.5715139 ], [ -16.2434293, 28.5715227 ], [ -16.2434434, 28.5713581 ], [ -16.2431238, 28.5709702 ], [ -16.2423646, 28.5705444 ], [ -16.242022, 28.5706052 ], [ -16.2416894, 28.5702102 ], [ -16.2412315, 28.5699927 ], [ -16.2406967, 28.5695978 ], [ -16.2397741, 28.5693565 ], [ -16.2391303, 28.5688567 ], [ -16.2387342, 28.5690116 ], [ -16.2384481, 28.5688051 ], [ -16.2375288, 28.568457 ], [ -16.2368714, 28.5681818 ], [ -16.2360115, 28.5678594 ], [ -16.2354959, 28.5675586 ], [ -16.2346631, 28.5673122 ], [ -16.2340226, 28.5666181 ], [ -16.2334115, 28.5664533 ], [ -16.2328204, 28.5662962 ], [ -16.2325362, 28.5665989 ], [ -16.2319116, 28.5662639 ], [ -16.2313487, 28.5661263 ], [ -16.2309573, 28.5661954 ], [ -16.2300697, 28.5661213 ], [ -16.2293973, 28.5658789 ], [ -16.2282313, 28.5656596 ], [ -16.2273539, 28.5657626 ], [ -16.2268398, 28.5658688 ], [ -16.2264439, 28.5657172 ], [ -16.2255959, 28.5653087 ], [ -16.225033, 28.5653597 ], [ -16.2248965, 28.5651185 ], [ -16.2243274, 28.5654392 ], [ -16.2239784, 28.565297 ], [ -16.2232997, 28.5652408 ], [ -16.2225357, 28.5653365 ], [ -16.2220018, 28.565759 ], [ -16.2217198, 28.5663688 ], [ -16.2215055, 28.5664958 ], [ -16.2211553, 28.5666457 ], [ -16.2206784, 28.5667617 ], [ -16.2202471, 28.5668032 ], [ -16.2196776, 28.5668944 ], [ -16.2194254, 28.5669847 ], [ -16.2186799, 28.5672551 ], [ -16.2178536, 28.5673852 ], [ -16.2173156, 28.5676514 ], [ -16.2168979, 28.5677863 ], [ -16.2164757, 28.5676332 ], [ -16.2159762, 28.5675272 ], [ -16.2155454, 28.5673956 ], [ -16.2151758, 28.5675491 ], [ -16.2146993, 28.5675078 ], [ -16.2141124, 28.5676355 ], [ -16.2134863, 28.5677702 ], [ -16.2130557, 28.5678854 ], [ -16.2123215, 28.567981 ], [ -16.2116417, 28.5682077 ], [ -16.2110703, 28.5685551 ], [ -16.2103499, 28.5686827 ], [ -16.2095584, 28.5686754 ], [ -16.2091887, 28.5687425 ], [ -16.2085554, 28.5686488 ], [ -16.2078834, 28.5685032 ], [ -16.2070904, 28.5682977 ], [ -16.2063816, 28.5682745 ], [ -16.2058095, 28.5684128 ], [ -16.2051972, 28.5687722 ], [ -16.204478, 28.5694018 ], [ -16.2043259, 28.5695933 ], [ -16.2041604, 28.5697617 ], [ -16.2040779, 28.5699937 ], [ -16.2040833, 28.5702524 ], [ -16.204036, 28.5704095 ], [ -16.203987, 28.57048 ], [ -16.203888, 28.5706322 ], [ -16.2034592, 28.5710193 ], [ -16.203078, 28.5711554 ], [ -16.2023475, 28.5712723 ], [ -16.2021597, 28.5713468 ], [ -16.2015411, 28.5717039 ], [ -16.2007854, 28.5720303 ], [ -16.2001619, 28.5722386 ], [ -16.1999177, 28.5724118 ], [ -16.1995096, 28.5720427 ], [ -16.1991937, 28.571938 ], [ -16.1987229, 28.5718726 ], [ -16.1982947, 28.5719172 ], [ -16.1981217, 28.5723947 ], [ -16.1980132, 28.572611 ], [ -16.1971684, 28.572638 ], [ -16.1970581, 28.5725276 ], [ -16.1968267, 28.5724963 ], [ -16.1960376, 28.5723592 ], [ -16.1955698, 28.5722604 ], [ -16.1949858, 28.5721021 ], [ -16.1950622, 28.5718509 ], [ -16.1948883, 28.5718524 ], [ -16.1947737, 28.5720403 ], [ -16.1943752, 28.5719138 ], [ -16.1937335, 28.5717195 ], [ -16.1932774, 28.5716972 ], [ -16.1928133, 28.5717978 ], [ -16.1921633, 28.5720547 ], [ -16.1917782, 28.5724367 ], [ -16.191353, 28.5726648 ], [ -16.1911399, 28.5728584 ], [ -16.1910141, 28.5732495 ], [ -16.1909088, 28.5738429 ], [ -16.1906796, 28.5743554 ], [ -16.190559, 28.5745011 ], [ -16.1902546, 28.574829 ], [ -16.1899409, 28.574817 ], [ -16.1898962, 28.5750132 ], [ -16.189299, 28.575009 ], [ -16.1886952, 28.5751053 ], [ -16.1882625, 28.5752363 ], [ -16.1875567, 28.5750791 ], [ -16.186865, 28.5752349 ], [ -16.1862397, 28.5753485 ], [ -16.1856529, 28.5754479 ], [ -16.1850636, 28.5756983 ], [ -16.1843435, 28.5759191 ], [ -16.1841486, 28.5761627 ], [ -16.1837839, 28.5766177 ], [ -16.1832428, 28.5766206 ], [ -16.1834994, 28.5769472 ], [ -16.1828523, 28.5772082 ], [ -16.1821157, 28.5776189 ], [ -16.181433, 28.5777932 ], [ -16.1808601, 28.5780349 ], [ -16.1802606, 28.5786373 ], [ -16.1800994, 28.578703 ], [ -16.1801141, 28.5788862 ], [ -16.1798269, 28.5793423 ], [ -16.1797936, 28.5794625 ], [ -16.1794179, 28.5794374 ], [ -16.1796494, 28.5796033 ], [ -16.1796752, 28.5801403 ], [ -16.1789101, 28.5801199 ], [ -16.1792075, 28.5804411 ], [ -16.1784597, 28.5808558 ], [ -16.1783592, 28.5808395 ], [ -16.1782918, 28.5809999 ], [ -16.1781206, 28.5809883 ], [ -16.1779735, 28.581204 ], [ -16.1777506, 28.5812434 ] ] } },
{ "type": "Feature", "properties": { "Layer": "0801DPMT", "IDTRAMO": 38078.0, "Provincia": "Santa Cruz de Tenerife", "Referencia": "DL-199-TF", "TM": "Garachico (Tenerife)", "Estado": "A", "OM": "2005-12-20", "Sit_Admin": "Aprobado (O.M. 20/12/2005)", "Tipo_Linea": "Límite DPMT aprobado", "Label": "DL-199-TF (O.M. 20/12/2005)", "ID_SEGMENT": "38078001", "FIGURA": null, "Shape_Leng": 0.0, "VERTICES": "SI" }, "geometry": { "type": "LineString", "coordinates": [ [ -16.7388586, 28.3792133 ], [ -16.7398875, 28.3790744 ], [ -16.7399942, 28.3785239 ], [ -16.7400023, 28.3782279 ], [ -16.7405638, 28.3779617 ], [ -16.7408371, 28.3778951 ], [ -16.7411491, 28.3779601 ], [ -16.7413343, 28.3780458 ], [ -16.7416219, 28.3781103 ], [ -16.7419503, 28.3781677 ], [ -16.742366, 28.3779997 ], [ -16.7425224, 28.3781936 ], [ -16.7430792, 28.3776997 ], [ -16.7431379, 28.3774904 ], [ -16.7432637, 28.3771304 ], [ -16.7432571, 28.3769349 ], [ -16.7431373, 28.3767518 ], [ -16.7429409, 28.376582 ], [ -16.7429094, 28.3763065 ], [ -16.742933, 28.376237 ], [ -16.7429211, 28.3760989 ], [ -16.7428243, 28.3760329 ], [ -16.7426056, 28.3759906 ], [ -16.7424566, 28.3758872 ], [ -16.742798, 28.3757633 ], [ -16.7430645, 28.3756819 ], [ -16.743391, 28.3755114 ], [ -16.7436048, 28.3756463 ], [ -16.7438166, 28.3758422 ], [ -16.7440181, 28.3756615 ], [ -16.7445208, 28.3758699 ], [ -16.7445643, 28.3755771 ], [ -16.7450162, 28.3754111 ], [ -16.7450066, 28.375318 ], [ -16.7451746, 28.3748054 ], [ -16.7452717, 28.3742709 ], [ -16.7456566, 28.374151 ], [ -16.7456773, 28.3737705 ], [ -16.7461146, 28.373356 ], [ -16.7467576, 28.3727612 ], [ -16.7473437, 28.3724923 ], [ -16.7476917, 28.3724783 ], [ -16.7480225, 28.3724155 ], [ -16.7486651, 28.3717102 ], [ -16.749314, 28.3710251 ], [ -16.749869, 28.3707393 ], [ -16.7502029, 28.3706171 ], [ -16.7508472, 28.3705764 ], [ -16.7518214, 28.3705067 ], [ -16.7524398, 28.3706203 ], [ -16.7530178, 28.3707375 ], [ -16.7536934, 28.3711362 ], [ -16.7536209, 28.3714895 ], [ -16.7538557, 28.3718242 ], [ -16.7541118, 28.3714254 ], [ -16.7543836, 28.3714596 ], [ -16.7549252, 28.3717195 ], [ -16.7552691, 28.3720897 ], [ -16.7558896, 28.3727487 ], [ -16.7562775, 28.3730721 ], [ -16.7565383, 28.3734666 ], [ -16.756732, 28.3737096 ], [ -16.7570831, 28.3741587 ], [ -16.7571804, 28.3742352 ], [ -16.7577002, 28.374379 ], [ -16.7580015, 28.3743115 ], [ -16.758335, 28.3742081 ], [ -16.758924, 28.3742377 ], [ -16.7595899, 28.3741065 ], [ -16.7599799, 28.3740253 ], [ -16.7600283, 28.3739683 ], [ -16.7603552, 28.3739112 ], [ -16.7605495, 28.3739365 ], [ -16.7607012, 28.3738961 ], [ -16.7608177, 28.3739103 ], [ -16.7610194, 28.3739698 ], [ -16.7612241, 28.3741054 ], [ -16.7611887, 28.3741899 ], [ -16.7612508, 28.3742757 ], [ -16.7614142, 28.374363 ], [ -16.7615001, 28.3745495 ], [ -16.7617247, 28.3746341 ], [ -16.7619092, 28.3746994 ], [ -16.7621089, 28.3748238 ], [ -16.762267, 28.3749579 ], [ -16.7625786, 28.3751465 ], [ -16.7626289, 28.3752533 ], [ -16.7631889, 28.3752933 ], [ -16.7634444, 28.3753541 ], [ -16.7643688, 28.3752461 ], [ -16.7645934, 28.3751777 ], [ -16.7648306, 28.3750939 ], [ -16.765326, 28.3746713 ], [ -16.7655826, 28.3745294 ], [ -16.7655395, 28.3742503 ], [ -16.7660607, 28.3736059 ], [ -16.7660758, 28.3733693 ], [ -16.766168, 28.3732457 ], [ -16.7661468, 28.3731138 ], [ -16.7660781, 28.3726474 ], [ -16.7662777, 28.3724898 ], [ -16.7664876, 28.3724123 ], [ -16.7669144, 28.3726742 ], [ -16.767473, 28.3725175 ], [ -16.7674761, 28.3723477 ], [ -16.7674604, 28.3720415 ], [ -16.7676303, 28.371988 ], [ -16.7679791, 28.3720783 ], [ -16.768045, 28.3721592 ], [ -16.7680392, 28.3725928 ], [ -16.7681328, 28.3726072 ], [ -16.7683238, 28.3721366 ], [ -16.768279, 28.3717407 ], [ -16.7679663, 28.3713333 ], [ -16.7678661, 28.3712689 ], [ -16.7676299, 28.3710201 ], [ -16.7676864, 28.3708478 ], [ -16.7677114, 28.3707591 ], [ -16.7677823, 28.3706753 ], [ -16.7678888, 28.3706278 ], [ -16.7680467, 28.3706004 ], [ -16.7681527, 28.3706065 ], [ -16.7682315, 28.3706181 ], [ -16.7684209, 28.3707927 ], [ -16.7686911, 28.370863 ], [ -16.7695354, 28.3708671 ], [ -16.7697097, 28.3710394 ], [ -16.7703452, 28.3711945 ], [ -16.7701392, 28.3715923 ], [ -16.7698021, 28.3721364 ], [ -16.769604, 28.3722791 ], [ -16.769532, 28.3725304 ], [ -16.7696581, 28.3725223 ], [ -16.7697193, 28.3723017 ], [ -16.7699311, 28.3723966 ], [ -16.7700485, 28.372515 ], [ -16.7700826, 28.3728789 ], [ -16.7701492, 28.3728742 ], [ -16.7702369, 28.372575 ], [ -16.7703476, 28.3724472 ], [ -16.7706448, 28.3725409 ], [ -16.7710828, 28.3726307 ], [ -16.7714589, 28.3731114 ], [ -16.771637, 28.3733491 ], [ -16.7717806, 28.3734556 ], [ -16.7719652, 28.373795 ], [ -16.7721909, 28.3738841 ], [ -16.7728783, 28.3740469 ], [ -16.7730666, 28.3739837 ], [ -16.7734533, 28.374079 ], [ -16.7738228, 28.3743133 ], [ -16.774337, 28.3741331 ], [ -16.7746942, 28.3741627 ], [ -16.7748743, 28.374095 ], [ -16.7753975, 28.3740532 ], [ -16.7759981, 28.3739734 ], [ -16.776148, 28.3739867 ], [ -16.7763478, 28.3737781 ], [ -16.7763905, 28.3736223 ], [ -16.7766099, 28.3736204 ], [ -16.7766807, 28.3735174 ], [ -16.776805, 28.3735629 ], [ -16.777136, 28.373828 ], [ -16.7779458, 28.3738189 ], [ -16.7785424, 28.3736877 ], [ -16.7788219, 28.373419 ], [ -16.7788478, 28.3730443 ], [ -16.7790087, 28.3728261 ], [ -16.7795632, 28.3728441 ], [ -16.7799082, 28.3733999 ], [ -16.7801811, 28.3732456 ], [ -16.7807722, 28.3731136 ], [ -16.7809698, 28.3729709 ], [ -16.781195, 28.3736304 ], [ -16.7810513, 28.3738718 ], [ -16.7813512, 28.3744242 ], [ -16.7819972, 28.3745834 ], [ -16.7823412, 28.3746585 ], [ -16.7825228, 28.3745004 ], [ -16.7829201, 28.3745387 ], [ -16.7833138, 28.3742573 ], [ -16.783419, 28.3743289 ], [ -16.7837274, 28.3743645 ], [ -16.7840891, 28.3744654 ], [ -16.7843701, 28.3746028 ], [ -16.7847623, 28.3746262 ], [ -16.7852071, 28.3745709 ], [ -16.7856602, 28.3745487 ], [ -16.7856177, 28.3750325 ], [ -16.7864369, 28.3752761 ], [ -16.7874017, 28.3752459 ], [ -16.7879891, 28.375188 ], [ -16.7885185, 28.3750828 ], [ -16.788965, 28.3749284 ], [ -16.7892977, 28.3748592 ], [ -16.7896754, 28.374706 ], [ -16.7900665, 28.3742586 ], [ -16.7900094, 28.3741387 ], [ -16.7904284, 28.3736758 ], [ -16.7906967, 28.37348 ], [ -16.7910561, 28.373257 ], [ -16.79149, 28.3730398 ], [ -16.7916929, 28.3729913 ], [ -16.7919361, 28.3729997 ], [ -16.7926909, 28.3731169 ], [ -16.7927489, 28.3733224 ], [ -16.7929332, 28.3738417 ], [ -16.7930183, 28.3739465 ], [ -16.7931398, 28.3741177 ], [ -16.7932241, 28.3743793 ], [ -16.793269, 28.3744732 ], [ -16.7933441, 28.3745727 ], [ -16.7935034, 28.3747066 ], [ -16.7937432, 28.3746483 ] ] } },
{ "type": "Feature", "properties": { "Layer": "0801DPMT", "IDTRAMO": 38077.0, "Provincia": "Santa Cruz de Tenerife", "Referencia": "DL-200-TF", "TM": "Los Silos (Tenerife)", "Estado": "A", "OM": "2005-07-11", "Sit_Admin": "Aprobado (O.M. 11/07/2005)", "Tipo_Linea": "Límite DPMT aprobado", "Label": "DL-200-TF (O.M. 11/07/2005)", "ID_SEGMENT": "38077001", "FIGURA": null, "Shape_Leng": 0.0, "VERTICES": "SI" }, "geometry": { "type": "LineString", "coordinates": [ [ -16.7937432, 28.3746483 ], [ -16.794012, 28.3753763 ], [ -16.7943732, 28.3755687 ], [ -16.7944999, 28.3758099 ], [ -16.7946734, 28.3760508 ], [ -16.7949145, 28.3762388 ], [ -16.7952269, 28.3763948 ], [ -16.7957334, 28.3763546 ], [ -16.7962438, 28.3763838 ], [ -16.7964125, 28.3764154 ], [ -16.7966741, 28.3765192 ], [ -16.7970495, 28.3767263 ], [ -16.797233, 28.3767705 ], [ -16.7974858, 28.3767385 ], [ -16.7977953, 28.3768969 ], [ -16.7985767, 28.3769702 ], [ -16.7988645, 28.3771129 ], [ -16.7994038, 28.3769288 ], [ -16.7998936, 28.37666 ], [ -16.80071, 28.3765409 ], [ -16.8013422, 28.376464 ], [ -16.8020139, 28.3763899 ], [ -16.8023463, 28.3763448 ], [ -16.8026777, 28.3763821 ], [ -16.8034946, 28.3767484 ], [ -16.8036419, 28.3769178 ], [ -16.8039409, 28.3775007 ], [ -16.804298, 28.3780746 ], [ -16.8045597, 28.3783226 ], [ -16.8049416, 28.3783583 ], [ -16.8053964, 28.3781996 ], [ -16.8055106, 28.3780833 ], [ -16.8056908, 28.3775896 ], [ -16.8057903, 28.3772625 ], [ -16.8062387, 28.3768106 ], [ -16.8063589, 28.376632 ], [ -16.8063405, 28.3763966 ], [ -16.8064879, 28.3760897 ], [ -16.8067232, 28.3760231 ], [ -16.8069186, 28.3760857 ], [ -16.8069769, 28.3760572 ], [ -16.8070737, 28.3759022 ], [ -16.8072628, 28.3758367 ], [ -16.8074376, 28.3758303 ], [ -16.8077102, 28.3758107 ], [ -16.8079813, 28.3757997 ], [ -16.8081745, 28.3758062 ], [ -16.8083238, 28.3758385 ], [ -16.808451, 28.3758634 ], [ -16.8088442, 28.3759784 ], [ -16.8095167, 28.3763519 ], [ -16.8097975, 28.3764262 ], [ -16.8099172, 28.3764895 ], [ -16.8101911, 28.3769664 ], [ -16.8102157, 28.3770687 ], [ -16.8101828, 28.3773779 ], [ -16.8102488, 28.3776243 ], [ -16.8111345, 28.3773979 ], [ -16.8113626, 28.3774665 ], [ -16.8120905, 28.3776733 ], [ -16.8121799, 28.3777625 ], [ -16.8125129, 28.3782041 ], [ -16.8126896, 28.3782383 ], [ -16.8127979, 28.3784755 ], [ -16.8130746, 28.3784567 ], [ -16.8131657, 28.378522 ], [ -16.8129364, 28.3787588 ], [ -16.8130357, 28.3788892 ], [ -16.8135187, 28.3792266 ], [ -16.8140106, 28.3795737 ], [ -16.8141409, 28.3795073 ], [ -16.8144872, 28.3794978 ], [ -16.8149139, 28.3795783 ], [ -16.8150976, 28.3797475 ], [ -16.8151447, 28.379912 ], [ -16.8151336, 28.3801513 ], [ -16.8150871, 28.3803275 ], [ -16.8150278, 28.3804528 ], [ -16.8149237, 28.3805673 ], [ -16.8147317, 28.3806101 ], [ -16.8146368, 28.3806996 ], [ -16.8147075, 28.3811768 ], [ -16.8150715, 28.3815964 ], [ -16.8154522, 28.3816325 ], [ -16.8157002, 28.3817085 ], [ -16.816242, 28.3816823 ], [ -16.8166629, 28.3814082 ], [ -16.8171155, 28.3815176 ], [ -16.8174402, 28.3817195 ], [ -16.8177394, 28.3822589 ], [ -16.8176483, 28.382329 ], [ -16.8174709, 28.3823893 ], [ -16.8174041, 28.3826452 ], [ -16.8174793, 28.3828041 ], [ -16.8177297, 28.3830032 ], [ -16.8176443, 28.3831242 ], [ -16.8177866, 28.3832397 ], [ -16.8182679, 28.3832249 ], [ -16.8185507, 28.3834474 ], [ -16.818614, 28.3836183 ], [ -16.8189839, 28.3839037 ], [ -16.8192038, 28.3841871 ], [ -16.8199223, 28.3842154 ], [ -16.8207669, 28.3842747 ], [ -16.8212268, 28.3844371 ], [ -16.8213313, 28.3845931 ], [ -16.8212859, 28.3849924 ], [ -16.8214224, 28.3850941 ], [ -16.8215141, 28.3854929 ], [ -16.8215674, 28.3858911 ], [ -16.8220597, 28.3861916 ], [ -16.8224096, 28.3865959 ], [ -16.8229461, 28.386932 ], [ -16.823251, 28.3873109 ], [ -16.8234688, 28.3874111 ], [ -16.824179, 28.3870181 ], [ -16.824454, 28.3864782 ], [ -16.8248863, 28.3865774 ], [ -16.8255637, 28.3867881 ], [ -16.8259017, 28.3871355 ], [ -16.8259768, 28.3877943 ], [ -16.8259695, 28.388483 ], [ -16.8259618, 28.3892606 ], [ -16.8260338, 28.3896121 ], [ -16.8259614, 28.3901835 ], [ -16.8260813, 28.3906129 ], [ -16.8260583, 28.39138 ], [ -16.8263565, 28.3919704 ], [ -16.8261354, 28.3920672 ], [ -16.8265199, 28.3923841 ], [ -16.8266389, 28.3923447 ], [ -16.827184, 28.3918593 ], [ -16.8272623, 28.3918414 ], [ -16.8277275, 28.3921469 ], [ -16.8279288, 28.3923714 ], [ -16.8282987, 28.3929803 ], [ -16.8290325, 28.3927921 ], [ -16.8291124, 28.3921651 ], [ -16.8292907, 28.3919098 ], [ -16.8294788, 28.3918037 ], [ -16.8298684, 28.3919497 ], [ -16.8302379, 28.3919847 ] ] } },
{ "type": "Feature", "properties": { "Layer": "0801DPMT", "IDTRAMO": 38076.0, "Provincia": "Santa Cruz de Tenerife", "Referencia": "DL-201-TF", "TM": "Buenavista del Norte (Tenerife)", "Estado": "A", "OM": "2005-12-30", "Sit_Admin": "Aprobado (O.M. 30/12/2005)", "Tipo_Linea": "Límite DPMT aprobado", "Label": "DL-201-TF (O.M. 30/12/2005)", "ID_SEGMENT": "38076001", "FIGURA": null, "Shape_Leng": 0.0, "VERTICES": "SI" }, "geometry": { "type": "LineString", "coordinates": [ [ -16.8302379, 28.3919847 ], [ -16.8308423, 28.3920849 ], [ -16.831287, 28.3924201 ], [ -16.8318812, 28.3925398 ], [ -16.8321133, 28.3926508 ], [ -16.8321373, 28.3925856 ], [ -16.832562, 28.3924036 ], [ -16.8324099, 28.3923272 ], [ -16.8323167, 28.3922757 ], [ -16.8323128, 28.3922138 ], [ -16.8323917, 28.392171 ], [ -16.8325648, 28.3921881 ], [ -16.8328426, 28.3923419 ], [ -16.8333475, 28.3923091 ], [ -16.8333581, 28.3921969 ], [ -16.83344, 28.392156 ], [ -16.833883, 28.3920511 ], [ -16.8342266, 28.3919557 ], [ -16.8345501, 28.3918366 ], [ -16.8352288, 28.3917432 ], [ -16.8353525, 28.3916424 ], [ -16.8356683, 28.3915716 ], [ -16.8360591, 28.3915526 ], [ -16.8361304, 28.3912809 ], [ -16.836248, 28.3911943 ], [ -16.8364, 28.3910736 ], [ -16.8366082, 28.3909654 ], [ -16.8369345, 28.3910393 ], [ -16.8371522, 28.3909562 ], [ -16.8373536, 28.3912135 ], [ -16.8374644, 28.3911882 ], [ -16.8375512, 28.3910648 ], [ -16.8373805, 28.3907431 ], [ -16.8374317, 28.3905807 ], [ -16.8378526, 28.3901569 ], [ -16.8380934, 28.3900112 ], [ -16.8383455, 28.3900659 ], [ -16.8387874, 28.3899628 ], [ -16.8396551, 28.3898 ], [ -16.8402886, 28.3896849 ], [ -16.8408344, 28.3895478 ], [ -16.8408415, 28.3892273 ], [ -16.8407629, 28.3890151 ], [ -16.8409198, 28.3889467 ], [ -16.8410369, 28.3888347 ], [ -16.84081, 28.388136 ], [ -16.8409888, 28.3877325 ], [ -16.8412268, 28.3872792 ], [ -16.8415694, 28.3869516 ], [ -16.8416658, 28.3865408 ], [ -16.8420556, 28.3869015 ], [ -16.8427359, 28.3866079 ], [ -16.8429925, 28.386698 ], [ -16.8431531, 28.3866505 ], [ -16.8432996, 28.3866805 ], [ -16.8435842, 28.3868846 ], [ -16.843842, 28.3871725 ], [ -16.844045, 28.3871317 ], [ -16.8439469, 28.3870626 ], [ -16.8439223, 28.3867459 ], [ -16.8443425, 28.3866718 ], [ -16.8442887, 28.3870735 ], [ -16.8445962, 28.3870787 ], [ -16.8445784, 28.3872559 ], [ -16.8446279, 28.3875384 ], [ -16.8449593, 28.3877432 ], [ -16.8455511, 28.3878014 ], [ -16.8459309, 28.3877409 ], [ -16.8462719, 28.3871474 ], [ -16.8465588, 28.3872933 ], [ -16.8467321, 28.3876836 ], [ -16.8470648, 28.3876714 ], [ -16.8472743, 28.3874589 ], [ -16.8476152, 28.3874015 ], [ -16.8481182, 28.3877044 ], [ -16.8482866, 28.3874471 ], [ -16.8484659, 28.3874928 ], [ -16.8487464, 28.3876146 ], [ -16.8489838, 28.3873831 ], [ -16.8489904, 28.387021 ], [ -16.8494229, 28.3866001 ], [ -16.8499202, 28.3863469 ], [ -16.8498957, 28.3858475 ], [ -16.8499205, 28.3857555 ], [ -16.8500858, 28.3855554 ], [ -16.8502347, 28.3854317 ], [ -16.8507764, 28.3852311 ], [ -16.850771, 28.3847877 ], [ -16.8512829, 28.3843249 ], [ -16.8521423, 28.3845184 ], [ -16.8524318, 28.384461 ], [ -16.8525542, 28.3843713 ], [ -16.852934, 28.3845375 ], [ -16.8532491, 28.3842093 ], [ -16.8532177, 28.3841109 ], [ -16.8533964, 28.3839129 ], [ -16.853696, 28.3837839 ], [ -16.8538725, 28.3838044 ], [ -16.8539522, 28.3835154 ], [ -16.8537715, 28.3833366 ], [ -16.8538938, 28.3831901 ], [ -16.8541302, 28.383077 ], [ -16.854123, 28.3827201 ], [ -16.8545479, 28.3823733 ], [ -16.8547313, 28.3821468 ], [ -16.8547501, 28.3815945 ], [ -16.8548416, 28.381135 ], [ -16.8550137, 28.3808998 ], [ -16.8554635, 28.3804565 ], [ -16.8560747, 28.3801512 ], [ -16.8565051, 28.380144 ], [ -16.8568255, 28.379913 ], [ -16.8573457, 28.3795524 ], [ -16.8575258, 28.379536 ], [ -16.8576018, 28.3797493 ], [ -16.857981, 28.3796129 ], [ -16.857735, 28.3794388 ], [ -16.8575433, 28.3793905 ], [ -16.8575465, 28.379191 ], [ -16.8578115, 28.3790824 ], [ -16.8583274, 28.3791377 ], [ -16.8588695, 28.3791398 ], [ -16.8591693, 28.3791953 ], [ -16.859421, 28.3791699 ], [ -16.8596046, 28.3789726 ], [ -16.8600023, 28.3789078 ], [ -16.8601162, 28.3788079 ], [ -16.8601252, 28.378592 ], [ -16.859779, 28.3780173 ], [ -16.8595733, 28.3777137 ], [ -16.8595594, 28.3775956 ], [ -16.8597248, 28.3774302 ], [ -16.8598439, 28.3773465 ], [ -16.8604722, 28.37738 ], [ -16.8605746, 28.3772963 ], [ -16.8603665, 28.3769338 ], [ -16.8603327, 28.3765078 ], [ -16.8602428, 28.3764945 ], [ -16.8599798, 28.3763346 ], [ -16.8598982, 28.3762321 ], [ -16.8597951, 28.3759489 ], [ -16.8598606, 28.3754555 ], [ -16.8598625, 28.3753917 ], [ -16.8603345, 28.3753655 ], [ -16.8604707, 28.3754799 ], [ -16.8604833, 28.3756186 ], [ -16.8605581, 28.3754089 ], [ -16.8609161, 28.3752968 ], [ -16.8609904, 28.3755282 ], [ -16.8612237, 28.375537 ], [ -16.8611537, 28.3752198 ], [ -16.8615061, 28.3750457 ], [ -16.8620058, 28.375038 ], [ -16.8622574, 28.3751177 ], [ -16.8625589, 28.3752893 ], [ -16.8626594, 28.3752838 ], [ -16.8631026, 28.374992 ], [ -16.8634541, 28.3749269 ], [ -16.863602, 28.3750931 ], [ -16.8636676, 28.3753163 ], [ -16.8640307, 28.3752577 ], [ -16.8640817, 28.3753543 ], [ -16.8644207, 28.3755657 ], [ -16.8646202, 28.3757337 ], [ -16.8647684, 28.3757083 ], [ -16.8648712, 28.3755436 ], [ -16.8650462, 28.3754199 ], [ -16.8652852, 28.375374 ], [ -16.8657197, 28.3754185 ], [ -16.8659627, 28.3756513 ], [ -16.8663516, 28.3755805 ], [ -16.8667155, 28.3755851 ], [ -16.8666821, 28.3754107 ], [ -16.8668495, 28.3753612 ], [ -16.8668334, 28.3750625 ], [ -16.8669551, 28.3748858 ], [ -16.8669505, 28.3747039 ], [ -16.8671563, 28.3746088 ], [ -16.8673099, 28.374582 ], [ -16.8674579, 28.3745499 ], [ -16.8676291, 28.3745993 ], [ -16.8679569, 28.3746635 ], [ -16.8682119, 28.3748218 ], [ -16.8681823, 28.374731 ], [ -16.8682948, 28.3745009 ], [ -16.868438, 28.3745634 ], [ -16.869, 28.3749755 ], [ -16.8691369, 28.37503 ], [ -16.8695766, 28.3748241 ], [ -16.8696781, 28.3751287 ], [ -16.8698764, 28.3751075 ], [ -16.8701575, 28.374978 ], [ -16.8700471, 28.3747912 ], [ -16.870101, 28.3741167 ], [ -16.8700388, 28.3740193 ], [ -16.8697901, 28.3734272 ], [ -16.8699796, 28.373086 ], [ -16.8700128, 28.3727608 ], [ -16.8702247, 28.3723776 ], [ -16.8702009, 28.3721227 ], [ -16.8704141, 28.3718269 ], [ -16.8705252, 28.3715209 ], [ -16.8706683, 28.3712694 ], [ -16.8708312, 28.3709892 ], [ -16.8709836, 28.3707083 ], [ -16.8709916, 28.3705713 ], [ -16.8715477, 28.3707771 ], [ -16.8718385, 28.3708875 ], [ -16.8719142, 28.3706221 ], [ -16.872176, 28.3706847 ], [ -16.87231, 28.3705438 ], [ -16.8727144, 28.3704802 ], [ -16.8730965, 28.3702617 ], [ -16.8733206, 28.370195 ], [ -16.8735202, 28.3701793 ], [ -16.8739194, 28.36989 ], [ -16.8744207, 28.369639 ], [ -16.8745652, 28.3699662 ], [ -16.8745768, 28.370173 ], [ -16.8748632, 28.3702144 ], [ -16.8753462, 28.3703571 ], [ -16.8757274, 28.3701874 ], [ -16.8760777, 28.369825 ], [ -16.8764436, 28.3698689 ], [ -16.8765793, 28.3698495 ], [ -16.8769945, 28.3697854 ], [ -16.8777782, 28.3693973 ], [ -16.8779783, 28.3692625 ], [ -16.8780806, 28.3692448 ], [ -16.8784021, 28.3689626 ], [ -16.8787005, 28.3688913 ], [ -16.8789721, 28.3686417 ], [ -16.8793182, 28.3684651 ], [ -16.880134, 28.3679445 ], [ -16.8805668, 28.3677344 ], [ -16.8810178, 28.3674947 ], [ -16.8812533, 28.3674595 ], [ -16.8814048, 28.3672081 ], [ -16.8816891, 28.3671489 ], [ -16.881932, 28.3671755 ], [ -16.8825227, 28.3671674 ], [ -16.8830815, 28.3673645 ], [ -16.8835517, 28.3675436 ], [ -16.8836236, 28.367811 ], [ -16.8843931, 28.3682168 ], [ -16.8847192, 28.3683856 ], [ -16.88507, 28.3688443 ], [ -16.8853427, 28.3686128 ], [ -16.8855055, 28.3682558 ], [ -16.885434, 28.3678567 ], [ -16.8851866, 28.3677807 ], [ -16.8850168, 28.3673643 ], [ -16.8848679, 28.366618 ], [ -16.8850125, 28.3660795 ], [ -16.885664, 28.3654448 ], [ -16.886088, 28.3650955 ], [ -16.8864932, 28.3648987 ], [ -16.8872427, 28.3647231 ], [ -16.8876433, 28.3647081 ], [ -16.8882341, 28.3649896 ], [ -16.8885745, 28.3653191 ], [ -16.8892323, 28.3653899 ], [ -16.8893488, 28.364868 ], [ -16.8896928, 28.364731 ], [ -16.8898709, 28.3639321 ], [ -16.8902599, 28.363484 ], [ -16.8908299, 28.3629939 ], [ -16.8914861, 28.363018 ], [ -16.8921607, 28.3634682 ], [ -16.8926469, 28.3631974 ], [ -16.8932889, 28.3629037 ], [ -16.8937289, 28.3628441 ], [ -16.8942928, 28.3628193 ], [ -16.8950452, 28.3625165 ], [ -16.8956174, 28.3623957 ], [ -16.8964685, 28.3622863 ], [ -16.8972502, 28.3624059 ], [ -16.8974723, 28.3625148 ], [ -16.8981152, 28.362462 ], [ -16.8983336, 28.3630213 ], [ -16.8983746, 28.3633503 ], [ -16.8985926, 28.363607 ], [ -16.899032, 28.3637912 ], [ -16.8993569, 28.3636728 ], [ -16.8999708, 28.3638936 ], [ -16.9004828, 28.3642442 ], [ -16.90085, 28.3638334 ], [ -16.9009851, 28.3637244 ], [ -16.901418, 28.3640278 ], [ -16.9017772, 28.3636589 ], [ -16.9024544, 28.3639327 ], [ -16.9029478, 28.3641865 ], [ -16.9031309, 28.3643075 ], [ -16.9033109, 28.3640178 ], [ -16.9034729, 28.3637976 ], [ -16.9044506, 28.3641563 ], [ -16.9051601, 28.3635583 ], [ -16.9059686, 28.3634798 ], [ -16.9057429, 28.3629 ], [ -16.9061283, 28.3630118 ], [ -16.906464, 28.3630447 ], [ -16.9067471, 28.3630817 ], [ -16.9068114, 28.36282 ], [ -16.9073765, 28.3626138 ], [ -16.9075401, 28.3621301 ], [ -16.9080858, 28.3627364 ], [ -16.9084553, 28.3631191 ], [ -16.90901, 28.3626276 ], [ -16.9092465, 28.3627179 ], [ -16.9093708, 28.3625779 ], [ -16.9096629, 28.3625692 ], [ -16.9099122, 28.3628723 ], [ -16.9101192, 28.362436 ], [ -16.9105604, 28.3621884 ], [ -16.9106231, 28.3619623 ], [ -16.9110212, 28.3615449 ], [ -16.9120698, 28.3615408 ], [ -16.9127707, 28.3616721 ], [ -16.9132148, 28.3619864 ], [ -16.9137977, 28.3618138 ], [ -16.9142295, 28.3614702 ], [ -16.9143171, 28.3612872 ], [ -16.9150052, 28.3610305 ], [ -16.9157175, 28.3610566 ], [ -16.9162986, 28.3610331 ], [ -16.9168659, 28.3606901 ], [ -16.9173198, 28.3607161 ], [ -16.9170087, 28.3600883 ], [ -16.9170394, 28.359948 ], [ -16.9172425, 28.3597044 ], [ -16.9178145, 28.3588273 ], [ -16.918049, 28.3584637 ], [ -16.9185494, 28.3581926 ], [ -16.9188993, 28.3582161 ], [ -16.9191038, 28.3577474 ], [ -16.9193832, 28.3572713 ], [ -16.9199402, 28.3570746 ], [ -16.9200383, 28.3563618 ], [ -16.9202991, 28.3559403 ], [ -16.9208557, 28.3558257 ], [ -16.9214306, 28.3560631 ], [ -16.9216161, 28.3554757 ], [ -16.9218961, 28.3550868 ], [ -16.9225346, 28.3555191 ], [ -16.9226838, 28.3550554 ], [ -16.922776, 28.3546154 ], [ -16.9230748, 28.3543827 ], [ -16.923001, 28.3540129 ], [ -16.9231359, 28.3536371 ], [ -16.9233389, 28.353492 ], [ -16.9234286, 28.3529091 ], [ -16.9232834, 28.3526068 ], [ -16.9231022, 28.3520562 ], [ -16.9231896, 28.3516192 ], [ -16.9234883, 28.3509958 ], [ -16.923583, 28.3503851 ], [ -16.9234301, 28.3496685 ], [ -16.9233656, 28.3492958 ], [ -16.9231102, 28.3488159 ], [ -16.9228553, 28.3481801 ], [ -16.9228613, 28.3477834 ], [ -16.9224766, 28.3474956 ], [ -16.9221075, 28.3468111 ], [ -16.9221655, 28.3466988 ], [ -16.9224016, 28.3465848 ], [ -16.922406, 28.3464518 ], [ -16.9222966, 28.3461858 ], [ -16.9223124, 28.3459172 ], [ -16.9218104, 28.3454831 ], [ -16.9216722, 28.345077 ], [ -16.921586, 28.3448737 ], [ -16.9215282, 28.3444259 ], [ -16.9211557, 28.3439876 ], [ -16.9209325, 28.343762 ], [ -16.9206877, 28.3433399 ], [ -16.9205062, 28.3431432 ], [ -16.9202158, 28.343028 ], [ -16.9204146, 28.3427589 ], [ -16.9207804, 28.3427205 ], [ -16.9209027, 28.3425496 ], [ -16.9212336, 28.3426642 ], [ -16.9216332, 28.342592 ], [ -16.9222986, 28.3423191 ], [ -16.922329, 28.3422653 ], [ -16.9228235, 28.3421769 ], [ -16.9231991, 28.3421487 ], [ -16.9236411, 28.3422329 ], [ -16.9240455, 28.3422308 ], [ -16.9243146, 28.3420707 ], [ -16.9242454, 28.341854 ], [ -16.9243162, 28.3416406 ], [ -16.9242801, 28.3416093 ], [ -16.9239145, 28.3415101 ], [ -16.9236723, 28.3414712 ], [ -16.9234714, 28.3416101 ], [ -16.9232122, 28.3416341 ], [ -16.9234079, 28.3420494 ], [ -16.9229364, 28.3421478 ], [ -16.9228461, 28.3421333 ], [ -16.9228143, 28.3420746 ], [ -16.9228215, 28.341943 ], [ -16.9225252, 28.3420672 ], [ -16.9222352, 28.3421037 ], [ -16.9221208, 28.342183 ], [ -16.9217724, 28.3421463 ], [ -16.9212468, 28.3420039 ], [ -16.9211696, 28.3418455 ], [ -16.9213027, 28.3415858 ], [ -16.9205292, 28.3414275 ], [ -16.9203988, 28.3423556 ], [ -16.9200809, 28.3429531 ] ] } },
{ "type": "Feature", "properties": { "Layer": "0801DPMT", "IDTRAMO": 38075.0, "Provincia": "Santa Cruz de Tenerife", "Referencia": "DL-202-TF", "TM": "Buenavista del Norte (Tenerife)", "Estado": "A", "OM": "2006-08-07", "Sit_Admin": "Aprobado (O.M. 07/08/2006)", "Tipo_Linea": "Límite DPMT aprobado", "Label": "DL-202-TF (O.M. 07/08/2006)", "ID_SEGMENT": "38075001", "FIGURA": null, "Shape_Leng": 0.0, "VERTICES": "SI" }, "geometry": { "type": "LineString", "coordinates": [ [ -16.9200809, 28.3429531 ], [ -16.9195888, 28.3431464 ], [ -16.9191146, 28.3430998 ], [ -16.9180347, 28.3429875 ], [ -16.9176037, 28.3428116 ], [ -16.9170935, 28.3428989 ], [ -16.9168879, 28.3429611 ], [ -16.9165196, 28.342663 ], [ -16.9161793, 28.3423837 ], [ -16.9157631, 28.3425808 ], [ -16.9154855, 28.3423054 ], [ -16.9153005, 28.3417625 ], [ -16.9146137, 28.3416508 ], [ -16.9143314, 28.3415924 ], [ -16.9138563, 28.3413213 ], [ -16.9135906, 28.3411499 ], [ -16.9131237, 28.3408194 ], [ -16.9124767, 28.3406491 ], [ -16.9120691, 28.3405016 ], [ -16.9111986, 28.3400546 ], [ -16.9102624, 28.339287 ], [ -16.9094829, 28.339569 ], [ -16.9090011, 28.3396869 ], [ -16.9080685, 28.3398808 ], [ -16.9077996, 28.3398543 ], [ -16.9075663, 28.3396482 ], [ -16.9070719, 28.3401155 ], [ -16.9066612, 28.3400143 ], [ -16.9060599, 28.339633 ], [ -16.9055958, 28.3387361 ], [ -16.9048568, 28.3386069 ], [ -16.9041678, 28.3380474 ], [ -16.9041236, 28.3374185 ], [ -16.9038252, 28.3369206 ], [ -16.9036755, 28.3365883 ], [ -16.9031167, 28.3359854 ], [ -16.9024906, 28.3358535 ], [ -16.9026331, 28.3354549 ], [ -16.9023882, 28.3351424 ], [ -16.902388, 28.3350123 ], [ -16.9018475, 28.3344755 ], [ -16.9011091, 28.3342272 ], [ -16.9001706, 28.3338393 ], [ -16.8998715, 28.3338585 ], [ -16.8993482, 28.3335106 ], [ -16.8989171, 28.3334452 ], [ -16.8984272, 28.333102 ], [ -16.8978865, 28.3330004 ], [ -16.8974887, 28.3332279 ], [ -16.8967764, 28.3332208 ], [ -16.8973732, 28.3324625 ], [ -16.8968371, 28.3323734 ], [ -16.8963289, 28.3321999 ], [ -16.89628, 28.331882 ], [ -16.8959442, 28.3313556 ], [ -16.895801, 28.3310602 ], [ -16.8956881, 28.331041 ], [ -16.8957813, 28.3309286 ], [ -16.8957818, 28.3304614 ], [ -16.8959674, 28.3297243 ], [ -16.896603, 28.3292074 ], [ -16.8969367, 28.3286777 ], [ -16.8962738, 28.3281552 ], [ -16.8958539, 28.3273344 ], [ -16.895296, 28.3274838 ], [ -16.8945742, 28.3271578 ], [ -16.8940395, 28.326855 ], [ -16.894371, 28.3262982 ], [ -16.8942289, 28.3259896 ], [ -16.8943606, 28.3251833 ], [ -16.8943426, 28.3246474 ], [ -16.8939541, 28.3241518 ], [ -16.8941758, 28.323475 ], [ -16.8938003, 28.3231192 ], [ -16.8930743, 28.3227176 ], [ -16.8928296, 28.3218925 ], [ -16.8925547, 28.3214551 ], [ -16.8923027, 28.3210195 ], [ -16.8918273, 28.320836 ], [ -16.8910321, 28.3208069 ], [ -16.8904903, 28.3210113 ], [ -16.89004, 28.3205179 ], [ -16.889504, 28.3198606 ], [ -16.88935, 28.3191024 ], [ -16.8889964, 28.3185197 ], [ -16.8886376, 28.3180097 ], [ -16.8882134, 28.3175874 ], [ -16.8876932, 28.31724 ], [ -16.8872015, 28.3174959 ], [ -16.8868554, 28.3174844 ], [ -16.8865592, 28.3173099 ], [ -16.8858828, 28.3173092 ], [ -16.8854645, 28.3169799 ], [ -16.8853366, 28.3168367 ], [ -16.8850812, 28.3164296 ], [ -16.8850437, 28.3160206 ], [ -16.8848546, 28.3157812 ], [ -16.884469, 28.3155888 ], [ -16.883861, 28.3153418 ], [ -16.882991, 28.3148585 ], [ -16.8824274, 28.3145533 ], [ -16.8818424, 28.3143533 ], [ -16.8817458, 28.3139779 ], [ -16.8812786, 28.3137498 ], [ -16.8812076, 28.3134389 ], [ -16.880922, 28.3132815 ], [ -16.8802588, 28.3135668 ], [ -16.8806165, 28.3127798 ], [ -16.8801448, 28.3121755 ], [ -16.8801166, 28.3114153 ], [ -16.8801198, 28.310849 ], [ -16.8806089, 28.3101987 ], [ -16.8810088, 28.3094757 ], [ -16.8815169, 28.3089773 ], [ -16.8816495, 28.3086689 ], [ -16.8814388, 28.3081576 ], [ -16.8811917, 28.3074471 ], [ -16.8808389, 28.3066763 ], [ -16.8806176, 28.3061118 ], [ -16.8806274, 28.3056514 ], [ -16.8808234, 28.3050686 ], [ -16.8805542, 28.3047981 ], [ -16.8806197, 28.3046473 ], [ -16.8801253, 28.3041678 ], [ -16.8799579, 28.303925 ], [ -16.8797195, 28.3037338 ], [ -16.8796621, 28.3035822 ], [ -16.879659, 28.30329 ], [ -16.8789138, 28.30281 ], [ -16.8786756, 28.3026605 ], [ -16.8778584, 28.3025838 ], [ -16.8773254, 28.3026158 ], [ -16.8772591, 28.3022185 ], [ -16.8767548, 28.3020379 ], [ -16.8766428, 28.3018714 ], [ -16.8763475, 28.3017945 ], [ -16.8764042, 28.3011604 ], [ -16.8759417, 28.3007705 ], [ -16.8756181, 28.3006011 ], [ -16.8749135, 28.3004821 ], [ -16.874213, 28.3003647 ], [ -16.873589, 28.3003293 ], [ -16.8729869, 28.2997373 ], [ -16.8723548, 28.2998541 ], [ -16.8724759, 28.3004959 ], [ -16.8721204, 28.3012373 ], [ -16.871814, 28.3004213 ], [ -16.8709223, 28.3000525 ], [ -16.8702484, 28.2995321 ], [ -16.8697683, 28.2992361 ], [ -16.8698624, 28.2984015 ], [ -16.8699808, 28.2977125 ], [ -16.8701698, 28.297078 ], [ -16.8695447, 28.2965247 ], [ -16.8694457, 28.2956869 ], [ -16.8689539, 28.2954543 ], [ -16.8688883, 28.2952138 ], [ -16.8680824, 28.2948252 ], [ -16.8678563, 28.2944434 ], [ -16.8672313, 28.294069 ], [ -16.8662879, 28.2935423 ], [ -16.8656783, 28.2932317 ], [ -16.8656689, 28.2927804 ], [ -16.8651756, 28.2923597 ], [ -16.8649691, 28.2918771 ], [ -16.8644314, 28.2914458 ], [ -16.8638913, 28.2906223 ], [ -16.863585, 28.2901457 ], [ -16.8629967, 28.2896761 ], [ -16.8625755, 28.2891888 ], [ -16.8625105, 28.2891197 ], [ -16.8621958, 28.2892226 ], [ -16.8620947, 28.2893534 ], [ -16.861972, 28.2893698 ], [ -16.8620655, 28.2891808 ], [ -16.862241, 28.2890001 ], [ -16.8621295, 28.2888449 ], [ -16.8615413, 28.2883534 ], [ -16.8608755, 28.28748 ], [ -16.8609912, 28.2871045 ], [ -16.8612359, 28.2864482 ], [ -16.8611282, 28.286072 ], [ -16.8612784, 28.2853264 ], [ -16.8615311, 28.2847359 ], [ -16.8619204, 28.2842176 ], [ -16.8619696, 28.2838375 ], [ -16.862783, 28.2834558 ], [ -16.8631531, 28.2831963 ], [ -16.8623599, 28.283131 ], [ -16.8613016, 28.2828813 ], [ -16.8611777, 28.2825012 ], [ -16.8611521, 28.2818702 ], [ -16.8613628, 28.2809206 ], [ -16.8608256, 28.2803151 ], [ -16.8603095, 28.2798083 ], [ -16.8599161, 28.2792496 ], [ -16.8594146, 28.2785394 ], [ -16.8590203, 28.2779638 ], [ -16.8585673, 28.2774938 ], [ -16.8578923, 28.2771217 ], [ -16.8574545, 28.2770335 ], [ -16.8572828, 28.2761902 ], [ -16.8571109, 28.2756957 ], [ -16.8569861, 28.2749478 ], [ -16.8567315, 28.2743183 ], [ -16.8561677, 28.2740406 ], [ -16.8556843, 28.2737211 ], [ -16.8553374, 28.2734322 ], [ -16.8546568, 28.2737222 ], [ -16.8539977, 28.2735278 ], [ -16.8534936, 28.27362 ], [ -16.8528748, 28.2733975 ], [ -16.852685, 28.273631 ], [ -16.85241, 28.2737929 ], [ -16.8521549, 28.2737669 ] ] } },
{ "type": "Feature", "properties": { "Layer": "0801DPMT", "IDTRAMO": 38015.0, "Provincia": "Santa Cruz de Tenerife", "Referencia": "DL-203-TF", "TM": "Candelaria (Tenerife)", "Estado": "A", "Sit_Admin": "Aprobado (O.M. )", "Tipo_Linea": "Límite DPMT aprobado", "Label": "DL-203-TF (O.M. )", "ID_SEGMENT": "38015002", "FIGURA": null, "Shape_Leng": 0.0, "VERTICES": "SI" }, "geometry": { "type": "LineString", "coordinates": [ [ -16.3617838, 28.3736179 ], [ -16.3615711, 28.3740488 ], [ -16.3614503, 28.3742434 ], [ -16.3618033, 28.374467 ], [ -16.3617454, 28.3745717 ], [ -16.3616024, 28.3745837 ], [ -16.361607, 28.3747491 ], [ -16.3617118, 28.3749677 ], [ -16.3618531, 28.3750316 ], [ -16.3617578, 28.3752041 ], [ -16.3618128, 28.3755871 ], [ -16.3617758, 28.3756441 ], [ -16.3617596, 28.3758505 ], [ -16.3615532, 28.3762419 ], [ -16.3614499, 28.3763446 ], [ -16.3613307, 28.376397 ], [ -16.3613426, 28.3765483 ], [ -16.3610963, 28.3766136 ], [ -16.3609424, 28.3767135 ], [ -16.3610679, 28.3769803 ], [ -16.3608932, 28.3771288 ], [ -16.3607534, 28.3771164 ], [ -16.3606191, 28.3771211 ], [ -16.3604492, 28.3771386 ], [ -16.3603899, 28.3771656 ], [ -16.3602151, 28.3772453 ], [ -16.3600817, 28.3773263 ], [ -16.3601137, 28.3775157 ], [ -16.360238, 28.3776225 ] ] } },
{ "type": "Feature", "properties": { "Layer": "0801DPMT", "IDTRAMO": 38005.0, "Provincia": "Santa Cruz de Tenerife", "Referencia": "DL-210-TF", "TM": "Santa Cruz de Tenerife (Tenerife)", "Estado": "A", "OM": "2017-01-05", "Sit_Admin": "Aprobado (O.M. 05/01/2017)", "Tipo_Linea": "Límite DPMT aprobado", "Label": "DL-210-TF (O.M. 05/01/2017)", "ID_SEGMENT": "38005001", "FIGURA": null, "Shape_Leng": 0.0, "VERTICES": "SI" }, "geometry": { "type": "LineString", "coordinates": [ [ -16.1900307, 28.5050727 ], [ -16.1893881, 28.5059278 ], [ -16.1892425, 28.5062787 ], [ -16.1892924, 28.5063685 ], [ -16.1890571, 28.5067843 ], [ -16.1885491, 28.5075312 ], [ -16.1880275, 28.5081148 ], [ -16.1874468, 28.5086533 ], [ -16.1867708, 28.5091437 ], [ -16.1861194, 28.5095245 ], [ -16.1857879, 28.5096903 ], [ -16.1855559, 28.5098546 ], [ -16.1843483, 28.5105225 ], [ -16.1837553, 28.5107518 ], [ -16.1835073, 28.5108098 ], [ -16.1823937, 28.5112932 ], [ -16.1815991, 28.5114871 ], [ -16.1801206, 28.511069 ], [ -16.1798763, 28.510727 ], [ -16.1798771, 28.5104492 ], [ -16.179366, 28.510013 ], [ -16.1790863, 28.5097236 ] ] } },
{ "type": "Feature", "properties": { "Layer": "0801DPMT", "IDTRAMO": 38064.0, "Provincia": "Santa Cruz de Tenerife", "Referencia": "DL-28-TF", "TM": "Adeje (Tenerife)", "Estado": "A", "OM": "2005-07-11", "Sit_Admin": "Aprobado (O.M. 11/07/2005)", "Tipo_Linea": "Límite DPMT aprobado", "Label": "DL-28-TF (O.M. 11/07/2005)", "ID_SEGMENT": "38064002", "FIGURA": null, "Shape_Leng": 0.0, "VERTICES": "SI" }, "geometry": { "type": "LineString", "coordinates": [ [ -16.7861673, 28.1306456 ], [ -16.7862034, 28.1305196 ], [ -16.7863421, 28.1303676 ], [ -16.786212, 28.1302591 ], [ -16.7860644, 28.1302091 ], [ -16.7857207, 28.1301823 ], [ -16.7853848, 28.1300323 ], [ -16.785198, 28.1298748 ], [ -16.785183, 28.1297996 ], [ -16.7850753, 28.1297644 ], [ -16.7848389, 28.1296217 ], [ -16.7847974, 28.1295739 ], [ -16.7847135, 28.129475 ], [ -16.7846683, 28.1294218 ], [ -16.7845811, 28.1294019 ], [ -16.7844924, 28.1293266 ], [ -16.7844046, 28.1292129 ], [ -16.7843012, 28.1290091 ], [ -16.7843002, 28.1287558 ], [ -16.7842216, 28.1286799 ], [ -16.7839344, 28.1286498 ], [ -16.7837925, 28.128354 ], [ -16.7838058, 28.1282448 ], [ -16.7837388, 28.1276751 ], [ -16.7837755, 28.127192 ], [ -16.7835911, 28.1268127 ], [ -16.7834049, 28.1268788 ], [ -16.7833341, 28.1269721 ], [ -16.7832605, 28.1269974 ], [ -16.7831782, 28.1269702 ], [ -16.7827831, 28.1273638 ], [ -16.7820096, 28.1278898 ], [ -16.7817177, 28.1275236 ], [ -16.7811193, 28.1272508 ], [ -16.7814501, 28.1266955 ] ] } },
{ "type": "Feature", "properties": { "Layer": "0801DPMT", "IDTRAMO": 38099.0, "Provincia": "Santa Cruz de Tenerife", "Referencia": "DL-29-TF", "TM": "Tacoronte (Tenerife)", "Estado": "A", "OM": "1999-07-28", "Sit_Admin": "Aprobado (O.M. 28/07/1999)", "Tipo_Linea": "Límite DPMT aprobado", "Label": "DL-29-TF (O.M. 28/07/1999)", "ID_SEGMENT": "38099006", "FIGURA": null, "Shape_Leng": 0.0, "VERTICES": "SI" }, "geometry": { "type": "LineString", "coordinates": [ [ -16.4252623, 28.4966127 ], [ -16.4255995, 28.4972169 ], [ -16.4254953, 28.4975631 ], [ -16.4255261, 28.4977915 ], [ -16.4257576, 28.4979073 ], [ -16.4258747, 28.4980457 ], [ -16.4261098, 28.4981177 ], [ -16.4262347, 28.498207 ], [ -16.4262213, 28.4983144 ], [ -16.426042, 28.4984602 ], [ -16.4258154, 28.4984799 ], [ -16.4256484, 28.4986453 ], [ -16.4255966, 28.4987807 ], [ -16.4256017, 28.4992633 ], [ -16.4255535, 28.4994761 ], [ -16.4247314, 28.499485 ], [ -16.4243322, 28.4997225 ], [ -16.4241519, 28.4999586 ], [ -16.4240596, 28.5003035 ], [ -16.4240815, 28.500851 ], [ -16.4241543, 28.5015879 ], [ -16.4239063, 28.5017337 ], [ -16.4242676, 28.501831 ], [ -16.4243592, 28.5018001 ], [ -16.4245917, 28.5017217 ], [ -16.4247043, 28.501659 ], [ -16.4253915, 28.5016589 ], [ -16.4259274, 28.5020762 ], [ -16.4259755, 28.5023683 ], [ -16.426081, 28.5025327 ], [ -16.4261698, 28.5026963 ], [ -16.4261969, 28.5027398 ], [ -16.4258111, 28.5027664 ], [ -16.4256403, 28.5026924 ], [ -16.4255839, 28.5026679 ], [ -16.4252142, 28.5027391 ], [ -16.4249032, 28.5027989 ], [ -16.4247572, 28.5027952 ], [ -16.4246469, 28.5027925 ], [ -16.4243192, 28.5035945 ], [ -16.4240081, 28.5038836 ], [ -16.4240138, 28.5040213 ], [ -16.4239713, 28.5041591 ] ] } },
{ "type": "Feature", "properties": { "Layer": "0801DPMT", "IDTRAMO": 38059.0, "Provincia": "Santa Cruz de Tenerife", "Referencia": "DL-32-TF", "TM": "Adeje (Tenerife)", "Estado": "A", "OM": "1998-01-08", "Sit_Admin": "Aprobado (O.M. 08/01/1998)", "Tipo_Linea": "Límite DPMT aprobado", "Label": "DL-32-TF (O.M. 08/01/1998)", "ID_SEGMENT": "38059001", "FIGURA": null, "Shape_Leng": 0.0, "VERTICES": "SI" }, "geometry": { "type": "LineString", "coordinates": [ [ -16.7501864, 28.0951063 ], [ -16.7500463, 28.0945245 ], [ -16.7496981, 28.0944584 ], [ -16.749415, 28.0944772 ], [ -16.7492504, 28.0942164 ], [ -16.7494362, 28.0939511 ], [ -16.7486974, 28.0936428 ], [ -16.7479489, 28.0933185 ], [ -16.747333, 28.0929467 ], [ -16.7464655, 28.092457 ], [ -16.7457311, 28.0923266 ], [ -16.7456745, 28.0923087 ], [ -16.7452336, 28.0921149 ], [ -16.7446707, 28.0920168 ], [ -16.7442984, 28.0918288 ], [ -16.7441069, 28.0919568 ], [ -16.7432403, 28.0913976 ], [ -16.7422381, 28.0907388 ], [ -16.7426857, 28.0905738 ], [ -16.7427827, 28.0904289 ], [ -16.7431315, 28.0901155 ], [ -16.7433235, 28.0897548 ], [ -16.7432524, 28.089549 ], [ -16.7429592, 28.0895465 ], [ -16.7427809, 28.0894886 ], [ -16.7426478, 28.089563 ], [ -16.7425534, 28.0895985 ], [ -16.7424849, 28.0896904 ], [ -16.7419174, 28.0899342 ] ] } },
{ "type": "Feature", "properties": { "Layer": "0801DPMT", "IDTRAMO": 38046.0, "Provincia": "Santa Cruz de Tenerife", "Referencia": "DL-51-TF", "TM": "Granadilla de Abona (Tenerife)", "Estado": "A", "OM": "1999-09-22", "Sit_Admin": "Aprobado (O.M. 22/09/1999)", "Tipo_Linea": "Límite DPMT aprobado", "Label": "DL-51-TF (O.M. 22/09/1999)", "ID_SEGMENT": "38046001", "FIGURA": null, "Shape_Leng": 0.0, "VERTICES": "SI" }, "geometry": { "type": "LineString", "coordinates": [ [ -16.5969198, 28.0292927 ], [ -16.5967589, 28.0286088 ], [ -16.59685, 28.0280694 ], [ -16.5965173, 28.0280139 ], [ -16.5962259, 28.0284955 ], [ -16.5959614, 28.0289328 ], [ -16.5958813, 28.0290349 ], [ -16.5961909, 28.0296765 ], [ -16.5960515, 28.0299372 ], [ -16.5957615, 28.0298112 ], [ -16.5955564, 28.0298933 ], [ -16.5951057, 28.0293462 ], [ -16.5949045, 28.0291676 ], [ -16.5947094, 28.0290655 ], [ -16.594379, 28.0289695 ], [ -16.5941146, 28.0289657 ], [ -16.5938602, 28.0288165 ], [ -16.5934739, 28.0288848 ], [ -16.593346, 28.0289077 ], [ -16.593213, 28.0288887 ], [ -16.5931705, 28.0288782 ], [ -16.5931039, 28.0288344 ], [ -16.5929072, 28.0287003 ], [ -16.5925864, 28.0286581 ], [ -16.5924772, 28.0285177 ], [ -16.5924642, 28.0284586 ], [ -16.5924781, 28.0283271 ], [ -16.5925231, 28.0281911 ], [ -16.5924281, 28.0279433 ], [ -16.5921675, 28.0279061 ], [ -16.591716, 28.0279013 ], [ -16.5917148, 28.0279559 ], [ -16.5915327, 28.0280231 ], [ -16.5912043, 28.0280088 ], [ -16.5911796, 28.0280437 ], [ -16.5908213, 28.0280341 ], [ -16.5904828, 28.0283259 ], [ -16.5901825, 28.0283507 ], [ -16.5895817, 28.0283815 ], [ -16.5894658, 28.0286073 ], [ -16.5888335, 28.0287131 ], [ -16.5885297, 28.0288042 ], [ -16.588201, 28.0289785 ], [ -16.5881533, 28.0290564 ], [ -16.5875732, 28.0292296 ], [ -16.5877201, 28.029358 ], [ -16.5879859, 28.0296745 ], [ -16.5880194, 28.0300986 ], [ -16.5879018, 28.0301974 ], [ -16.5878335, 28.0302039 ], [ -16.5874878, 28.0298172 ], [ -16.5871588, 28.0296327 ], [ -16.587006, 28.0297743 ], [ -16.5869837, 28.0302516 ], [ -16.5868518, 28.0302711 ], [ -16.5866767, 28.0301197 ], [ -16.586753, 28.0297759 ], [ -16.5864972, 28.0296706 ], [ -16.5865761, 28.0298501 ], [ -16.586325, 28.0297177 ], [ -16.5859678, 28.0296406 ], [ -16.5858943, 28.029479 ], [ -16.585873, 28.029416 ], [ -16.5853062, 28.0296031 ], [ -16.5848602, 28.0297075 ], [ -16.584383, 28.0297672 ], [ -16.5838197, 28.0295029 ], [ -16.5837876, 28.029395 ], [ -16.5835017, 28.029317 ], [ -16.5828634, 28.0294868 ], [ -16.5826193, 28.0294897 ], [ -16.5825673, 28.029409 ], [ -16.5821492, 28.0293326 ], [ -16.5818738, 28.0292816 ], [ -16.5817005, 28.0292566 ], [ -16.5815216, 28.0295384 ], [ -16.5817897, 28.029788 ], [ -16.581822, 28.029914 ], [ -16.581733, 28.0300865 ], [ -16.581714, 28.030177 ], [ -16.5815203, 28.0301476 ], [ -16.5812325, 28.0299388 ], [ -16.5808422, 28.0296816 ], [ -16.5804543, 28.0295868 ], [ -16.5803232, 28.029665 ], [ -16.5800998, 28.0296901 ], [ -16.5799138, 28.0294892 ], [ -16.5793525, 28.0293603 ], [ -16.5788381, 28.029655 ], [ -16.578831, 28.0295152 ], [ -16.5788136, 28.0293665 ], [ -16.5782454, 28.0294678 ], [ -16.5782466, 28.029549 ], [ -16.5781897, 28.0298294 ], [ -16.5779526, 28.0296155 ], [ -16.5777577, 28.0295005 ], [ -16.5772706, 28.0295782 ], [ -16.5766342, 28.0298613 ], [ -16.57625, 28.0300322 ], [ -16.576095, 28.0302145 ], [ -16.5761875, 28.0302856 ], [ -16.5762207, 28.0304657 ], [ -16.575959, 28.0306583 ], [ -16.5758055, 28.0309398 ], [ -16.5762547, 28.0310565 ], [ -16.5764094, 28.0312037 ], [ -16.5768759, 28.031803 ], [ -16.5767352, 28.0319219 ], [ -16.5762257, 28.031296 ], [ -16.5755145, 28.0313249 ], [ -16.57504, 28.031281 ], [ -16.5748259, 28.0310729 ], [ -16.574561, 28.0310398 ], [ -16.5740784, 28.031077 ], [ -16.5737132, 28.0311443 ], [ -16.5731825, 28.031024 ], [ -16.5727476, 28.0311915 ], [ -16.5720899, 28.0312893 ], [ -16.5716645, 28.0315513 ], [ -16.5713881, 28.0321276 ], [ -16.5708318, 28.0326935 ], [ -16.5705789, 28.0331387 ], [ -16.5700899, 28.0330901 ], [ -16.5702222, 28.0323937 ], [ -16.5699919, 28.031945 ], [ -16.5696801, 28.0318313 ], [ -16.5696462, 28.0311096 ], [ -16.5695237, 28.0308673 ], [ -16.568867, 28.0308207 ], [ -16.5687441, 28.0307679 ], [ -16.5682857, 28.030719 ], [ -16.5681312, 28.0305854 ], [ -16.5679272, 28.0301906 ], [ -16.5678238, 28.0300745 ], [ -16.5676424, 28.0298419 ], [ -16.5675476, 28.0296173 ], [ -16.5666651, 28.0295172 ], [ -16.5660296, 28.0294451 ], [ -16.5659176, 28.0294374 ], [ -16.5652883, 28.0295258 ], [ -16.5652469, 28.0294811 ], [ -16.5648715, 28.0295395 ], [ -16.5643033, 28.0296363 ] ] } },
{ "type": "Feature", "properties": { "Layer": "0801DPMT", "IDTRAMO": 38045.0, "Provincia": "Santa Cruz de Tenerife", "Referencia": "DL-52-TF", "TM": "Granadilla de Abona (Tenerife)", "Estado": "A", "OM": "2002-11-25", "Sit_Admin": "Aprobado (O.M. 25/11/2002)", "Tipo_Linea": "Límite DPMT aprobado", "Label": "DL-52-TF (O.M. 25/11/2002)", "ID_SEGMENT": "38045001", "FIGURA": null, "Shape_Leng": 0.0, "VERTICES": "SI" }, "geometry": { "type": "LineString", "coordinates": [ [ -16.560959, 28.0327674 ], [ -16.5599416, 28.0329046 ], [ -16.5589382, 28.0324221 ], [ -16.5581706, 28.0327859 ], [ -16.5581059, 28.0326735 ], [ -16.5585915, 28.0324705 ], [ -16.5585406, 28.0323502 ], [ -16.5578494, 28.0323749 ], [ -16.5575089, 28.0323418 ], [ -16.5565079, 28.0324731 ], [ -16.5554052, 28.0323774 ], [ -16.5537651, 28.0325839 ], [ -16.5531978, 28.0325914 ], [ -16.5528341, 28.0320536 ], [ -16.5524992, 28.0315584 ], [ -16.552012, 28.030905 ], [ -16.5514647, 28.0301712 ], [ -16.5514585, 28.0297368 ], [ -16.5512307, 28.0298116 ], [ -16.5511257, 28.0292261 ], [ -16.5511298, 28.029014 ], [ -16.5512524, 28.0288393 ], [ -16.5511576, 28.0286148 ], [ -16.5509965, 28.0281581 ], [ -16.5507367, 28.027633 ], [ -16.5507941, 28.0273797 ], [ -16.550711, 28.0269677 ], [ -16.5506864, 28.0262527 ], [ -16.5505546, 28.0262849 ], [ -16.5501368, 28.0263672 ], [ -16.549568, 28.0262834 ], [ -16.5495108, 28.0261938 ], [ -16.5490597, 28.0255852 ], [ -16.5488087, 28.0254616 ], [ -16.5485242, 28.0254829 ], [ -16.5482443, 28.0254635 ], [ -16.5475304, 28.0253885 ], [ -16.54723, 28.0253396 ], [ -16.5465111, 28.0253911 ], [ -16.5461254, 28.0257987 ], [ -16.545955, 28.0261165 ], [ -16.5456121, 28.0263189 ], [ -16.5452231, 28.0268558 ], [ -16.5449109, 28.0270759 ], [ -16.5443064, 28.0274798 ], [ -16.5440055, 28.027772 ], [ -16.5437175, 28.0282626 ], [ -16.5434738, 28.0286444 ], [ -16.5431685, 28.0289908 ], [ -16.5424582, 28.0291071 ], [ -16.5417678, 28.0291961 ], [ -16.5416355, 28.0299016 ], [ -16.5414463, 28.030188 ], [ -16.540888, 28.0308396 ], [ -16.5407554, 28.0311643 ], [ -16.5405518, 28.0317121 ], [ -16.5404471, 28.0321622 ], [ -16.5407396, 28.0319874 ], [ -16.540618, 28.0327379 ] ] } },
{ "type": "Feature", "properties": { "Layer": "0801DPMT", "IDTRAMO": 38044.0, "Provincia": "Santa Cruz de Tenerife", "Referencia": "DL-53-TF", "TM": "Granadilla de Abona (Tenerife)", "Estado": "A", "OM": "1998-04-22", "Sit_Admin": "Aprobado (O.M. 22/04/1998)", "Tipo_Linea": "Límite DPMT aprobado", "Label": "DL-53-TF (O.M. 22/04/1998)", "ID_SEGMENT": "38044002", "FIGURA": null, "Shape_Leng": 0.0, "VERTICES": "SI" }, "geometry": { "type": "LineString", "coordinates": [ [ -16.540618, 28.0327379 ], [ -16.541257, 28.0326044 ], [ -16.5413316, 28.0328472 ], [ -16.5412734, 28.0330419 ], [ -16.5410918, 28.0331523 ], [ -16.5411745, 28.0332416 ], [ -16.5413572, 28.033217 ], [ -16.5414839, 28.0335423 ], [ -16.5417078, 28.0335515 ], [ -16.5419615, 28.034221 ], [ -16.5422303, 28.0345249 ], [ -16.5431163, 28.0346042 ], [ -16.5436706, 28.034599 ], [ -16.544376, 28.0345955 ], [ -16.5446515, 28.0349616 ], [ -16.5449903, 28.0354119 ], [ -16.5442447, 28.0359374 ], [ -16.5437668, 28.0362741 ], [ -16.5438912, 28.0365199 ], [ -16.544472, 28.0366315 ], [ -16.5450888, 28.0366769 ], [ -16.544379, 28.0371903 ], [ -16.544131, 28.0372743 ], [ -16.5444789, 28.0374238 ], [ -16.5442069, 28.0376029 ], [ -16.5435953, 28.037515 ], [ -16.5435377, 28.0381113 ], [ -16.5431059, 28.0385042 ], [ -16.5433874, 28.0386274 ], [ -16.5437119, 28.0385606 ], [ -16.543948, 28.0387114 ], [ -16.5444224, 28.0388053 ], [ -16.5447626, 28.0387654 ], [ -16.5446981, 28.0392354 ], [ -16.5441495, 28.0392867 ], [ -16.543713, 28.0393458 ], [ -16.5436051, 28.0396268 ], [ -16.544225, 28.0398205 ], [ -16.5448006, 28.0400005 ], [ -16.5440463, 28.0406056 ], [ -16.5438145, 28.0411136 ], [ -16.5437597, 28.0411955 ], [ -16.5435534, 28.0413512 ], [ -16.5434552, 28.0412431 ], [ -16.5433944, 28.0409017 ], [ -16.5428673, 28.0406775 ], [ -16.5425487, 28.0408011 ], [ -16.5425856, 28.0408928 ], [ -16.5428808, 28.0410519 ], [ -16.5426968, 28.0411984 ], [ -16.5424261, 28.0415001 ], [ -16.5417463, 28.0421561 ], [ -16.5414221, 28.0424478 ], [ -16.5411874, 28.0426092 ], [ -16.5408999, 28.0427916 ], [ -16.5408652, 28.0428736 ], [ -16.5408359, 28.0429476 ], [ -16.5407251, 28.0431418 ], [ -16.5406472, 28.0431877 ], [ -16.5404072, 28.0432604 ], [ -16.5402872, 28.0432585 ], [ -16.5400493, 28.0432747 ], [ -16.5397875, 28.043409 ], [ -16.5396528, 28.043525 ], [ -16.5396127, 28.0435706 ], [ -16.5393203, 28.0437498 ], [ -16.5391208, 28.0440273 ], [ -16.5390405, 28.0441049 ], [ -16.5389508, 28.0441601 ], [ -16.5386766, 28.0442697 ], [ -16.538271, 28.0443618 ], [ -16.5380268, 28.0443573 ], [ -16.5380748, 28.0441564 ], [ -16.5380101, 28.0438954 ], [ -16.5379389, 28.043898 ], [ -16.5379001, 28.044032 ], [ -16.5378485, 28.0439784 ], [ -16.5376551, 28.043967 ], [ -16.5373602, 28.0439749 ], [ -16.5373507, 28.0440201 ], [ -16.5372238, 28.0440387 ], [ -16.5370917, 28.0440501 ], [ -16.5368888, 28.0440884 ], [ -16.5367516, 28.044099 ], [ -16.5367318, 28.0441398 ], [ -16.5365593, 28.0441688 ], [ -16.5364628, 28.0441789 ], [ -16.5364583, 28.0442196 ], [ -16.5362605, 28.0442624 ], [ -16.5360904, 28.0441019 ], [ -16.536075, 28.0440885 ], [ -16.535848, 28.0438654 ], [ -16.5358274, 28.0438476 ], [ -16.5354111, 28.0433992 ], [ -16.5349651, 28.0429276 ], [ -16.5346926, 28.0427186 ] ] } },
{ "type": "Feature", "properties": { "Layer": "0801DPMT", "IDTRAMO": 38043.0, "Provincia": "Santa Cruz de Tenerife", "Referencia": "DL-54-TF", "TM": "Granadilla de Abona (Tenerife)", "Estado": "A", "OM": "2019-04-23", "Sit_Admin": "Aprobado (O.M. 23/04/2019)", "Tipo_Linea": "Límite DPMT aprobado", "Label": "DL-54-TF (O.M. 23/04/2019)", "ID_SEGMENT": "38043001", "FIGURA": null, "Shape_Leng": 0.0, "VERTICES": "SI" }, "geometry": { "type": "LineString", "coordinates": [ [ -16.5346926, 28.0427186 ], [ -16.5344932, 28.0426441 ], [ -16.5344939, 28.0427052 ], [ -16.5343643, 28.0427637 ], [ -16.5340355, 28.0430585 ], [ -16.5338547, 28.0433807 ], [ -16.5338514, 28.0440441 ], [ -16.5338595, 28.0441543 ], [ -16.5339035, 28.0443248 ], [ -16.5340104, 28.0446631 ], [ -16.5342282, 28.0453604 ], [ -16.534126, 28.0462488 ], [ -16.5340394, 28.0464571 ], [ -16.5339131, 28.0465619 ], [ -16.5342736, 28.0469525 ], [ -16.5340397, 28.0474481 ], [ -16.5338577, 28.0477776 ], [ -16.5336732, 28.0479302 ], [ -16.5334541, 28.0479933 ], [ -16.5333529, 28.0482607 ], [ -16.5331984, 28.0484742 ], [ -16.5332368, 28.0487146 ], [ -16.5332546, 28.0490724 ], [ -16.53316, 28.0491254 ], [ -16.5327387, 28.0494716 ], [ -16.5324323, 28.0495709 ], [ -16.5324036, 28.049719 ], [ -16.5326088, 28.0498939 ], [ -16.532485, 28.0500186 ], [ -16.5322449, 28.0501797 ], [ -16.5321612, 28.0502376 ], [ -16.5319572, 28.0503438 ], [ -16.5317989, 28.0504005 ], [ -16.5315792, 28.0501247 ], [ -16.5315694, 28.0500707 ], [ -16.5314088, 28.0500911 ], [ -16.5312522, 28.0501009 ], [ -16.5308884, 28.0501381 ], [ -16.5308559, 28.050535 ], [ -16.5306502, 28.0508448 ], [ -16.530057, 28.0510323 ], [ -16.5296955, 28.0508024 ], [ -16.5295033, 28.0506858 ], [ -16.5294073, 28.0503552 ], [ -16.5293343, 28.0498235 ], [ -16.5289577, 28.0496148 ], [ -16.5285829, 28.0497699 ], [ -16.5284005, 28.0498045 ] ] } },
{ "type": "Feature", "properties": { "Layer": "0801DPMT", "IDTRAMO": 38042.0, "Provincia": "Santa Cruz de Tenerife", "Referencia": "DL-55-TF", "TM": "Granadilla de Abona (Tenerife)", "Estado": "A", "OM": "2001-10-25", "Sit_Admin": "Aprobado (O.M. 25/10/2001)", "Tipo_Linea": "Límite DPMT aprobado", "Label": "DL-55-TF (O.M. 25/10/2001)", "ID_SEGMENT": "38042002", "FIGURA": null, "Shape_Leng": 0.0, "VERTICES": "SI" }, "geometry": { "type": "LineString", "coordinates": [ [ -16.5212726, 28.056609 ], [ -16.5215029, 28.0569675 ], [ -16.5214399, 28.0573292 ], [ -16.5220302, 28.0577107 ], [ -16.5223671, 28.0575796 ], [ -16.5226056, 28.0573963 ], [ -16.5227804, 28.0576466 ], [ -16.5225395, 28.0579735 ], [ -16.5226329, 28.0581869 ], [ -16.5220469, 28.0581708 ], [ -16.5223729, 28.0585625 ], [ -16.5222396, 28.0592111 ], [ -16.5219137, 28.0587533 ], [ -16.5216531, 28.0583855 ], [ -16.5213178, 28.0584181 ], [ -16.5212737, 28.0585314 ], [ -16.5211523, 28.0589479 ], [ -16.520927, 28.0592031 ], [ -16.5207445, 28.0596113 ], [ -16.5205934, 28.0597122 ], [ -16.52029, 28.0596851 ], [ -16.5201343, 28.0599881 ], [ -16.5196212, 28.0600389 ], [ -16.5194234, 28.0600772 ], [ -16.5191027, 28.060164 ], [ -16.518822, 28.0603591 ], [ -16.5185069, 28.0603806 ], [ -16.5181635, 28.0604142 ], [ -16.5173543, 28.0603488 ], [ -16.5165611, 28.060132 ], [ -16.5159466, 28.0599107 ], [ -16.5156184, 28.0597239 ], [ -16.5157102, 28.060044 ], [ -16.515693, 28.0602163 ], [ -16.5157049, 28.0603693 ], [ -16.5157097, 28.0604323 ], [ -16.5158616, 28.0605949 ], [ -16.5165054, 28.0613071 ], [ -16.5159982, 28.0614147 ], [ -16.5158991, 28.0616053 ], [ -16.5164124, 28.0619291 ], [ -16.5161823, 28.0622114 ], [ -16.5154895, 28.0621423 ], [ -16.5151255, 28.0623025 ], [ -16.5149595, 28.0627998 ], [ -16.515024, 28.063411 ], [ -16.5140856, 28.0632409 ], [ -16.5143185, 28.0635226 ], [ -16.5151275, 28.0638973 ], [ -16.5153037, 28.06413 ], [ -16.5150905, 28.0641594 ], [ -16.5148142, 28.0640451 ], [ -16.5142044, 28.0640186 ], [ -16.5136536, 28.0639948 ], [ -16.5137082, 28.0642649 ], [ -16.5132715, 28.0643239 ], [ -16.5131538, 28.064632 ], [ -16.5128875, 28.0645086 ], [ -16.5127786, 28.0647264 ], [ -16.5129927, 28.0651212 ], [ -16.5125894, 28.0650173 ], [ -16.5126152, 28.0654051 ], [ -16.5122491, 28.0654182 ], [ -16.5119352, 28.0655254 ], [ -16.5119497, 28.0658367 ], [ -16.5116154, 28.0659441 ], [ -16.5113231, 28.0654103 ], [ -16.511127, 28.0652139 ], [ -16.5104761, 28.0652373 ], [ -16.5102963, 28.0654758 ], [ -16.5102373, 28.0656199 ], [ -16.5107495, 28.0658679 ], [ -16.5105688, 28.0660414 ], [ -16.5098175, 28.0661625 ], [ -16.5094114, 28.0662256 ], [ -16.5092592, 28.0662498 ], [ -16.5091999, 28.0663814 ], [ -16.5092196, 28.0666925 ], [ -16.5088094, 28.0668279 ], [ -16.5083142, 28.067068 ], [ -16.5079414, 28.0673338 ], [ -16.5075679, 28.0675455 ], [ -16.5076357, 28.0676666 ], [ -16.5074902, 28.0678081 ], [ -16.506935, 28.0681301 ], [ -16.5069079, 28.0683741 ], [ -16.5070419, 28.06886 ], [ -16.5071017, 28.0696264 ], [ -16.5070912, 28.0702509 ], [ -16.5070006, 28.0706429 ], [ -16.5068634, 28.07138 ], [ -16.5068593, 28.0718456 ], [ -16.5069672, 28.0723574 ], [ -16.5068592, 28.0729054 ], [ -16.5061882, 28.0729488 ], [ -16.5057038, 28.0732321 ], [ -16.5057127, 28.0738701 ], [ -16.5055206, 28.073958 ], [ -16.5052959, 28.0744708 ], [ -16.5050748, 28.0749755 ], [ -16.5047825, 28.0757621 ], [ -16.5044617, 28.0757385 ], [ -16.5041333, 28.0759046 ], [ -16.5040597, 28.076104 ], [ -16.5041489, 28.0762925 ], [ -16.5039014, 28.0764938 ], [ -16.5038305, 28.0768105 ], [ -16.5041554, 28.0767618 ], [ -16.5039675, 28.0771519 ], [ -16.5029413, 28.0772624 ], [ -16.5028363, 28.0773945 ], [ -16.502647, 28.0772476 ], [ -16.5024097, 28.0770878 ], [ -16.5019563, 28.0774131 ], [ -16.5015953, 28.0777916 ], [ -16.500977, 28.0779717 ], [ -16.5008545, 28.0779441 ], [ -16.5008075, 28.0778544 ], [ -16.5000092, 28.077892 ], [ -16.4999155, 28.0777378 ], [ -16.4996638, 28.0779346 ], [ -16.4995364, 28.0775524 ], [ -16.4994447, 28.0775444 ], [ -16.4991447, 28.0779222 ], [ -16.4989052, 28.0781189 ], [ -16.4985453, 28.0779919 ], [ -16.4984356, 28.0781511 ], [ -16.4980583, 28.0780965 ], [ -16.4978873, 28.0782383 ], [ -16.4975397, 28.0781202 ], [ -16.497508, 28.0784049 ] ] } },
{ "type": "Feature", "properties": { "Layer": "0801DPMT", "IDTRAMO": 38054.0, "Provincia": "Santa Cruz de Tenerife", "Referencia": "DL-69-TF", "TM": "Arona (Tenerife)", "Estado": "A", "OM": "1998-01-08", "Sit_Admin": "Aprobado (O.M. 08/01/1998)", "Tipo_Linea": "Límite DPMT aprobado", "Label": "DL-69-TF (O.M. 08/01/1998)", "ID_SEGMENT": "38054006", "FIGURA": null, "Shape_Leng": 0.0, "VERTICES": "SI" }, "geometry": { "type": "LineString", "coordinates": [ [ -16.7364065, 28.0562119 ], [ -16.7366604, 28.0554312 ], [ -16.7366682, 28.0552031 ], [ -16.7365702, 28.0548898 ], [ -16.7363615, 28.0546306 ], [ -16.7360231, 28.0543922 ], [ -16.7355574, 28.0542328 ], [ -16.7346569, 28.0539341 ], [ -16.7340749, 28.0534578 ], [ -16.7332285, 28.0532478 ], [ -16.7331584, 28.0532541 ], [ -16.7325312, 28.0535816 ], [ -16.7315337, 28.0533385 ], [ -16.7309077, 28.0531841 ], [ -16.7303117, 28.0527967 ], [ -16.7300384, 28.0526193 ], [ -16.7298281, 28.052024 ], [ -16.7298429, 28.0519282 ], [ -16.7298453, 28.0519121 ], [ -16.7298499, 28.0519088 ], [ -16.7301397, 28.0517014 ], [ -16.7301713, 28.0515824 ], [ -16.7297473, 28.0513337 ], [ -16.7295568, 28.0512787 ], [ -16.7293698, 28.0513994 ], [ -16.7291398, 28.0515522 ], [ -16.7289782, 28.0516771 ], [ -16.7289218, 28.0517963 ], [ -16.7284003, 28.051953 ], [ -16.7283829, 28.0520419 ], [ -16.7282805, 28.0522307 ], [ -16.7273457, 28.0527194 ], [ -16.7264211, 28.0531551 ], [ -16.726031, 28.0533433 ], [ -16.7253826, 28.0533369 ], [ -16.72447, 28.053103 ], [ -16.723656, 28.0528887 ], [ -16.7236072, 28.0528596 ], [ -16.7236046, 28.0528583 ], [ -16.7233533, 28.0527352 ], [ -16.7232429, 28.052597 ], [ -16.7230658, 28.0523753 ], [ -16.7227027, 28.0521179 ], [ -16.7222439, 28.0517899 ], [ -16.7216003, 28.0511474 ], [ -16.7215039, 28.0510761 ], [ -16.7214081, 28.0510052 ], [ -16.7214099, 28.0509935 ], [ -16.721438, 28.0508113 ], [ -16.7211531, 28.0506862 ], [ -16.7210507, 28.0506728 ], [ -16.7210199, 28.0506688 ], [ -16.7209558, 28.0505708 ], [ -16.7207574, 28.0504767 ], [ -16.7206747, 28.0504624 ], [ -16.7205949, 28.0505228 ], [ -16.7204823, 28.0502263 ], [ -16.7203196, 28.0501463 ], [ -16.7201447, 28.050091 ], [ -16.7200992, 28.0500478 ], [ -16.7200704, 28.0500326 ], [ -16.7200078, 28.0500117 ], [ -16.7199367, 28.0499596 ], [ -16.7198743, 28.049941 ] ] } },
{ "type": "Feature", "properties": { "Layer": "0801DPMT", "IDTRAMO": 38098.0, "Provincia": "Santa Cruz de Tenerife", "Referencia": "DL-70-TF", "TM": "Tacoronte (Tenerife)", "Estado": "A", "OM": "1999-04-15", "Sit_Admin": "Aprobado (O.M. 15/04/1999)", "Tipo_Linea": "Límite DPMT aprobado", "Label": "DL-70-TF (O.M. 15/04/1999)", "ID_SEGMENT": "38098002", "FIGURA": null, "Shape_Leng": 0.0, "VERTICES": "SI" }, "geometry": { "type": "LineString", "coordinates": [ [ -16.4252623, 28.4966127 ], [ -16.4252758, 28.4959699 ], [ -16.4252841, 28.4955764 ], [ -16.425557, 28.4954173 ], [ -16.4257849, 28.4947689 ], [ -16.4256257, 28.4945391 ], [ -16.4259534, 28.4942675 ], [ -16.4260988, 28.4940324 ], [ -16.4261469, 28.4938649 ], [ -16.4262102, 28.493499 ], [ -16.4263194, 28.4933001 ], [ -16.4262901, 28.493131 ], [ -16.4259104, 28.4927082 ], [ -16.4261061, 28.4919414 ], [ -16.4261927, 28.4916068 ], [ -16.4263531, 28.4909864 ], [ -16.4267119, 28.490951 ], [ -16.4267716, 28.490541 ], [ -16.4272281, 28.4899965 ], [ -16.4271784, 28.4894437 ], [ -16.4273271, 28.48934 ], [ -16.4273637, 28.4893145 ], [ -16.4273636, 28.4891848 ], [ -16.4273635, 28.4890981 ], [ -16.4271318, 28.4885166 ], [ -16.4276578, 28.4883853 ], [ -16.4279474, 28.4881905 ], [ -16.4282824, 28.4879652 ], [ -16.4283531, 28.4877006 ], [ -16.4284418, 28.4873685 ], [ -16.4286372, 28.4873019 ], [ -16.4289305, 28.4872018 ], [ -16.4292642, 28.4868751 ], [ -16.429453, 28.486689 ], [ -16.4294475, 28.4862784 ], [ -16.4294472, 28.4862541 ] ] } },
{ "type": "Feature", "properties": { "Layer": "0801DPMT", "IDTRAMO": 38100.0, "Provincia": "Santa Cruz de Tenerife", "Referencia": "DL-71-TF", "TM": "Tacoronte (Tenerife)", "Estado": "A", "OM": "2002-05-10", "Sit_Admin": "Aprobado (O.M. 10/05/2002)", "Tipo_Linea": "Límite DPMT aprobado", "Label": "DL-71-TF (O.M. 10/05/2002)", "ID_SEGMENT": "38100001", "FIGURA": null, "Shape_Leng": 0.0, "VERTICES": "SI" }, "geometry": { "type": "LineString", "coordinates": [ [ -16.4102795, 28.5265548 ], [ -16.4106646, 28.525982 ], [ -16.4107157, 28.5256025 ], [ -16.4110538, 28.5249369 ], [ -16.4113821, 28.5245014 ], [ -16.4112339, 28.5243001 ], [ -16.4115888, 28.524241 ], [ -16.4118973, 28.5239307 ], [ -16.4126684, 28.5234349 ], [ -16.4131223, 28.5231167 ], [ -16.4135351, 28.5228146 ], [ -16.413765, 28.5223995 ], [ -16.4140887, 28.5220244 ], [ -16.4145474, 28.5216024 ], [ -16.4147768, 28.5214154 ], [ -16.4150661, 28.5209964 ], [ -16.4153271, 28.520803 ], [ -16.4160237, 28.5206199 ], [ -16.4169352, 28.5203814 ], [ -16.4174925, 28.520179 ], [ -16.4177164, 28.5199317 ], [ -16.4175732, 28.5196137 ], [ -16.4176904, 28.5195012 ], [ -16.4184151, 28.5188704 ], [ -16.4189737, 28.5182653 ], [ -16.4195912, 28.5181749 ], [ -16.4200749, 28.5180491 ], [ -16.4201744, 28.5175448 ], [ -16.4206454, 28.5174826 ], [ -16.4211457, 28.5173276 ], [ -16.4208101, 28.5168666 ], [ -16.4208381, 28.5165338 ], [ -16.4210571, 28.5162636 ], [ -16.4212273, 28.5161916 ], [ -16.4212869, 28.5160563 ], [ -16.4207848, 28.5154759 ], [ -16.42086, 28.5152496 ], [ -16.4204542, 28.5147856 ], [ -16.4199849, 28.5137563 ], [ -16.4196689, 28.5129335 ], [ -16.4196341, 28.5122886 ], [ -16.4197924, 28.5117782 ], [ -16.420512, 28.5114089 ], [ -16.42053, 28.5112237 ], [ -16.4206565, 28.5106704 ], [ -16.4207549, 28.5105268 ], [ -16.4210738, 28.5096328 ], [ -16.4213437, 28.5092027 ], [ -16.421908, 28.5087878 ], [ -16.422014, 28.5089115 ], [ -16.4220524, 28.508925 ], [ -16.4222659, 28.5089365 ], [ -16.4223144, 28.5087611 ], [ -16.4221877, 28.5086606 ], [ -16.4222301, 28.5085522 ], [ -16.4220874, 28.5083612 ], [ -16.4219995, 28.5084355 ], [ -16.421796, 28.5087303 ], [ -16.4217608, 28.5087254 ], [ -16.4216736, 28.5085153 ], [ -16.4214651, 28.5082444 ], [ -16.4212156, 28.5082291 ], [ -16.4213387, 28.5080702 ], [ -16.4214736, 28.5078962 ], [ -16.4211949, 28.5077715 ], [ -16.4211016, 28.5076568 ], [ -16.4211712, 28.5074446 ], [ -16.4212026, 28.5072733 ], [ -16.4207718, 28.5072167 ], [ -16.4207603, 28.5069243 ], [ -16.4208692, 28.5067877 ], [ -16.4212689, 28.507 ], [ -16.4213319, 28.5069962 ], [ -16.4221466, 28.5067134 ], [ -16.4222869, 28.5067581 ], [ -16.4224929, 28.5069599 ], [ -16.4226756, 28.5069475 ], [ -16.4227452, 28.5070283 ], [ -16.4229229, 28.5069439 ], [ -16.4229426, 28.5068573 ], [ -16.4228333, 28.5067017 ], [ -16.4228461, 28.5065652 ], [ -16.4229934, 28.5063681 ], [ -16.4231919, 28.5063729 ], [ -16.4230573, 28.5062382 ], [ -16.4233475, 28.5060421 ], [ -16.4231784, 28.5058513 ], [ -16.4230141, 28.5058596 ], [ -16.4227818, 28.5057742 ], [ -16.4227503, 28.5057148 ], [ -16.4227199, 28.5052574 ], [ -16.4227592, 28.5050589 ], [ -16.4229701, 28.5046134 ], [ -16.4233083, 28.5045343 ], [ -16.423613, 28.504231 ], [ -16.4238517, 28.5041334 ], [ -16.4239713, 28.5041591 ] ] } },
{ "type": "Feature", "properties": { "Layer": "0801DPMT", "IDTRAMO": 38000.0, "Provincia": "Santa Cruz de Tenerife", "Referencia": "Discontinuidad", "TM": null, "Estado": "T", "Sit_Admin": "Provisional o en tramitación", "Tipo_Linea": "Límite DPMT provisional o en tramitación", "Label": "Discontinuidad", "ID_SEGMENT": "38000022", "FIGURA": null, "Shape_Leng": 0.0, "VERTICES": "SI" }, "geometry": { "type": "LineString", "coordinates": [ [ -16.4102795, 28.5265548 ], [ -16.4102193, 28.5265902 ] ] } },
{ "type": "Feature", "properties": { "Layer": "0801DPMT", "IDTRAMO": 38090.0, "Provincia": "Santa Cruz de Tenerife", "Referencia": "DL-72-TF", "TM": "Puerto de la Cruz (Tenerife)", "Estado": "A", "OM": "2002-03-20", "Sit_Admin": "Aprobado (O.M. 20/03/2002)", "Tipo_Linea": "Límite DPMT aprobado", "Label": "DL-72-TF (O.M. 20/03/2002)", "ID_SEGMENT": "38090001", "FIGURA": null, "Shape_Leng": 0.0, "VERTICES": "SI" }, "geometry": { "type": "LineString", "coordinates": [ [ -16.523139, 28.4170539 ], [ -16.5231895, 28.4169691 ], [ -16.5238406, 28.417078 ], [ -16.5242531, 28.4170214 ], [ -16.5246965, 28.4169611 ], [ -16.5248222, 28.4169982 ], [ -16.5252094, 28.4172867 ], [ -16.5254858, 28.4175968 ], [ -16.5257102, 28.4181799 ], [ -16.5260758, 28.4176632 ], [ -16.5263367, 28.4176935 ], [ -16.5264248, 28.417913 ], [ -16.5266109, 28.4175342 ], [ -16.5267313, 28.4174746 ], [ -16.5275466, 28.4176303 ], [ -16.5276826, 28.4175682 ], [ -16.5279526, 28.4176403 ], [ -16.5283104, 28.4173601 ], [ -16.5287582, 28.4174568 ], [ -16.5293736, 28.4177015 ], [ -16.5301993, 28.4176941 ], [ -16.5310283, 28.4174933 ], [ -16.5317982, 28.4170663 ], [ -16.5322817, 28.4168135 ], [ -16.5326437, 28.4166738 ], [ -16.5330364, 28.4165357 ], [ -16.5335799, 28.4165995 ], [ -16.5343902, 28.4168056 ], [ -16.5354519, 28.4168536 ], [ -16.5359089, 28.4169679 ], [ -16.5362495, 28.4168401 ], [ -16.5363925, 28.4168088 ], [ -16.5364895, 28.4168513 ], [ -16.536944, 28.4168656 ], [ -16.5371512, 28.416801 ], [ -16.537599, 28.416909 ], [ -16.5380102, 28.4170082 ], [ -16.5381856, 28.4168861 ], [ -16.5383857, 28.416954 ], [ -16.538502, 28.4169905 ], [ -16.5386046, 28.416745 ], [ -16.5387646, 28.4166779 ], [ -16.5390239, 28.4168183 ], [ -16.5391308, 28.4167901 ], [ -16.5394244, 28.4166286 ] ] } },
{ "type": "Feature", "properties": { "Layer": "0801DPMT", "IDTRAMO": 38089.0, "Provincia": "Santa Cruz de Tenerife", "Referencia": "DL-73-TF", "TM": "Puerto de la Cruz (Tenerife)", "Estado": "A", "OM": "1999-10-14", "Sit_Admin": "Aprobado (O.M. 14/10/1999)", "Tipo_Linea": "Límite DPMT aprobado", "Label": "DL-73-TF (O.M. 14/10/1999)", "ID_SEGMENT": "38089001", "FIGURA": null, "Shape_Leng": 0.0, "VERTICES": "SI" }, "geometry": { "type": "LineString", "coordinates": [ [ -16.5394244, 28.4166286 ], [ -16.5396376, 28.4164981 ], [ -16.5397471, 28.4164311 ], [ -16.5398262, 28.4164726 ], [ -16.5399034, 28.4165131 ], [ -16.5400403, 28.4166263 ], [ -16.5402824, 28.4166252 ], [ -16.5404475, 28.4166772 ], [ -16.5411774, 28.4170648 ], [ -16.5413563, 28.417235 ], [ -16.5414221, 28.417419 ], [ -16.5417001, 28.4185901 ], [ -16.5420872, 28.4189758 ], [ -16.5422427, 28.4190727 ], [ -16.5424256, 28.4191516 ], [ -16.5426229, 28.4192019 ], [ -16.5428178, 28.4192252 ], [ -16.5430123, 28.4192196 ], [ -16.5432316, 28.4191929 ], [ -16.5434097, 28.4191405 ], [ -16.5435747, 28.4190643 ], [ -16.5437576, 28.4189531 ], [ -16.5439051, 28.4188279 ], [ -16.544036, 28.4186857 ], [ -16.5444179, 28.41825 ], [ -16.5444639, 28.418292 ], [ -16.5446832, 28.4181511 ], [ -16.5448069, 28.4180857 ], [ -16.5448732, 28.418113 ], [ -16.5449677, 28.4180732 ], [ -16.545028, 28.4179647 ], [ -16.5453035, 28.4179767 ], [ -16.5453303, 28.4178839 ], [ -16.5453111, 28.4177784 ], [ -16.5453621, 28.4176962 ], [ -16.5455809, 28.4177147 ], [ -16.5456853, 28.4176504 ], [ -16.5457143, 28.4175277 ], [ -16.5459596, 28.41742 ], [ -16.5463633, 28.4173588 ], [ -16.5468321, 28.4173075 ], [ -16.546936, 28.4172923 ], [ -16.5469374, 28.4172918 ], [ -16.547128, 28.4172238 ], [ -16.5474815, 28.4171746 ], [ -16.547713, 28.4171968 ], [ -16.5478335, 28.4174075 ], [ -16.5478458, 28.4175148 ], [ -16.5478279, 28.417589 ], [ -16.5477801, 28.4177764 ], [ -16.5477908, 28.4178439 ], [ -16.548026, 28.4180836 ], [ -16.5479249, 28.4181835 ], [ -16.5481958, 28.4186637 ], [ -16.5485914, 28.4183501 ], [ -16.5488264, 28.4185072 ], [ -16.5497076, 28.4184187 ], [ -16.5497639, 28.4182899 ], [ -16.5500552, 28.4181737 ], [ -16.5501852, 28.4181641 ], [ -16.5502677, 28.4178708 ], [ -16.5501247, 28.4177244 ], [ -16.5501731, 28.4176097 ], [ -16.5503375, 28.4175067 ], [ -16.5506219, 28.4175276 ], [ -16.5506954, 28.4175861 ], [ -16.550809, 28.4177297 ] ] } },
{ "type": "Feature", "properties": { "Layer": "0801DPMT", "IDTRAMO": 38086.0, "Provincia": "Santa Cruz de Tenerife", "Referencia": "DL-74-TF", "TM": "Puerto de la Cruz (Tenerife)", "Estado": "A", "OM": "2000-09-08", "Sit_Admin": "Aprobado (O.M. 08/09/2000)", "Tipo_Linea": "Límite DPMT aprobado", "Label": "DL-74-TF (O.M. 08/09/2000)", "ID_SEGMENT": "38086001", "FIGURA": null, "Shape_Leng": 0.0, "VERTICES": "SI" }, "geometry": { "type": "LineString", "coordinates": [ [ -16.5582824, 28.4143629 ], [ -16.5583858, 28.4143993 ], [ -16.5584799, 28.4144818 ], [ -16.5586265, 28.4144487 ], [ -16.5586386, 28.4143163 ], [ -16.5584251, 28.414244 ], [ -16.5583077, 28.4134428 ], [ -16.5583901, 28.4132668 ], [ -16.5587357, 28.4126057 ], [ -16.559406, 28.4125486 ], [ -16.560057, 28.4124818 ], [ -16.5604706, 28.4124499 ], [ -16.5607804, 28.4121737 ], [ -16.5610628, 28.4119362 ], [ -16.5613501, 28.4116392 ], [ -16.5616537, 28.4113064 ], [ -16.562001, 28.4111781 ], [ -16.5623137, 28.4108877 ], [ -16.5625804, 28.4105817 ], [ -16.5627637, 28.4104365 ], [ -16.5628957, 28.4103859 ], [ -16.5631145, 28.4102914 ], [ -16.5631841, 28.4102886 ], [ -16.5633542, 28.4103133 ], [ -16.5634801, 28.4103549 ], [ -16.563639, 28.4104121 ], [ -16.5639359, 28.410513 ], [ -16.5639859, 28.4105963 ], [ -16.5639615, 28.4106888 ] ] } },
{ "type": "Feature", "properties": { "Layer": "0801DPMT", "IDTRAMO": 38085.0, "Provincia": "Santa Cruz de Tenerife", "Referencia": "DL-75-TF", "TM": "Puerto de la Cruz (Tenerife)", "Estado": "A", "OM": "2002-07-02", "Sit_Admin": "Aprobado (O.M. 02/07/2002)", "Tipo_Linea": "Límite DPMT aprobado", "Label": "DL-75-TF (O.M. 02/07/2002)", "ID_SEGMENT": "38085001", "FIGURA": null, "Shape_Leng": 0.0, "VERTICES": "SI" }, "geometry": { "type": "LineString", "coordinates": [ [ -16.5639615, 28.4106888 ], [ -16.5643405, 28.4109047 ], [ -16.5644201, 28.411015 ], [ -16.5643686, 28.4111731 ], [ -16.5644131, 28.4112557 ], [ -16.5647635, 28.4113753 ], [ -16.5646946, 28.4116077 ], [ -16.5645945, 28.4116078 ], [ -16.5645709, 28.4116709 ], [ -16.5645127, 28.4116769 ], [ -16.5645239, 28.4117838 ], [ -16.5646651, 28.4118022 ], [ -16.564639, 28.4119126 ], [ -16.5648449, 28.4119958 ], [ -16.5649561, 28.4120271 ], [ -16.5650724, 28.4117505 ], [ -16.5651703, 28.4115445 ], [ -16.5652243, 28.4114581 ], [ -16.565263, 28.4115236 ], [ -16.565194, 28.411751 ], [ -16.5654307, 28.4120759 ], [ -16.5655773, 28.4120333 ], [ -16.5655772, 28.4119561 ], [ -16.5656736, 28.4119406 ], [ -16.5657363, 28.4123513 ], [ -16.5659041, 28.4123369 ], [ -16.5662158, 28.4120424 ], [ -16.5661695, 28.4118668 ], [ -16.5662155, 28.4116829 ], [ -16.5663719, 28.4115364 ], [ -16.5663412, 28.4113818 ], [ -16.5662548, 28.411263 ], [ -16.566135, 28.4112404 ], [ -16.5660223, 28.411102 ], [ -16.5662143, 28.4109826 ], [ -16.5661867, 28.4108307 ], [ -16.5661904, 28.4107584 ], [ -16.5661859, 28.4106894 ], [ -16.5662485, 28.410561 ], [ -16.5662198, 28.4104055 ], [ -16.5663529, 28.4102 ], [ -16.5664252, 28.4101405 ], [ -16.5664299, 28.4100755 ], [ -16.5665834, 28.4099041 ], [ -16.5669548, 28.4096514 ], [ -16.5672477, 28.4093514 ], [ -16.5674258, 28.4092423 ], [ -16.5678164, 28.4090436 ], [ -16.5678953, 28.4089122 ], [ -16.5679719, 28.4088365 ], [ -16.5680714, 28.4087533 ], [ -16.5682391, 28.4086129 ], [ -16.5690827, 28.4082306 ], [ -16.5694427, 28.4079528 ], [ -16.5696583, 28.4077629 ], [ -16.5698432, 28.4077457 ], [ -16.5705174, 28.4079484 ] ] } },
{ "type": "Feature", "properties": { "Layer": "0801DPMT", "IDTRAMO": 38002.0, "Provincia": "Santa Cruz de Tenerife", "Referencia": "DL-76-TF", "TM": "Santa Cruz de Tenerife (Tenerife)", "Estado": "A", "OM": "2005-05-13", "Sit_Admin": "Aprobado (O.M. 13/05/2005)", "Tipo_Linea": "Límite DPMT aprobado", "Label": "DL-76-TF (O.M. 13/05/2005)", "ID_SEGMENT": "38002001", "FIGURA": null, "Shape_Leng": 0.0, "VERTICES": "SI" }, "geometry": { "type": "LineString", "coordinates": [ [ -16.1777506, 28.5812434 ], [ -16.1774371, 28.5812536 ], [ -16.1771751, 28.5813881 ], [ -16.1765681, 28.5814808 ], [ -16.176433, 28.5814479 ], [ -16.176005, 28.5812181 ], [ -16.1758253, 28.5813407 ], [ -16.1753041, 28.5811814 ], [ -16.1748149, 28.5812715 ], [ -16.1738294, 28.5818092 ], [ -16.1736001, 28.5821483 ], [ -16.1734956, 28.5822123 ], [ -16.173304, 28.5822258 ], [ -16.1732347, 28.5825194 ], [ -16.17294, 28.582982 ], [ -16.1724825, 28.5836205 ], [ -16.1720246, 28.5840315 ], [ -16.1718867, 28.5843002 ], [ -16.1715768, 28.5841155 ], [ -16.1713789, 28.584142 ], [ -16.170803, 28.5840268 ], [ -16.1705033, 28.5834965 ], [ -16.1698675, 28.5835359 ], [ -16.1695194, 28.5833381 ], [ -16.1681241, 28.5835515 ], [ -16.1680377, 28.5837354 ], [ -16.1680223, 28.5839585 ], [ -16.1674586, 28.5841426 ], [ -16.1669763, 28.5840942 ], [ -16.1667608, 28.5838671 ], [ -16.1665065, 28.5838249 ], [ -16.1661591, 28.5837672 ], [ -16.1652918, 28.5840523 ], [ -16.165227, 28.5844135 ], [ -16.164701, 28.5847628 ], [ -16.1645479, 28.585113 ], [ -16.1645559, 28.585136 ], [ -16.1647714, 28.5857556 ], [ -16.1639843, 28.5860801 ], [ -16.1633582, 28.5861457 ], [ -16.1624624, 28.5860448 ], [ -16.1621056, 28.5856234 ], [ -16.1613654, 28.5863184 ], [ -16.1609789, 28.5863877 ], [ -16.160495, 28.5866163 ], [ -16.1601261, 28.5871399 ], [ -16.1593136, 28.5876209 ], [ -16.1591782, 28.5877843 ], [ -16.1586021, 28.5881412 ], [ -16.1582969, 28.5882312 ], [ -16.1581129, 28.5882736 ], [ -16.1580759, 28.587943 ], [ -16.1572298, 28.5871531 ], [ -16.1556983, 28.5871261 ], [ -16.1551803, 28.5866243 ], [ -16.1543999, 28.5862019 ], [ -16.1538142, 28.5860826 ], [ -16.1529954, 28.5861511 ], [ -16.1527457, 28.5863284 ], [ -16.1522707, 28.5861984 ], [ -16.151297, 28.5861208 ], [ -16.1505078, 28.5870968 ], [ -16.1498059, 28.5867706 ], [ -16.1491913, 28.5866546 ], [ -16.1489275, 28.5863497 ], [ -16.1487226, 28.5859854 ], [ -16.148877, 28.585738 ], [ -16.1478309, 28.5850127 ], [ -16.147399, 28.5846431 ], [ -16.1469591, 28.5845466 ], [ -16.1465985, 28.5845151 ], [ -16.1461782, 28.5847338 ], [ -16.1458425, 28.5847657 ], [ -16.1457577, 28.5849953 ], [ -16.1454095, 28.5851079 ], [ -16.1452867, 28.585032 ], [ -16.1452118, 28.5846201 ], [ -16.1438069, 28.5843063 ], [ -16.1436152, 28.5845289 ], [ -16.1433354, 28.5846016 ], [ -16.1423974, 28.5843426 ], [ -16.1425307, 28.5842153 ], [ -16.1426717, 28.5838891 ], [ -16.1426159, 28.5837404 ], [ -16.1416906, 28.5835541 ], [ -16.1408469, 28.583707 ], [ -16.1403581, 28.5835196 ], [ -16.1400954, 28.5836066 ], [ -16.1393323, 28.5834012 ], [ -16.1386667, 28.5830997 ], [ -16.1385617, 28.5829332 ], [ -16.1378122, 28.5823897 ], [ -16.1374395, 28.5825242 ], [ -16.1366928, 28.5825607 ], [ -16.1369053, 28.5820369 ], [ -16.1365463, 28.5814106 ], [ -16.1360611, 28.5813235 ], [ -16.1358194, 28.5814287 ], [ -16.1354352, 28.5813161 ], [ -16.1351991, 28.5810448 ], [ -16.1350398, 28.581053 ], [ -16.1342785, 28.5808533 ], [ -16.1343769, 28.5805325 ], [ -16.1350037, 28.5805527 ], [ -16.1351039, 28.5804859 ], [ -16.1353582, 28.5801796 ], [ -16.1352248, 28.5798244 ], [ -16.1352247, 28.5798242 ], [ -16.1351049, 28.5795053 ], [ -16.1349709, 28.5793915 ], [ -16.134991, 28.5793133 ], [ -16.1350908, 28.5792763 ], [ -16.1352372, 28.5790644 ], [ -16.1353079, 28.5786033 ], [ -16.1354103, 28.5783956 ], [ -16.1351871, 28.5782764 ], [ -16.1352793, 28.5780975 ], [ -16.1354248, 28.5778343 ], [ -16.1361538, 28.5775113 ], [ -16.1354163, 28.5773363 ], [ -16.1355092, 28.5771649 ], [ -16.1354277, 28.5768632 ], [ -16.1351402, 28.576428 ], [ -16.1346934, 28.5761913 ], [ -16.1352141, 28.5753438 ], [ -16.1352641, 28.5752059 ], [ -16.1346311, 28.5748476 ], [ -16.1348627, 28.5740235 ], [ -16.1345422, 28.5737548 ], [ -16.1346164, 28.5735169 ], [ -16.1339997, 28.5727519 ], [ -16.1336918, 28.5728418 ], [ -16.1332013, 28.5728615 ], [ -16.132576, 28.5733429 ], [ -16.1323689, 28.5733288 ], [ -16.1323581, 28.5735673 ], [ -16.1321554, 28.5739109 ], [ -16.1321996, 28.5741028 ], [ -16.132047, 28.5741815 ], [ -16.1318295, 28.5744742 ], [ -16.1317016, 28.574171 ], [ -16.1315951, 28.5737742 ], [ -16.1309535, 28.5733063 ], [ -16.1304235, 28.5733823 ], [ -16.129671, 28.5730741 ], [ -16.1294955, 28.5729175 ], [ -16.1293683, 28.5724116 ], [ -16.1284899, 28.5725692 ], [ -16.1285704, 28.5722721 ], [ -16.1284433, 28.571895 ], [ -16.1284532, 28.5716614 ], [ -16.128513, 28.5714973 ], [ -16.1283822, 28.5714367 ], [ -16.1279672, 28.5716881 ], [ -16.1277998, 28.5715667 ], [ -16.1276209, 28.5714924 ], [ -16.1275004, 28.5713075 ], [ -16.1274855, 28.571076 ], [ -16.1268821, 28.5705465 ], [ -16.1271055, 28.5700753 ], [ -16.1272831, 28.5697679 ], [ -16.1272558, 28.5695562 ], [ -16.1268679, 28.5692432 ], [ -16.1263875, 28.5686883 ], [ -16.1263764, 28.5685337 ], [ -16.1261159, 28.5680757 ], [ -16.1261459, 28.5679534 ], [ -16.1263283, 28.5677856 ], [ -16.1259351, 28.5673117 ], [ -16.1260652, 28.5671825 ], [ -16.1265233, 28.5669515 ], [ -16.1266739, 28.5669251 ], [ -16.1270419, 28.5665423 ], [ -16.1271221, 28.5657313 ], [ -16.1270515, 28.5655487 ], [ -16.1268754, 28.5654474 ], [ -16.1268494, 28.5652077 ], [ -16.1271219, 28.5651195 ], [ -16.1267568, 28.5648719 ], [ -16.1265529, 28.5646191 ], [ -16.1264698, 28.5644615 ], [ -16.1265377, 28.5644192 ], [ -16.1265097, 28.5643502 ], [ -16.1267045, 28.5640303 ], [ -16.1268103, 28.5638989 ], [ -16.1268673, 28.563695 ], [ -16.1268335, 28.5633945 ], [ -16.1267227, 28.5632681 ], [ -16.1264989, 28.5632544 ], [ -16.1263674, 28.5631871 ], [ -16.1259729, 28.5632339 ], [ -16.1261576, 28.5630315 ], [ -16.1263989, 28.5625749 ], [ -16.126516, 28.5625003 ], [ -16.1262518, 28.5621225 ], [ -16.1258811, 28.5623544 ], [ -16.1258216, 28.5623442 ], [ -16.1257354, 28.5614001 ], [ -16.1243359, 28.5612386 ], [ -16.1241724, 28.5607734 ], [ -16.1242373, 28.560649 ], [ -16.1238834, 28.5603402 ], [ -16.1235542, 28.5596828 ], [ -16.1239884, 28.5595233 ], [ -16.1237098, 28.559279 ], [ -16.1234323, 28.5589314 ], [ -16.1231599, 28.5588446 ], [ -16.1227993, 28.5588139 ], [ -16.1225514, 28.5589879 ], [ -16.1225112, 28.558966 ], [ -16.1225072, 28.5587985 ], [ -16.1221693, 28.558592 ], [ -16.1222977, 28.5584504 ], [ -16.1221169, 28.558324 ], [ -16.1219672, 28.5584405 ], [ -16.1217276, 28.5583961 ], [ -16.1212703, 28.5585339 ], [ -16.1212031, 28.558474 ], [ -16.1215473, 28.5582947 ], [ -16.121371, 28.5581254 ], [ -16.1214445, 28.5579906 ], [ -16.1210982, 28.5578885 ], [ -16.1209775, 28.5574714 ], [ -16.1206759, 28.5571672 ], [ -16.1206521, 28.5566919 ], [ -16.1207486, 28.5564127 ], [ -16.1203425, 28.5556905 ], [ -16.1201909, 28.5555467 ], [ -16.1199593, 28.5554266 ], [ -16.1199894, 28.5551949 ], [ -16.1204001, 28.5550858 ], [ -16.1203879, 28.5549502 ], [ -16.1205554, 28.5548197 ], [ -16.1207278, 28.5544828 ], [ -16.120891, 28.5538029 ], [ -16.1208749, 28.5535264 ], [ -16.1206253, 28.5531819 ], [ -16.1206579, 28.5529322 ], [ -16.1211913, 28.5524342 ], [ -16.1213421, 28.5520415 ], [ -16.1211722, 28.5518539 ], [ -16.1216439, 28.5513554 ], [ -16.122329, 28.5508751 ], [ -16.1225712, 28.5508646 ], [ -16.1234388, 28.551063 ], [ -16.1236594, 28.5510046 ], [ -16.1237506, 28.5509136 ], [ -16.1243387, 28.5506003 ], [ -16.1245912, 28.5504791 ], [ -16.1249351, 28.5503308 ], [ -16.1250406, 28.5501822 ], [ -16.1248242, 28.5499637 ], [ -16.1248426, 28.5498922 ], [ -16.125091, 28.5498767 ], [ -16.1253181, 28.5497445 ], [ -16.1254036, 28.5494187 ], [ -16.1253488, 28.548994 ], [ -16.1258115, 28.5484669 ], [ -16.126113, 28.5484641 ], [ -16.1265637, 28.5486702 ], [ -16.1266221, 28.5484786 ], [ -16.1264544, 28.5482771 ], [ -16.1265885, 28.5481605 ], [ -16.1270467, 28.5480921 ], [ -16.1271672, 28.5476863 ], [ -16.1270799, 28.5474408 ], [ -16.1274151, 28.5473467 ], [ -16.127233, 28.5468152 ], [ -16.1277017, 28.5463313 ], [ -16.1280118, 28.546401 ], [ -16.1285448, 28.546082 ], [ -16.1282432, 28.5458653 ], [ -16.1280523, 28.545785 ], [ -16.1282154, 28.545518 ], [ -16.1279899, 28.5452216 ], [ -16.1279677, 28.5446281 ], [ -16.1275769, 28.5441076 ], [ -16.1277055, 28.5439436 ], [ -16.1276166, 28.5435805 ], [ -16.1271019, 28.5433368 ], [ -16.127178, 28.5431529 ], [ -16.1272497, 28.5426424 ], [ -16.1280822, 28.5420718 ], [ -16.1285294, 28.5418733 ], [ -16.1283242, 28.5417206 ], [ -16.1286442, 28.5412239 ], [ -16.1284103, 28.5406997 ], [ -16.1281707, 28.5407485 ], [ -16.128231, 28.5403534 ], [ -16.1285385, 28.5404832 ], [ -16.1287852, 28.5405293 ], [ -16.1289445, 28.5401241 ], [ -16.1291618, 28.5401194 ], [ -16.1291371, 28.5398157 ], [ -16.1294266, 28.5397192 ], [ -16.1293269, 28.5392807 ], [ -16.1291509, 28.538912 ], [ -16.129102, 28.5384616 ], [ -16.12894, 28.5380364 ], [ -16.1292749, 28.5379056 ], [ -16.1292427, 28.5376447 ], [ -16.1299573, 28.5371606 ], [ -16.1300551, 28.5369267 ], [ -16.1299816, 28.5361068 ], [ -16.1298092, 28.5357336 ], [ -16.1296822, 28.5354992 ], [ -16.1288843, 28.5352719 ], [ -16.1284217, 28.5347352 ], [ -16.1282459, 28.534756 ], [ -16.1272935, 28.5342514 ], [ -16.1272072, 28.5340673 ], [ -16.1272323, 28.5339242 ], [ -16.1270698, 28.533612 ], [ -16.1264316, 28.5336059 ], [ -16.1262233, 28.5335172 ], [ -16.1262342, 28.5333062 ], [ -16.1263157, 28.5330856 ], [ -16.1266861, 28.5328344 ], [ -16.1265308, 28.5324221 ], [ -16.1265664, 28.5323757 ], [ -16.1268007, 28.532456 ], [ -16.1270376, 28.5326371 ], [ -16.1274386, 28.5331028 ], [ -16.1282305, 28.5332085 ], [ -16.128317, 28.5335165 ], [ -16.1286105, 28.5337217 ], [ -16.1289952, 28.5336503 ], [ -16.1291098, 28.533708 ], [ -16.129397, 28.5338525 ], [ -16.1293733, 28.5341973 ], [ -16.1293698, 28.5345099 ], [ -16.129601, 28.5350048 ], [ -16.1297968, 28.5351717 ], [ -16.1300646, 28.5353177 ], [ -16.1303264, 28.5353703 ], [ -16.130385, 28.5353821 ], [ -16.1309761, 28.5354242 ], [ -16.1313902, 28.535467 ], [ -16.1314371, 28.5356873 ], [ -16.1317158, 28.5358295 ], [ -16.132156, 28.5358512 ], [ -16.1320777, 28.5357134 ], [ -16.1319561, 28.5354992 ], [ -16.1327244, 28.5355572 ], [ -16.1330848, 28.5353497 ], [ -16.1335954, 28.534892 ], [ -16.1342153, 28.5347153 ], [ -16.1345868, 28.5343846 ] ] } },
{ "type": "Feature", "properties": { "Layer": "0801DPMT", "IDTRAMO": 38055.0, "Provincia": "Santa Cruz de Tenerife", "Referencia": "DL-93-TF", "TM": "Arona (Tenerife)", "Estado": "A", "OM": "2007-07-17", "Sit_Admin": "Aprobado (O.M. 17/07/2007)", "Tipo_Linea": "Límite DPMT aprobado", "Label": "DL-93-TF (O.M. 17/07/2007)", "ID_SEGMENT": "38055001", "FIGURA": null, "Shape_Leng": 0.0, "VERTICES": "SI" }, "geometry": { "type": "LineString", "coordinates": [ [ -16.7322211, 28.0668898 ], [ -16.7322062, 28.0668289 ], [ -16.7321989, 28.0667344 ], [ -16.7322507, 28.0666738 ], [ -16.7323442, 28.066651 ], [ -16.7324102, 28.0666889 ], [ -16.7326296, 28.0666203 ], [ -16.7327015, 28.0665571 ], [ -16.7327204, 28.0664663 ], [ -16.7325816, 28.0659611 ], [ -16.7324544, 28.0656815 ], [ -16.7323943, 28.0655402 ], [ -16.7323881, 28.0653371 ], [ -16.73238, 28.0651465 ], [ -16.7323444, 28.0648556 ], [ -16.7325991, 28.0640403 ], [ -16.7328522, 28.0632667 ], [ -16.7329738, 28.0628769 ], [ -16.7330552, 28.0627547 ], [ -16.7333964, 28.0623829 ], [ -16.733923, 28.0618142 ], [ -16.7345405, 28.0611596 ], [ -16.7352901, 28.0603598 ], [ -16.7353927, 28.0602105 ], [ -16.7355416, 28.0598218 ], [ -16.7357917, 28.0590706 ], [ -16.7360443, 28.0582556 ], [ -16.7361935, 28.0577757 ], [ -16.7362399, 28.0575504 ], [ -16.7363718, 28.0570776 ], [ -16.7364618, 28.0568031 ], [ -16.7362136, 28.0567359 ], [ -16.7364065, 28.0562119 ] ] } },
{ "type": "Feature", "properties": { "Layer": "0801DPMT", "IDTRAMO": 38052.0, "Provincia": "Santa Cruz de Tenerife", "Referencia": "DL-94-TF", "TM": "Arona (Tenerife)", "Estado": "A", "OM": "2013-07-05", "Sit_Admin": "Aprobado (O.M. 05/07/2013)", "Tipo_Linea": "Límite DPMT aprobado", "Label": "DL-94-TF (O.M. 05/07/2013)", "ID_SEGMENT": "38052001", "FIGURA": null, "Shape_Leng": 0.0, "VERTICES": "SI" }, "geometry": { "type": "LineString", "coordinates": [ [ -16.7085854, 28.0408829 ], [ -16.7085751, 28.0402356 ], [ -16.7086572, 28.0398583 ], [ -16.7083055, 28.0391303 ], [ -16.7086147, 28.0385596 ], [ -16.7085722, 28.0382513 ], [ -16.7088158, 28.037775 ], [ -16.7086713, 28.037251 ], [ -16.7091881, 28.036567 ], [ -16.7098361, 28.0357898 ], [ -16.7097164, 28.0351633 ], [ -16.7093156, 28.0347732 ], [ -16.708776, 28.0347185 ], [ -16.7083257, 28.0345443 ], [ -16.7085644, 28.0342377 ], [ -16.7089745, 28.0339138 ], [ -16.708892, 28.0335336 ], [ -16.7090726, 28.0329334 ], [ -16.7087068, 28.032568 ], [ -16.708534, 28.0322997 ], [ -16.7084051, 28.0317532 ], [ -16.7080667, 28.0314035 ], [ -16.7076014, 28.0311592 ], [ -16.7069626, 28.0311138 ], [ -16.7065379, 28.0311498 ], [ -16.7060725, 28.0306104 ], [ -16.7062407, 28.0302853 ], [ -16.7060181, 28.0297535 ], [ -16.7058526, 28.0296591 ], [ -16.7057272, 28.0295005 ], [ -16.7054565, 28.0294703 ], [ -16.7050989, 28.0292427 ], [ -16.7045599, 28.0289845 ], [ -16.7045112, 28.0285488 ], [ -16.704428, 28.0277956 ], [ -16.7043693, 28.0271749 ], [ -16.7043202, 28.0267274 ], [ -16.7046714, 28.0255285 ], [ -16.7050312, 28.0250006 ], [ -16.7053351, 28.0241268 ], [ -16.7054383, 28.0234244 ], [ -16.7048658, 28.0229808 ], [ -16.7050149, 28.0224383 ], [ -16.7055614, 28.0223244 ], [ -16.7057147, 28.0217213 ], [ -16.7058011, 28.021542 ], [ -16.7061338, 28.0213209 ] ] } },
{ "type": "Feature", "properties": { "Layer": "0801DPMT", "IDTRAMO": 38069.0, "Provincia": "Santa Cruz de Tenerife", "Referencia": "DL-96-TF", "TM": "Guía de Isora (Tenerife)", "Estado": "A", "OM": "2005-10-06", "Sit_Admin": "Aprobado (O.M. 06/10/2005)", "Tipo_Linea": "Límite DPMT aprobado", "Label": "DL-96-TF (O.M. 06/10/2005)", "ID_SEGMENT": "38069001", "FIGURA": null, "Shape_Leng": 0.0, "VERTICES": "SI" }, "geometry": { "type": "LineString", "coordinates": [ [ -16.8244491, 28.1911344 ], [ -16.8240675, 28.1911899 ], [ -16.82382, 28.1911832 ], [ -16.8237127, 28.1911934 ], [ -16.8234323, 28.1909726 ], [ -16.8230901, 28.1904602 ], [ -16.8230536, 28.1903989 ], [ -16.823125, 28.1902536 ], [ -16.8231537, 28.1899905 ], [ -16.8232013, 28.1899078 ], [ -16.8233934, 28.1895255 ], [ -16.8234152, 28.1894319 ], [ -16.8234144, 28.1893797 ], [ -16.8233423, 28.1891874 ], [ -16.8230327, 28.1891381 ], [ -16.8229653, 28.1890279 ], [ -16.8230182, 28.1888785 ], [ -16.8229042, 28.1887974 ], [ -16.8226585, 28.1884327 ], [ -16.822636, 28.1883086 ], [ -16.8225232, 28.1882863 ], [ -16.8223642, 28.1881075 ], [ -16.8221207, 28.1879027 ], [ -16.8219474, 28.1878884 ], [ -16.8219363, 28.187513 ], [ -16.8214887, 28.1867813 ], [ -16.821329, 28.1866554 ], [ -16.8207223, 28.1856411 ], [ -16.8209257, 28.1851471 ], [ -16.821118, 28.1849986 ], [ -16.8211241, 28.1849204 ], [ -16.8207588, 28.18475 ], [ -16.8207758, 28.1844912 ], [ -16.8208425, 28.1842497 ], [ -16.8207259, 28.1839848 ], [ -16.8202693, 28.1837677 ], [ -16.8202609, 28.1837336 ], [ -16.8202868, 28.1836335 ], [ -16.8206139, 28.1836514 ], [ -16.8205878, 28.1835404 ], [ -16.8203702, 28.1835137 ], [ -16.8202466, 28.1832307 ], [ -16.8202781, 28.1829141 ], [ -16.8203431, 28.1828381 ], [ -16.8203388, 28.1826315 ], [ -16.8200817, 28.1826625 ], [ -16.8198878, 28.1824985 ], [ -16.8196715, 28.1824404 ], [ -16.8194756, 28.1822362 ], [ -16.819325, 28.1821956 ] ] } },
{ "type": "Feature", "properties": { "Layer": "0801DPMT", "IDTRAMO": 38067.0, "Provincia": "Santa Cruz de Tenerife", "Referencia": "DL-97-TF", "TM": "Guía de Isora (Tenerife)", "Estado": "A", "OM": "2002-02-27", "Sit_Admin": "Aprobado (O.M. 27/02/2002)", "Tipo_Linea": "Límite DPMT aprobado", "Label": "DL-97-TF (O.M. 27/02/2002)", "ID_SEGMENT": "38067001", "FIGURA": null, "Shape_Leng": 0.0, "VERTICES": "SI" }, "geometry": { "type": "LineString", "coordinates": [ [ -16.8054575, 28.1724918 ], [ -16.8053546, 28.172422 ], [ -16.8051644, 28.1720408 ], [ -16.8049095, 28.171957 ], [ -16.8049509, 28.1715811 ], [ -16.8051158, 28.1714398 ], [ -16.8054057, 28.1712071 ], [ -16.8054142, 28.1710795 ], [ -16.8052943, 28.1710244 ], [ -16.8044656, 28.1708241 ], [ -16.8042646, 28.170667 ], [ -16.8041447, 28.1704275 ], [ -16.804142, 28.1702736 ], [ -16.8042835, 28.1700932 ], [ -16.8045882, 28.1692232 ], [ -16.8044401, 28.1689888 ], [ -16.8051603, 28.1684254 ], [ -16.8057527, 28.1681788 ], [ -16.8053258, 28.1682698 ], [ -16.8050747, 28.1681413 ], [ -16.8049619, 28.1680082 ], [ -16.8049325, 28.167702 ], [ -16.8049798, 28.1672064 ], [ -16.8051024, 28.1666546 ], [ -16.8051322, 28.1659317 ], [ -16.8052253, 28.1658314 ], [ -16.8050452, 28.1654041 ], [ -16.8049494, 28.1651408 ], [ -16.8050214, 28.1649069 ], [ -16.8050391, 28.1646877 ], [ -16.8051228, 28.1646327 ], [ -16.805037, 28.1641152 ], [ -16.8051904, 28.1637421 ], [ -16.8052132, 28.163548 ], [ -16.8055634, 28.1632268 ], [ -16.8053625, 28.1624802 ], [ -16.8053267, 28.1621873 ], [ -16.8052532, 28.1621057 ], [ -16.8048089, 28.1619905 ], [ -16.8045971, 28.1617355 ], [ -16.8044197, 28.1613293 ], [ -16.8044948, 28.1608885 ], [ -16.8044651, 28.1607162 ], [ -16.8043743, 28.1606397 ], [ -16.8040683, 28.1602795 ], [ -16.8038614, 28.1597975 ], [ -16.8038519, 28.1595919 ], [ -16.8037391, 28.1593797 ], [ -16.8037606, 28.159146 ], [ -16.803821, 28.1590726 ], [ -16.8034203, 28.1587717 ], [ -16.8034113, 28.1585297 ], [ -16.8038035, 28.1582596 ], [ -16.8040295, 28.1579986 ], [ -16.8038722, 28.1578583 ], [ -16.8037033, 28.1577076 ], [ -16.803592, 28.1573536 ], [ -16.8031744, 28.1571964 ], [ -16.8031772, 28.1569603 ], [ -16.8033738, 28.1568079 ], [ -16.8031196, 28.1567115 ], [ -16.8029624, 28.1567792 ], [ -16.802756, 28.1568709 ], [ -16.8023163, 28.1570252 ], [ -16.8018004, 28.1568505 ], [ -16.8015546, 28.1568422 ], [ -16.8014004, 28.156837 ] ] } },
{ "type": "Feature", "properties": { "Layer": "0801DPMT", "IDTRAMO": 38053.0, "Provincia": "Santa Cruz de Tenerife", "Referencia": "DL-98-TF", "TM": "Arona (Tenerife)", "Estado": "A", "OM": "2006-11-30", "Sit_Admin": "Aprobado (O.M. 30/11/2006)", "Tipo_Linea": "Límite DPMT aprobado", "Label": "DL-98-TF (O.M. 30/11/2006)", "ID_SEGMENT": "38053002", "FIGURA": null, "Shape_Leng": 0.0, "VERTICES": "SI" }, "geometry": { "type": "LineString", "coordinates": [ [ -16.7198743, 28.049941 ], [ -16.719807, 28.050034 ], [ -16.7197999, 28.0500439 ], [ -16.7197864, 28.0500763 ], [ -16.7196911, 28.0502148 ], [ -16.7197569, 28.0502409 ], [ -16.7197724, 28.050247 ], [ -16.7197334, 28.0503062 ], [ -16.7196204, 28.0504778 ], [ -16.719491, 28.0504987 ], [ -16.7193607, 28.0507509 ], [ -16.7191544, 28.0508189 ], [ -16.7190297, 28.0508888 ], [ -16.7187652, 28.0508751 ], [ -16.7186596, 28.0509007 ], [ -16.7184289, 28.0509198 ], [ -16.7183299, 28.0509263 ], [ -16.7182154, 28.0509321 ], [ -16.7180868, 28.0509387 ], [ -16.7175762, 28.0508609 ], [ -16.7175438, 28.0510391 ], [ -16.7175362, 28.0510812 ], [ -16.7174598, 28.0510258 ], [ -16.7173886, 28.050974 ], [ -16.7173078, 28.0508184 ], [ -16.7169608, 28.0507566 ], [ -16.716426, 28.0506171 ], [ -16.7155559, 28.0503802 ], [ -16.7153665, 28.0502211 ], [ -16.7148342, 28.049711 ], [ -16.714628, 28.0495888 ], [ -16.714409, 28.0494617 ], [ -16.7142198, 28.0493531 ], [ -16.7137308, 28.04908 ], [ -16.7135189, 28.0489009 ], [ -16.7134512, 28.0488365 ], [ -16.7132694, 28.0486777 ], [ -16.7131321, 28.0485614 ], [ -16.7129952, 28.0484474 ], [ -16.7124954, 28.0483593 ], [ -16.7123098, 28.0482545 ], [ -16.7117182, 28.0478169 ], [ -16.7115005, 28.0475948 ], [ -16.7111315, 28.0472062 ], [ -16.7109762, 28.0469577 ], [ -16.7109349, 28.0468704 ], [ -16.7108387, 28.046696 ], [ -16.7107603, 28.0464055 ], [ -16.7107242, 28.046114 ], [ -16.7107341, 28.0458175 ], [ -16.7107897, 28.0454231 ], [ -16.7109045, 28.0446496 ] ] } },
{ "type": "Feature", "properties": { "Layer": "0801DPMT", "IDTRAMO": 38068.0, "Provincia": "Santa Cruz de Tenerife", "Referencia": "DL-99-TF", "TM": "Guía de Isora (Tenerife)", "Estado": "A", "OM": "2005-03-31", "Sit_Admin": "Aprobado (O.M. 31/03/2005)", "Tipo_Linea": "Límite DPMT aprobado", "Label": "DL-99-TF (O.M. 31/03/2005)", "ID_SEGMENT": "38068001", "FIGURA": null, "Shape_Leng": 0.0, "VERTICES": "SI" }, "geometry": { "type": "LineString", "coordinates": [ [ -16.819325, 28.1821956 ], [ -16.81932, 28.1821935 ], [ -16.8192069, 28.1821454 ], [ -16.8190014, 28.1820905 ], [ -16.8188543, 28.1820051 ], [ -16.8189208, 28.1817664 ], [ -16.8189886, 28.1815977 ], [ -16.8193141, 28.1812954 ], [ -16.8191805, 28.1809048 ], [ -16.8189008, 28.1807033 ], [ -16.8186047, 28.1805971 ], [ -16.8185969, 28.1804656 ], [ -16.8180901, 28.1801836 ], [ -16.8178016, 28.1800229 ], [ -16.817629, 28.1801281 ], [ -16.8173386, 28.1801306 ], [ -16.8169782, 28.1800501 ], [ -16.8164905, 28.1801534 ], [ -16.8162753, 28.180169 ], [ -16.8161548, 28.180066 ], [ -16.8159038, 28.1801137 ], [ -16.8156804, 28.1801332 ], [ -16.815406, 28.1802202 ], [ -16.8151473, 28.1803575 ], [ -16.8150907, 28.1804125 ], [ -16.8148266, 28.1805611 ], [ -16.8146298, 28.180538 ], [ -16.8143507, 28.1805055 ], [ -16.814099, 28.1806408 ], [ -16.8139334, 28.180626 ], [ -16.8135301, 28.1804919 ], [ -16.8131455, 28.1803354 ], [ -16.8128483, 28.1801948 ], [ -16.8126159, 28.1800653 ], [ -16.8122221, 28.1797595 ], [ -16.8119736, 28.179608 ], [ -16.811873, 28.179524 ], [ -16.8117338, 28.1792974 ], [ -16.8116041, 28.1791185 ], [ -16.8112718, 28.1789717 ], [ -16.8108695, 28.1787211 ], [ -16.8108443, 28.1784528 ], [ -16.8106298, 28.1781927 ], [ -16.8104702, 28.1781724 ], [ -16.810433, 28.1781261 ], [ -16.8105823, 28.1779748 ], [ -16.8104723, 28.177692 ], [ -16.8103219, 28.1776498 ], [ -16.810233, 28.1774978 ], [ -16.8101489, 28.1774108 ], [ -16.8101679, 28.1772924 ], [ -16.8100555, 28.1772027 ], [ -16.8098008, 28.1770874 ], [ -16.8098803, 28.1766004 ], [ -16.8092189, 28.1764262 ], [ -16.8086547, 28.1762304 ], [ -16.8082469, 28.176089 ], [ -16.8076496, 28.1755575 ], [ -16.807616, 28.1754374 ], [ -16.8076493, 28.1749978 ], [ -16.8076246, 28.1747527 ], [ -16.8074233, 28.1746365 ], [ -16.8071886, 28.1745703 ], [ -16.806909, 28.1746337 ], [ -16.8065017, 28.1744973 ], [ -16.8067189, 28.1741668 ], [ -16.8069639, 28.1739339 ], [ -16.8072872, 28.1737777 ], [ -16.8073704, 28.1735879 ], [ -16.807307, 28.1735005 ], [ -16.8069641, 28.1734354 ], [ -16.8070346, 28.1731728 ], [ -16.8071846, 28.1728835 ], [ -16.8070363, 28.1726084 ], [ -16.8065469, 28.1723302 ], [ -16.8062751, 28.1722835 ], [ -16.8056188, 28.1724844 ], [ -16.8054575, 28.1724918 ] ] } },
{ "type": "Feature", "properties": { "Layer": "0801DPMT", "IDTRAMO": 38053.0, "Provincia": "Santa Cruz de Tenerife", "Referencia": "DL-98-TF", "TM": "Arona (Tenerife)", "Estado": "A", "OM": "2006-11-30", "Sit_Admin": "Aprobado (O.M. 30/11/2006)", "Tipo_Linea": "Límite DPMT aprobado", "Label": "DL-98-TF (O.M. 30/11/2006)", "ID_SEGMENT": "38053007", "FIGURA": null, "Shape_Leng": 0.0, "VERTICES": "SI" }, "geometry": { "type": "LineString", "coordinates": [ [ -16.7113366, 28.0440046 ], [ -16.7104858, 28.0438416 ], [ -16.7102883, 28.0437477 ], [ -16.7101936, 28.0436023 ], [ -16.7098969, 28.043049 ], [ -16.7095383, 28.0424816 ], [ -16.7093355, 28.0421932 ], [ -16.7088641, 28.0416602 ], [ -16.7086128, 28.0409651 ], [ -16.7085854, 28.0408829 ] ] } },
{ "type": "Feature", "properties": { "Layer": "0801DPMT", "IDTRAMO": 38194.0, "Provincia": "Santa Cruz de Tenerife", "Referencia": "DL-98-TF (modificación)", "TM": "Arona (Tenerife)", "Estado": "A", "OM": "2016-10-19", "Sit_Admin": "Aprobado (O.M. 19/10/2016)", "Tipo_Linea": "Límite DPMT aprobado", "Label": "DL-98-TF (modificación) (O.M. 19/10/2016)", "ID_SEGMENT": "38194001", "FIGURA": null, "Shape_Leng": 0.0, "VERTICES": "SI" }, "geometry": { "type": "LineString", "coordinates": [ [ -16.7109045, 28.0446496 ], [ -16.7111139, 28.0448308 ], [ -16.711416, 28.044854 ], [ -16.7116051, 28.0447543 ], [ -16.7117102, 28.04465 ], [ -16.7116376, 28.0445278 ], [ -16.7116078, 28.0443618 ], [ -16.7116038, 28.0441667 ], [ -16.7114342, 28.0441376 ], [ -16.7113617, 28.0439944 ], [ -16.7113366, 28.0440046 ] ] } },
{ "type": "Feature", "properties": { "Layer": "0801DPMT", "IDTRAMO": 38013.0, "Provincia": "Santa Cruz de Tenerife", "Referencia": "DL-107-TF", "TM": "Candelaria (Tenerife)", "Estado": "A", "OM": "2006-05-22", "Sit_Admin": "Aprobado (O.M. 22/05/2006)", "Tipo_Linea": "Límite DPMT aprobado", "Label": "DL-107-TF (O.M. 22/05/2006)", "ID_SEGMENT": "38013003", "FIGURA": null, "Shape_Leng": 0.0, "VERTICES": "SI" }, "geometry": { "type": "LineString", "coordinates": [ [ -16.3449129, 28.3918944 ], [ -16.3445595, 28.3919016 ], [ -16.3438752, 28.3923695 ], [ -16.3435938, 28.3926066 ], [ -16.3433613, 28.3926391 ], [ -16.3431329, 28.392837 ], [ -16.3428414, 28.3927524 ], [ -16.3425979, 28.3934572 ], [ -16.3423191, 28.3939803 ], [ -16.3415445, 28.3943197 ], [ -16.3410431, 28.3944635 ], [ -16.3406827, 28.3944254 ], [ -16.3402792, 28.3945344 ], [ -16.3402475, 28.3946014 ], [ -16.3401392, 28.3946285 ], [ -16.3401353, 28.3947865 ], [ -16.3399296, 28.3948091 ], [ -16.3398041, 28.3951297 ], [ -16.3397443, 28.3951951 ], [ -16.3396684, 28.3953854 ], [ -16.3393293, 28.3957351 ], [ -16.3389409, 28.3960002 ], [ -16.3387256, 28.396109 ], [ -16.3385109, 28.3961844 ], [ -16.3382112, 28.3963319 ], [ -16.3378348, 28.3965487 ], [ -16.3374789, 28.3966497 ], [ -16.3374488, 28.3966664 ] ] } },
{ "type": "Feature", "properties": { "Layer": "0801DPMT", "IDTRAMO": 38012.0, "Provincia": "Santa Cruz de Tenerife", "Referencia": "DL-132-TF", "TM": "El Rosario (Tenerife)", "Estado": "T", "Sit_Admin": "Provisional o en tramitación", "Tipo_Linea": "Límite DPMT provisional o en tramitación", "Label": "DL-132-TF", "ID_SEGMENT": "38012002", "FIGURA": null, "Shape_Leng": 0.0, "VERTICES": "NO" }, "geometry": { "type": "LineString", "coordinates": [ [ -16.3374488, 28.3966664 ], [ -16.3375635, 28.3968412 ], [ -16.3374512, 28.396908 ], [ -16.337326, 28.3968949 ], [ -16.3372576, 28.3968115 ], [ -16.3372474, 28.3967161 ], [ -16.3372088, 28.3965313 ], [ -16.3371386, 28.396483 ], [ -16.3369514, 28.3968563 ], [ -16.3366165, 28.3968797 ], [ -16.3364915, 28.396822 ], [ -16.3363812, 28.3969439 ], [ -16.3361885, 28.3968449 ], [ -16.3358793, 28.3969603 ], [ -16.3356438, 28.3969991 ], [ -16.335484, 28.3969602 ], [ -16.3354602, 28.3969779 ], [ -16.3353895, 28.397029 ], [ -16.3353944, 28.397263 ], [ -16.3352854, 28.3974642 ], [ -16.3350725, 28.3977021 ], [ -16.3353537, 28.3976755 ], [ -16.3353687, 28.3977415 ], [ -16.3356853, 28.3978541 ], [ -16.335797, 28.3978363 ], [ -16.3358383, 28.3978679 ], [ -16.3358753, 28.3979317 ], [ -16.3358395, 28.3979669 ], [ -16.3358036, 28.3979923 ], [ -16.3357082, 28.3979781 ], [ -16.3356452, 28.3979556 ], [ -16.3353388, 28.3980062 ], [ -16.3352743, 28.3982101 ], [ -16.3350916, 28.3982086 ], [ -16.3352004, 28.3983198 ], [ -16.3353289, 28.3985263 ], [ -16.3352414, 28.3987558 ], [ -16.3349578, 28.3990901 ], [ -16.3347439, 28.3991724 ], [ -16.3348102, 28.3993173 ], [ -16.3344894, 28.3997465 ], [ -16.3344296, 28.3999158 ], [ -16.3343278, 28.4002006 ], [ -16.3341212, 28.4004767 ], [ -16.33375, 28.400687 ], [ -16.3332875, 28.4009488 ], [ -16.33299, 28.4010399 ], [ -16.33299, 28.4010399 ] ] } },
{ "type": "Feature", "properties": { "Layer": "0801DPMT", "IDTRAMO": 38193.0, "Provincia": "Santa Cruz de Tenerife", "Referencia": "DL-107-TF (modificación)", "TM": "Candelaria (Tenerife)", "Estado": "A", "OM": "2013-02-25", "Sit_Admin": "Aprobado (O.M. 25/02/2013)", "Tipo_Linea": "Límite DPMT aprobado", "Label": "DL-107-TF (modificación) (O.M. 25/02/2013)", "ID_SEGMENT": "38193001", "FIGURA": null, "Shape_Leng": 0.0, "VERTICES": "NO" }, "geometry": { "type": "LineString", "coordinates": [ [ -16.347032, 28.3870094 ], [ -16.3464933, 28.3876626 ], [ -16.3463316, 28.3882186 ], [ -16.3459605, 28.3887285 ], [ -16.3454195, 28.3895442 ], [ -16.3450232, 28.3903161 ], [ -16.3447686, 28.3908251 ], [ -16.3445704, 28.3908442 ], [ -16.3447036, 28.3911006 ], [ -16.3449234, 28.3913989 ], [ -16.3450441, 28.3916355 ], [ -16.3449129, 28.3918944 ] ] } },
{ "type": "Feature", "properties": { "Layer": "0801DPMT", "IDTRAMO": 38032.0, "Provincia": "Santa Cruz de Tenerife", "Referencia": "DL-33-TF", "TM": "Fasnia (Tenerife)", "Estado": "A", "OM": "1998-08-12", "Sit_Admin": "Aprobado (O.M. 12/08/1998)", "Tipo_Linea": "Límite DPMT aprobado", "Label": "DL-33-TF (O.M. 12/08/1998)", "ID_SEGMENT": "38032004", "FIGURA": null, "Shape_Leng": 0.0, "VERTICES": "SI" }, "geometry": { "type": "LineString", "coordinates": [ [ -16.4145089, 28.2195781 ], [ -16.4145053, 28.219582 ], [ -16.4143068, 28.2198037 ], [ -16.4141146, 28.2198875 ], [ -16.413786, 28.2199588 ], [ -16.413697, 28.2198394 ], [ -16.4135736, 28.2196514 ], [ -16.4133177, 28.2198983 ], [ -16.4134067, 28.2200769 ], [ -16.4135392, 28.2201486 ], [ -16.4137733, 28.2201357 ], [ -16.4138775, 28.2202801 ], [ -16.4139678, 28.2205085 ], [ -16.4139188, 28.2206311 ], [ -16.41371, 28.2206971 ], [ -16.4135467, 28.2206167 ], [ -16.4134402, 28.2208429 ], [ -16.4136175, 28.2210873 ], [ -16.4137402, 28.2211082 ], [ -16.413823, 28.2212414 ], [ -16.4136972, 28.2214785 ], [ -16.413608, 28.2215918 ], [ -16.4135796, 28.2217923 ], [ -16.4134607, 28.2220195 ], [ -16.4130997, 28.2221055 ], [ -16.4127623, 28.2223172 ], [ -16.4124737, 28.222321 ], [ -16.4116623, 28.2220994 ] ] } },
{ "type": "Feature", "properties": { "Layer": "0801DPMT", "IDTRAMO": 38041.0, "Provincia": "Santa Cruz de Tenerife", "Referencia": "DL-56-TF", "TM": "Granadilla de Abona (Tenerife)", "Estado": "A", "OM": "2000-08-01", "Sit_Admin": "Aprobado (O.M. 01/08/2000)", "Tipo_Linea": "Límite DPMT aprobado", "Label": "DL-56-TF (O.M. 01/08/2000)", "ID_SEGMENT": "38041001", "FIGURA": null, "Shape_Leng": 0.0, "VERTICES": "SI" }, "geometry": { "type": "LineString", "coordinates": [ [ -16.497508, 28.0784049 ], [ -16.4977173, 28.0784568 ], [ -16.4978728, 28.0786626 ], [ -16.4978389, 28.0787894 ], [ -16.4975499, 28.0788557 ], [ -16.4977125, 28.0792538 ], [ -16.4973253, 28.0795333 ], [ -16.4970896, 28.0794203 ], [ -16.4971786, 28.0799699 ], [ -16.4968468, 28.0802578 ], [ -16.4968054, 28.0798431 ], [ -16.4964152, 28.0792201 ], [ -16.4962844, 28.0793253 ], [ -16.4964718, 28.0796346 ], [ -16.4962589, 28.0796911 ], [ -16.4959337, 28.0797217 ], [ -16.4953914, 28.079511 ], [ -16.494939, 28.079173 ], [ -16.4945569, 28.079132 ], [ -16.4942193, 28.0793704 ], [ -16.4938187, 28.0791022 ], [ -16.4930719, 28.0795543 ], [ -16.4934963, 28.0800714 ], [ -16.4935693, 28.0803014 ], [ -16.4935597, 28.0807692 ], [ -16.4928881, 28.0806123 ], [ -16.4926054, 28.0811389 ], [ -16.4927931, 28.0818363 ], [ -16.4925, 28.0819839 ], [ -16.4927039, 28.0823941 ], [ -16.491912, 28.0824795 ], [ -16.4916125, 28.0831461 ], [ -16.4922568, 28.0833515 ], [ -16.4925345, 28.08344 ], [ -16.4921284, 28.0844298 ], [ -16.4920264, 28.0846821 ], [ -16.4917877, 28.0852724 ], [ -16.4914515, 28.0859816 ], [ -16.4914641, 28.0860244 ], [ -16.4915133, 28.0861364 ], [ -16.491562, 28.0863672 ], [ -16.4916401, 28.0866262 ], [ -16.4916404, 28.0866272 ], [ -16.4916954, 28.0868097 ], [ -16.4917005, 28.087173 ], [ -16.4916802, 28.0878277 ], [ -16.4916182, 28.0881262 ], [ -16.4910214, 28.0880244 ], [ -16.4909796, 28.0883137 ], [ -16.4913065, 28.0887704 ], [ -16.4908572, 28.0894782 ], [ -16.4904603, 28.0901034 ], [ -16.4902507, 28.0904335 ], [ -16.4899563, 28.0904864 ], [ -16.4893159, 28.090543 ], [ -16.4889957, 28.0913064 ], [ -16.4887556, 28.0912368 ], [ -16.4885597, 28.0917876 ], [ -16.4878764, 28.0916868 ], [ -16.4874411, 28.0918584 ], [ -16.4875062, 28.0921511 ], [ -16.4870841, 28.0921647 ], [ -16.4872403, 28.0924247 ], [ -16.4864564, 28.0927762 ], [ -16.4860215, 28.0929704 ], [ -16.4856812, 28.0930192 ], [ -16.485609, 28.0929478 ], [ -16.4855483, 28.0931266 ], [ -16.4857026, 28.0934129 ], [ -16.4856114, 28.0934788 ], [ -16.4852184, 28.0933186 ], [ -16.4849995, 28.0933688 ], [ -16.4845898, 28.0931481 ], [ -16.4843939, 28.0931267 ], [ -16.4844329, 28.0933423 ], [ -16.484009, 28.0937307 ], [ -16.4836764, 28.0940355 ], [ -16.4833266, 28.0942248 ], [ -16.4833983, 28.0944657 ], [ -16.483733, 28.0947015 ], [ -16.4842129, 28.0950395 ], [ -16.4841146, 28.0952094 ], [ -16.4835905, 28.0949271 ], [ -16.4831817, 28.0947069 ], [ -16.4828191, 28.0948165 ], [ -16.4825593, 28.0950544 ], [ -16.4822437, 28.0954211 ], [ -16.4815483, 28.0963142 ] ] } },
{ "type": "Feature", "properties": { "Layer": "0801DPMT", "IDTRAMO": 38056.0, "Provincia": "Santa Cruz de Tenerife", "Referencia": "DL-106-TF", "TM": "Adeje (Tenerife)", "Estado": "A", "OM": "2000-09-28", "Sit_Admin": "Aprobado (O.M. 28/09/2000)", "Tipo_Linea": "Límite DPMT aprobado", "Label": "DL-106-TF (O.M. 28/09/2000)", "ID_SEGMENT": "38056001", "FIGURA": null, "Shape_Leng": 0.0, "VERTICES": "SI" }, "geometry": { "type": "LineString", "coordinates": [ [ -16.7332121, 28.0733654 ], [ -16.7331638, 28.0733694 ], [ -16.7329859, 28.0732278 ], [ -16.7329566, 28.0732056 ], [ -16.7326686, 28.072906 ], [ -16.7326992, 28.0728929 ], [ -16.7324065, 28.0726064 ], [ -16.7324005, 28.0724828 ], [ -16.7324487, 28.0724178 ], [ -16.7324441, 28.0718297 ], [ -16.7325836, 28.0716007 ], [ -16.7326575, 28.0710237 ], [ -16.7325429, 28.0701702 ], [ -16.732462, 28.0696357 ], [ -16.7325179, 28.0696283 ], [ -16.7325692, 28.0691759 ], [ -16.7326159, 28.0690788 ], [ -16.7326425, 28.068995 ], [ -16.7327225, 28.0689317 ], [ -16.732667, 28.0688499 ], [ -16.7325706, 28.0687894 ], [ -16.7324669, 28.0688353 ], [ -16.7324261, 28.0687019 ], [ -16.732449, 28.0684923 ], [ -16.7324458, 28.0679208 ], [ -16.7324336, 28.0677969 ], [ -16.7322484, 28.0669929 ], [ -16.7322211, 28.0668898 ] ] } },
{ "type": "Feature", "properties": { "Layer": "0801DPMT", "IDTRAMO": 38013.0, "Provincia": "Santa Cruz de Tenerife", "Referencia": "DL-107-TF", "TM": "Candelaria (Tenerife)", "Estado": "A", "OM": "2006-05-22", "Sit_Admin": "Aprobado (O.M. 22/05/2006)", "Tipo_Linea": "Límite DPMT aprobado", "Label": "DL-107-TF (O.M. 22/05/2006)", "ID_SEGMENT": "38013002", "FIGURA": null, "Shape_Leng": 0.0, "VERTICES": "SI" }, "geometry": { "type": "LineString", "coordinates": [ [ -16.3523702, 28.3851813 ], [ -16.3519022, 28.3851752 ], [ -16.3517932, 28.3851701 ], [ -16.3516986, 28.3853955 ], [ -16.3516595, 28.3857202 ], [ -16.3513971, 28.3858705 ], [ -16.3511878, 28.3857938 ], [ -16.3509337, 28.3859344 ], [ -16.3503617, 28.3858867 ], [ -16.3501372, 28.3860305 ], [ -16.3493028, 28.386374 ], [ -16.3490326, 28.386382 ], [ -16.3488691, 28.3864879 ], [ -16.3483781, 28.3864594 ], [ -16.3479926, 28.3869676 ], [ -16.3472529, 28.3867478 ], [ -16.347032, 28.3870094 ] ] } },
{ "type": "Feature", "properties": { "Layer": "0801DPMT", "IDTRAMO": 38195.0, "Provincia": "Santa Cruz de Tenerife", "Referencia": "DL-107-TF (anulado)", "TM": "Candelaria (Tenerife)", "Estado": "T", "Sit_Admin": "Provisional o en tramitación", "Tipo_Linea": "Límite DPMT provisional o en tramitación", "Label": "DL-107-TF (anulado)", "ID_SEGMENT": "38195001", "FIGURA": null, "Shape_Leng": 0.0, "VERTICES": "SI" }, "geometry": { "type": "LineString", "coordinates": [ [ -16.3531448, 28.3847371 ], [ -16.3527374, 28.3849791 ], [ -16.3523702, 28.3851813 ] ] } },
{ "type": "Feature", "properties": { "Layer": "0801DPMT", "IDTRAMO": 38198.0, "Provincia": "Santa Cruz de Tenerife", "Referencia": "DL-110-TF (anulado)", "TM": "Candelaria (Tenerife)", "Estado": "T", "Sit_Admin": "Provisional o en tramitación", "Tipo_Linea": "Límite DPMT provisional o en tramitación", "Label": "DL-110-TF (anulado)", "ID_SEGMENT": "38198001", "FIGURA": null, "Shape_Leng": 0.0, "VERTICES": "SI" }, "geometry": { "type": "LineString", "coordinates": [ [ -16.3645146, 28.3630722 ], [ -16.3642867, 28.3632595 ], [ -16.3641624, 28.3635305 ] ] } },
{ "type": "Feature", "properties": { "Layer": "0801DPMT", "IDTRAMO": 38025.0, "Provincia": "Santa Cruz de Tenerife", "Referencia": "DES01/17/38/0001-DES07/01", "TM": "Güímar (Tenerife)", "Estado": "A", "OM": "2018-11-12", "Sit_Admin": "Aprobado (O.M. 12/11/2018)", "Tipo_Linea": "Límite DPMT aprobado", "Label": "DES01/17/38/0001-DES07/01 (O.M. 12/11/2018)", "ID_SEGMENT": "38025001", "FIGURA": null, "Shape_Leng": 0.0, "VERTICES": "SI" }, "geometry": { "type": "LineString", "coordinates": [ [ -16.3767446, 28.2924803 ], [ -16.3765399, 28.2928646 ], [ -16.3764972, 28.2930685 ], [ -16.3761778, 28.2934055 ], [ -16.3758727, 28.2937253 ], [ -16.3756249, 28.2939699 ], [ -16.3754827, 28.2938596 ], [ -16.3753196, 28.2940105 ] ] } },
{ "type": "Feature", "properties": { "Layer": "0801DPMT", "IDTRAMO": 38057.0, "Provincia": "Santa Cruz de Tenerife", "Referencia": "DL-105-TF", "TM": "Adeje (Tenerife)", "Estado": "A", "OM": "2006-09-22", "Sit_Admin": "Aprobado (O.M. 22/09/2006)", "Tipo_Linea": "Límite DPMT aprobado", "Label": "DL-105-TF (O.M. 22/09/2006)", "ID_SEGMENT": "38057002", "FIGURA": null, "Shape_Leng": 0.0, "VERTICES": "SI" }, "geometry": { "type": "LineString", "coordinates": [ [ -16.7419174, 28.0899342 ], [ -16.741764, 28.0898089 ], [ -16.7414234, 28.0897176 ], [ -16.7412515, 28.0898777 ], [ -16.7409303, 28.089824 ], [ -16.7404992, 28.0900073 ], [ -16.7401079, 28.0897487 ], [ -16.7404628, 28.0893453 ], [ -16.7407177, 28.0889546 ], [ -16.7406601, 28.0886234 ], [ -16.7404305, 28.0886426 ], [ -16.7399034, 28.0888764 ], [ -16.7393584, 28.0885603 ], [ -16.7389463, 28.0883089 ], [ -16.7387515, 28.0881634 ], [ -16.7382933, 28.0878158 ], [ -16.73785, 28.0872716 ], [ -16.737405, 28.0867298 ], [ -16.7369968, 28.085896 ], [ -16.7366079, 28.0850682 ], [ -16.7363558, 28.0845675 ] ] } },
{ "type": "Feature", "properties": { "Layer": "0801DPMT", "IDTRAMO": 38200.0, "Provincia": "Santa Cruz de Tenerife", "Referencia": "DL-105-TF (modificación)", "TM": "Adeje (Tenerife)", "Estado": "A", "OM": "2011-08-30", "Sit_Admin": "Aprobado (O.M. 30/08/2011)", "Tipo_Linea": "Límite DPMT aprobado", "Label": "DL-105-TF (modificación) (O.M. 30/08/2011)", "ID_SEGMENT": "38200001", "FIGURA": null, "Shape_Leng": 0.0, "VERTICES": "SI" }, "geometry": { "type": "LineString", "coordinates": [ [ -16.7363558, 28.0845675 ], [ -16.7360454, 28.0840277 ], [ -16.7356348, 28.0831968 ], [ -16.7355925, 28.0830309 ] ] } },
{ "type": "Feature", "properties": { "Layer": "0801DPMT", "IDTRAMO": 38045.0, "Provincia": "Santa Cruz de Tenerife", "Referencia": "DL-52-TF", "TM": "Granadilla de Abona (Tenerife)", "Estado": "A", "OM": "2002-11-25", "Sit_Admin": "Aprobado (O.M. 25/11/2002)", "Tipo_Linea": "Límite DPMT aprobado", "Label": "DL-52-TF (O.M. 25/11/2002)", "ID_SEGMENT": "38045002", "FIGURA": null, "Shape_Leng": 0.0, "VERTICES": "SI" }, "geometry": { "type": "LineString", "coordinates": [ [ -16.5643033, 28.0296363 ], [ -16.5640908, 28.0297109 ], [ -16.5639675, 28.0296293 ], [ -16.5638561, 28.0296612 ], [ -16.5635419, 28.0300872 ] ] } },
{ "type": "Feature", "properties": { "Layer": "0801DPMT", "IDTRAMO": 38204.0, "Provincia": "Santa Cruz de Tenerife", "Referencia": "DL-52-TF (modificación)", "TM": "Granadilla de Abona (Tenerife)", "Estado": "A", "OM": "2021-02-12", "Sit_Admin": "Aprobado (O.M. 12/02/2021)", "Tipo_Linea": "Límite DPMT aprobado", "Label": "DL-52-TF (modificación) (O.M. 12/02/2021)", "ID_SEGMENT": "38204001", "FIGURA": null, "Shape_Leng": 0.0, "VERTICES": "SI" }, "geometry": { "type": "LineString", "coordinates": [ [ -16.5635419, 28.0300872 ], [ -16.5633901, 28.0301174 ], [ -16.5632756, 28.0302839 ], [ -16.5628571, 28.030357 ], [ -16.5627328, 28.0304717 ], [ -16.5625588, 28.0306389 ], [ -16.5623863, 28.0306286 ], [ -16.5621211, 28.0307761 ], [ -16.5619582, 28.03089 ], [ -16.5615653, 28.0311342 ], [ -16.5613364, 28.0312182 ], [ -16.5611742, 28.0313233 ], [ -16.5610164, 28.0314713 ], [ -16.5608543, 28.0317029 ], [ -16.5608114, 28.0318849 ], [ -16.5610034, 28.0327699 ], [ -16.560959, 28.0327674 ] ] } },
{ "type": "Feature", "properties": { "Layer": "0801DPMT", "IDTRAMO": 38011.0, "Provincia": "Santa Cruz de Tenerife", "Referencia": "DES01/08/38/0001", "TM": "El Rosario (Tenerife)", "Estado": "A", "OM": "2010-06-21", "Sit_Admin": "Aprobado (O.M. 21/06/2010)", "Tipo_Linea": "Límite DPMT aprobado", "Label": "DES01/08/38/0001 (O.M. 21/06/2010)", "ID_SEGMENT": "38011002", "FIGURA": null, "Shape_Leng": 0.0, "VERTICES": "SI" }, "geometry": { "type": "LineString", "coordinates": [ [ -16.3310307, 28.4018747 ], [ -16.3311823, 28.4019173 ], [ -16.3312531, 28.4018763 ], [ -16.331222, 28.4017734 ], [ -16.3312856, 28.4017109 ], [ -16.3313403, 28.4017084 ], [ -16.3314951, 28.4016664 ], [ -16.3316099, 28.4015979 ], [ -16.3318551, 28.4015182 ], [ -16.3319866, 28.4014569 ], [ -16.332133, 28.4013514 ], [ -16.3322841, 28.4013954 ], [ -16.332498, 28.4012983 ], [ -16.332684, 28.4011439 ], [ -16.3327199, 28.4011317 ], [ -16.3327994, 28.4011046 ], [ -16.33299, 28.4010399 ] ] } },
{ "type": "Feature", "properties": { "Layer": "0801DPMT", "IDTRAMO": 38205.0, "Provincia": "Santa Cruz de Tenerife", "Referencia": "DES01/08/38/0001-DES07/01", "TM": "El Rosario (Tenerife)", "Estado": "A", "OM": "2019-10-01", "Sit_Admin": "Aprobado (O.M. 01/10/2019)", "Tipo_Linea": "Límite DPMT aprobado", "Label": "DES01/08/38/0001-DES07/01 (O.M. 01/10/2019)", "ID_SEGMENT": "38205001", "FIGURA": null, "Shape_Leng": 0.0, "VERTICES": "SI" }, "geometry": { "type": "LineString", "coordinates": [ [ -16.3305592, 28.4019192 ], [ -16.3305591, 28.401919 ], [ -16.3306203, 28.4018792 ], [ -16.3306334, 28.4018747 ], [ -16.3306466, 28.4018653 ], [ -16.3306484, 28.4018726 ], [ -16.3306558, 28.4018871 ], [ -16.3307646, 28.4018938 ], [ -16.3307707, 28.401889 ], [ -16.330801, 28.4018953 ], [ -16.3308207, 28.4019007 ], [ -16.3308295, 28.4019054 ], [ -16.3308383, 28.401903 ], [ -16.3308436, 28.4018985 ], [ -16.3308517, 28.401895 ], [ -16.3308613, 28.4018957 ], [ -16.3308664, 28.4018997 ], [ -16.3308668, 28.4019038 ], [ -16.3308908, 28.4019026 ], [ -16.3309798, 28.4018843 ], [ -16.3310307, 28.4018747 ] ] } },
{ "type": "Feature", "properties": { "Layer": "0801DPMT", "IDTRAMO": 38039.0, "Provincia": "Santa Cruz de Tenerife", "Referencia": "DL-34-TF", "TM": "Arico (Tenerife)", "Estado": "A", "OM": "2022-11-21", "Sit_Admin": "Aprobado (O.M. 21/11/2022)", "Tipo_Linea": "Límite DPMT aprobado", "Label": "DL-34-TF (O.M. 21/11/2022)", "ID_SEGMENT": "38039001", "FIGURA": null, "Shape_Leng": 0.0, "VERTICES": "SI" }, "geometry": { "type": "LineString", "coordinates": [ [ -16.4735392, 28.1042967 ], [ -16.4732039, 28.1044568 ], [ -16.4730638, 28.1045299 ], [ -16.4729153, 28.1045698 ], [ -16.4728482, 28.1047252 ], [ -16.4727789, 28.1049811 ], [ -16.4727261, 28.1052022 ], [ -16.4727225, 28.1052301 ], [ -16.47273, 28.1053364 ], [ -16.4727554, 28.1055256 ], [ -16.4727983, 28.1056056 ], [ -16.4728418, 28.1058074 ], [ -16.4729256, 28.1058609 ], [ -16.4730293, 28.1062218 ], [ -16.4730972, 28.1063701 ], [ -16.4730759, 28.1064931 ], [ -16.4731916, 28.1065182 ], [ -16.4733034, 28.1066787 ], [ -16.473122, 28.1069695 ], [ -16.4730177, 28.107314 ], [ -16.4733706, 28.1076432 ], [ -16.4734165, 28.107699 ], [ -16.4734261, 28.1077824 ], [ -16.4732347, 28.1078863 ], [ -16.4729326, 28.1078647 ], [ -16.4728217, 28.107882 ], [ -16.4727292, 28.1079932 ], [ -16.4726872, 28.1081321 ], [ -16.4727677, 28.1081655 ], [ -16.472819, 28.1082042 ], [ -16.472881, 28.1082381 ], [ -16.4729195, 28.1082757 ], [ -16.4729663, 28.1083647 ], [ -16.473016, 28.108439 ], [ -16.4730092, 28.1085251 ], [ -16.4729693, 28.1086052 ], [ -16.4729119, 28.1086551 ], [ -16.4728438, 28.1086821 ], [ -16.4727591, 28.1086691 ], [ -16.4726792, 28.108629 ], [ -16.4726443, 28.1086233 ], [ -16.4723716, 28.1085583 ], [ -16.4721911, 28.1085793 ], [ -16.4721481, 28.1086112 ], [ -16.4718499, 28.1089348 ], [ -16.471622, 28.1091842 ], [ -16.471457, 28.1093325 ], [ -16.4714222, 28.1093053 ], [ -16.4713046, 28.1093872 ], [ -16.4712919, 28.1093332 ], [ -16.4713357, 28.1091645 ], [ -16.4712997, 28.1090638 ], [ -16.471219, 28.1089376 ], [ -16.471198, 28.1086518 ], [ -16.4707207, 28.1086869 ], [ -16.4705327, 28.1089699 ], [ -16.4703104, 28.1090573 ], [ -16.4702686, 28.1091087 ], [ -16.4702502, 28.1091204 ], [ -16.4699278, 28.109247 ], [ -16.4696854, 28.1095709 ], [ -16.4695084, 28.1097251 ], [ -16.4690909, 28.1098002 ], [ -16.4689796, 28.1097617 ] ] } },
{ "type": "Feature", "properties": { "Layer": "0801DPMT", "IDTRAMO": 38095.0, "Provincia": "Santa Cruz de Tenerife", "Referencia": "DES01/99/38/0094-DES10/01", "TM": "La Matanza de Acentejo (Tenerife)", "Estado": "T", "Sit_Admin": "Provisional o en tramitación", "Tipo_Linea": "Límite DPMT provisional o en tramitación", "Label": "DES01/99/38/0094-DES10/01", "ID_SEGMENT": "38095001", "FIGURA": null, "Shape_Leng": 0.0, "VERTICES": "SI" }, "geometry": { "type": "LineString", "coordinates": [ [ -16.455074, 28.4658002 ], [ -16.4552791, 28.465332 ], [ -16.4551824, 28.4648696 ], [ -16.4550577, 28.4642733 ], [ -16.4544233, 28.4636729 ], [ -16.4541729, 28.4631692 ], [ -16.4538816, 28.4625835 ], [ -16.4539304, 28.4621937 ], [ -16.4540291, 28.4614045 ], [ -16.4537903, 28.46091 ], [ -16.4534987, 28.4603062 ], [ -16.4540561, 28.4598235 ], [ -16.4546191, 28.459336 ], [ -16.4552583, 28.4587825 ], [ -16.4560474, 28.4585795 ], [ -16.4566483, 28.4584249 ], [ -16.4572072, 28.4579645 ], [ -16.4579128, 28.4573832 ], [ -16.4587559, 28.4566887 ], [ -16.4596961, 28.4570215 ], [ -16.4607021, 28.4573776 ], [ -16.4618788, 28.4577941 ], [ -16.4625662, 28.4580374 ], [ -16.4628671, 28.4584197 ], [ -16.4630086, 28.4585002 ], [ -16.4630066, 28.4585638 ], [ -16.4630329, 28.4586151 ], [ -16.4632068, 28.4587172 ], [ -16.4633071, 28.4587549 ], [ -16.4633781, 28.4588211 ], [ -16.4634472, 28.4588012 ], [ -16.4635186, 28.4588376 ], [ -16.4635977, 28.4588323 ], [ -16.4636652, 28.4588673 ], [ -16.4637353, 28.4589343 ], [ -16.4638238, 28.4588775 ], [ -16.463822, 28.4588351 ], [ -16.4637852, 28.4586674 ], [ -16.4637538, 28.458553 ], [ -16.4638055, 28.4583344 ], [ -16.4638218, 28.4582606 ], [ -16.4639244, 28.4582198 ], [ -16.4643032, 28.4582352 ], [ -16.464374, 28.4582653 ], [ -16.4644718, 28.4582953 ], [ -16.4645662, 28.4584424 ], [ -16.4646225, 28.4585717 ], [ -16.4646502, 28.4586823 ], [ -16.4646045, 28.4588781 ], [ -16.4645693, 28.4588852 ], [ -16.4646209, 28.458992 ], [ -16.4647246, 28.4592324 ], [ -16.4648156, 28.4592585 ], [ -16.4653845, 28.4592022 ], [ -16.4656448, 28.4591919 ], [ -16.4660251, 28.4592889 ], [ -16.4661387, 28.4592454 ], [ -16.4661765, 28.4591376 ], [ -16.4659941, 28.4588203 ], [ -16.4659287, 28.4586582 ], [ -16.4658508, 28.4585359 ], [ -16.4658197, 28.4583881 ], [ -16.4657792, 28.4582069 ], [ -16.4660071, 28.4574115 ], [ -16.4664881, 28.4569868 ], [ -16.466537, 28.456719 ], [ -16.4665281, 28.4565883 ], [ -16.4665723, 28.4564862 ], [ -16.4666233, 28.4559107 ], [ -16.4666464, 28.4552501 ], [ -16.4673769, 28.4548471 ], [ -16.4679766, 28.4546878 ], [ -16.4686289, 28.4545145 ], [ -16.4695243, 28.4543746 ], [ -16.4698217, 28.4543874 ], [ -16.4700728, 28.4544895 ], [ -16.4701997, 28.4546281 ], [ -16.470281, 28.4548479 ], [ -16.4708233, 28.4551881 ], [ -16.4711001, 28.4551067 ], [ -16.4718869, 28.4551344 ], [ -16.4719295, 28.454922 ], [ -16.4724582, 28.4545861 ], [ -16.4725518, 28.4539712 ], [ -16.473176, 28.4534905 ], [ -16.4734091, 28.4533861 ], [ -16.4732476, 28.4531191 ], [ -16.4733109, 28.453016 ], [ -16.4732726, 28.4527712 ], [ -16.473041, 28.4524628 ], [ -16.4726949, 28.4521955 ], [ -16.4724663, 28.4516321 ], [ -16.4720622, 28.4514531 ], [ -16.4716498, 28.4512716 ], [ -16.471259, 28.4511723 ], [ -16.4706434, 28.4507411 ], [ -16.4704876, 28.4506862 ], [ -16.4702983, 28.4501825 ], [ -16.4701151, 28.4497564 ], [ -16.4695007, 28.4492532 ], [ -16.469024, 28.4488628 ], [ -16.4693007, 28.4482557 ], [ -16.4696161, 28.4475637 ], [ -16.4698711, 28.4470041 ], [ -16.4698718, 28.4470026 ], [ -16.4699145, 28.4469089 ], [ -16.4705021, 28.446668 ], [ -16.4714532, 28.4469827 ], [ -16.4717826, 28.4467661 ], [ -16.4722544, 28.4461316 ], [ -16.4722271, 28.4452335 ], [ -16.4725334, 28.4448338 ], [ -16.4728837, 28.4443765 ], [ -16.4733304, 28.444238 ], [ -16.4740788, 28.4446859 ], [ -16.4736516, 28.4441776 ], [ -16.4731672, 28.4436013 ], [ -16.4736446, 28.4433055 ], [ -16.4741179, 28.4430123 ], [ -16.4743229, 28.4428894 ] ] } },
{ "type": "Feature", "properties": { "Layer": "0801DPMT", "IDTRAMO": 38071.0, "Provincia": "Santa Cruz de Tenerife", "Referencia": "DL-95-TF", "TM": "Guía de Isora (Tenerife)", "Estado": "A", "OM": "2002-04-17", "Sit_Admin": "Aprobado (O.M. 17/04/2002)", "Tipo_Linea": "Límite DPMT aprobado", "Label": "DL-95-TF (O.M. 17/04/2002)", "ID_SEGMENT": "38071001", "FIGURA": null, "Shape_Leng": 0.0, "VERTICES": "SI" }, "geometry": { "type": "LineString", "coordinates": [ [ -16.8391589, 28.2263571 ], [ -16.8391019, 28.2261606 ], [ -16.8390381, 28.2259279 ], [ -16.8389045, 28.2257919 ], [ -16.838813, 28.2258028 ], [ -16.8384898, 28.2255191 ], [ -16.8385505, 28.2254482 ], [ -16.8385177, 28.2250386 ], [ -16.8386993, 28.2247602 ], [ -16.8386647, 28.2245981 ], [ -16.8385046, 28.2244484 ], [ -16.8381841, 28.2244226 ], [ -16.8381506, 28.2243132 ], [ -16.8381206, 28.2243007 ], [ -16.8379798, 28.2238805 ], [ -16.8379467, 28.2237819 ], [ -16.838033, 28.2236604 ], [ -16.8381836, 28.2234482 ], [ -16.8382424, 28.223398 ], [ -16.8383542, 28.2233025 ], [ -16.8386096, 28.2231709 ], [ -16.8386148, 28.2230974 ], [ -16.8392422, 28.2226029 ], [ -16.8394753, 28.2221818 ], [ -16.8393544, 28.2218503 ], [ -16.8395285, 28.2214214 ], [ -16.8390519, 28.2206521 ], [ -16.8388597, 28.2200912 ], [ -16.8386232, 28.2195674 ], [ -16.8382706, 28.2191908 ], [ -16.8378848, 28.2190436 ], [ -16.8376289, 28.2188601 ], [ -16.8374093, 28.218856 ], [ -16.8370133, 28.2188501 ], [ -16.8364333, 28.2184019 ], [ -16.8367126, 28.2180627 ], [ -16.8365354, 28.217935 ], [ -16.8363725, 28.2177752 ], [ -16.8362648, 28.2175402 ], [ -16.8359032, 28.2173819 ], [ -16.8361912, 28.2170651 ], [ -16.8363859, 28.2162404 ], [ -16.8365447, 28.2158736 ], [ -16.8365456, 28.2155889 ], [ -16.8365034, 28.2153107 ], [ -16.8362902, 28.2150672 ], [ -16.8360355, 28.214342 ], [ -16.8358423, 28.2137938 ], [ -16.8359702, 28.2134569 ], [ -16.836371, 28.2132583 ], [ -16.8372849, 28.2130335 ], [ -16.8375468, 28.2131222 ], [ -16.8376885, 28.2129904 ], [ -16.8376034, 28.2124071 ], [ -16.8372756, 28.2119906 ], [ -16.8367524, 28.2113621 ], [ -16.8366333, 28.2112509 ], [ -16.8364074, 28.2109194 ], [ -16.8360208, 28.2108292 ], [ -16.8357666, 28.2107088 ], [ -16.8358956, 28.2103523 ], [ -16.8358399, 28.2100703 ], [ -16.8359803, 28.2092622 ], [ -16.8362324, 28.2090906 ], [ -16.8361484, 28.208427 ], [ -16.8361029, 28.2080685 ], [ -16.8363513, 28.2079458 ], [ -16.8365032, 28.2079434 ], [ -16.836647, 28.2078592 ], [ -16.8368785, 28.207582 ] ] } },
{ "type": "Feature", "properties": { "Layer": "0801DPMT", "IDTRAMO": 38071.0, "Provincia": "Santa Cruz de Tenerife", "Referencia": "DL-95-TF", "TM": "Guía de Isora (Tenerife)", "Estado": "A", "OM": "2002-04-17", "Sit_Admin": "Aprobado (O.M. 17/04/2002)", "Tipo_Linea": "Límite DPMT aprobado", "Label": "DL-95-TF (O.M. 17/04/2002)", "ID_SEGMENT": "38071002", "FIGURA": null, "Shape_Leng": 0.0, "VERTICES": "SI" }, "geometry": { "type": "LineString", "coordinates": [ [ -16.8345713, 28.2062351 ], [ -16.8346086, 28.2060527 ], [ -16.8344357, 28.2057376 ], [ -16.8345034, 28.2057182 ], [ -16.8344321, 28.20556 ], [ -16.8344129, 28.2052947 ], [ -16.8343461, 28.2051653 ], [ -16.8342507, 28.2052071 ], [ -16.8340027, 28.204745 ], [ -16.8338906, 28.2048012 ], [ -16.8336853, 28.2045178 ], [ -16.8336336, 28.2044505 ], [ -16.833558, 28.2043318 ], [ -16.8334758, 28.2039464 ], [ -16.8335258, 28.2039194 ], [ -16.833483, 28.2032378 ], [ -16.8335165, 28.2031228 ], [ -16.8335358, 28.2029446 ], [ -16.8333352, 28.2024968 ], [ -16.8332409, 28.2023135 ], [ -16.833022, 28.2020853 ], [ -16.8328619, 28.201885 ], [ -16.8327018, 28.2021187 ], [ -16.8324419, 28.2019784 ], [ -16.8322024, 28.2019901 ], [ -16.8319517, 28.2016914 ], [ -16.8317957, 28.2012736 ], [ -16.8318016, 28.2011345 ] ] } },
{ "type": "Feature", "properties": { "Layer": "0801DPMT", "IDTRAMO": 38072.0, "Provincia": "Santa Cruz de Tenerife", "Referencia": "DL-137-TF", "TM": "Santiago del Teide (Tenerife)", "Estado": "A", "OM": "2005-05-31", "Sit_Admin": "Aprobado (O.M. 31/05/2005)", "Tipo_Linea": "Límite DPMT aprobado", "Label": "DL-137-TF (O.M. 31/05/2005)", "ID_SEGMENT": "38072002", "FIGURA": null, "Shape_Leng": 0.0, "VERTICES": "SI" }, "geometry": { "type": "LineString", "coordinates": [ [ -16.8401762, 28.2267752 ], [ -16.8406119, 28.2268335 ], [ -16.840859, 28.2269666 ], [ -16.8408941, 28.2269178 ], [ -16.8408804, 28.22673 ], [ -16.8412575, 28.2267429 ], [ -16.8414423, 28.2269406 ], [ -16.8418669, 28.2270561 ], [ -16.8420511, 28.2271515 ], [ -16.8422739, 28.2269814 ], [ -16.8424993, 28.2268944 ], [ -16.8425988, 28.2270073 ], [ -16.8426142, 28.2271853 ], [ -16.8425024, 28.2274305 ], [ -16.8427153, 28.2278383 ], [ -16.842743, 28.2285104 ], [ -16.8423725, 28.2287298 ], [ -16.8418221, 28.2288972 ], [ -16.8415018, 28.2288805 ], [ -16.8411295, 28.2289164 ], [ -16.8410983, 28.2289789 ], [ -16.8408428, 28.2290373 ], [ -16.8407597, 28.2293335 ], [ -16.8404849, 28.2296167 ], [ -16.8404746, 28.2296919 ], [ -16.840541, 28.2298663 ], [ -16.8406364, 28.2299473 ], [ -16.8408124, 28.2303191 ], [ -16.8408294, 28.2303917 ], [ -16.8408342, 28.2304159 ], [ -16.8412193, 28.2304062 ], [ -16.8413552, 28.2303416 ], [ -16.8415314, 28.2304509 ], [ -16.8416383, 28.2306112 ], [ -16.841606, 28.2311163 ], [ -16.8418766, 28.2315496 ], [ -16.841969, 28.2316992 ], [ -16.8421169, 28.2317662 ], [ -16.8421534, 28.2319954 ], [ -16.8421114, 28.232126 ], [ -16.8421141, 28.2322183 ], [ -16.8421612, 28.2322104 ], [ -16.8423036, 28.2323107 ], [ -16.842221, 28.2325149 ], [ -16.8422375, 28.2326028 ], [ -16.8419893, 28.232683 ], [ -16.841868, 28.2328107 ], [ -16.8416526, 28.2328496 ], [ -16.8417432, 28.2333635 ], [ -16.8418872, 28.2334958 ], [ -16.8417082, 28.2335489 ], [ -16.8418073, 28.2339305 ], [ -16.8416993, 28.2339475 ], [ -16.8416827, 28.2341822 ], [ -16.8417977, 28.2343547 ], [ -16.8423543, 28.2346452 ], [ -16.8424001, 28.2348784 ] ] } },
{ "type": "Feature", "properties": { "Layer": "0801DPMT", "IDTRAMO": 38208.0, "Provincia": "Santa Cruz de Tenerife", "Referencia": "DES01/99/38/0182-DES04/01", "TM": "Guía de Isora (Tenerife)", "Estado": "A", "OM": "2022-11-21", "Sit_Admin": "Aprobado (O.M. 21/11/2022)", "Tipo_Linea": "Límite DPMT aprobado", "Label": "DES01/99/38/0182-DES04/01 (O.M. 21/11/2022)", "ID_SEGMENT": "38208001", "FIGURA": null, "Shape_Leng": 0.0, "VERTICES": "SI" }, "geometry": { "type": "LineString", "coordinates": [ [ -16.8368785, 28.207582 ], [ -16.8367515, 28.2075184 ], [ -16.8366484, 28.2074541 ], [ -16.8366053, 28.2073744 ], [ -16.8365434, 28.2073245 ], [ -16.8364082, 28.2073301 ], [ -16.8360008, 28.2074769 ], [ -16.8359352, 28.2074965 ], [ -16.835925, 28.2074851 ], [ -16.8358356, 28.207352 ], [ -16.8358038, 28.2073216 ], [ -16.8357761, 28.2072984 ], [ -16.8357445, 28.207279 ], [ -16.8356919, 28.2072611 ], [ -16.8355404, 28.207234 ], [ -16.8353781, 28.2071996 ], [ -16.8351562, 28.2071405 ], [ -16.8350024, 28.207086 ], [ -16.8349436, 28.2070622 ], [ -16.8348737, 28.2070323 ], [ -16.8347268, 28.2069638 ], [ -16.8346602, 28.2069308 ], [ -16.8345753, 28.2068848 ], [ -16.834405, 28.2067789 ], [ -16.8343054, 28.2067148 ], [ -16.8342222, 28.2066538 ], [ -16.8341611, 28.2066088 ], [ -16.8341125, 28.2065704 ], [ -16.8340533, 28.2065264 ], [ -16.8340426, 28.206513 ], [ -16.8340242, 28.2064982 ], [ -16.8340072, 28.2064846 ], [ -16.8339991, 28.2064782 ], [ -16.8340635, 28.206489 ], [ -16.8340922, 28.2064902 ], [ -16.8341294, 28.2064851 ], [ -16.8341628, 28.2064761 ], [ -16.8342083, 28.2064539 ], [ -16.8343203, 28.2064015 ], [ -16.8344878, 28.2063292 ], [ -16.8344693, 28.2062925 ], [ -16.8345713, 28.2062351 ] ] } },
{ "type": "Feature", "properties": { "Layer": "0801DPMT", "IDTRAMO": 38006.0, "Provincia": "Santa Cruz de Tenerife", "Referencia": "DL-25-TF", "TM": "Santa Cruz de Tenerife (Tenerife)", "Estado": "A", "OM": "1990-10-11", "Sit_Admin": "Aprobado (O.M. 11/10/1990)", "Tipo_Linea": "Límite DPMT aprobado", "Label": "DL-25-TF (O.M. 11/10/1990)", "ID_SEGMENT": "38006001", "FIGURA": null, "Shape_Leng": 0.0, "VERTICES": "SI" }, "geometry": { "type": "LineString", "coordinates": [ [ -16.1954698, 28.5000108 ], [ -16.1954777, 28.5002248 ], [ -16.1951404, 28.5002846 ], [ -16.1949981, 28.5003472 ], [ -16.1947734, 28.500435 ], [ -16.1944773, 28.5006214 ], [ -16.1943203, 28.500768 ], [ -16.1941899, 28.5009001 ], [ -16.1940654, 28.5010487 ], [ -16.1939289, 28.5012753 ], [ -16.1937768, 28.5016473 ], [ -16.1936299, 28.5020532 ], [ -16.1932294, 28.5029732 ], [ -16.1912385, 28.5041805 ], [ -16.1911268, 28.5041863 ], [ -16.1908283, 28.504368 ], [ -16.1907245, 28.5046063 ], [ -16.1906676, 28.5047386 ], [ -16.1905927, 28.5049161 ], [ -16.1905758, 28.504934 ], [ -16.1904588, 28.505058 ], [ -16.1900307, 28.5050727 ] ] } },
{ "type": "Feature", "properties": { "Layer": "0801DPMT", "IDTRAMO": 38208.0, "Provincia": "Santa Cruz de Tenerife", "Referencia": "DES01/22/38/0003", "TM": "Santiago del Teide (Tenerife)", "Estado": "A", "OM": "2023-06-15", "Sit_Admin": "Aprobado (O.M. 15/06/2023)", "Tipo_Linea": "Límite DPMT aprobado", "Label": "DES01/22/38/0003 (O.M. 15/06/2023)", "ID_SEGMENT": "38072001", "FIGURA": null, "Shape_Leng": 0.0, "VERTICES": "SI" }, "geometry": { "type": "LineString", "coordinates": [ [ -16.8391589, 28.2263571 ], [ -16.8392693, 28.2264126 ], [ -16.8393973, 28.2264618 ], [ -16.8395552, 28.2265549 ], [ -16.8395725, 28.2266006 ], [ -16.8396399, 28.2266318 ], [ -16.8397417, 28.2266019 ], [ -16.8400111, 28.2263833 ], [ -16.8401376, 28.2264409 ], [ -16.8401555, 28.2265964 ], [ -16.8401762, 28.2267752 ] ] } },
{ "type": "Feature", "properties": { "Layer": "0801DPMT", "IDTRAMO": 38043.0, "Provincia": "Santa Cruz de Tenerife", "Referencia": "DL-54-TF", "TM": "Granadilla de Abona (Tenerife)", "Estado": "A", "OM": "2019-04-23", "Sit_Admin": "Aprobado (O.M. 23/04/2019)", "Tipo_Linea": "Límite DPMT aprobado", "Label": "DL-54-TF (O.M. 23/04/2019)", "ID_SEGMENT": "38043002", "FIGURA": null, "Shape_Leng": 0.0, "VERTICES": "SI" }, "geometry": { "type": "LineString", "coordinates": [ [ -16.5267994, 28.0503112 ], [ -16.526507, 28.050495 ], [ -16.5262682, 28.0505157 ], [ -16.5256139, 28.0508447 ], [ -16.5255362, 28.0510103 ], [ -16.5258995, 28.0514005 ], [ -16.5258983, 28.0517665 ], [ -16.5258449, 28.0518185 ], [ -16.5257367, 28.0517433 ], [ -16.5256347, 28.0515508 ], [ -16.524881, 28.0517026 ], [ -16.5244194, 28.0520221 ], [ -16.5242241, 28.0522435 ], [ -16.5239851, 28.0523687 ], [ -16.5237601, 28.052552 ], [ -16.5233748, 28.0526324 ], [ -16.5229816, 28.0529259 ], [ -16.5227301, 28.0533182 ], [ -16.5225004, 28.0534998 ], [ -16.5222648, 28.0533851 ], [ -16.5221473, 28.0537113 ], [ -16.5222061, 28.0539092 ], [ -16.5219909, 28.0541643 ], [ -16.5221392, 28.0545777 ], [ -16.522105, 28.0546774 ], [ -16.5223297, 28.0548488 ], [ -16.5225475, 28.0548206 ], [ -16.5224754, 28.0549711 ], [ -16.5224583, 28.055073 ], [ -16.5225086, 28.0551648 ], [ -16.5228595, 28.0551893 ], [ -16.5230595, 28.0551119 ], [ -16.5231757, 28.0552428 ], [ -16.5234098, 28.0553056 ], [ -16.5235076, 28.0554225 ], [ -16.5234851, 28.055501 ], [ -16.5231538, 28.0554176 ], [ -16.5226714, 28.0555598 ], [ -16.5223994, 28.0557312 ], [ -16.5219715, 28.0556672 ], [ -16.5218405, 28.0558052 ], [ -16.5217264, 28.0558725 ], [ -16.5216365, 28.0560815 ], [ -16.5217335, 28.0561854 ], [ -16.5214487, 28.0564717 ], [ -16.5212759, 28.0566064 ], [ -16.5212726, 28.056609 ] ] } },
{ "type": "Feature", "properties": { "Layer": "0801DPMT", "IDTRAMO": 38210.0, "Provincia": "Santa Cruz de Tenerife", "Referencia": "DL-54-TF (anulado)", "TM": "Granadilla de Abona (Tenerife)", "Estado": "T", "Sit_Admin": "Provisional o en tramitación", "Tipo_Linea": "Límite DPMT provisional o en tramitación", "Label": "DL-54-TF (anulado)", "ID_SEGMENT": "38210001", "FIGURA": null, "Shape_Leng": 0.0, "VERTICES": "SI" }, "geometry": { "type": "LineString", "coordinates": [ [ -16.5284005, 28.0498045 ], [ -16.5279786, 28.0498919 ], [ -16.5278964, 28.0498387 ], [ -16.5276794, 28.0499584 ], [ -16.5277061, 28.0501304 ], [ -16.5276227, 28.0502568 ], [ -16.5272088, 28.0504872 ], [ -16.5267994, 28.0503112 ] ] } },
{ "type": "Feature", "properties": { "Layer": "0801DPMT", "IDTRAMO": 38211.0, "Provincia": "Santa Cruz de Tenerife", "Referencia": "DES01/99/38/0101-DES04/01", "TM": "Puerto de la Cruz (Tenerife)", "Estado": "T", "Sit_Admin": "Provisional o en tramitación", "Tipo_Linea": "Límite DPMT provisional o en tramitación", "Label": "DES01/99/38/0101-DES04/01", "ID_SEGMENT": "38211003", "FIGURA": null, "Shape_Leng": 0.0, "VERTICES": "SI" }, "geometry": { "type": "LineString", "coordinates": [ [ -16.5569518, 28.4161809 ], [ -16.5567812, 28.4162749 ], [ -16.5568836, 28.4164023 ], [ -16.5569142, 28.4164701 ], [ -16.5566145, 28.4165322 ], [ -16.5563488, 28.4164053 ], [ -16.5555548, 28.4165619 ], [ -16.5554127, 28.4166483 ], [ -16.555197, 28.4167699 ], [ -16.5551264, 28.4169341 ], [ -16.554943, 28.4173062 ], [ -16.5548816, 28.4174328 ], [ -16.5546482, 28.4176002 ], [ -16.5546209, 28.41755 ], [ -16.5543375, 28.4176777 ], [ -16.5539521, 28.4177796 ], [ -16.5536308, 28.4177977 ], [ -16.553389, 28.4177016 ], [ -16.5530952, 28.4176788 ], [ -16.5527174, 28.4177084 ], [ -16.5523442, 28.4178444 ], [ -16.5515637, 28.4178732 ], [ -16.5514957, 28.4178297 ], [ -16.5512632, 28.4178468 ], [ -16.551129, 28.4177419 ], [ -16.551013, 28.4177375 ], [ -16.5510129, 28.4177374 ], [ -16.550809, 28.4177297 ] ] } }
]
}
