{
"type": "FeatureCollection",
"name": "LimiteSP",
"features": [
{ "type": "Feature", "properties": { "Layer": "0805DPMT", "IDTRAMO": 38011.0, "Provincia": "Santa Cruz de Tenerife", "Referencia": "DES01/08/38/0001", "TM": "El Rosario (Tenerife)", "Estado": "A", "OM": "2010-06-21", "Sit_Admin": "Aprobado (O.M. 21/06/2010)", "Tipo_Linea": "Límite SP aprobada", "Label": "DES01/08/38/0001 (O.M. 21/06/2010)", "ID_SEGMENT": "38011005", "FIGURA": null, "Shape_Leng": 0.0, "VERTICES": "SI" }, "geometry": { "type": "LineString", "coordinates": [ [ -16.3327994, 28.4011046 ], [ -16.3328145, 28.401132 ], [ -16.3328344, 28.4011566 ], [ -16.3328586, 28.401178 ], [ -16.3328866, 28.4011955 ], [ -16.3329174, 28.4012086 ], [ -16.3329503, 28.401217 ], [ -16.3329844, 28.4012205 ], [ -16.3330186, 28.4012188 ], [ -16.333052, 28.4012122 ] ] } },
{ "type": "Feature", "properties": { "Layer": "0805DPMT", "IDTRAMO": 38011.0, "Provincia": "Santa Cruz de Tenerife", "Referencia": "DES01/08/38/0001", "TM": "El Rosario (Tenerife)", "Estado": "A", "OM": "2010-06-21", "Sit_Admin": "Aprobado (O.M. 21/06/2010)", "Tipo_Linea": "Límite SP aprobada", "Label": "DES01/08/38/0001 (O.M. 21/06/2010)", "ID_SEGMENT": "38011006", "FIGURA": null, "Shape_Leng": 0.0, "VERTICES": "SI" }, "geometry": { "type": "LineString", "coordinates": [ [ -16.3264973, 28.4022027 ], [ -16.3264842, 28.4022018 ], [ -16.3264611, 28.4022003 ], [ -16.326439, 28.4021988 ], [ -16.326418, 28.4021974 ], [ -16.326398, 28.4021961 ], [ -16.326379, 28.4021948 ], [ -16.3263609, 28.4021936 ], [ -16.3263436, 28.4021925 ], [ -16.3263272, 28.4021914 ], [ -16.3263115, 28.4021904 ], [ -16.3262965, 28.4021894 ], [ -16.3262822, 28.4021884 ], [ -16.3262686, 28.4021875 ], [ -16.3262555, 28.4021867 ], [ -16.3262429, 28.4021858 ], [ -16.3262308, 28.402185 ], [ -16.3262192, 28.4021843 ], [ -16.3262079, 28.4021835 ], [ -16.3261969, 28.4021828 ], [ -16.3261863, 28.4021821 ], [ -16.3261758, 28.4021814 ], [ -16.3261656, 28.4021807 ], [ -16.3261556, 28.40218 ], [ -16.3261458, 28.4021794 ], [ -16.3261361, 28.4021788 ], [ -16.3261267, 28.4021781 ], [ -16.3261175, 28.4021775 ], [ -16.3261085, 28.4021769 ], [ -16.3260997, 28.4021763 ], [ -16.3260911, 28.4021758 ], [ -16.3260827, 28.4021752 ], [ -16.3260745, 28.4021747 ], [ -16.3260666, 28.4021741 ], [ -16.3260588, 28.4021736 ], [ -16.3260513, 28.4021731 ], [ -16.3260439, 28.4021726 ], [ -16.3260368, 28.4021722 ], [ -16.3260299, 28.4021717 ], [ -16.3260232, 28.4021713 ], [ -16.3260167, 28.4021708 ], [ -16.3260104, 28.4021704 ], [ -16.3260044, 28.40217 ], [ -16.3259986, 28.4021696 ], [ -16.3259929, 28.4021692 ], [ -16.3259875, 28.4021688 ], [ -16.3259822, 28.4021684 ], [ -16.325977, 28.402168 ], [ -16.3259721, 28.4021676 ], [ -16.3259672, 28.4021671 ], [ -16.3259625, 28.4021666 ], [ -16.3259579, 28.402166 ], [ -16.3259533, 28.4021654 ], [ -16.3259489, 28.4021648 ], [ -16.3259445, 28.402164 ], [ -16.3259402, 28.4021632 ], [ -16.3259359, 28.4021623 ], [ -16.3259317, 28.4021613 ], [ -16.3259275, 28.4021603 ], [ -16.3259233, 28.4021591 ], [ -16.325919, 28.4021578 ], [ -16.3259148, 28.4021564 ], [ -16.3259105, 28.4021549 ], [ -16.3259062, 28.4021532 ], [ -16.3259018, 28.4021514 ], [ -16.3258974, 28.4021495 ], [ -16.325893, 28.4021473 ], [ -16.3258885, 28.4021449 ], [ -16.325884, 28.4021422 ], [ -16.3258795, 28.4021392 ], [ -16.3258749, 28.402136 ], [ -16.3258704, 28.4021324 ], [ -16.3258658, 28.4021284 ], [ -16.3258612, 28.4021241 ], [ -16.3258567, 28.4021193 ], [ -16.3258521, 28.4021141 ], [ -16.3258476, 28.4021085 ], [ -16.325843, 28.4021023 ], [ -16.3258385, 28.4020957 ], [ -16.325834, 28.4020885 ], [ -16.3258295, 28.4020807 ], [ -16.3258251, 28.4020723 ], [ -16.3258167, 28.4020524 ] ] } },
{ "type": "Feature", "properties": { "Layer": "0805DPMT", "IDTRAMO": 38011.0, "Provincia": "Santa Cruz de Tenerife", "Referencia": "DES01/08/38/0001", "TM": "El Rosario (Tenerife)", "Estado": "A", "OM": "2010-06-21", "Sit_Admin": "Aprobado (O.M. 21/06/2010)", "Tipo_Linea": "Límite SP aprobada", "Label": "DES01/08/38/0001 (O.M. 21/06/2010)", "ID_SEGMENT": "38011007", "FIGURA": null, "Shape_Leng": 0.0, "VERTICES": "SI" }, "geometry": { "type": "LineString", "coordinates": [ [ -16.3254718, 28.4019863 ], [ -16.3254633, 28.4019949 ], [ -16.3254552, 28.4020023 ], [ -16.3254473, 28.4020091 ], [ -16.3254396, 28.4020152 ], [ -16.3254321, 28.4020208 ], [ -16.3254248, 28.4020258 ], [ -16.3254177, 28.4020303 ], [ -16.3254108, 28.4020343 ], [ -16.3254041, 28.4020378 ], [ -16.3253976, 28.4020408 ], [ -16.3253912, 28.4020435 ], [ -16.3253851, 28.4020457 ], [ -16.325379, 28.4020476 ], [ -16.3253732, 28.4020492 ], [ -16.3253674, 28.4020505 ], [ -16.3253619, 28.4020515 ], [ -16.3253564, 28.4020522 ], [ -16.3253511, 28.4020527 ], [ -16.3253459, 28.4020531 ], [ -16.3253409, 28.4020532 ], [ -16.3253359, 28.4020533 ], [ -16.3253311, 28.4020532 ], [ -16.3253263, 28.402053 ], [ -16.3253216, 28.4020527 ], [ -16.325317, 28.4020523 ], [ -16.3253124, 28.4020517 ], [ -16.3253078, 28.4020511 ], [ -16.3253032, 28.4020504 ], [ -16.3252986, 28.4020495 ], [ -16.3252939, 28.4020486 ], [ -16.3252892, 28.4020475 ], [ -16.3252844, 28.4020464 ], [ -16.3252795, 28.4020451 ], [ -16.3252744, 28.4020438 ], [ -16.3252693, 28.4020423 ], [ -16.325264, 28.4020408 ], [ -16.3252585, 28.4020391 ], [ -16.3252528, 28.4020374 ], [ -16.3252469, 28.4020356 ], [ -16.3252408, 28.4020337 ], [ -16.3252344, 28.4020317 ], [ -16.3252278, 28.4020296 ], [ -16.3252208, 28.4020274 ], [ -16.3252137, 28.4020252 ], [ -16.3252062, 28.4020228 ], [ -16.3251985, 28.4020204 ], [ -16.3251905, 28.4020179 ], [ -16.3251822, 28.4020153 ], [ -16.3251737, 28.4020126 ], [ -16.325165, 28.4020099 ], [ -16.3251559, 28.4020071 ], [ -16.3251467, 28.4020041 ], [ -16.3251371, 28.4020011 ], [ -16.3251273, 28.4019981 ], [ -16.3251173, 28.4019949 ], [ -16.325107, 28.4019917 ], [ -16.3250965, 28.4019884 ], [ -16.3250858, 28.401985 ], [ -16.3250748, 28.4019816 ], [ -16.3250636, 28.401978 ], [ -16.3250521, 28.4019744 ], [ -16.3250404, 28.4019708 ], [ -16.3250285, 28.401967 ], [ -16.3250163, 28.4019632 ], [ -16.3250037, 28.4019592 ], [ -16.3249908, 28.4019552 ], [ -16.3249775, 28.401951 ], [ -16.3249637, 28.4019467 ], [ -16.3249493, 28.4019421 ], [ -16.3249343, 28.4019374 ], [ -16.3249187, 28.4019325 ], [ -16.3249023, 28.4019274 ], [ -16.3248852, 28.401922 ], [ -16.3248673, 28.4019164 ], [ -16.3248485, 28.4019105 ], [ -16.3248288, 28.4019043 ], [ -16.324808, 28.4018978 ], [ -16.3247863, 28.4018909 ], [ -16.3247634, 28.4018837 ], [ -16.3247394, 28.4018762 ], [ -16.3247141, 28.4018683 ], [ -16.3246517, 28.4018482 ] ] } },
{ "type": "Feature", "properties": { "Layer": "0805DPMT", "IDTRAMO": 38011.0, "Provincia": "Santa Cruz de Tenerife", "Referencia": "DES01/08/38/0001", "TM": "El Rosario (Tenerife)", "Estado": "A", "OM": "2010-06-21", "Sit_Admin": "Aprobado (O.M. 21/06/2010)", "Tipo_Linea": "Límite SP aprobada", "Label": "DES01/08/38/0001 (O.M. 21/06/2010)", "ID_SEGMENT": "38011008", "FIGURA": null, "Shape_Leng": 0.0, "VERTICES": "SI" }, "geometry": { "type": "LineString", "coordinates": [ [ -16.3187802, 28.404161 ], [ -16.3188941, 28.4039055 ], [ -16.3189017, 28.403885 ], [ -16.3189064, 28.4038638 ], [ -16.3189482, 28.4035931 ], [ -16.3189502, 28.4035664 ], [ -16.3189476, 28.4035397 ], [ -16.3189407, 28.4035137 ], [ -16.3189294, 28.4034888 ], [ -16.3189141, 28.4034657 ], [ -16.3188951, 28.4034449 ] ] } },
{ "type": "Feature", "properties": { "Layer": "0805DPMT", "IDTRAMO": 38011.0, "Provincia": "Santa Cruz de Tenerife", "Referencia": "DES01/08/38/0001", "TM": "El Rosario (Tenerife)", "Estado": "A", "OM": "2010-06-21", "Sit_Admin": "Aprobado (O.M. 21/06/2010)", "Tipo_Linea": "Límite SP aprobada", "Label": "DES01/08/38/0001 (O.M. 21/06/2010)", "ID_SEGMENT": "38011009", "FIGURA": null, "Shape_Leng": 0.0, "VERTICES": "SI" }, "geometry": { "type": "LineString", "coordinates": [ [ -16.3327199, 28.4011317 ], [ -16.3327197, 28.4011332 ], [ -16.3327149, 28.4011684 ], [ -16.3327071, 28.4011958 ], [ -16.3326969, 28.4012169 ], [ -16.3326852, 28.401233 ], [ -16.3326725, 28.4012454 ], [ -16.3326594, 28.4012555 ], [ -16.3326454, 28.4012643 ], [ -16.3326295, 28.4012725 ], [ -16.3326107, 28.401281 ], [ -16.3325878, 28.4012906 ], [ -16.33256, 28.401302 ], [ -16.3325275, 28.4013154 ], [ -16.3324913, 28.4013303 ], [ -16.3324524, 28.4013464 ], [ -16.3324119, 28.401363 ], [ -16.3323708, 28.40138 ], [ -16.3323296, 28.4013969 ], [ -16.3322885, 28.4014139 ], [ -16.3322473, 28.4014308 ], [ -16.3322062, 28.4014478 ], [ -16.3321651, 28.4014647 ], [ -16.3321244, 28.4014815 ], [ -16.3320857, 28.4014974 ], [ -16.3320504, 28.401512 ], [ -16.3320201, 28.4015245 ], [ -16.3319962, 28.4015343 ], [ -16.3319798, 28.4015411 ], [ -16.3319696, 28.4015452 ], [ -16.3319642, 28.4015474 ], [ -16.3319621, 28.4015483 ], [ -16.3319617, 28.4015485 ], [ -16.3319616, 28.4015485 ], [ -16.3319616, 28.4015485 ], [ -16.3319616, 28.4015485 ], [ -16.3319615, 28.4015486 ], [ -16.3319615, 28.4015486 ], [ -16.3319614, 28.4015486 ], [ -16.3319605, 28.401549 ], [ -16.331958, 28.40155 ], [ -16.3319527, 28.4015522 ], [ -16.3319435, 28.4015559 ], [ -16.3319296, 28.4015616 ], [ -16.3319109, 28.4015692 ], [ -16.3318884, 28.4015784 ], [ -16.3318632, 28.4015887 ], [ -16.3318362, 28.4015997 ], [ -16.3318085, 28.401611 ], [ -16.3317807, 28.4016223 ], [ -16.3317529, 28.4016337 ], [ -16.3317251, 28.401645 ], [ -16.3316974, 28.4016563 ], [ -16.3316696, 28.4016676 ], [ -16.3316421, 28.4016788 ], [ -16.3316157, 28.4016896 ], [ -16.3315914, 28.4016995 ], [ -16.3315703, 28.4017081 ], [ -16.3315535, 28.4017149 ], [ -16.3315415, 28.4017198 ], [ -16.3315339, 28.4017229 ], [ -16.3315295, 28.4017247 ], [ -16.3315274, 28.4017256 ], [ -16.3315266, 28.4017259 ], [ -16.3315262, 28.4017261 ], [ -16.3315257, 28.4017262 ], [ -16.3315252, 28.4017264 ], [ -16.3315248, 28.4017266 ], [ -16.3315243, 28.4017268 ], [ -16.3315238, 28.401727 ], [ -16.331523, 28.4017273 ], [ -16.3315215, 28.4017278 ], [ -16.3315189, 28.4017288 ], [ -16.3315146, 28.4017303 ], [ -16.3315082, 28.4017327 ], [ -16.3314996, 28.4017358 ], [ -16.3314889, 28.4017397 ], [ -16.3314763, 28.4017443 ], [ -16.3314622, 28.4017495 ], [ -16.3314466, 28.4017552 ], [ -16.3314294, 28.4017615 ], [ -16.3314096, 28.4017688 ], [ -16.3313859, 28.4017774 ], [ -16.331319, 28.4018028 ], [ -16.3313144, 28.4018168 ], [ -16.3313098, 28.4018288 ], [ -16.331305, 28.4018392 ], [ -16.3313003, 28.4018481 ], [ -16.3312955, 28.4018556 ], [ -16.3312907, 28.4018621 ], [ -16.3312858, 28.4018678 ], [ -16.331281, 28.4018727 ], [ -16.3312763, 28.4018772 ], [ -16.3312716, 28.4018814 ], [ -16.3312669, 28.4018852 ], [ -16.3312623, 28.4018887 ], [ -16.3312578, 28.401892 ], [ -16.3312533, 28.4018951 ], [ -16.3312488, 28.401898 ], [ -16.3312444, 28.4019009 ], [ -16.3312401, 28.4019037 ], [ -16.3312358, 28.4019064 ], [ -16.3312315, 28.4019091 ], [ -16.3312273, 28.4019119 ], [ -16.3312231, 28.4019145 ], [ -16.331219, 28.4019172 ], [ -16.3312148, 28.4019199 ], [ -16.3312107, 28.4019225 ], [ -16.3312065, 28.4019252 ], [ -16.3312024, 28.4019278 ], [ -16.3311983, 28.4019305 ], [ -16.3311941, 28.4019331 ], [ -16.33119, 28.4019357 ], [ -16.3311859, 28.4019384 ], [ -16.3311817, 28.401941 ], [ -16.3311776, 28.4019437 ], [ -16.3311735, 28.4019463 ], [ -16.3311693, 28.4019489 ], [ -16.3311651, 28.4019516 ], [ -16.3311608, 28.4019544 ], [ -16.3311563, 28.4019572 ], [ -16.3311515, 28.4019603 ], [ -16.3311465, 28.4019635 ], [ -16.331141, 28.401967 ], [ -16.331135, 28.4019708 ], [ -16.3311286, 28.401975 ], [ -16.3311216, 28.4019794 ], [ -16.3311141, 28.401984 ], [ -16.3311061, 28.4019887 ], [ -16.3310977, 28.4019932 ], [ -16.3310889, 28.4019976 ], [ -16.3310798, 28.4020017 ], [ -16.3310703, 28.4020053 ], [ -16.3310606, 28.4020083 ], [ -16.3310506, 28.4020107 ], [ -16.3310404, 28.4020124 ], [ -16.3310302, 28.4020134 ], [ -16.3310198, 28.4020138 ], [ -16.3310095, 28.4020135 ], [ -16.3309992, 28.4020125 ], [ -16.330989, 28.4020109 ], [ -16.330979, 28.4020086 ], [ -16.3309692, 28.4020056 ], [ -16.3309598, 28.4020021 ], [ -16.3309507, 28.4019981 ], [ -16.330942, 28.401994 ], [ -16.3309338, 28.4019896 ], [ -16.3309262, 28.4019853 ], [ -16.3309191, 28.4019812 ], [ -16.3309128, 28.4019773 ], [ -16.3309073, 28.4019739 ], [ -16.3309024, 28.4019709 ], [ -16.3308982, 28.4019682 ], [ -16.3308944, 28.4019659 ], [ -16.330891, 28.4019638 ], [ -16.3308879, 28.4019619 ], [ -16.330885, 28.4019601 ], [ -16.3308821, 28.4019583 ], [ -16.3308791, 28.4019565 ], [ -16.330876, 28.4019545 ], [ -16.3308726, 28.4019524 ], [ -16.3308689, 28.4019501 ], [ -16.3308648, 28.4019475 ], [ -16.3308601, 28.4019446 ], [ -16.3308548, 28.4019413 ], [ -16.3308421, 28.4019334 ], [ -16.330841, 28.4019335 ], [ -16.33084, 28.4019335 ], [ -16.3308391, 28.4019336 ], [ -16.3308382, 28.4019336 ], [ -16.3308374, 28.4019337 ], [ -16.3308365, 28.4019337 ], [ -16.3308358, 28.4019337 ], [ -16.330835, 28.4019338 ], [ -16.3308343, 28.4019338 ], [ -16.3308336, 28.4019338 ], [ -16.330833, 28.4019338 ], [ -16.3308324, 28.4019339 ], [ -16.3308318, 28.4019339 ], [ -16.3308312, 28.4019339 ], [ -16.3308307, 28.4019339 ], [ -16.3308302, 28.4019339 ], [ -16.3308297, 28.401934 ], [ -16.3308292, 28.401934 ], [ -16.3308287, 28.401934 ], [ -16.3308283, 28.401934 ], [ -16.3308278, 28.401934 ], [ -16.3308274, 28.4019341 ], [ -16.3308269, 28.4019341 ], [ -16.3308265, 28.4019341 ], [ -16.3308261, 28.4019341 ], [ -16.3308257, 28.4019341 ], [ -16.3308252, 28.4019341 ], [ -16.3308248, 28.4019342 ], [ -16.3308244, 28.4019342 ], [ -16.330824, 28.4019342 ], [ -16.3308235, 28.4019342 ], [ -16.3308231, 28.4019342 ], [ -16.3308226, 28.4019343 ], [ -16.3308222, 28.4019343 ], [ -16.3308217, 28.4019343 ], [ -16.3308212, 28.4019343 ], [ -16.3308207, 28.4019343 ], [ -16.3308202, 28.4019344 ], [ -16.3308196, 28.4019344 ], [ -16.330819, 28.4019344 ], [ -16.3308185, 28.4019344 ], [ -16.3308178, 28.4019345 ], [ -16.3308172, 28.4019345 ], [ -16.3308165, 28.4019345 ], [ -16.3308159, 28.4019346 ], [ -16.3308151, 28.4019346 ], [ -16.3308144, 28.4019346 ], [ -16.3308137, 28.4019346 ], [ -16.3308129, 28.4019347 ], [ -16.3308121, 28.4019347 ], [ -16.3308112, 28.4019347 ], [ -16.3308104, 28.4019347 ], [ -16.3308095, 28.4019348 ], [ -16.3308086, 28.4019348 ], [ -16.3308077, 28.4019348 ], [ -16.3308068, 28.4019348 ], [ -16.3308058, 28.4019348 ], [ -16.3308048, 28.4019348 ], [ -16.3308038, 28.4019348 ], [ -16.3308028, 28.4019348 ], [ -16.3308017, 28.4019347 ], [ -16.3308006, 28.4019347 ], [ -16.3307995, 28.4019347 ], [ -16.3307984, 28.4019346 ], [ -16.3307973, 28.4019346 ], [ -16.3307961, 28.4019345 ], [ -16.3307949, 28.4019344 ], [ -16.3307936, 28.4019343 ], [ -16.3307923, 28.4019342 ], [ -16.3307909, 28.4019341 ], [ -16.3307895, 28.401934 ], [ -16.330788, 28.4019338 ], [ -16.3307864, 28.4019336 ], [ -16.3307848, 28.4019334 ], [ -16.3307831, 28.4019332 ], [ -16.3307813, 28.4019329 ], [ -16.3307794, 28.4019326 ], [ -16.3307774, 28.4019323 ], [ -16.3307754, 28.4019319 ], [ -16.3307732, 28.4019315 ], [ -16.3307709, 28.4019311 ], [ -16.3307662, 28.4019302 ], [ -16.3307779, 28.4019565 ], [ -16.3307848, 28.401984 ], [ -16.3307867, 28.4020122 ], [ -16.3307837, 28.4020404 ], [ -16.3307757, 28.4020677 ], [ -16.330763, 28.4020937 ], [ -16.3307459, 28.4021175 ], [ -16.3307093, 28.4021651 ], [ -16.3306476, 28.4022443 ], [ -16.3306296, 28.402267 ], [ -16.3306078, 28.402287 ], [ -16.3305829, 28.4023039 ], [ -16.3305553, 28.4023171 ], [ -16.3304848, 28.4023567 ], [ -16.3304807, 28.4023591 ], [ -16.3304769, 28.4023612 ], [ -16.3304734, 28.4023631 ], [ -16.3304703, 28.4023649 ], [ -16.3304673, 28.4023666 ], [ -16.3304647, 28.4023681 ], [ -16.3304622, 28.4023695 ], [ -16.3304598, 28.4023708 ], [ -16.3304577, 28.402372 ], [ -16.3304556, 28.4023732 ], [ -16.3304536, 28.4023743 ], [ -16.3304517, 28.4023753 ], [ -16.3304498, 28.4023764 ], [ -16.330448, 28.4023774 ], [ -16.3304461, 28.4023785 ], [ -16.3304442, 28.4023795 ], [ -16.3304422, 28.4023806 ], [ -16.3304401, 28.4023818 ], [ -16.3304379, 28.402383 ], [ -16.3304356, 28.4023843 ], [ -16.3304331, 28.4023857 ], [ -16.3304305, 28.4023872 ], [ -16.3304276, 28.4023888 ], [ -16.3304245, 28.4023905 ], [ -16.3304211, 28.4023924 ], [ -16.3304176, 28.4023943 ], [ -16.3304139, 28.4023962 ], [ -16.33041, 28.4023982 ], [ -16.330406, 28.4024002 ], [ -16.3304018, 28.4024022 ], [ -16.3303975, 28.4024041 ], [ -16.3303931, 28.402406 ], [ -16.3303886, 28.4024077 ], [ -16.330384, 28.4024094 ], [ -16.3303794, 28.4024109 ], [ -16.3303746, 28.4024123 ], [ -16.3303698, 28.4024135 ], [ -16.330365, 28.4024145 ], [ -16.3303601, 28.4024154 ], [ -16.3303552, 28.4024162 ], [ -16.3303503, 28.4024168 ], [ -16.3303454, 28.4024172 ], [ -16.3303404, 28.4024175 ], [ -16.3303354, 28.4024176 ], [ -16.3303304, 28.4024176 ], [ -16.3303255, 28.4024174 ], [ -16.3303205, 28.402417 ], [ -16.3303156, 28.4024165 ], [ -16.3303107, 28.4024158 ], [ -16.3303058, 28.4024151 ], [ -16.3303009, 28.4024142 ], [ -16.3302961, 28.4024132 ], [ -16.3302914, 28.4024122 ], [ -16.3302866, 28.4024111 ], [ -16.330282, 28.4024099 ], [ -16.3302774, 28.4024087 ], [ -16.3302729, 28.4024075 ], [ -16.3302684, 28.4024064 ], [ -16.3302641, 28.4024052 ], [ -16.3302598, 28.402404 ], [ -16.3302555, 28.4024029 ], [ -16.3302513, 28.4024017 ], [ -16.3302471, 28.4024006 ], [ -16.3302428, 28.4023995 ], [ -16.3302385, 28.4023983 ], [ -16.3302342, 28.4023971 ], [ -16.3302298, 28.402396 ], [ -16.3302253, 28.4023947 ], [ -16.3302207, 28.4023935 ], [ -16.3302159, 28.4023922 ], [ -16.330211, 28.4023909 ], [ -16.3302058, 28.4023895 ], [ -16.3302004, 28.4023881 ], [ -16.3301945, 28.4023865 ], [ -16.3301883, 28.4023848 ], [ -16.3301816, 28.402383 ], [ -16.3301742, 28.402381 ], [ -16.3301663, 28.4023789 ], [ -16.3301576, 28.4023766 ], [ -16.3301482, 28.402374 ], [ -16.3301285, 28.4023687 ], [ -16.3301231, 28.4023779 ], [ -16.3301172, 28.402387 ], [ -16.3301119, 28.4023942 ], [ -16.330107, 28.4023999 ], [ -16.3301024, 28.4024047 ], [ -16.330098, 28.4024089 ], [ -16.3300936, 28.4024128 ], [ -16.3300888, 28.4024167 ], [ -16.3300834, 28.402421 ], [ -16.330077, 28.4024259 ], [ -16.3300695, 28.4024317 ], [ -16.3300608, 28.4024384 ], [ -16.3300512, 28.4024458 ], [ -16.3300409, 28.4024536 ], [ -16.3300303, 28.4024618 ], [ -16.3300195, 28.40247 ], [ -16.3300087, 28.4024783 ], [ -16.3299979, 28.4024866 ], [ -16.3299872, 28.4024948 ], [ -16.3299764, 28.4025031 ], [ -16.3299656, 28.4025114 ], [ -16.3299548, 28.4025196 ], [ -16.3299442, 28.4025278 ], [ -16.3299338, 28.4025358 ], [ -16.3299237, 28.4025435 ], [ -16.329914, 28.4025509 ], [ -16.3299048, 28.402558 ], [ -16.3298958, 28.4025646 ], [ -16.329887, 28.4025707 ], [ -16.3298782, 28.4025763 ], [ -16.3298691, 28.4025814 ], [ -16.3298597, 28.4025857 ], [ -16.3298499, 28.4025895 ], [ -16.3298399, 28.4025925 ], [ -16.3298296, 28.4025948 ], [ -16.3298191, 28.4025965 ], [ -16.3298085, 28.4025974 ], [ -16.3297975, 28.4025976 ], [ -16.3297859, 28.4025973 ], [ -16.3297731, 28.4025966 ], [ -16.329759, 28.4025955 ], [ -16.329743, 28.4025943 ], [ -16.3297253, 28.4025929 ], [ -16.3297062, 28.4025913 ], [ -16.3296861, 28.4025897 ], [ -16.3296653, 28.402588 ], [ -16.3296442, 28.4025863 ], [ -16.3296231, 28.4025847 ], [ -16.3296021, 28.402583 ], [ -16.329581, 28.4025813 ], [ -16.3295599, 28.4025796 ], [ -16.3295388, 28.4025779 ], [ -16.3295179, 28.4025762 ], [ -16.3294975, 28.4025746 ], [ -16.3294783, 28.402573 ], [ -16.3294608, 28.4025716 ], [ -16.3294456, 28.4025704 ], [ -16.329433, 28.4025694 ], [ -16.3294227, 28.4025685 ], [ -16.3294142, 28.4025676 ], [ -16.329407, 28.4025668 ], [ -16.3294005, 28.4025657 ], [ -16.3293942, 28.4025645 ], [ -16.329388, 28.4025629 ], [ -16.3293819, 28.4025612 ], [ -16.3293759, 28.4025591 ], [ -16.32937, 28.4025569 ], [ -16.3293643, 28.4025543 ], [ -16.3293587, 28.4025516 ], [ -16.3293534, 28.4025488 ], [ -16.3293484, 28.4025461 ], [ -16.3293439, 28.4025435 ], [ -16.3293398, 28.4025412 ], [ -16.3293362, 28.4025391 ], [ -16.329333, 28.4025372 ], [ -16.32933, 28.4025355 ], [ -16.329327, 28.4025337 ], [ -16.3293239, 28.4025319 ], [ -16.3293204, 28.40253 ], [ -16.3293165, 28.4025277 ], [ -16.3293118, 28.402525 ], [ -16.3292992, 28.4025176 ], [ -16.3292112, 28.4024508 ], [ -16.328974, 28.4024621 ], [ -16.3287179, 28.4025664 ], [ -16.3286898, 28.4025756 ], [ -16.3286605, 28.4025812 ], [ -16.3286305, 28.4025829 ], [ -16.3286006, 28.4025807 ], [ -16.3280098, 28.4024981 ], [ -16.3273946, 28.4024124 ], [ -16.3270453, 28.402399 ], [ -16.3270154, 28.402396 ], [ -16.3269864, 28.4023892 ], [ -16.3269589, 28.4023786 ], [ -16.3269334, 28.4023646 ], [ -16.3269105, 28.4023475 ], [ -16.3268329, 28.4022802 ] ] } },
{ "type": "Feature", "properties": { "Layer": "0805DPMT", "IDTRAMO": 38066.0, "Provincia": "Santa Cruz de Tenerife", "Referencia": "DL-100-TF", "TM": "Adeje (Tenerife)", "Estado": "A", "OM": "2004-10-01", "Sit_Admin": "Aprobado (O.M. 01/10/2004)", "Tipo_Linea": "Límite SP aprobada", "Label": "DL-100-TF (O.M. 01/10/2004)", "ID_SEGMENT": "38066001", "FIGURA": null, "Shape_Leng": 0.0, "VERTICES": "SI" }, "geometry": { "type": "LineString", "coordinates": [ [ -16.8004933, 28.1572468 ], [ -16.8003823, 28.1570536 ], [ -16.8003458, 28.1569828 ], [ -16.8003163, 28.1569095 ], [ -16.8002941, 28.1568342 ], [ -16.8002793, 28.1567575 ], [ -16.800272, 28.15668 ], [ -16.8002723, 28.1566021 ], [ -16.8002801, 28.1565246 ], [ -16.8002955, 28.156448 ], [ -16.8003182, 28.1563728 ], [ -16.8003482, 28.1562997 ], [ -16.8004954, 28.1559835 ], [ -16.8004591, 28.1559724 ], [ -16.8003913, 28.1559491 ], [ -16.8003256, 28.1559215 ], [ -16.8002622, 28.1558899 ], [ -16.8002016, 28.1558544 ], [ -16.7999034, 28.1556658 ], [ -16.7998351, 28.1556186 ], [ -16.7997716, 28.1555664 ], [ -16.7997133, 28.1555096 ], [ -16.7996606, 28.1554486 ], [ -16.799614, 28.1553839 ], [ -16.7995738, 28.1553159 ], [ -16.7995403, 28.1552451 ], [ -16.7994015, 28.1549136 ], [ -16.7993782, 28.1548509 ], [ -16.7993602, 28.154787 ], [ -16.7993474, 28.154722 ], [ -16.79934, 28.1546564 ], [ -16.7993256, 28.1544536 ], [ -16.7992475, 28.1544223 ], [ -16.7991725, 28.1543852 ], [ -16.7991014, 28.1543427 ], [ -16.7990345, 28.154295 ], [ -16.7989725, 28.1542425 ], [ -16.7989156, 28.1541856 ], [ -16.7988643, 28.1541246 ], [ -16.798819, 28.15406 ], [ -16.7988145, 28.1540598 ], [ -16.7986968, 28.1540498 ], [ -16.7983506, 28.1540066 ], [ -16.7982627, 28.153992 ], [ -16.7981765, 28.1539707 ], [ -16.7980927, 28.1539428 ], [ -16.7980121, 28.1539085 ], [ -16.7979351, 28.153868 ], [ -16.7978625, 28.1538217 ], [ -16.7977948, 28.1537699 ], [ -16.7977324, 28.153713 ], [ -16.7976759, 28.1536515 ], [ -16.7976257, 28.1535859 ], [ -16.7975822, 28.1535166 ], [ -16.7974153, 28.1532207 ], [ -16.7973784, 28.1531473 ], [ -16.797349, 28.1530712 ], [ -16.7973274, 28.1529931 ], [ -16.7973137, 28.1529135 ], [ -16.797308, 28.1528333 ], [ -16.7973104, 28.1527529 ], [ -16.7973208, 28.1526248 ], [ -16.7972249, 28.1520508 ], [ -16.7972178, 28.1519971 ], [ -16.7972143, 28.1519431 ], [ -16.7972144, 28.151889 ], [ -16.7972232, 28.1516523 ], [ -16.7972292, 28.1515802 ], [ -16.7972416, 28.1515087 ], [ -16.7972605, 28.1514383 ], [ -16.7972857, 28.1513695 ], [ -16.7975226, 28.1508006 ], [ -16.7975317, 28.1507568 ], [ -16.7975336, 28.1502578 ], [ -16.797526, 28.150243 ], [ -16.7974814, 28.1500397 ], [ -16.7972823, 28.1498938 ], [ -16.7972272, 28.1498504 ], [ -16.7971757, 28.1498034 ], [ -16.7971283, 28.1497533 ], [ -16.7966715, 28.1492342 ], [ -16.79662, 28.1491701 ], [ -16.796575, 28.1491023 ], [ -16.7965369, 28.1490313 ], [ -16.7965059, 28.1489576 ], [ -16.7964822, 28.1488817 ], [ -16.7964661, 28.1488044 ], [ -16.796378, 28.1482468 ], [ -16.7963056, 28.1477502 ], [ -16.7962866, 28.1476203 ], [ -16.7962013, 28.1476227 ], [ -16.796116, 28.1476188 ], [ -16.7960314, 28.1476086 ], [ -16.795948, 28.1475921 ], [ -16.7958665, 28.1475694 ], [ -16.7956194, 28.1474731 ], [ -16.7955155, 28.1474312 ], [ -16.7954523, 28.1474033 ], [ -16.7953915, 28.1473717 ], [ -16.7953333, 28.1473363 ], [ -16.7952779, 28.1472975 ], [ -16.7948094, 28.1469448 ], [ -16.7943723, 28.1466765 ], [ -16.7943082, 28.1466337 ], [ -16.7942481, 28.1465867 ], [ -16.7941924, 28.1465355 ], [ -16.7941414, 28.1464807 ], [ -16.7940954, 28.1464224 ], [ -16.7940547, 28.1463612 ], [ -16.7940196, 28.1462972 ], [ -16.7939903, 28.1462311 ], [ -16.794142, 28.1460606 ], [ -16.7942457, 28.1458837 ], [ -16.7942845, 28.1457302 ], [ -16.7942992, 28.1455736 ], [ -16.7942972, 28.1454323 ], [ -16.7942801, 28.1453596 ], [ -16.7941605, 28.1450459 ], [ -16.7940773, 28.1446768 ], [ -16.7940742, 28.1444868 ], [ -16.7941802, 28.1442565 ], [ -16.7942952, 28.1439042 ], [ -16.7941195, 28.1439065 ], [ -16.7938567, 28.1439635 ], [ -16.7936549, 28.1440392 ], [ -16.7934572, 28.1440418 ], [ -16.7932805, 28.1439906 ], [ -16.7932248, 28.1439377 ], [ -16.7931388, 28.144051 ], [ -16.7930744, 28.1439973 ], [ -16.7930156, 28.1439388 ], [ -16.7929626, 28.143876 ], [ -16.7929161, 28.1438094 ], [ -16.7928762, 28.1437394 ], [ -16.7928433, 28.1436667 ], [ -16.7928176, 28.1435917 ], [ -16.7927995, 28.143515 ], [ -16.7927545, 28.1432739 ], [ -16.7927631, 28.1430383 ], [ -16.7925883, 28.1423836 ], [ -16.7924533, 28.1418778 ], [ -16.7924364, 28.1417989 ], [ -16.7924275, 28.1417191 ], [ -16.7924266, 28.1416389 ], [ -16.7924337, 28.1415589 ], [ -16.7924488, 28.1414798 ], [ -16.7924718, 28.1414022 ], [ -16.7925025, 28.1413267 ], [ -16.7925407, 28.1412539 ], [ -16.7924986, 28.1411619 ], [ -16.7924501, 28.1411095 ], [ -16.7923999, 28.1410506 ], [ -16.7923553, 28.1409882 ], [ -16.7923166, 28.1409228 ], [ -16.792284, 28.1408548 ], [ -16.7922579, 28.1407846 ], [ -16.7922383, 28.1407128 ], [ -16.7922254, 28.1406399 ], [ -16.7922248, 28.1406352 ] ] } },
{ "type": "Feature", "properties": { "Layer": "0805DPMT", "IDTRAMO": 38065.0, "Provincia": "Santa Cruz de Tenerife", "Referencia": "DL-101-TF", "TM": "Adeje (Tenerife)", "Estado": "A", "OM": "2001-12-17", "Sit_Admin": "Aprobado (O.M. 17/12/2001)", "Tipo_Linea": "Límite SP aprobada", "Label": "DL-101-TF (O.M. 17/12/2001)", "ID_SEGMENT": "38065002", "FIGURA": null, "Shape_Leng": 0.0, "VERTICES": "SI" }, "geometry": { "type": "LineString", "coordinates": [ [ -16.7922248, 28.1406352 ], [ -16.792149, 28.140644 ], [ -16.7920726, 28.1406477 ], [ -16.7919962, 28.1406464 ], [ -16.79192, 28.1406399 ], [ -16.7918447, 28.1406285 ], [ -16.791432, 28.1405514 ], [ -16.7913481, 28.1405324 ], [ -16.7912664, 28.1405071 ], [ -16.7911873, 28.1404758 ], [ -16.7911116, 28.1404387 ], [ -16.7910397, 28.1403959 ], [ -16.7909721, 28.140348 ], [ -16.7909094, 28.1402951 ], [ -16.790852, 28.1402376 ], [ -16.7908003, 28.1401761 ], [ -16.7907547, 28.1401109 ], [ -16.7906206, 28.1398996 ], [ -16.7905387, 28.1399105 ], [ -16.7904561, 28.1399153 ], [ -16.7903733, 28.1399142 ], [ -16.7902908, 28.1399072 ], [ -16.7902093, 28.1398942 ], [ -16.7901293, 28.1398754 ], [ -16.7900512, 28.1398509 ], [ -16.7899756, 28.1398208 ], [ -16.7899031, 28.1397854 ], [ -16.7897248, 28.1396899 ], [ -16.789658, 28.1396508 ], [ -16.7895949, 28.1396072 ], [ -16.7895358, 28.1395594 ], [ -16.7894812, 28.1395076 ], [ -16.7894313, 28.1394521 ], [ -16.789311, 28.1393071 ], [ -16.7892724, 28.139257 ], [ -16.7892376, 28.1392048 ], [ -16.7892028, 28.1391819 ], [ -16.7888733, 28.1389544 ], [ -16.7888009, 28.1389514 ], [ -16.7887111, 28.1389441 ], [ -16.7886225, 28.1389298 ], [ -16.7885356, 28.1389087 ], [ -16.7884512, 28.1388808 ], [ -16.7883698, 28.1388464 ], [ -16.7882923, 28.1388058 ], [ -16.788219, 28.1387592 ], [ -16.7881508, 28.1387071 ], [ -16.7880228, 28.1386004 ], [ -16.7879713, 28.1385542 ], [ -16.7879237, 28.1385048 ], [ -16.7878802, 28.1384526 ], [ -16.787841, 28.1383976 ], [ -16.787797, 28.1383468 ], [ -16.7877572, 28.1382932 ], [ -16.787547, 28.1379874 ], [ -16.7875072, 28.137924 ], [ -16.7874733, 28.1378579 ], [ -16.7874456, 28.1377896 ], [ -16.7872227, 28.137164 ], [ -16.7872013, 28.1370943 ], [ -16.7871862, 28.1370232 ], [ -16.7871776, 28.1369513 ], [ -16.7871756, 28.1368791 ], [ -16.787155, 28.136825 ], [ -16.7871384, 28.1367699 ], [ -16.7871257, 28.1367139 ], [ -16.7870609, 28.1365966 ], [ -16.7868871, 28.1364358 ], [ -16.7868393, 28.1363883 ], [ -16.7867953, 28.1363379 ], [ -16.7867555, 28.1362848 ], [ -16.78672, 28.1362294 ], [ -16.7866585, 28.1361251 ], [ -16.7865985, 28.1360733 ], [ -16.7865434, 28.1360174 ], [ -16.7864937, 28.1359576 ], [ -16.7864498, 28.1358944 ], [ -16.7865681, 28.1357877 ], [ -16.7869198, 28.1355112 ], [ -16.7871452, 28.1353932 ], [ -16.7871732, 28.1353187 ], [ -16.7870088, 28.135193 ], [ -16.7869864, 28.1351729 ], [ -16.7869677, 28.1351499 ], [ -16.7869534, 28.1351246 ], [ -16.7869437, 28.1350977 ], [ -16.7869388, 28.1350698 ], [ -16.7869389, 28.1350415 ], [ -16.786944, 28.1350136 ], [ -16.786954, 28.1349867 ], [ -16.7871345, 28.1346041 ], [ -16.7871035, 28.1346008 ], [ -16.7867157, 28.1349213 ], [ -16.7866889, 28.1349401 ], [ -16.7866589, 28.1349545 ], [ -16.7866266, 28.1349643 ], [ -16.7865929, 28.1349693 ], [ -16.7865588, 28.1349691 ], [ -16.7865252, 28.1349639 ], [ -16.786493, 28.1349538 ], [ -16.7864632, 28.1349391 ], [ -16.7864366, 28.1349202 ], [ -16.7861903, 28.1347126 ], [ -16.7861681, 28.1346906 ], [ -16.7861503, 28.1346656 ], [ -16.7861373, 28.1346384 ], [ -16.7861295, 28.1346096 ], [ -16.786127, 28.1345802 ], [ -16.7861301, 28.1345507 ], [ -16.7861385, 28.1345221 ], [ -16.7861521, 28.1344951 ], [ -16.7861818, 28.134447 ], [ -16.786, 28.1345742 ], [ -16.785925, 28.1346377 ], [ -16.7858594, 28.1346788 ], [ -16.7857816, 28.13471 ], [ -16.7856754, 28.1347322 ], [ -16.7855718, 28.13476 ], [ -16.7854727, 28.1348027 ], [ -16.7853968, 28.1347927 ], [ -16.785298, 28.1347183 ], [ -16.7851591, 28.134586 ], [ -16.7850375, 28.1343946 ], [ -16.7850045, 28.1342888 ], [ -16.7852008, 28.1343327 ], [ -16.7857844, 28.1340918 ], [ -16.7858269, 28.1339247 ], [ -16.7860705, 28.1337101 ], [ -16.7862, 28.1335577 ], [ -16.7862007, 28.1335532 ], [ -16.7858564, 28.1329716 ], [ -16.7858452, 28.1329489 ], [ -16.7858376, 28.1329252 ], [ -16.7858337, 28.1329007 ], [ -16.7858336, 28.1328759 ], [ -16.7858578, 28.1325493 ], [ -16.7858625, 28.1325206 ], [ -16.7858724, 28.1324929 ], [ -16.7859356, 28.1323558 ], [ -16.7859254, 28.1322639 ], [ -16.7859246, 28.1322383 ], [ -16.7859279, 28.1322129 ], [ -16.7860006, 28.1318697 ], [ -16.7859705, 28.1318464 ], [ -16.785912, 28.1318345 ], [ -16.785883, 28.1318266 ], [ -16.7858557, 28.1318149 ], [ -16.7858307, 28.1317998 ], [ -16.7858084, 28.1317815 ], [ -16.7855666, 28.1315511 ], [ -16.7855481, 28.1315307 ], [ -16.7855332, 28.1315082 ], [ -16.7854063, 28.1312809 ], [ -16.7853952, 28.1312566 ], [ -16.7853881, 28.1312312 ], [ -16.7853853, 28.1312052 ], [ -16.7853829, 28.1311149 ], [ -16.7853849, 28.1310846 ], [ -16.7853927, 28.131055 ], [ -16.7854533, 28.1308895 ], [ -16.7854597, 28.1308745 ], [ -16.7854675, 28.13086 ], [ -16.7855653, 28.130698 ], [ -16.7855833, 28.1306733 ], [ -16.7856056, 28.1306514 ], [ -16.7856317, 28.1306331 ], [ -16.7856607, 28.1306188 ], [ -16.7859121, 28.1305178 ], [ -16.78593, 28.1305115 ], [ -16.7859485, 28.1305067 ], [ -16.7860002, 28.1304957 ] ] } },
{ "type": "Feature", "properties": { "Layer": "0805DPMT", "IDTRAMO": 38062.0, "Provincia": "Santa Cruz de Tenerife", "Referencia": "DL-102-TF", "TM": "Adeje (Tenerife)", "Estado": "A", "OM": "2002-03-12", "Sit_Admin": "Aprobado (O.M. 12/03/2002)", "Tipo_Linea": "Límite SP aprobada", "Label": "DL-102-TF (O.M. 12/03/2002)", "ID_SEGMENT": "38062001", "FIGURA": null, "Shape_Leng": 0.0, "VERTICES": "SI" }, "geometry": { "type": "LineString", "coordinates": [ [ -16.770998, 28.1139077 ], [ -16.7708769, 28.1140547 ], [ -16.7708251, 28.1141124 ], [ -16.7707681, 28.1141662 ], [ -16.7707064, 28.1142157 ], [ -16.7706403, 28.1142606 ], [ -16.7705703, 28.1143005 ], [ -16.7704968, 28.1143353 ], [ -16.7696513, 28.1146964 ], [ -16.7695831, 28.1147229 ], [ -16.7695129, 28.1147448 ], [ -16.7694411, 28.1147622 ], [ -16.7693681, 28.1147748 ], [ -16.7688638, 28.1148453 ], [ -16.768785, 28.1148536 ], [ -16.7687058, 28.1148563 ], [ -16.7686265, 28.1148536 ], [ -16.7685478, 28.1148455 ], [ -16.7682749, 28.1148076 ], [ -16.7682, 28.1147946 ], [ -16.7681263, 28.1147767 ], [ -16.7680544, 28.1147539 ], [ -16.7679847, 28.1147264 ], [ -16.7678186, 28.1146543 ], [ -16.7677459, 28.1146194 ], [ -16.7676766, 28.1145794 ], [ -16.7676113, 28.1145346 ], [ -16.7675502, 28.1144851 ], [ -16.7674939, 28.1144315 ], [ -16.7670247, 28.1139466 ], [ -16.7668364, 28.1136703 ], [ -16.7667939, 28.1136013 ], [ -16.7667584, 28.1135294 ], [ -16.7667301, 28.113455 ], [ -16.7667091, 28.1133787 ], [ -16.7666957, 28.1133011 ], [ -16.76669, 28.1132228 ], [ -16.766692, 28.1131443 ], [ -16.7667016, 28.1130662 ], [ -16.7667189, 28.1129892 ], [ -16.7667082, 28.1129241 ], [ -16.7667028, 28.1128585 ], [ -16.7667029, 28.1127927 ], [ -16.7667084, 28.1127271 ], [ -16.7667257, 28.1125881 ], [ -16.7667439, 28.1124467 ], [ -16.7667571, 28.1123715 ], [ -16.7667775, 28.1122976 ], [ -16.7668048, 28.1122255 ], [ -16.7668389, 28.1121557 ], [ -16.7668795, 28.1120886 ], [ -16.7669263, 28.1120249 ], [ -16.766979, 28.1119648 ], [ -16.7670372, 28.1119089 ], [ -16.7671005, 28.1118576 ], [ -16.7671684, 28.1118112 ], [ -16.7672406, 28.11177 ], [ -16.7673164, 28.1117343 ], [ -16.7673953, 28.1117044 ], [ -16.7674191, 28.1116711 ], [ -16.767349, 28.1115587 ], [ -16.767269, 28.1115869 ], [ -16.7671865, 28.111609 ], [ -16.7671023, 28.1116249 ], [ -16.7670168, 28.1116344 ], [ -16.7669308, 28.1116374 ], [ -16.7664516, 28.1116365 ], [ -16.7663645, 28.111633 ], [ -16.7662781, 28.1116229 ], [ -16.766193, 28.1116063 ], [ -16.7661097, 28.1115833 ], [ -16.7660291, 28.1115541 ], [ -16.7659515, 28.1115189 ], [ -16.7658776, 28.1114779 ], [ -16.7658079, 28.1114315 ], [ -16.765743, 28.1113799 ], [ -16.7656831, 28.1114402 ], [ -16.7656173, 28.1114956 ], [ -16.7655463, 28.1115456 ], [ -16.7654705, 28.1115898 ], [ -16.7653906, 28.1116278 ], [ -16.7649751, 28.1118048 ], [ -16.7648974, 28.1118344 ], [ -16.7648171, 28.1118583 ], [ -16.7647349, 28.1118761 ], [ -16.7646514, 28.1118878 ], [ -16.764567, 28.1118933 ], [ -16.7644824, 28.1118926 ], [ -16.7643981, 28.1118857 ], [ -16.7643148, 28.1118725 ], [ -16.764233, 28.1118533 ], [ -16.7641533, 28.1118281 ], [ -16.7640762, 28.1117972 ], [ -16.7640023, 28.1117606 ], [ -16.7639321, 28.1117188 ], [ -16.763866, 28.1116719 ], [ -16.7634099, 28.1115799 ], [ -16.7633592, 28.1115685 ], [ -16.7633093, 28.1115547 ], [ -16.7623826, 28.1112766 ], [ -16.762302, 28.111249 ], [ -16.7622244, 28.1112154 ], [ -16.7621502, 28.1111761 ], [ -16.7620801, 28.1111313 ], [ -16.7620144, 28.1110815 ], [ -16.7619538, 28.1110269 ], [ -16.7618987, 28.1109679 ], [ -16.7618201, 28.1109349 ], [ -16.761745, 28.1108961 ], [ -16.7616739, 28.1108518 ], [ -16.7616073, 28.1108022 ], [ -16.7615458, 28.1107478 ], [ -16.7614897, 28.1106889 ], [ -16.7614395, 28.110626 ], [ -16.7613955, 28.1105596 ], [ -16.761358, 28.11049 ], [ -16.7613274, 28.1104179 ], [ -16.7613039, 28.1103437 ], [ -16.7612246, 28.1103167 ], [ -16.761148, 28.110284 ], [ -16.7610749, 28.1102457 ], [ -16.7610055, 28.1102021 ], [ -16.7609406, 28.1101536 ], [ -16.7608804, 28.1101004 ], [ -16.7608254, 28.1100429 ], [ -16.760776, 28.1099816 ], [ -16.7607326, 28.1099169 ], [ -16.7606954, 28.1098491 ], [ -16.7606647, 28.1097789 ], [ -16.7606408, 28.1097066 ], [ -16.7606237, 28.1096328 ], [ -16.760619, 28.1096257 ], [ -16.7605329, 28.1095222 ], [ -16.7604679, 28.1094648 ], [ -16.7603823, 28.1094526 ], [ -16.7602981, 28.109434 ], [ -16.760216, 28.1094091 ], [ -16.7601366, 28.109378 ], [ -16.7600604, 28.1093411 ], [ -16.7599881, 28.1092986 ], [ -16.7599201, 28.1092507 ], [ -16.759857, 28.1091979 ], [ -16.7597992, 28.1091406 ], [ -16.7597471, 28.109079 ], [ -16.7597011, 28.1090138 ], [ -16.7596616, 28.1089453 ], [ -16.7596287, 28.1088741 ], [ -16.7596055, 28.1088557 ], [ -16.7595447, 28.1088034 ], [ -16.759489, 28.1087467 ], [ -16.7594388, 28.1086862 ], [ -16.7593945, 28.1086221 ], [ -16.7593563, 28.108555 ], [ -16.7593246, 28.1084853 ], [ -16.7592995, 28.1084135 ], [ -16.7592812, 28.1083401 ], [ -16.7592699, 28.1082656 ], [ -16.7592656, 28.1081906 ], [ -16.7592684, 28.1081154 ], [ -16.7592782, 28.1080408 ], [ -16.7594041, 28.1073388 ], [ -16.7594981, 28.1068139 ], [ -16.7594466, 28.1066623 ], [ -16.7594399, 28.1066647 ], [ -16.7593443, 28.1065669 ], [ -16.7590756, 28.1066225 ], [ -16.7589865, 28.1066372 ], [ -16.7588964, 28.1066449 ], [ -16.7588058, 28.1066454 ], [ -16.7587155, 28.1066387 ], [ -16.7584715, 28.1066111 ], [ -16.7583847, 28.1065979 ], [ -16.7582996, 28.106578 ], [ -16.7576399, 28.106397 ], [ -16.757556, 28.1063703 ], [ -16.757475, 28.1063373 ], [ -16.7573977, 28.1062981 ], [ -16.7573245, 28.106253 ], [ -16.757256, 28.1062025 ], [ -16.7571927, 28.1061468 ], [ -16.7571353, 28.1060864 ], [ -16.7570839, 28.1060218 ], [ -16.7570392, 28.1059535 ], [ -16.7568383, 28.1056133 ], [ -16.7568004, 28.1055416 ], [ -16.7567697, 28.1054672 ], [ -16.7567465, 28.1053906 ], [ -16.756731, 28.1053126 ], [ -16.7567232, 28.1052337 ], [ -16.7567233, 28.1051545 ], [ -16.7567312, 28.1050755 ], [ -16.7567469, 28.1049975 ], [ -16.7567702, 28.1049211 ], [ -16.756801, 28.1048467 ], [ -16.7568391, 28.104775 ], [ -16.7568841, 28.1047065 ], [ -16.7570611, 28.1044625 ], [ -16.757115, 28.1042428 ], [ -16.757134, 28.1041771 ], [ -16.7571586, 28.1041129 ], [ -16.7572237, 28.1039616 ], [ -16.7572351, 28.1038593 ], [ -16.7572445, 28.1037973 ], [ -16.7572588, 28.1037359 ], [ -16.7572778, 28.1036756 ], [ -16.7573015, 28.1036166 ], [ -16.7575765, 28.1029998 ], [ -16.7576349, 28.1027443 ] ] } },
{ "type": "Feature", "properties": { "Layer": "0805DPMT", "IDTRAMO": 38061.0, "Provincia": "Santa Cruz de Tenerife", "Referencia": "DL-104-TF (modificación)", "TM": "Adeje (Tenerife)", "Estado": "A", "OM": "2014-04-15", "Sit_Admin": "Aprobado (O.M. 15/04/2014)", "Tipo_Linea": "Límite SP aprobada", "Label": "DL-104-TF (modificación) (O.M. 15/04/2014)", "ID_SEGMENT": "38061002", "FIGURA": null, "Shape_Leng": 0.0, "VERTICES": "SI" }, "geometry": { "type": "LineString", "coordinates": [ [ -16.7523665, 28.0997824 ], [ -16.7522904, 28.0997767 ], [ -16.752215, 28.099766 ], [ -16.7521407, 28.0997503 ], [ -16.7520679, 28.0997298 ], [ -16.7519971, 28.0997044 ], [ -16.7519287, 28.0996744 ], [ -16.7516151, 28.0995238 ], [ -16.751539, 28.0994834 ], [ -16.7514672, 28.0994373 ], [ -16.7514002, 28.0993858 ], [ -16.7513385, 28.0993293 ], [ -16.7512826, 28.0992682 ], [ -16.7512329, 28.0992031 ], [ -16.7511898, 28.0991344 ], [ -16.7509861, 28.0987736 ], [ -16.7508334, 28.0985995 ], [ -16.7505648, 28.0984167 ], [ -16.7504986, 28.0983675 ], [ -16.7504373, 28.0983135 ], [ -16.7503814, 28.0982551 ], [ -16.7503312, 28.0981926 ], [ -16.7502873, 28.0981267 ], [ -16.7502498, 28.0980576 ], [ -16.750219, 28.097986 ], [ -16.7501952, 28.0979124 ], [ -16.7501785, 28.0978372 ], [ -16.7501691, 28.097761 ], [ -16.7501392, 28.0973634 ], [ -16.750137, 28.0972902 ], [ -16.7501415, 28.097217 ], [ -16.7501528, 28.0971444 ], [ -16.7501706, 28.0970729 ] ] } },
{ "type": "Feature", "properties": { "Layer": "0805DPMT", "IDTRAMO": 38060.0, "Provincia": "Santa Cruz de Tenerife", "Referencia": "DL-104-TF", "TM": "Adeje (Tenerife)", "Estado": "A", "OM": "2006-03-07", "Sit_Admin": "Aprobado (O.M. 07/03/2006)", "Tipo_Linea": "Límite SP aprobada", "Label": "DL-104-TF (O.M. 07/03/2006)", "ID_SEGMENT": "38060001", "FIGURA": null, "Shape_Leng": 0.0, "VERTICES": "SI" }, "geometry": { "type": "LineString", "coordinates": [ [ -16.7576349, 28.1027443 ], [ -16.7575108, 28.1027684 ], [ -16.7573639, 28.1027826 ], [ -16.7575048, 28.1022485 ], [ -16.7574493, 28.1020374 ], [ -16.7574194, 28.1020497 ], [ -16.7573876, 28.1020575 ], [ -16.7573548, 28.1020607 ], [ -16.7573218, 28.1020591 ], [ -16.7572896, 28.1020529 ], [ -16.7572589, 28.1020421 ], [ -16.7572306, 28.102027 ], [ -16.7569467, 28.1018465 ], [ -16.7569272, 28.1018325 ], [ -16.7569099, 28.1018164 ], [ -16.7566997, 28.101596 ], [ -16.7566483, 28.1015429 ], [ -16.7565527, 28.1015222 ], [ -16.756521, 28.1015128 ], [ -16.7564915, 28.101499 ], [ -16.7564649, 28.1014811 ], [ -16.756442, 28.1014595 ], [ -16.7564234, 28.101435 ], [ -16.7564096, 28.1014081 ], [ -16.7564008, 28.1013795 ], [ -16.7563975, 28.10135 ], [ -16.7563997, 28.1013205 ], [ -16.7564426, 28.1010628 ], [ -16.7561277, 28.1010281 ], [ -16.7559609, 28.1010334 ], [ -16.7557646, 28.1011321 ], [ -16.755733, 28.1011449 ], [ -16.7556993, 28.1011528 ], [ -16.7556647, 28.1011555 ], [ -16.75563, 28.1011529 ], [ -16.7555963, 28.1011452 ], [ -16.7554169, 28.1010888 ], [ -16.7553846, 28.1010758 ], [ -16.7553554, 28.101058 ], [ -16.7553301, 28.101036 ], [ -16.7553095, 28.1010104 ], [ -16.7552943, 28.1009821 ], [ -16.7552356, 28.1008433 ], [ -16.7551706, 28.1006317 ], [ -16.7551654, 28.1006087 ], [ -16.7551368, 28.1004232 ], [ -16.7551349, 28.1003984 ], [ -16.7551369, 28.1003737 ], [ -16.7551427, 28.1003495 ], [ -16.7552552, 28.0999977 ], [ -16.7552611, 28.0999821 ], [ -16.7552686, 28.099967 ], [ -16.7554058, 28.0997209 ], [ -16.7554208, 28.0996984 ], [ -16.7554393, 28.099678 ], [ -16.755754, 28.099378 ], [ -16.7558731, 28.0991925 ], [ -16.7558878, 28.0991727 ], [ -16.7559053, 28.0991548 ], [ -16.7559818, 28.0990863 ], [ -16.7558373, 28.0989298 ], [ -16.7555028, 28.0988843 ], [ -16.755315, 28.0988723 ], [ -16.7552262, 28.0990336 ], [ -16.7552141, 28.0990527 ], [ -16.7551993, 28.0990703 ], [ -16.7551823, 28.0990862 ], [ -16.7550167, 28.0992236 ], [ -16.7549926, 28.0992407 ], [ -16.7549658, 28.0992545 ], [ -16.7549369, 28.0992644 ], [ -16.7549067, 28.0992704 ], [ -16.7548758, 28.0992722 ], [ -16.7548449, 28.0992699 ], [ -16.7545397, 28.0992257 ], [ -16.7545055, 28.099218 ], [ -16.7544733, 28.0992051 ], [ -16.7544441, 28.0991876 ], [ -16.7544188, 28.0991658 ], [ -16.7543981, 28.0991405 ], [ -16.7543826, 28.0991124 ], [ -16.7543728, 28.0990823 ], [ -16.754369, 28.0990512 ], [ -16.754369, 28.0990488 ], [ -16.7540924, 28.0990855 ], [ -16.7540643, 28.0990874 ], [ -16.7540361, 28.0990859 ], [ -16.7540085, 28.099081 ], [ -16.7537631, 28.0990212 ], [ -16.7535775, 28.0990162 ], [ -16.7531902, 28.099816 ], [ -16.7523665, 28.0997824 ] ] } },
{ "type": "Feature", "properties": { "Layer": "0805DPMT", "IDTRAMO": 38060.0, "Provincia": "Santa Cruz de Tenerife", "Referencia": "DL-104-TF", "TM": "Adeje (Tenerife)", "Estado": "A", "OM": "2006-03-07", "Sit_Admin": "Aprobado (O.M. 07/03/2006)", "Tipo_Linea": "Límite SP aprobada", "Label": "DL-104-TF (O.M. 07/03/2006)", "ID_SEGMENT": "38060004", "FIGURA": null, "Shape_Leng": 0.0, "VERTICES": "SI" }, "geometry": { "type": "LineString", "coordinates": [ [ -16.7501706, 28.0970729 ], [ -16.7501268, 28.0970219 ], [ -16.7500872, 28.0969683 ], [ -16.7497504, 28.0964752 ], [ -16.7497077, 28.0964062 ], [ -16.749672, 28.0963341 ], [ -16.7496436, 28.0962595 ], [ -16.7496225, 28.0961829 ], [ -16.7496091, 28.0961051 ], [ -16.7496034, 28.0960265 ], [ -16.7496054, 28.0959478 ], [ -16.7496152, 28.0958695 ], [ -16.7494861, 28.095761 ] ] } },
{ "type": "Feature", "properties": { "Layer": "0805DPMT", "IDTRAMO": 38057.0, "Provincia": "Santa Cruz de Tenerife", "Referencia": "DL-105-TF", "TM": "Adeje (Tenerife)", "Estado": "A", "OM": "2006-09-22", "Sit_Admin": "Aprobado (O.M. 22/09/2006)", "Tipo_Linea": "Límite SP aprobada", "Label": "DL-105-TF (O.M. 22/09/2006)", "ID_SEGMENT": "38057006", "FIGURA": null, "Shape_Leng": 0.0, "VERTICES": "SI" }, "geometry": { "type": "LineString", "coordinates": [ [ -16.7361722, 28.0846453 ], [ -16.736421, 28.0851397 ], [ -16.7368096, 28.0859667 ], [ -16.7372183, 28.0868017 ], [ -16.7372283, 28.0868194 ], [ -16.7372405, 28.0868361 ], [ -16.7376853, 28.0873776 ], [ -16.7381284, 28.0879215 ], [ -16.7381437, 28.0879381 ], [ -16.738161, 28.0879529 ], [ -16.7381887, 28.0879739 ], [ -16.7380696, 28.0881116 ], [ -16.7382318, 28.088344 ], [ -16.7384021, 28.0885895 ], [ -16.738457, 28.0886578 ], [ -16.7385008, 28.0886974 ], [ -16.7393713, 28.0891882 ], [ -16.7395096, 28.0893042 ], [ -16.7399195, 28.0896804 ], [ -16.7399097, 28.0897077 ], [ -16.7399049, 28.0897359 ], [ -16.7399052, 28.0897645 ], [ -16.7399105, 28.0897927 ], [ -16.7399208, 28.0898198 ], [ -16.7399359, 28.0898452 ], [ -16.7399552, 28.089868 ], [ -16.7399538, 28.089919 ], [ -16.7398807, 28.0900488 ], [ -16.7398388, 28.0901041 ], [ -16.7399795, 28.0903054 ], [ -16.7404239, 28.0903407 ], [ -16.7404686, 28.0903428 ], [ -16.7405134, 28.090342 ], [ -16.7416883, 28.0902823 ], [ -16.7417546, 28.0902757 ], [ -16.7418197, 28.0902627 ], [ -16.7418829, 28.0902435 ], [ -16.7419433, 28.0902183 ], [ -16.7420002, 28.0901874 ] ] } },
{ "type": "Feature", "properties": { "Layer": "0805DPMT", "IDTRAMO": 38057.0, "Provincia": "Santa Cruz de Tenerife", "Referencia": "DL-105-TF", "TM": "Adeje (Tenerife)", "Estado": "A", "OM": "2006-09-22", "Sit_Admin": "Aprobado (O.M. 22/09/2006)", "Tipo_Linea": "Límite SP aprobada", "Label": "DL-105-TF (O.M. 22/09/2006)", "ID_SEGMENT": "38057003", "FIGURA": null, "Shape_Leng": 0.0, "VERTICES": "SI" }, "geometry": { "type": "LineString", "coordinates": [ [ -16.7352019, 28.076374 ], [ -16.7352525, 28.0765051 ], [ -16.735264, 28.0765291 ], [ -16.7352792, 28.0765513 ], [ -16.7352979, 28.0765713 ] ] } },
{ "type": "Feature", "properties": { "Layer": "0805DPMT", "IDTRAMO": 38013.0, "Provincia": "Santa Cruz de Tenerife", "Referencia": "DL-107-TF", "TM": "Candelaria (Tenerife)", "Estado": "A", "OM": "2006-05-22", "Sit_Admin": "Aprobado (O.M. 22/05/2006)", "Tipo_Linea": "Límite SP aprobada", "Label": "DL-107-TF (O.M. 22/05/2006)", "ID_SEGMENT": "38013007", "FIGURA": null, "Shape_Leng": 0.0, "VERTICES": "SI" }, "geometry": { "type": "LineString", "coordinates": [ [ -16.3449185, 28.392797 ], [ -16.3445411, 28.393055 ], [ -16.3442979, 28.3932599 ], [ -16.3442327, 28.3933104 ], [ -16.344163, 28.3933557 ], [ -16.3440891, 28.3933957 ], [ -16.3440117, 28.3934299 ], [ -16.3439313, 28.3934583 ], [ -16.3438484, 28.3934805 ], [ -16.3435752, 28.3937172 ], [ -16.343574, 28.3937209 ], [ -16.34355, 28.3937823 ], [ -16.3435211, 28.3938419 ], [ -16.3432423, 28.394365 ], [ -16.3432027, 28.394432 ], [ -16.3431568, 28.3944958 ], [ -16.3431051, 28.3945559 ], [ -16.3430479, 28.3946121 ], [ -16.3429855, 28.3946638 ], [ -16.3429185, 28.3947107 ], [ -16.3428473, 28.3947525 ], [ -16.3427723, 28.3947889 ], [ -16.3419977, 28.3951284 ], [ -16.3419295, 28.3951555 ], [ -16.3418592, 28.3951782 ], [ -16.3407765, 28.3954887 ], [ -16.3407248, 28.3955232 ], [ -16.3406708, 28.3955548 ], [ -16.3406505, 28.3956309 ], [ -16.3406228, 28.3957051 ], [ -16.3405879, 28.395777 ], [ -16.3405461, 28.3958459 ], [ -16.3404977, 28.3959114 ], [ -16.3404431, 28.3959729 ], [ -16.3401041, 28.3963225 ], [ -16.340057, 28.3963678 ], [ -16.3400066, 28.3964102 ], [ -16.3399531, 28.3964494 ], [ -16.3395087, 28.3967528 ], [ -16.339232, 28.3968926 ], [ -16.3391682, 28.3969222 ], [ -16.3391023, 28.3969478 ], [ -16.3390174, 28.3969739 ], [ -16.3389302, 28.3969932 ], [ -16.3388415, 28.3970057 ], [ -16.3387518, 28.3970112 ], [ -16.3386619, 28.3970098 ], [ -16.3385673, 28.3970045 ] ] } },
{ "type": "Feature", "properties": { "Layer": "0805DPMT", "IDTRAMO": 38014.0, "Provincia": "Santa Cruz de Tenerife", "Referencia": "DL-108-TF", "TM": "Candelaria (Tenerife)", "Estado": "A", "OM": "2001-10-04", "Sit_Admin": "Aprobado (O.M. 04/10/2001)", "Tipo_Linea": "Límite SP aprobada", "Label": "DL-108-TF (O.M. 04/10/2001)", "ID_SEGMENT": "38014001", "FIGURA": null, "Shape_Leng": 0.0, "VERTICES": "SI" }, "geometry": { "type": "LineString", "coordinates": [ [ -16.3580997, 28.3806627 ], [ -16.3581285, 28.3806775 ], [ -16.3581596, 28.3806879 ], [ -16.3581922, 28.3806938 ], [ -16.3582255, 28.3806948 ], [ -16.3582585, 28.3806911 ], [ -16.3584003, 28.3806645 ], [ -16.3585702, 28.3808509 ], [ -16.3585919, 28.3808712 ], [ -16.3586168, 28.3808884 ], [ -16.3586444, 28.3809019 ], [ -16.358674, 28.3809114 ], [ -16.358705, 28.3809169 ], [ -16.3587365, 28.380918 ], [ -16.3588385, 28.3809148 ], [ -16.3588732, 28.380911 ], [ -16.3589066, 28.3809021 ], [ -16.3589378, 28.3808882 ], [ -16.3589659, 28.3808699 ], [ -16.3589901, 28.3808476 ], [ -16.3590871, 28.380741 ], [ -16.3591841, 28.3806691 ], [ -16.359326, 28.3805851 ], [ -16.3594634, 28.3805668 ], [ -16.3594939, 28.3805605 ], [ -16.359523, 28.3805502 ], [ -16.3595499, 28.3805361 ], [ -16.3598748, 28.380335 ], [ -16.3598952, 28.3803205 ], [ -16.3599135, 28.3803037 ], [ -16.3599291, 28.3802851 ], [ -16.3600984, 28.3800534 ], [ -16.3601969, 28.3800753 ], [ -16.3602249, 28.3800798 ], [ -16.3602533, 28.3800807 ], [ -16.3602816, 28.3800782 ], [ -16.3603819, 28.3800628 ], [ -16.3604123, 28.380056 ], [ -16.3604411, 28.3800452 ], [ -16.3604677, 28.3800306 ], [ -16.3604915, 28.3800125 ], [ -16.3605119, 28.3799915 ], [ -16.3605624, 28.3799305 ], [ -16.3609246, 28.3796612 ], [ -16.3609437, 28.379645 ], [ -16.3609603, 28.3796267 ], [ -16.3610286, 28.3795406 ], [ -16.3610457, 28.3795148 ], [ -16.3610577, 28.3794868 ], [ -16.3610643, 28.3794574 ], [ -16.3610654, 28.3794275 ], [ -16.3610608, 28.3793978 ], [ -16.3610507, 28.3793692 ], [ -16.3610355, 28.3793425 ], [ -16.3610154, 28.3793183 ], [ -16.3609911, 28.3792975 ], [ -16.3609633, 28.3792804 ], [ -16.3607823, 28.3791885 ], [ -16.3607468, 28.3791272 ], [ -16.3607326, 28.3791063 ], [ -16.3607153, 28.3790873 ], [ -16.3606845, 28.3790577 ], [ -16.3606935, 28.379006 ], [ -16.3607105, 28.3789954 ], [ -16.3608237, 28.3789232 ], [ -16.3608722, 28.3789087 ], [ -16.3608894, 28.3789028 ], [ -16.360906, 28.3788955 ], [ -16.3610334, 28.3788331 ], [ -16.3612238, 28.3787288 ], [ -16.3612513, 28.3787108 ], [ -16.361275, 28.378689 ], [ -16.3612942, 28.378664 ], [ -16.3613085, 28.3786364 ], [ -16.3613173, 28.3786072 ], [ -16.3613303, 28.3785433 ], [ -16.3613333, 28.3785179 ], [ -16.3613323, 28.3784924 ], [ -16.3613272, 28.3784672 ], [ -16.3613182, 28.378443 ], [ -16.3613054, 28.3784201 ], [ -16.3611805, 28.3782319 ], [ -16.3611651, 28.3782118 ], [ -16.3611467, 28.3781937 ], [ -16.3611257, 28.378178 ], [ -16.361079, 28.3781475 ], [ -16.361059, 28.378136 ], [ -16.3610377, 28.3781267 ], [ -16.3609999, 28.3781124 ], [ -16.3609772, 28.3781052 ], [ -16.3609537, 28.3781005 ], [ -16.3609297, 28.3780982 ], [ -16.3607507, 28.3780907 ], [ -16.3607852, 28.3780544 ], [ -16.360805, 28.3780296 ], [ -16.3608199, 28.3780023 ], [ -16.3608294, 28.377973 ], [ -16.3608332, 28.3779429 ], [ -16.3608312, 28.3779125 ], [ -16.3608126, 28.3777975 ], [ -16.360805, 28.3777681 ], [ -16.360792, 28.3777403 ], [ -16.3607739, 28.3777148 ], [ -16.360636, 28.3775519 ], [ -16.3606159, 28.3775316 ], [ -16.3605925, 28.3775141 ], [ -16.3605665, 28.3774999 ], [ -16.3605384, 28.3774893 ], [ -16.3605087, 28.3774825 ], [ -16.360383, 28.3774625 ], [ -16.3603358, 28.3774548 ] ] } },
{ "type": "Feature", "properties": { "Layer": "0805DPMT", "IDTRAMO": 38016.0, "Provincia": "Santa Cruz de Tenerife", "Referencia": "DL-109-TF", "TM": "Candelaria (Tenerife)", "Estado": "A", "OM": "2006-05-11", "Sit_Admin": "Aprobado (O.M. 11/05/2006)", "Tipo_Linea": "Límite SP aprobada", "Label": "DL-109-TF (O.M. 11/05/2006)", "ID_SEGMENT": "38016002", "FIGURA": null, "Shape_Leng": 0.0, "VERTICES": "SI" }, "geometry": { "type": "LineString", "coordinates": [ [ -16.3620988, 28.372728 ], [ -16.3620933, 28.3727836 ], [ -16.3619956, 28.3735132 ], [ -16.3619874, 28.3736292 ], [ -16.3619855, 28.3736449 ], [ -16.3619821, 28.3736603 ] ] } },
{ "type": "Feature", "properties": { "Layer": "0805DPMT", "IDTRAMO": 38016.0, "Provincia": "Santa Cruz de Tenerife", "Referencia": "DL-109-TF", "TM": "Candelaria (Tenerife)", "Estado": "A", "OM": "2006-05-11", "Sit_Admin": "Aprobado (O.M. 11/05/2006)", "Tipo_Linea": "Límite SP aprobada", "Label": "DL-109-TF (O.M. 11/05/2006)", "ID_SEGMENT": "38016005", "FIGURA": null, "Shape_Leng": 0.0, "VERTICES": "SI" }, "geometry": { "type": "LineString", "coordinates": [ [ -16.3643987, 28.3634953 ], [ -16.3644704, 28.3635678 ], [ -16.3644883, 28.3635888 ], [ -16.3645025, 28.3636119 ], [ -16.3645128, 28.3636366 ], [ -16.364519, 28.3636623 ], [ -16.3645355, 28.3637701 ], [ -16.3645629, 28.3637799 ], [ -16.3647025, 28.36376 ], [ -16.3647356, 28.3637577 ], [ -16.3647688, 28.3637602 ], [ -16.364801, 28.3637674 ], [ -16.3648315, 28.3637792 ], [ -16.3648594, 28.3637951 ], [ -16.364884, 28.3638149 ], [ -16.3649046, 28.3638379 ], [ -16.3649208, 28.3638636 ], [ -16.364932, 28.3638913 ], [ -16.3650057, 28.3641337 ], [ -16.3650119, 28.3641643 ], [ -16.365012, 28.3641954 ], [ -16.3649971, 28.3643559 ], [ -16.3649935, 28.364378 ], [ -16.3649869, 28.3643995 ], [ -16.3649772, 28.3644201 ], [ -16.3645934, 28.3651177 ], [ -16.3640844, 28.3660603 ], [ -16.3637264, 28.3667279 ], [ -16.3641274, 28.3667911 ], [ -16.3645496, 28.3669553 ], [ -16.3645195, 28.3670173 ], [ -16.3645175, 28.3670208 ], [ -16.3645136, 28.367028 ], [ -16.3645058, 28.3670423 ], [ -16.3645019, 28.3670495 ], [ -16.3645013, 28.3670506 ], [ -16.3645009, 28.3670512 ], [ -16.3644636, 28.3671193 ], [ -16.3644388, 28.3671648 ], [ -16.3644058, 28.3672253 ], [ -16.364387, 28.3672552 ], [ -16.363476, 28.3671929 ], [ -16.363124, 28.3678295 ], [ -16.3631153, 28.3678437 ], [ -16.3631051, 28.3678572 ], [ -16.3628502, 28.3681637 ], [ -16.3626287, 28.3684351 ], [ -16.3624472, 28.3686999 ], [ -16.3622342, 28.3690636 ], [ -16.3620737, 28.3693672 ], [ -16.3620212, 28.3695279 ], [ -16.3619976, 28.3696952 ], [ -16.3620374, 28.37045 ], [ -16.3620842, 28.3712684 ], [ -16.36214, 28.3721634 ], [ -16.3621402, 28.3721793 ], [ -16.3621322, 28.3723919 ], [ -16.3621145, 28.3725703 ] ] } },
{ "type": "Feature", "properties": { "Layer": "0805DPMT", "IDTRAMO": 38024.0, "Provincia": "Santa Cruz de Tenerife", "Referencia": "C-110/1-TF", "TM": "Güímar (Tenerife)", "Estado": "A", "OM": "1989-03-27", "Sit_Admin": "Aprobado (O.M. 27/03/1989)", "Tipo_Linea": "Límite SP aprobada", "Label": "C-110/1-TF (O.M. 27/03/1989)", "ID_SEGMENT": "38024001", "FIGURA": null, "Shape_Leng": 0.0, "VERTICES": "SI" }, "geometry": { "type": "LineString", "coordinates": [ [ -16.3795105, 28.2888803 ], [ -16.3791086, 28.289357 ], [ -16.3788414, 28.2898295 ], [ -16.3788393, 28.2898331 ], [ -16.3785672, 28.2902883 ], [ -16.3785648, 28.2902922 ], [ -16.3782815, 28.2907391 ], [ -16.3782785, 28.2907436 ], [ -16.3780177, 28.2911284 ], [ -16.3780159, 28.2911311 ], [ -16.3777678, 28.2914833 ], [ -16.3774695, 28.2918855 ], [ -16.3772066, 28.2922206 ], [ -16.3772047, 28.2922229 ], [ -16.3769263, 28.2925659 ] ] } },
{ "type": "Feature", "properties": { "Layer": "0805DPMT", "IDTRAMO": 38017.0, "Provincia": "Santa Cruz de Tenerife", "Referencia": "DL-110-TF", "TM": "Candelaria (Tenerife)", "Estado": "A", "OM": "2006-09-21", "Sit_Admin": "Aprobado (O.M. 21/09/2006)", "Tipo_Linea": "Límite SP aprobada", "Label": "DL-110-TF (O.M. 21/09/2006)", "ID_SEGMENT": "38017003", "FIGURA": null, "Shape_Leng": 0.0, "VERTICES": "SI" }, "geometry": { "type": "LineString", "coordinates": [ [ -16.3670446, 28.3596291 ], [ -16.3670111, 28.3596738 ], [ -16.3669866, 28.3597136 ], [ -16.3670111, 28.3597271 ], [ -16.3671457, 28.3598138 ], [ -16.3671675, 28.35983 ], [ -16.3671865, 28.3598487 ], [ -16.3672023, 28.3598695 ], [ -16.3672887, 28.3600018 ], [ -16.3673034, 28.3600296 ], [ -16.3673126, 28.3600592 ], [ -16.367316, 28.3600897 ], [ -16.3673136, 28.3601203 ], [ -16.3673052, 28.3601501 ], [ -16.3672914, 28.3601782 ], [ -16.3672723, 28.3602038 ], [ -16.3670768, 28.3604232 ], [ -16.3670534, 28.3604453 ], [ -16.3670262, 28.3604637 ], [ -16.3669958, 28.3604778 ], [ -16.3669632, 28.3604872 ], [ -16.3669292, 28.3604916 ], [ -16.366895, 28.3604909 ], [ -16.3668613, 28.3604852 ], [ -16.3668292, 28.3604745 ], [ -16.3666744, 28.3604096 ], [ -16.3666477, 28.3604262 ], [ -16.366621, 28.3604401 ], [ -16.3665922, 28.3604504 ], [ -16.366562, 28.3604566 ], [ -16.3665529, 28.3604761 ], [ -16.3665414, 28.3604946 ], [ -16.3664293, 28.3606511 ], [ -16.3664493, 28.3607401 ], [ -16.3664524, 28.3607592 ], [ -16.3664531, 28.3607785 ], [ -16.3664521, 28.3608284 ], [ -16.3664509, 28.3608898 ], [ -16.3664486, 28.3609138 ], [ -16.3664427, 28.3609372 ], [ -16.3664334, 28.3609598 ], [ -16.3664207, 28.3609811 ], [ -16.3663468, 28.3610875 ], [ -16.3663281, 28.3611103 ], [ -16.3663056, 28.3611302 ], [ -16.3662799, 28.3611467 ], [ -16.3662516, 28.3611596 ], [ -16.3660761, 28.3612244 ], [ -16.3658633, 28.3614545 ], [ -16.3658302, 28.3615166 ], [ -16.365815, 28.3615403 ], [ -16.365796, 28.3615617 ], [ -16.3657735, 28.3615803 ], [ -16.3657482, 28.3615957 ], [ -16.3657205, 28.3616076 ], [ -16.3656911, 28.3616156 ], [ -16.3656607, 28.3616196 ], [ -16.3655967, 28.3616238 ], [ -16.3654376, 28.3617973 ] ] } },
{ "type": "Feature", "properties": { "Layer": "0805DPMT", "IDTRAMO": 38017.0, "Provincia": "Santa Cruz de Tenerife", "Referencia": "DL-110-TF", "TM": "Candelaria (Tenerife)", "Estado": "A", "OM": "2006-09-21", "Sit_Admin": "Aprobado (O.M. 21/09/2006)", "Tipo_Linea": "Límite SP aprobada", "Label": "DL-110-TF (O.M. 21/09/2006)", "ID_SEGMENT": "38017004", "FIGURA": null, "Shape_Leng": 0.0, "VERTICES": "SI" }, "geometry": { "type": "LineString", "coordinates": [ [ -16.3644925, 28.3621967 ], [ -16.3644697, 28.3622125 ], [ -16.3644445, 28.3622253 ], [ -16.3644176, 28.3622348 ], [ -16.3643894, 28.3622408 ], [ -16.3643825, 28.3622419 ], [ -16.3643869, 28.3622575 ], [ -16.3645016, 28.3624764 ], [ -16.3645098, 28.3624946 ], [ -16.3647079, 28.3630145 ], [ -16.364716, 28.3630432 ], [ -16.3647186, 28.3630726 ], [ -16.3647158, 28.3631021 ], [ -16.3647097, 28.3631233 ] ] } },
{ "type": "Feature", "properties": { "Layer": "0805DPMT", "IDTRAMO": 38017.0, "Provincia": "Santa Cruz de Tenerife", "Referencia": "DL-110-TF", "TM": "Candelaria (Tenerife)", "Estado": "A", "OM": "2006-09-21", "Sit_Admin": "Aprobado (O.M. 21/09/2006)", "Tipo_Linea": "Límite SP aprobada", "Label": "DL-110-TF (O.M. 21/09/2006)", "ID_SEGMENT": "38017005", "FIGURA": null, "Shape_Leng": 0.0, "VERTICES": "SI" }, "geometry": { "type": "LineString", "coordinates": [ [ -16.3673387, 28.3593637 ], [ -16.3673662, 28.3593806 ], [ -16.3673965, 28.3593932 ], [ -16.3674287, 28.3594014 ], [ -16.367462, 28.3594047 ], [ -16.3674955, 28.3594032 ], [ -16.3675282, 28.3593969 ], [ -16.3675593, 28.3593859 ], [ -16.367588, 28.3593706 ], [ -16.3676134, 28.3593513 ], [ -16.3676349, 28.3593286 ], [ -16.367652, 28.3593031 ], [ -16.3677372, 28.359146 ], [ -16.3677483, 28.3591211 ], [ -16.3677552, 28.3590951 ], [ -16.3677576, 28.3590685 ], [ -16.3677555, 28.3590418 ], [ -16.367749, 28.3590157 ], [ -16.3677383, 28.3589908 ], [ -16.3677695, 28.3590016 ], [ -16.3678024, 28.3590078 ], [ -16.367836, 28.3590091 ], [ -16.3678693, 28.3590055 ], [ -16.3679016, 28.3589972 ], [ -16.3679318, 28.3589842 ], [ -16.3679593, 28.3589671 ], [ -16.3679832, 28.3589462 ], [ -16.3680029, 28.3589221 ], [ -16.3680178, 28.3588954 ], [ -16.3681549, 28.3585904 ], [ -16.3681598, 28.3585783 ], [ -16.3682834, 28.3582333 ], [ -16.3682852, 28.3582279 ], [ -16.3683509, 28.3580236 ] ] } },
{ "type": "Feature", "properties": { "Layer": "0805DPMT", "IDTRAMO": 38017.0, "Provincia": "Santa Cruz de Tenerife", "Referencia": "DL-110-TF", "TM": "Candelaria (Tenerife)", "Estado": "A", "OM": "2006-09-21", "Sit_Admin": "Aprobado (O.M. 21/09/2006)", "Tipo_Linea": "Límite SP aprobada", "Label": "DL-110-TF (O.M. 21/09/2006)", "ID_SEGMENT": "38017006", "FIGURA": null, "Shape_Leng": 0.0, "VERTICES": "SI" }, "geometry": { "type": "LineString", "coordinates": [ [ -16.3653275, 28.3618938 ], [ -16.3653474, 28.3618834 ], [ -16.3653658, 28.361871 ] ] } },
{ "type": "Feature", "properties": { "Layer": "0805DPMT", "IDTRAMO": 38018.0, "Provincia": "Santa Cruz de Tenerife", "Referencia": "DL-111-TF", "TM": "Candelaria (Tenerife)", "Estado": "A", "OM": "2011-06-29", "Sit_Admin": "Aprobado (O.M. 29/06/2011)", "Tipo_Linea": "Límite SP aprobada", "Label": "DL-111-TF (O.M. 29/06/2011)", "ID_SEGMENT": "38018003", "FIGURA": null, "Shape_Leng": 0.0, "VERTICES": "SI" }, "geometry": { "type": "LineString", "coordinates": [ [ -16.3683509, 28.3580236 ], [ -16.3683571, 28.3579971 ], [ -16.3683588, 28.3579702 ], [ -16.368356, 28.3579433 ], [ -16.3683487, 28.3579171 ], [ -16.368337, 28.3578922 ], [ -16.3683213, 28.3578691 ], [ -16.3682921, 28.3578327 ], [ -16.3684074, 28.357876 ], [ -16.3684922, 28.3579367 ], [ -16.3685201, 28.3579535 ], [ -16.3685508, 28.3579659 ], [ -16.3685833, 28.3579738 ], [ -16.3686169, 28.3579768 ], [ -16.3686506, 28.3579749 ], [ -16.3686835, 28.357968 ], [ -16.3687146, 28.3579565 ], [ -16.3687431, 28.3579406 ], [ -16.3690313, 28.357749 ] ] } },
{ "type": "Feature", "properties": { "Layer": "0805DPMT", "IDTRAMO": 38018.0, "Provincia": "Santa Cruz de Tenerife", "Referencia": "DL-111-TF", "TM": "Candelaria (Tenerife)", "Estado": "A", "OM": "2011-06-29", "Sit_Admin": "Aprobado (O.M. 29/06/2011)", "Tipo_Linea": "Límite SP aprobada", "Label": "DL-111-TF (O.M. 29/06/2011)", "ID_SEGMENT": "38018005", "FIGURA": null, "Shape_Leng": 0.0, "VERTICES": "SI" }, "geometry": { "type": "LineString", "coordinates": [ [ -16.3697459, 28.3555764 ], [ -16.3698365, 28.3557012 ], [ -16.3698527, 28.3557284 ], [ -16.3698635, 28.3557577 ], [ -16.3698685, 28.3557881 ], [ -16.3698676, 28.3558189 ], [ -16.3698607, 28.355849 ], [ -16.3697564, 28.3561672 ], [ -16.369746, 28.3561919 ], [ -16.3697316, 28.356215 ], [ -16.3697136, 28.3562361 ], [ -16.3696923, 28.3562546 ], [ -16.3696682, 28.3562701 ], [ -16.3695708, 28.3563237 ], [ -16.3695564, 28.3563248 ], [ -16.3695562, 28.3563248 ] ] } },
{ "type": "Feature", "properties": { "Layer": "0805DPMT", "IDTRAMO": 38018.0, "Provincia": "Santa Cruz de Tenerife", "Referencia": "DL-111-TF", "TM": "Candelaria (Tenerife)", "Estado": "A", "OM": "2011-06-29", "Sit_Admin": "Aprobado (O.M. 29/06/2011)", "Tipo_Linea": "Límite SP aprobada", "Label": "DL-111-TF (O.M. 29/06/2011)", "ID_SEGMENT": "38018004", "FIGURA": null, "Shape_Leng": 0.0, "VERTICES": "SI" }, "geometry": { "type": "LineString", "coordinates": [ [ -16.369131, 28.3576714 ], [ -16.3691584, 28.3576554 ], [ -16.3691826, 28.3576358 ], [ -16.3692029, 28.3576129 ], [ -16.3692188, 28.3575874 ], [ -16.3692299, 28.3575601 ], [ -16.3692359, 28.3575315 ], [ -16.3692366, 28.3575024 ], [ -16.369232, 28.3574736 ], [ -16.3691788, 28.3573161 ], [ -16.3691787, 28.3573158 ] ] } },
{ "type": "Feature", "properties": { "Layer": "0805DPMT", "IDTRAMO": 38018.0, "Provincia": "Santa Cruz de Tenerife", "Referencia": "DL-111-TF", "TM": "Candelaria (Tenerife)", "Estado": "A", "OM": "2011-06-29", "Sit_Admin": "Aprobado (O.M. 29/06/2011)", "Tipo_Linea": "Límite SP aprobada", "Label": "DL-111-TF (O.M. 29/06/2011)", "ID_SEGMENT": "38018006", "FIGURA": null, "Shape_Leng": 0.0, "VERTICES": "SI" }, "geometry": { "type": "LineString", "coordinates": [ [ -16.3699298, 28.3546694 ], [ -16.3699634, 28.3546719 ], [ -16.3699971, 28.3546694 ], [ -16.3700298, 28.3546621 ], [ -16.3700607, 28.3546501 ], [ -16.3700889, 28.3546338 ], [ -16.3701137, 28.3546135 ], [ -16.3701344, 28.3545899 ], [ -16.3701504, 28.3545637 ], [ -16.3702118, 28.3544523 ], [ -16.3702242, 28.3544234 ], [ -16.3702308, 28.354393 ], [ -16.3702315, 28.3543621 ], [ -16.3702261, 28.3543315 ], [ -16.370215, 28.3543021 ], [ -16.3701983, 28.3542749 ], [ -16.3701766, 28.3542506 ], [ -16.3701506, 28.3542299 ], [ -16.3701209, 28.3542135 ], [ -16.3701075, 28.3542074 ], [ -16.3700997, 28.3541902 ], [ -16.370091, 28.3541379 ], [ -16.3699737, 28.3533703 ], [ -16.3699757, 28.3533073 ], [ -16.3699742, 28.3532794 ], [ -16.3699679, 28.3532521 ], [ -16.3699254, 28.3531214 ], [ -16.3699158, 28.3530981 ], [ -16.3699027, 28.3530762 ], [ -16.3698864, 28.353056 ], [ -16.36986, 28.3529534 ], [ -16.3698512, 28.3529279 ], [ -16.3698259, 28.3528705 ], [ -16.3697938, 28.3527329 ], [ -16.369793, 28.3526332 ], [ -16.3697924, 28.3524378 ], [ -16.3697993, 28.3522991 ], [ -16.3697986, 28.3522738 ], [ -16.3697938, 28.3522488 ], [ -16.3697852, 28.3522246 ], [ -16.3696137, 28.3518419 ], [ -16.3693254, 28.3511725 ], [ -16.3693011, 28.351099 ], [ -16.3692941, 28.3510416 ], [ -16.3692488, 28.3506001 ], [ -16.369203, 28.3501535 ], [ -16.3691472, 28.3495968 ], [ -16.3691421, 28.3495695 ] ] } },
{ "type": "Feature", "properties": { "Layer": "0805DPMT", "IDTRAMO": 38019.0, "Provincia": "Santa Cruz de Tenerife", "Referencia": "DL-112-TF", "TM": "Candelaria (Tenerife)", "Estado": "A", "OM": "2001-01-29", "Sit_Admin": "Aprobado (O.M. 29/01/2001)", "Tipo_Linea": "Límite SP aprobada", "Label": "DL-112-TF (O.M. 29/01/2001)", "ID_SEGMENT": "38019001", "FIGURA": null, "Shape_Leng": 0.0, "VERTICES": "SI" }, "geometry": { "type": "LineString", "coordinates": [ [ -16.3691421, 28.3495695 ], [ -16.369174, 28.3496091 ], [ -16.3691763, 28.3496167 ], [ -16.3695106, 28.3507333 ], [ -16.3695455, 28.3508288 ], [ -16.369581, 28.3508681 ], [ -16.3696304, 28.3509001 ], [ -16.3697149, 28.3509384 ], [ -16.3697767, 28.350964 ], [ -16.3697863, 28.3509667 ], [ -16.3698868, 28.3509944 ], [ -16.3699743, 28.3510158 ], [ -16.3700655, 28.3510153 ], [ -16.3701416, 28.3510054 ], [ -16.3701951, 28.3509918 ], [ -16.3702464, 28.3509648 ], [ -16.3702791, 28.3509431 ], [ -16.3701511, 28.3508439 ], [ -16.3698739, 28.3505721 ], [ -16.3698082, 28.3506114 ], [ -16.3695515, 28.3493792 ], [ -16.3699108, 28.3492678 ], [ -16.3698977, 28.3491902 ], [ -16.369877, 28.3491139 ], [ -16.3698489, 28.3490395 ], [ -16.3698136, 28.3489676 ], [ -16.3697713, 28.3488986 ], [ -16.3697225, 28.3488331 ], [ -16.3696673, 28.3487717 ], [ -16.3696064, 28.3487147 ], [ -16.3695401, 28.3486627 ], [ -16.3695791, 28.348505 ], [ -16.3695941, 28.3484291 ], [ -16.3696017, 28.3483524 ], [ -16.3697843, 28.3482401 ], [ -16.3698542, 28.348193 ], [ -16.3699193, 28.3481408 ], [ -16.3699791, 28.3480838 ], [ -16.3700331, 28.3480225 ], [ -16.3700809, 28.3479573 ], [ -16.3701222, 28.3478887 ], [ -16.3701567, 28.3478172 ], [ -16.3701841, 28.3477433 ], [ -16.3702042, 28.3476677 ], [ -16.3702169, 28.3475907 ], [ -16.370222, 28.3475131 ], [ -16.3702196, 28.3474354 ], [ -16.3702096, 28.3473582 ], [ -16.3701922, 28.347282 ], [ -16.3701674, 28.3472074 ], [ -16.3701355, 28.347135 ], [ -16.3701849, 28.3470722 ], [ -16.3702282, 28.3470059 ], [ -16.3703051, 28.3469693 ], [ -16.3703782, 28.3469271 ], [ -16.370447, 28.3468794 ], [ -16.3705109, 28.3468267 ], [ -16.3705695, 28.3467694 ], [ -16.3706224, 28.3467079 ], [ -16.370669, 28.3466426 ], [ -16.3707092, 28.346574 ], [ -16.3707427, 28.3465026 ], [ -16.3707691, 28.3464289 ], [ -16.3707882, 28.3463535 ], [ -16.3708, 28.3462769 ], [ -16.3708044, 28.3461997 ], [ -16.3708013, 28.3461225 ], [ -16.3707907, 28.3460458 ], [ -16.3707727, 28.3459702 ], [ -16.3705154, 28.3455402 ], [ -16.3693455, 28.3454922 ], [ -16.3693281, 28.3458177 ], [ -16.3691707, 28.3459006 ], [ -16.3687167, 28.345885 ], [ -16.3684029, 28.3456211 ], [ -16.3683708, 28.3455941 ], [ -16.3681472, 28.345406 ], [ -16.3681387, 28.3453958 ], [ -16.3681178, 28.3453649 ], [ -16.3680971, 28.3453339 ], [ -16.3680881, 28.3452987 ], [ -16.3680824, 28.3452757 ], [ -16.3680806, 28.3452633 ], [ -16.3680789, 28.3452229 ], [ -16.3680745, 28.3451185 ], [ -16.3682002, 28.342868 ], [ -16.3681878, 28.3428267 ], [ -16.3681582, 28.3428088 ], [ -16.3680874, 28.3427992 ], [ -16.3675397, 28.3427759 ], [ -16.3670287, 28.3425941 ], [ -16.3670211, 28.3425838 ], [ -16.3675257, 28.3422936 ], [ -16.3675509, 28.3422764 ], [ -16.3675729, 28.342256 ], [ -16.3675909, 28.3422329 ], [ -16.3676047, 28.3422075 ], [ -16.3676139, 28.3421805 ], [ -16.3676182, 28.3421526 ], [ -16.3676175, 28.3421244 ], [ -16.3676119, 28.3420967 ], [ -16.3676015, 28.3420701 ], [ -16.3674359, 28.341734 ], [ -16.3674681, 28.3416496 ], [ -16.3674817, 28.3416413 ], [ -16.3675647, 28.341672 ], [ -16.3675978, 28.3416814 ], [ -16.3676322, 28.3416857 ], [ -16.367667, 28.3416848 ], [ -16.3677011, 28.3416786 ], [ -16.3677335, 28.3416674 ], [ -16.3677633, 28.3416515 ], [ -16.3677896, 28.3416314 ], [ -16.3678117, 28.3416076 ], [ -16.3678288, 28.3415808 ], [ -16.3678689, 28.3415035 ], [ -16.3678794, 28.3414786 ], [ -16.3678857, 28.3414526 ], [ -16.3678875, 28.3414261 ], [ -16.367885, 28.3413996 ], [ -16.367878, 28.3413737 ], [ -16.3678669, 28.341349 ], [ -16.3678331, 28.3412878 ], [ -16.3678179, 28.3411381 ], [ -16.3678132, 28.3411123 ], [ -16.3678042, 28.3410874 ], [ -16.3677913, 28.3410639 ], [ -16.3677106, 28.3409403 ], [ -16.3676695, 28.340809 ], [ -16.3676591, 28.3407833 ], [ -16.3676443, 28.3407592 ], [ -16.3676256, 28.3407374 ], [ -16.3676034, 28.3407183 ], [ -16.3675782, 28.3407025 ], [ -16.3675505, 28.3406902 ], [ -16.3675211, 28.3406817 ], [ -16.3673991, 28.3406555 ], [ -16.3673205, 28.3405401 ], [ -16.3668895, 28.3396435 ] ] } },
{ "type": "Feature", "properties": { "Layer": "0805DPMT", "IDTRAMO": 38023.0, "Provincia": "Santa Cruz de Tenerife", "Referencia": "DL-113-TF", "TM": "Güímar (Tenerife)", "Estado": "A", "OM": "2002-01-15", "Sit_Admin": "Aprobado (O.M. 15/01/2002)", "Tipo_Linea": "Límite SP aprobada", "Label": "DL-113-TF (O.M. 15/01/2002)", "ID_SEGMENT": "38023002", "FIGURA": null, "Shape_Leng": 0.0, "VERTICES": "SI" }, "geometry": { "type": "LineString", "coordinates": [ [ -16.3729821, 28.2956992 ], [ -16.3729821, 28.2956992 ], [ -16.3729684, 28.2957157 ], [ -16.372879, 28.2958399 ], [ -16.3728788, 28.2958572 ], [ -16.3728785, 28.295865 ], [ -16.3728774, 28.2958768 ], [ -16.3728754, 28.2958885 ], [ -16.3728725, 28.2959 ], [ -16.3728688, 28.2959113 ], [ -16.3728642, 28.2959224 ], [ -16.3728588, 28.2959333 ], [ -16.3728527, 28.2959437 ], [ -16.3728458, 28.2959538 ], [ -16.3728381, 28.2959635 ], [ -16.3728298, 28.2959727 ], [ -16.3728249, 28.2959774 ], [ -16.3728207, 28.2959814 ], [ -16.3728111, 28.2959896 ], [ -16.3728009, 28.2959972 ], [ -16.3727901, 28.2960042 ], [ -16.3727885, 28.2960051 ], [ -16.3727862, 28.2960068 ], [ -16.3727815, 28.2960092 ], [ -16.3727541, 28.2960251 ], [ -16.3727234, 28.2960397 ], [ -16.3726904, 28.2960495 ], [ -16.3726559, 28.2960541 ], [ -16.3726211, 28.2960535 ], [ -16.3725869, 28.2960477 ], [ -16.3722454, 28.2959619 ], [ -16.3719182, 28.2964951 ], [ -16.3717483, 28.296877 ], [ -16.3717916, 28.2970728 ], [ -16.3718023, 28.2972261 ], [ -16.3717942, 28.2973819 ], [ -16.3717937, 28.2973885 ], [ -16.37178, 28.2975341 ], [ -16.371775, 28.2975614 ], [ -16.3717654, 28.2975877 ], [ -16.3717513, 28.2976123 ], [ -16.3717332, 28.2976348 ], [ -16.3716011, 28.2977719 ], [ -16.3713675, 28.2980143 ], [ -16.3711543, 28.2982476 ], [ -16.3711087, 28.2982962 ], [ -16.370986, 28.2984247 ], [ -16.3708264, 28.2986005 ], [ -16.3708297, 28.2987456 ], [ -16.3708596, 28.2988612 ], [ -16.3708642, 28.2988883 ], [ -16.3708641, 28.2989156 ], [ -16.3708594, 28.2989427 ], [ -16.3708271, 28.2990648 ], [ -16.3708218, 28.2990813 ], [ -16.3708162, 28.299094 ] ] } },
{ "type": "Feature", "properties": { "Layer": "0805DPMT", "IDTRAMO": 38022.0, "Provincia": "Santa Cruz de Tenerife", "Referencia": "DL-114-TF", "TM": "Güímar (Tenerife)", "Estado": "A", "OM": "2001-06-01", "Sit_Admin": "Aprobado (O.M. 01/06/2001)", "Tipo_Linea": "Límite SP aprobada", "Label": "DL-114-TF (O.M. 01/06/2001)", "ID_SEGMENT": "38022001", "FIGURA": null, "Shape_Leng": 0.0, "VERTICES": "SI" }, "geometry": { "type": "LineString", "coordinates": [ [ -16.3614043, 28.3205081 ], [ -16.3614358, 28.3204363 ], [ -16.3614603, 28.3203624 ], [ -16.3614775, 28.3202869 ], [ -16.3614874, 28.3202104 ], [ -16.3614899, 28.3201334 ], [ -16.361485, 28.3200565 ], [ -16.3614727, 28.3199803 ], [ -16.3614531, 28.3199053 ], [ -16.3614263, 28.319832 ], [ -16.3613926, 28.319761 ], [ -16.3613521, 28.3196928 ], [ -16.3613052, 28.3196279 ], [ -16.3612523, 28.3195668 ], [ -16.3611936, 28.3195099 ], [ -16.3611297, 28.3194576 ], [ -16.3610994, 28.3194045 ], [ -16.3610653, 28.3193533 ], [ -16.3610274, 28.3193042 ], [ -16.3610401, 28.3192893 ], [ -16.3610888, 28.3192267 ], [ -16.3611313, 28.3191607 ], [ -16.3611674, 28.3190918 ], [ -16.3611968, 28.3190204 ], [ -16.3612193, 28.3189471 ], [ -16.3612348, 28.3188724 ], [ -16.3612431, 28.3187968 ], [ -16.3612442, 28.3187208 ], [ -16.3612381, 28.318645 ], [ -16.3612248, 28.31857 ], [ -16.3612045, 28.3184962 ], [ -16.3611771, 28.3184242 ], [ -16.3611431, 28.3183545 ], [ -16.3611025, 28.3182875 ], [ -16.3610557, 28.3182238 ], [ -16.3610031, 28.3181638 ], [ -16.3609545, 28.318056 ], [ -16.3609998, 28.3177181 ], [ -16.361146, 28.3172455 ], [ -16.3611626, 28.3171828 ], [ -16.3611742, 28.3171193 ], [ -16.3612267, 28.3167484 ], [ -16.3612956, 28.3163534 ], [ -16.3614463, 28.3157335 ], [ -16.3614871, 28.3154377 ], [ -16.3615502, 28.3152704 ], [ -16.3615748, 28.3151941 ], [ -16.3615918, 28.3151162 ], [ -16.3616009, 28.3150372 ], [ -16.3616022, 28.3149579 ], [ -16.3615956, 28.3148787 ], [ -16.3615812, 28.3148004 ], [ -16.3614792, 28.3143681 ], [ -16.3613867, 28.3140095 ], [ -16.3613668, 28.3139439 ], [ -16.3613414, 28.3138799 ], [ -16.3613106, 28.3138177 ], [ -16.3612747, 28.3137578 ], [ -16.3612338, 28.3137004 ], [ -16.3611881, 28.3136459 ], [ -16.3613921, 28.3131176 ], [ -16.3615811, 28.3127569 ], [ -16.3617508, 28.3124374 ], [ -16.3617752, 28.3123874 ], [ -16.3617963, 28.3123363 ], [ -16.3618138, 28.3122841 ], [ -16.3619405, 28.3118595 ], [ -16.3620784, 28.3117834 ], [ -16.3621435, 28.3117443 ], [ -16.362205, 28.3117008 ], [ -16.3622625, 28.3116533 ], [ -16.3623158, 28.311602 ], [ -16.3623644, 28.3115472 ], [ -16.362408, 28.3114892 ], [ -16.3624465, 28.3114285 ], [ -16.3625516, 28.3112466 ], [ -16.3625857, 28.3111813 ], [ -16.3626138, 28.3111138 ], [ -16.3626357, 28.3110445 ], [ -16.3626513, 28.310974 ], [ -16.3626606, 28.3109025 ], [ -16.3626633, 28.3108306 ], [ -16.3626596, 28.3107588 ], [ -16.3626495, 28.3106874 ], [ -16.3626329, 28.310617 ], [ -16.3626078, 28.3105281 ], [ -16.3626132, 28.310486 ], [ -16.3626901, 28.3101071 ], [ -16.3627574, 28.3097331 ], [ -16.362856, 28.3094023 ], [ -16.3630383, 28.30903 ], [ -16.3630535, 28.308999 ], [ -16.3630817, 28.3089345 ], [ -16.3631044, 28.3088684 ], [ -16.3631214, 28.308801 ], [ -16.3631327, 28.3087326 ], [ -16.3631382, 28.3086637 ], [ -16.3631526, 28.3085928 ], [ -16.3631606, 28.308521 ], [ -16.3631621, 28.3084489 ], [ -16.3631571, 28.308377 ], [ -16.3631491, 28.3083071 ], [ -16.3632237, 28.3080926 ], [ -16.3632465, 28.308015 ], [ -16.3632614, 28.3079359 ], [ -16.3632684, 28.3078559 ], [ -16.3632673, 28.3077758 ], [ -16.3632478, 28.3074724 ], [ -16.3632391, 28.3073954 ], [ -16.363223, 28.3073194 ], [ -16.3631996, 28.3072449 ], [ -16.363169, 28.3071724 ], [ -16.3631316, 28.3071024 ], [ -16.3630875, 28.3070356 ], [ -16.3630371, 28.3069724 ], [ -16.3629808, 28.3069132 ], [ -16.362919, 28.3068585 ], [ -16.3628521, 28.3068087 ], [ -16.363133, 28.306466 ], [ -16.363182, 28.3064004 ], [ -16.3632243, 28.3063313 ], [ -16.3632597, 28.3062591 ], [ -16.3632879, 28.3061846 ], [ -16.3633086, 28.3061081 ], [ -16.3633217, 28.3060304 ], [ -16.3633271, 28.3059519 ], [ -16.3633248, 28.3058733 ], [ -16.3633148, 28.3057952 ], [ -16.3632444, 28.3054012 ], [ -16.3631527, 28.305162 ], [ -16.3631251, 28.3050874 ], [ -16.3631703, 28.3050136 ], [ -16.3631822, 28.3049776 ], [ -16.3632535, 28.304935 ], [ -16.3633311, 28.3048882 ], [ -16.3636022, 28.3047812 ], [ -16.3636787, 28.3047476 ], [ -16.3637517, 28.3047083 ], [ -16.3638208, 28.3046639 ], [ -16.3638855, 28.3046144 ], [ -16.3639452, 28.3045603 ], [ -16.3639996, 28.304502 ], [ -16.3640483, 28.3044399 ], [ -16.364091, 28.3043744 ], [ -16.3641273, 28.3043059 ], [ -16.364214, 28.3041229 ], [ -16.3644762, 28.3038877 ], [ -16.3645348, 28.3038304 ], [ -16.3645877, 28.3037688 ], [ -16.3646344, 28.3037035 ], [ -16.3646747, 28.3036349 ], [ -16.364776, 28.3034423 ], [ -16.364943, 28.303292 ], [ -16.3649936, 28.303243 ], [ -16.3650399, 28.3031909 ], [ -16.3650818, 28.3031359 ], [ -16.3651191, 28.3030783 ], [ -16.365477, 28.3024742 ], [ -16.3655098, 28.302421 ], [ -16.3658401, 28.3022227 ], [ -16.3659524, 28.3021538 ], [ -16.3665306, 28.3021141 ], [ -16.3669855, 28.3022711 ], [ -16.367066, 28.3022955 ], [ -16.3671484, 28.3023139 ], [ -16.3672322, 28.3023261 ], [ -16.367317, 28.3023321 ], [ -16.367402, 28.3023319 ], [ -16.3674867, 28.3023253 ], [ -16.3675704, 28.3023126 ], [ -16.3676527, 28.3022937 ], [ -16.3677329, 28.3022689 ], [ -16.3678105, 28.3022382 ], [ -16.367885, 28.3022019 ], [ -16.3682959, 28.3019812 ], [ -16.3684729, 28.3019348 ], [ -16.3685543, 28.3019101 ], [ -16.3686331, 28.3018794 ], [ -16.3687086, 28.301843 ], [ -16.3687805, 28.301801 ], [ -16.368848, 28.3017538 ], [ -16.3689109, 28.3017018 ], [ -16.3689685, 28.3016452 ], [ -16.3690206, 28.3015846 ], [ -16.3690667, 28.3015203 ], [ -16.3691065, 28.3014527 ], [ -16.3691397, 28.3013825 ], [ -16.3691661, 28.30131 ], [ -16.3691855, 28.3012358 ], [ -16.3691978, 28.3011604 ], [ -16.3692029, 28.3010843 ], [ -16.3692006, 28.3010082 ] ] } },
{ "type": "Feature", "properties": { "Layer": "0805DPMT", "IDTRAMO": 38030.0, "Provincia": "Santa Cruz de Tenerife", "Referencia": "DL-115-TF", "TM": "Güímar (Tenerife)", "Estado": "A", "OM": "2006-09-21", "Sit_Admin": "Aprobado (O.M. 21/09/2006)", "Tipo_Linea": "Límite SP aprobada", "Label": "DL-115-TF (O.M. 21/09/2006)", "ID_SEGMENT": "38030002", "FIGURA": null, "Shape_Leng": 0.0, "VERTICES": "SI" }, "geometry": { "type": "LineString", "coordinates": [ [ -16.4082183, 28.2354607 ], [ -16.4081165, 28.2355408 ], [ -16.4081204, 28.2356209 ], [ -16.4081161, 28.235701 ], [ -16.4081039, 28.2357805 ], [ -16.4080837, 28.2358587 ], [ -16.4080558, 28.235935 ], [ -16.4080204, 28.2360088 ], [ -16.4079776, 28.2360795 ], [ -16.407928, 28.2361466 ], [ -16.4071617, 28.2370882 ], [ -16.4071068, 28.2371498 ], [ -16.407046, 28.2372069 ], [ -16.4069799, 28.2372592 ], [ -16.4069089, 28.2373062 ], [ -16.4068336, 28.2373475 ], [ -16.4067545, 28.2373829 ], [ -16.4066722, 28.2374121 ], [ -16.4065874, 28.2374348 ], [ -16.4065247, 28.2379789 ], [ -16.4065145, 28.2380441 ], [ -16.4064989, 28.2381085 ], [ -16.4064134, 28.2384079 ], [ -16.4063884, 28.2384821 ], [ -16.4063563, 28.2385541 ], [ -16.4063173, 28.2386234 ], [ -16.4062718, 28.2386895 ], [ -16.40622, 28.2387519 ], [ -16.4061624, 28.2388101 ], [ -16.4059979, 28.2389627 ], [ -16.4059918, 28.2390399 ], [ -16.4059783, 28.2391165 ], [ -16.4059574, 28.2391917 ], [ -16.4059293, 28.2392651 ], [ -16.4058941, 28.239336 ], [ -16.4058522, 28.239404 ], [ -16.4058038, 28.2394685 ], [ -16.4057494, 28.2395291 ], [ -16.4056892, 28.2395854 ], [ -16.4056238, 28.2396368 ], [ -16.4055537, 28.2396831 ], [ -16.4054793, 28.2397239 ], [ -16.4054012, 28.2397588 ], [ -16.40532, 28.2397877 ], [ -16.4052145, 28.239811 ], [ -16.4051082, 28.2398316 ], [ -16.4050738, 28.2399021 ], [ -16.4050329, 28.2399697 ], [ -16.4049856, 28.240034 ], [ -16.4049323, 28.2400945 ], [ -16.4048734, 28.2401508 ], [ -16.4048093, 28.2402024 ], [ -16.4047405, 28.2402491 ], [ -16.4046675, 28.2402904 ], [ -16.4045908, 28.2403262 ], [ -16.404511, 28.240356 ], [ -16.4044286, 28.2403797 ], [ -16.4043442, 28.2403972 ], [ -16.4042585, 28.2404082 ], [ -16.404172, 28.2404128 ], [ -16.4040853, 28.2404109 ], [ -16.4042897, 28.24026 ], [ -16.4045033, 28.2401137 ], [ -16.4045687, 28.2400313 ], [ -16.4045147, 28.2399958 ], [ -16.4045366, 28.2399643 ], [ -16.4045523, 28.2399299 ], [ -16.4045612, 28.2398937 ], [ -16.404563, 28.2398567 ], [ -16.4045578, 28.2398199 ], [ -16.4045456, 28.2397845 ], [ -16.4044826, 28.2396837 ], [ -16.4044596, 28.239596 ], [ -16.4044435, 28.2395569 ], [ -16.4044204, 28.2395205 ], [ -16.4043911, 28.2394879 ], [ -16.4043562, 28.2394599 ], [ -16.4043167, 28.2394372 ], [ -16.4042736, 28.2394204 ] ] } },
{ "type": "Feature", "properties": { "Layer": "0805DPMT", "IDTRAMO": 38028.0, "Provincia": "Santa Cruz de Tenerife", "Referencia": "DL-117-TF", "TM": "Güímar (Tenerife)", "Estado": "A", "OM": "2007-02-27", "Sit_Admin": "Aprobado (O.M. 27/02/2007)", "Tipo_Linea": "Límite SP aprobada", "Label": "DL-117-TF (O.M. 27/02/2007)", "ID_SEGMENT": "38028001", "FIGURA": null, "Shape_Leng": 0.0, "VERTICES": "SI" }, "geometry": { "type": "LineString", "coordinates": [ [ -16.3957415, 28.2573626 ], [ -16.396005, 28.2577964 ], [ -16.3960445, 28.2578664 ], [ -16.3960771, 28.2579392 ], [ -16.3961024, 28.2580143 ], [ -16.3961202, 28.258091 ], [ -16.3961305, 28.2581688 ], [ -16.3961331, 28.2582471 ], [ -16.396128, 28.2583253 ], [ -16.3961154, 28.2584028 ], [ -16.3960951, 28.258479 ], [ -16.3960675, 28.2585534 ], [ -16.3960327, 28.2586254 ], [ -16.395991, 28.2586945 ], [ -16.3959426, 28.25876 ], [ -16.3958881, 28.2588217 ], [ -16.3956177, 28.2591012 ], [ -16.3955574, 28.2591583 ], [ -16.3954918, 28.2592105 ], [ -16.3954213, 28.2592576 ], [ -16.3953465, 28.2592991 ], [ -16.3952679, 28.2593346 ], [ -16.3951861, 28.2593641 ], [ -16.3951018, 28.2593871 ], [ -16.3950155, 28.2594036 ], [ -16.3949279, 28.2594135 ], [ -16.3948397, 28.2594166 ], [ -16.3947515, 28.2594129 ], [ -16.3946641, 28.2594024 ], [ -16.3945779, 28.2593854 ], [ -16.3944938, 28.2593617 ], [ -16.3942366, 28.2592785 ], [ -16.3938364, 28.2593679 ], [ -16.3938098, 28.259438 ], [ -16.3937801, 28.2595068 ], [ -16.3937441, 28.2595733 ], [ -16.3937022, 28.2596369 ], [ -16.3937366, 28.2597081 ], [ -16.3937641, 28.2597816 ], [ -16.3937843, 28.2598569 ], [ -16.3937971, 28.2599335 ], [ -16.3938025, 28.2600107 ], [ -16.3938004, 28.2600881 ], [ -16.3937908, 28.2601651 ], [ -16.3937738, 28.260241 ], [ -16.3937495, 28.2603154 ], [ -16.3937181, 28.2603876 ], [ -16.3936799, 28.2604573 ], [ -16.393635, 28.2605237 ], [ -16.3932763, 28.2610064 ], [ -16.3932335, 28.2610597 ], [ -16.3931864, 28.2611102 ], [ -16.3931354, 28.2611575 ], [ -16.3930805, 28.2612014 ], [ -16.3930223, 28.2612416 ], [ -16.3927966, 28.2613862 ], [ -16.3927239, 28.2614287 ], [ -16.3926474, 28.2614655 ], [ -16.3925676, 28.2614964 ], [ -16.3924851, 28.2615212 ], [ -16.3924006, 28.2615397 ], [ -16.3923145, 28.2615517 ], [ -16.3922276, 28.2615571 ], [ -16.3920759, 28.2615609 ], [ -16.3920149, 28.2615607 ], [ -16.391954, 28.2615574 ], [ -16.3916318, 28.2615311 ], [ -16.3916111, 28.2615278 ] ] } },
{ "type": "Feature", "properties": { "Layer": "0805DPMT", "IDTRAMO": 38026.0, "Provincia": "Santa Cruz de Tenerife", "Referencia": "DL-119-TF", "TM": "Güímar (Tenerife)", "Estado": "A", "OM": "2006-04-04", "Sit_Admin": "Aprobado (O.M. 04/04/2006)", "Tipo_Linea": "Límite SP aprobada", "Label": "DL-119-TF (O.M. 04/04/2006)", "ID_SEGMENT": "38026001", "FIGURA": null, "Shape_Leng": 0.0, "VERTICES": "SI" }, "geometry": { "type": "LineString", "coordinates": [ [ -16.3847673, 28.2772956 ], [ -16.3848204, 28.2773436 ], [ -16.3848694, 28.2773949 ], [ -16.3849139, 28.2774492 ], [ -16.3849538, 28.2775064 ], [ -16.3851865, 28.27787 ], [ -16.3852211, 28.277929 ], [ -16.3852507, 28.27799 ], [ -16.3852751, 28.2780529 ], [ -16.3852943, 28.2781171 ], [ -16.385308, 28.2781824 ], [ -16.385409, 28.2787845 ], [ -16.385418, 28.2788595 ], [ -16.3854198, 28.2789349 ], [ -16.3854146, 28.2790103 ], [ -16.3853497, 28.2795629 ], [ -16.385324, 28.2796607 ], [ -16.3853813, 28.2797846 ], [ -16.3854076, 28.2798482 ], [ -16.3854285, 28.2799134 ], [ -16.3854438, 28.2799797 ], [ -16.3854534, 28.2800469 ], [ -16.3855049, 28.2805602 ], [ -16.3855089, 28.2806341 ], [ -16.385506, 28.2807079 ], [ -16.3854963, 28.2807814 ], [ -16.3854799, 28.2808539 ], [ -16.3854568, 28.2809249 ], [ -16.3854272, 28.280994 ], [ -16.3853913, 28.2810608 ], [ -16.3853494, 28.2811247 ], [ -16.3853378, 28.2813017 ], [ -16.38533, 28.2813721 ], [ -16.3853161, 28.2814417 ], [ -16.385296, 28.2815101 ], [ -16.3852699, 28.2815769 ], [ -16.3851469, 28.2818565 ], [ -16.3851961, 28.2820512 ], [ -16.385315, 28.2823409 ], [ -16.3853399, 28.28241 ], [ -16.3853585, 28.2824807 ], [ -16.3853705, 28.2825525 ], [ -16.385376, 28.2826249 ], [ -16.3853749, 28.2826975 ], [ -16.3853672, 28.2827698 ], [ -16.3853038, 28.283186 ], [ -16.3853737, 28.2838291 ], [ -16.3853782, 28.2838984 ], [ -16.3853767, 28.2839677 ], [ -16.3853692, 28.2840367 ], [ -16.3852842, 28.2845919 ], [ -16.3852715, 28.2846568 ], [ -16.3852535, 28.2847206 ], [ -16.3852304, 28.2847832 ], [ -16.3852021, 28.2848441 ], [ -16.385011, 28.2852162 ], [ -16.3849698, 28.2852879 ], [ -16.3849215, 28.285356 ], [ -16.3848666, 28.2854201 ], [ -16.3848054, 28.2854796 ], [ -16.3844766, 28.285772 ], [ -16.3840112, 28.2861698 ], [ -16.3836245, 28.2864638 ], [ -16.3834218, 28.2866207 ], [ -16.3830322, 28.2869518 ], [ -16.3826469, 28.2872521 ], [ -16.3820263, 28.2877231 ], [ -16.3819634, 28.2877708 ], [ -16.3818927, 28.2878199 ], [ -16.3818173, 28.2878633 ], [ -16.381738, 28.2879006 ], [ -16.3816552, 28.2879316 ], [ -16.3815697, 28.287956 ], [ -16.3814821, 28.2879736 ], [ -16.3813267, 28.2879986 ], [ -16.380925, 28.2883693 ], [ -16.3803715, 28.2888605 ], [ -16.3803575, 28.288939 ], [ -16.3803357, 28.289016 ], [ -16.3803064, 28.2890911 ], [ -16.3802697, 28.2891636 ], [ -16.380226, 28.2892329 ], [ -16.3801755, 28.2892986 ], [ -16.3801187, 28.289366 ], [ -16.3795105, 28.2888803 ] ] } },
{ "type": "Feature", "properties": { "Layer": "0805DPMT", "IDTRAMO": 38051.0, "Provincia": "Santa Cruz de Tenerife", "Referencia": "DL-120-TF", "TM": "Arona (Tenerife)", "Estado": "A", "OM": "2001-10-04", "Sit_Admin": "Aprobado (O.M. 04/10/2001)", "Tipo_Linea": "Límite SP aprobada", "Label": "DL-120-TF (O.M. 04/10/2001)", "ID_SEGMENT": "38051001", "FIGURA": null, "Shape_Leng": 0.0, "VERTICES": "SI" }, "geometry": { "type": "LineString", "coordinates": [ [ -16.6673606, 28.006758 ], [ -16.6674016, 28.0067002 ], [ -16.6674376, 28.0066398 ], [ -16.6674683, 28.0065772 ], [ -16.6675459, 28.0064014 ], [ -16.6676747, 28.0061628 ], [ -16.6677858, 28.0060122 ], [ -16.6678253, 28.005954 ], [ -16.6678598, 28.0058932 ], [ -16.667932, 28.0057531 ], [ -16.668015, 28.0055916 ], [ -16.6680455, 28.0055254 ], [ -16.6680699, 28.0054573 ], [ -16.6680883, 28.0053877 ], [ -16.6681004, 28.0053171 ], [ -16.6682324, 28.0054015 ], [ -16.6683077, 28.0054453 ], [ -16.6683871, 28.005483 ], [ -16.6684699, 28.0055143 ], [ -16.6685556, 28.005539 ], [ -16.6686433, 28.0055569 ], [ -16.6687325, 28.0055677 ], [ -16.6688225, 28.0055716 ], [ -16.6689124, 28.0055683 ], [ -16.6689786, 28.0056014 ], [ -16.6690474, 28.00563 ], [ -16.6691184, 28.0056539 ], [ -16.6691912, 28.0056731 ], [ -16.6692654, 28.0056875 ], [ -16.6693406, 28.0056968 ], [ -16.6697431, 28.0057333 ], [ -16.6698093, 28.0057374 ], [ -16.6698756, 28.0057377 ], [ -16.6699417, 28.0057341 ], [ -16.6700473, 28.0057253 ], [ -16.6701848, 28.0057501 ], [ -16.6702057, 28.0057518 ], [ -16.6704383, 28.0058638 ], [ -16.6705163, 28.0058976 ], [ -16.6705972, 28.0059254 ], [ -16.6706806, 28.0059469 ], [ -16.6707656, 28.0059621 ], [ -16.6708519, 28.0059707 ], [ -16.6709386, 28.0059728 ], [ -16.6715979, 28.0060544 ], [ -16.6716869, 28.0060619 ], [ -16.6717762, 28.0060624 ], [ -16.6718653, 28.006056 ], [ -16.6719534, 28.0060426 ], [ -16.6720398, 28.0060224 ], [ -16.6721239, 28.0059956 ], [ -16.672205, 28.0059623 ], [ -16.6722825, 28.0059229 ], [ -16.6723558, 28.0058775 ], [ -16.6724244, 28.0058266 ], [ -16.6724876, 28.0057706 ], [ -16.6728467, 28.0054231 ], [ -16.6728975, 28.0053698 ], [ -16.6729436, 28.0053133 ], [ -16.6729846, 28.0052537 ], [ -16.6730204, 28.0051916 ], [ -16.6730505, 28.0051271 ], [ -16.673075, 28.0050608 ], [ -16.6730937, 28.004993 ], [ -16.6732507, 28.0047446 ], [ -16.6735078, 28.0045123 ], [ -16.6738075, 28.0041839 ], [ -16.6738185, 28.004178 ], [ -16.6738858, 28.0041364 ], [ -16.6739493, 28.0040905 ], [ -16.6740088, 28.0040405 ], [ -16.6740638, 28.0039866 ], [ -16.6741141, 28.0039291 ], [ -16.6741594, 28.0038685 ], [ -16.6741993, 28.003805 ], [ -16.6743623, 28.0037173 ], [ -16.6744322, 28.0036761 ], [ -16.6744981, 28.0036299 ], [ -16.6745595, 28.003579 ], [ -16.6746159, 28.0035238 ], [ -16.674667, 28.0034647 ], [ -16.6747124, 28.003402 ], [ -16.6747518, 28.0033362 ], [ -16.674871, 28.003116 ], [ -16.6752343, 28.0025617 ], [ -16.6752674, 28.002507 ], [ -16.6752962, 28.0024504 ], [ -16.6754495, 28.0021186 ], [ -16.6755287, 28.0020051 ], [ -16.6757211, 28.0017932 ], [ -16.6758014, 28.0017651 ], [ -16.6758787, 28.001731 ], [ -16.6759524, 28.0016912 ], [ -16.6760221, 28.0016461 ], [ -16.6760873, 28.0015958 ], [ -16.6761473, 28.0015408 ], [ -16.676202, 28.0014815 ], [ -16.6762507, 28.0014183 ], [ -16.6763347, 28.001406 ], [ -16.6764172, 28.0013876 ], [ -16.6764977, 28.0013631 ], [ -16.6765756, 28.0013328 ], [ -16.6766503, 28.0012967 ], [ -16.6767214, 28.0012553 ], [ -16.6767884, 28.0012087 ], [ -16.6768507, 28.0011573 ], [ -16.676908, 28.0011014 ], [ -16.6769598, 28.0010415 ], [ -16.6770058, 28.000978 ], [ -16.6770456, 28.0009113 ], [ -16.677174, 28.0006725 ], [ -16.6772224, 28.0005943 ], [ -16.6772388, 28.0005923 ], [ -16.6773189, 28.0005793 ], [ -16.6773976, 28.0005607 ], [ -16.6774744, 28.0005365 ], [ -16.6775487, 28.000507 ], [ -16.6778313, 28.0003824 ], [ -16.6778987, 28.0003498 ], [ -16.6779631, 28.0003128 ], [ -16.6780242, 28.0002716 ], [ -16.6780816, 28.0002265 ], [ -16.678135, 28.0001776 ], [ -16.6781842, 28.0001253 ], [ -16.6786223, 27.999621 ], [ -16.6787959, 27.9995606 ], [ -16.6796416, 27.9995756 ], [ -16.679874, 27.999587 ], [ -16.6805278, 27.9996769 ], [ -16.6807627, 27.9997361 ], [ -16.6808462, 27.9997538 ], [ -16.6809312, 27.9997652 ], [ -16.6810169, 27.9997702 ], [ -16.6811028, 27.9997687 ], [ -16.6812965, 27.9997581 ], [ -16.681657, 27.9999196 ], [ -16.6817359, 27.9999513 ], [ -16.6818175, 27.9999769 ], [ -16.6819012, 27.9999962 ], [ -16.6819866, 28.0000091 ], [ -16.6820728, 28.0000156 ], [ -16.6821593, 28.0000155 ], [ -16.6822456, 28.0000089 ], [ -16.6823308, 27.9999958 ], [ -16.6825522, 27.9999531 ], [ -16.6833476, 27.999797 ], [ -16.6833989, 27.9998109 ], [ -16.6834594, 27.9998256 ], [ -16.6835208, 27.9998369 ], [ -16.6835829, 27.9998448 ], [ -16.683939, 27.9998803 ], [ -16.684028, 27.9998857 ], [ -16.6841171, 27.9998842 ], [ -16.6842057, 27.9998757 ], [ -16.6842932, 27.9998603 ], [ -16.6843788, 27.9998383 ], [ -16.6849754, 27.9996589 ], [ -16.6850578, 27.9996828 ], [ -16.6851423, 27.9997002 ], [ -16.6852281, 27.999711 ], [ -16.6853147, 27.9997151 ], [ -16.6854013, 27.9997125 ], [ -16.6854873, 27.9997032 ], [ -16.6855722, 27.9996873 ], [ -16.6856551, 27.9996648 ], [ -16.6860271, 27.999819 ], [ -16.6861074, 27.9998486 ], [ -16.6861903, 27.9998721 ], [ -16.6862752, 27.9998891 ], [ -16.6863613, 27.9998997 ], [ -16.6871546, 27.9999664 ], [ -16.6874737, 28.0000104 ], [ -16.6875286, 28.0000582 ], [ -16.6875874, 28.0001022 ], [ -16.6876497, 28.0001421 ], [ -16.6877153, 28.0001777 ], [ -16.6877837, 28.0002089 ], [ -16.6878614, 28.00026 ], [ -16.6879356, 28.000315 ], [ -16.6880062, 28.0003736 ], [ -16.6882109, 28.0004889 ], [ -16.6882813, 28.0005251 ], [ -16.6883547, 28.0005562 ], [ -16.6884307, 28.000582 ], [ -16.6885088, 28.0006024 ], [ -16.6885884, 28.0006171 ], [ -16.6886692, 28.0006261 ], [ -16.6887504, 28.0006293 ], [ -16.6888845, 28.0006299 ], [ -16.6889522, 28.0006804 ], [ -16.6890246, 28.0007255 ], [ -16.6891011, 28.0007648 ], [ -16.6891811, 28.000798 ], [ -16.6892642, 28.000825 ], [ -16.6893495, 28.0008455 ], [ -16.6896213, 28.0008995 ], [ -16.6897075, 28.0009133 ], [ -16.6897947, 28.0009203 ], [ -16.6898823, 28.0009207 ], [ -16.6899696, 28.0009144 ], [ -16.6900559, 28.0009015 ], [ -16.6901407, 28.000882 ], [ -16.6902232, 28.0008561 ], [ -16.6908707, 28.0009388 ], [ -16.6909095, 28.0009592 ], [ -16.6909887, 28.001027 ], [ -16.6910559, 28.0010802 ], [ -16.6911283, 28.0011279 ], [ -16.6912052, 28.0011696 ], [ -16.691286, 28.001205 ], [ -16.69137, 28.0012339 ], [ -16.6914566, 28.001256 ], [ -16.6915451, 28.001271 ], [ -16.6916348, 28.001279 ], [ -16.6917249, 28.0012798 ], [ -16.691797, 28.0013145 ], [ -16.6918721, 28.0013439 ], [ -16.6919496, 28.0013678 ], [ -16.6920291, 28.0013861 ], [ -16.6924806, 28.001473 ], [ -16.6925528, 28.0014845 ], [ -16.6926257, 28.0014914 ], [ -16.692699, 28.0014936 ], [ -16.6927723, 28.001491 ], [ -16.6928452, 28.0014838 ], [ -16.6929284, 28.0014729 ], [ -16.6929902, 28.0015191 ], [ -16.693056, 28.0015609 ], [ -16.6931253, 28.0015979 ], [ -16.6931977, 28.0016298 ], [ -16.6932727, 28.0016566 ], [ -16.6936683, 28.0017817 ], [ -16.6940499, 28.0018722 ], [ -16.6940546, 28.0019187 ], [ -16.6940644, 28.0019864 ], [ -16.6940799, 28.0020533 ], [ -16.6941011, 28.002119 ], [ -16.6941278, 28.0021831 ], [ -16.6941599, 28.0022452 ], [ -16.6941972, 28.0023049 ], [ -16.6944223, 28.0026353 ], [ -16.6944703, 28.0026994 ], [ -16.6945242, 28.0027596 ], [ -16.6945837, 28.0028155 ], [ -16.6946483, 28.0028667 ], [ -16.6947177, 28.0029128 ], [ -16.6947911, 28.0029536 ], [ -16.6948683, 28.0029886 ], [ -16.6949485, 28.0030176 ], [ -16.6950312, 28.0030405 ], [ -16.6953104, 28.0031064 ], [ -16.6957639, 28.0031821 ], [ -16.695833, 28.0031915 ], [ -16.6959027, 28.0031966 ], [ -16.6959726, 28.0031975 ], [ -16.6960424, 28.0031941 ], [ -16.6960594, 28.0031928 ], [ -16.6961519, 28.0032469 ], [ -16.6967697, 28.0035509 ], [ -16.6968287, 28.0035778 ], [ -16.6968896, 28.0036011 ], [ -16.6973945, 28.0037779 ], [ -16.6982256, 28.0040485 ], [ -16.6982578, 28.0041204 ], [ -16.6982968, 28.0041896 ], [ -16.6983424, 28.0042556 ], [ -16.6983941, 28.0043178 ], [ -16.6984517, 28.0043759 ], [ -16.6985147, 28.0044294 ], [ -16.6985826, 28.0044779 ], [ -16.6986549, 28.0045211 ], [ -16.6987311, 28.0045586 ], [ -16.6988107, 28.0045902 ], [ -16.698893, 28.0046156 ], [ -16.6989502, 28.0046489 ], [ -16.6990099, 28.0046787 ], [ -16.6990373, 28.0047107 ], [ -16.6990882, 28.0047655 ], [ -16.6991438, 28.0048166 ], [ -16.6992039, 28.0048636 ], [ -16.6992678, 28.0049064 ], [ -16.6993354, 28.0049445 ], [ -16.6994062, 28.0049777 ], [ -16.6994797, 28.005006 ], [ -16.6995554, 28.005029 ], [ -16.6999381, 28.0051305 ], [ -16.7000189, 28.0051487 ], [ -16.7001012, 28.0051611 ], [ -16.7001843, 28.0051674 ], [ -16.7002677, 28.0051676 ], [ -16.7003508, 28.0051618 ], [ -16.7004331, 28.0051499 ], [ -16.7004817, 28.0051411 ], [ -16.7006626, 28.0052932 ], [ -16.7006866, 28.0053641 ], [ -16.700717, 28.0054331 ], [ -16.7007537, 28.0054996 ], [ -16.7007964, 28.0055632 ], [ -16.7008449, 28.0056235 ], [ -16.7008987, 28.00568 ], [ -16.7009576, 28.0057325 ], [ -16.7010212, 28.0057805 ], [ -16.701089, 28.0058237 ], [ -16.7011605, 28.0058618 ], [ -16.7012353, 28.0058946 ], [ -16.701248, 28.005938 ], [ -16.7012741, 28.0060132 ], [ -16.7013074, 28.0060862 ], [ -16.7013478, 28.0061563 ], [ -16.701395, 28.006223 ], [ -16.7014485, 28.0062858 ], [ -16.7015079, 28.0063442 ], [ -16.7015729, 28.0063978 ], [ -16.7016429, 28.0064462 ], [ -16.7017174, 28.006489 ], [ -16.7018552, 28.0065607 ], [ -16.7021528, 28.0068676 ], [ -16.7022044, 28.0069169 ], [ -16.70226, 28.0069627 ], [ -16.7023192, 28.0070046 ], [ -16.7023818, 28.0070426 ], [ -16.7024475, 28.0070763 ], [ -16.7025157, 28.0071055 ], [ -16.7029903, 28.0072898 ], [ -16.7031853, 28.0073853 ], [ -16.7033017, 28.0075308 ], [ -16.7034024, 28.0077329 ], [ -16.7034332, 28.0077894 ], [ -16.7034684, 28.0078438 ], [ -16.7035078, 28.007896 ], [ -16.7035511, 28.0079456 ], [ -16.7035579, 28.0080196 ], [ -16.7035716, 28.0080929 ], [ -16.7035921, 28.0081649 ], [ -16.7036194, 28.0082351 ], [ -16.7036532, 28.008303 ], [ -16.7036932, 28.0083682 ], [ -16.7037393, 28.0084303 ], [ -16.7037911, 28.0084886 ], [ -16.7038481, 28.008543 ], [ -16.7039101, 28.0085929 ], [ -16.7039766, 28.008638 ], [ -16.704047, 28.008678 ], [ -16.7040839, 28.0087856 ], [ -16.7041092, 28.0088504 ], [ -16.7041399, 28.0089134 ], [ -16.704176, 28.0089741 ], [ -16.7044189, 28.0093476 ], [ -16.7045966, 28.0095859 ], [ -16.7045945, 28.0096603 ], [ -16.7045994, 28.0097347 ], [ -16.7046111, 28.0098084 ], [ -16.7046296, 28.0098811 ], [ -16.7046549, 28.0099521 ], [ -16.7046866, 28.010021 ], [ -16.7047247, 28.0100874 ], [ -16.7047687, 28.0101508 ], [ -16.7048186, 28.0102107 ], [ -16.7048921, 28.0102919 ], [ -16.7048989, 28.0103219 ], [ -16.7049128, 28.0103746 ], [ -16.7049303, 28.0104264 ], [ -16.7049512, 28.0104771 ], [ -16.7050854, 28.0107754 ], [ -16.7051202, 28.0108442 ], [ -16.7051613, 28.0109101 ], [ -16.7052085, 28.0109728 ], [ -16.7052614, 28.0110318 ], [ -16.7053197, 28.0110866 ], [ -16.705383, 28.011137 ], [ -16.7054507, 28.0111824 ], [ -16.7055225, 28.0112227 ], [ -16.7056329, 28.0112791 ], [ -16.7057499, 28.0114185 ], [ -16.7058187, 28.0118228 ], [ -16.7058759, 28.012188 ], [ -16.705887, 28.0122454 ], [ -16.7059023, 28.0123021 ], [ -16.7059217, 28.0123578 ], [ -16.7059567, 28.0124481 ], [ -16.7059276, 28.0125105 ], [ -16.7059038, 28.0125746 ], [ -16.7058855, 28.0126401 ], [ -16.7058728, 28.0127066 ], [ -16.7058656, 28.0127738 ], [ -16.7058497, 28.0130251 ], [ -16.7058482, 28.0130927 ], [ -16.7058554, 28.0134324 ], [ -16.705839, 28.0134954 ], [ -16.7058278, 28.0135593 ], [ -16.7058218, 28.0136237 ], [ -16.705821, 28.0136883 ], [ -16.7057849, 28.0137598 ], [ -16.7057559, 28.0138339 ], [ -16.7057343, 28.0139098 ], [ -16.7057202, 28.0139871 ], [ -16.7056402, 28.0140233 ], [ -16.705564, 28.0140655 ], [ -16.7054924, 28.0141135 ], [ -16.7054258, 28.014167 ], [ -16.7053647, 28.0142254 ], [ -16.7053097, 28.0142884 ], [ -16.7050907, 28.0145638 ], [ -16.7050452, 28.0146263 ], [ -16.7050057, 28.0146918 ], [ -16.7049724, 28.0147601 ], [ -16.7047467, 28.0152804 ], [ -16.7044971, 28.0156843 ], [ -16.7044582, 28.0157541 ], [ -16.7044263, 28.0158267 ], [ -16.7044016, 28.0159015 ], [ -16.7043842, 28.0159778 ], [ -16.7043743, 28.0160552 ], [ -16.704372, 28.0161331 ], [ -16.7043772, 28.0162109 ], [ -16.70439, 28.016288 ], [ -16.7044102, 28.0163638 ], [ -16.7044377, 28.0164378 ], [ -16.7045453, 28.0166899 ], [ -16.7045784, 28.0167588 ], [ -16.7046179, 28.016825 ], [ -16.7046634, 28.016888 ], [ -16.7047146, 28.0169475 ], [ -16.7047712, 28.0170031 ], [ -16.7048328, 28.0170542 ], [ -16.7049683, 28.0171577 ], [ -16.7049723, 28.0172381 ], [ -16.7049843, 28.0173179 ], [ -16.7050043, 28.0173963 ], [ -16.7050321, 28.0174729 ], [ -16.7050675, 28.017547 ], [ -16.7051204, 28.0176454 ], [ -16.7051275, 28.0176992 ], [ -16.705118, 28.0177239 ], [ -16.7050958, 28.0177902 ], [ -16.7050794, 28.0178578 ], [ -16.7050689, 28.0179264 ], [ -16.7050643, 28.0179954 ], [ -16.7050657, 28.0180646 ], [ -16.7051018, 28.0186327 ], [ -16.7051101, 28.0187074 ], [ -16.7051253, 28.0187811 ], [ -16.7051474, 28.0188535 ], [ -16.7051762, 28.0189241 ], [ -16.7052114, 28.0189922 ], [ -16.7052529, 28.0190575 ], [ -16.7053004, 28.0191196 ], [ -16.7055017, 28.0193604 ], [ -16.7054707, 28.0194092 ], [ -16.7054316, 28.0194773 ], [ -16.7053992, 28.0195482 ], [ -16.7053736, 28.0196212 ], [ -16.7053551, 28.0196959 ], [ -16.7053438, 28.0197717 ], [ -16.7053397, 28.0198481 ], [ -16.705343, 28.0199245 ], [ -16.7053535, 28.0200004 ], [ -16.7053631, 28.0200516 ], [ -16.7053089, 28.0202131 ], [ -16.7050595, 28.0206782 ], [ -16.7050255, 28.0207492 ], [ -16.7049985, 28.0208225 ], [ -16.7049787, 28.0208975 ], [ -16.7049661, 28.0209738 ], [ -16.7049609, 28.0210508 ], [ -16.7049632, 28.0211278 ], [ -16.7049728, 28.0212044 ], [ -16.7049898, 28.02128 ], [ -16.705014, 28.0213541 ], [ -16.705755, 28.0213472 ] ] } },
{ "type": "Feature", "properties": { "Layer": "0805DPMT", "IDTRAMO": 38050.0, "Provincia": "Santa Cruz de Tenerife", "Referencia": "DL-121-TF", "TM": "Arona (Tenerife)", "Estado": "A", "OM": "2007-10-09", "Sit_Admin": "Aprobado (O.M. 09/10/2007)", "Tipo_Linea": "Límite SP aprobada", "Label": "DL-121-TF (O.M. 09/10/2007)", "ID_SEGMENT": "38050002", "FIGURA": null, "Shape_Leng": 0.0, "VERTICES": "SI" }, "geometry": { "type": "LineString", "coordinates": [ [ -16.6673606, 28.006758 ], [ -16.6673558, 28.0068015 ], [ -16.6673486, 28.0068448 ], [ -16.6673194, 28.0069951 ], [ -16.6672507, 28.0076947 ], [ -16.667243, 28.0077521 ], [ -16.6672311, 28.0078089 ], [ -16.6672152, 28.0078649 ], [ -16.6671153, 28.0081743 ], [ -16.6670893, 28.0082439 ], [ -16.667057, 28.0083115 ], [ -16.6670186, 28.0083766 ], [ -16.6669744, 28.0084386 ], [ -16.6669247, 28.0084972 ], [ -16.6665491, 28.0089045 ], [ -16.6664912, 28.0089621 ], [ -16.6664279, 28.0090151 ], [ -16.6663597, 28.0090631 ], [ -16.6662872, 28.0091058 ], [ -16.6662108, 28.0091428 ], [ -16.6661311, 28.0091739 ], [ -16.6660487, 28.0091988 ], [ -16.6659643, 28.0092174 ], [ -16.6658783, 28.0092295 ], [ -16.6658552, 28.0092318 ], [ -16.6657831, 28.0092985 ], [ -16.6657246, 28.0093484 ], [ -16.6656619, 28.009394 ], [ -16.6655952, 28.009435 ], [ -16.6655251, 28.0094712 ], [ -16.6654519, 28.0095023 ], [ -16.6653762, 28.0095281 ], [ -16.6652984, 28.0095485 ], [ -16.665219, 28.0095633 ], [ -16.6651589, 28.0095723 ], [ -16.6651387, 28.0095875 ], [ -16.6650747, 28.0096316 ], [ -16.6650069, 28.0096711 ], [ -16.6649359, 28.0097057 ], [ -16.6648619, 28.0097351 ], [ -16.6647856, 28.0097592 ], [ -16.6647073, 28.0097778 ], [ -16.6646276, 28.0097909 ], [ -16.664547, 28.0097982 ], [ -16.6645175, 28.0097999 ], [ -16.6645178, 28.0098393 ], [ -16.6645145, 28.0099184 ], [ -16.6645033, 28.0099968 ], [ -16.6644845, 28.0100741 ], [ -16.6644582, 28.0101497 ], [ -16.6644245, 28.0102229 ], [ -16.6643837, 28.0102932 ], [ -16.6643361, 28.01036 ], [ -16.6642821, 28.0104229 ], [ -16.6642221, 28.0104814 ], [ -16.6641566, 28.010535 ], [ -16.664086, 28.0105833 ], [ -16.664011, 28.0106259 ], [ -16.663932, 28.0106625 ], [ -16.6638497, 28.0106929 ], [ -16.6637648, 28.0107167 ], [ -16.6636778, 28.0107339 ], [ -16.6635895, 28.0107442 ], [ -16.6635004, 28.0107476 ], [ -16.6634114, 28.0107441 ], [ -16.6633231, 28.0107337 ], [ -16.6632361, 28.0107165 ], [ -16.6631512, 28.0106926 ], [ -16.663069, 28.0106621 ], [ -16.66299, 28.0106254 ], [ -16.662915, 28.0105827 ], [ -16.6628445, 28.0105344 ], [ -16.6627791, 28.0104807 ], [ -16.6627192, 28.0104222 ], [ -16.6626652, 28.0103592 ], [ -16.662478, 28.0101194 ], [ -16.662078, 28.0101659 ], [ -16.6620017, 28.0101721 ], [ -16.661925, 28.0101733 ], [ -16.6618484, 28.0101693 ], [ -16.6617725, 28.0101602 ], [ -16.6616975, 28.0101461 ], [ -16.6611318, 28.0100195 ], [ -16.6611193, 28.0100167 ], [ -16.6610944, 28.0100872 ], [ -16.6610631, 28.0101557 ], [ -16.6610257, 28.0102216 ], [ -16.6609823, 28.0102847 ], [ -16.6609332, 28.0103443 ], [ -16.6608788, 28.0104002 ], [ -16.6608194, 28.010452 ], [ -16.6606174, 28.0106141 ], [ -16.6605506, 28.0106633 ], [ -16.6604794, 28.0107072 ], [ -16.6604042, 28.0107456 ], [ -16.6603256, 28.0107782 ], [ -16.6602441, 28.0108047 ], [ -16.6601605, 28.0108249 ], [ -16.6600751, 28.0108387 ], [ -16.6599888, 28.0108461 ], [ -16.659902, 28.0108469 ], [ -16.6598156, 28.0108411 ], [ -16.6595431, 28.0108124 ], [ -16.6594839, 28.0108046 ], [ -16.6594253, 28.0107937 ], [ -16.6588061, 28.0106618 ], [ -16.6582108, 28.0108999 ], [ -16.6581335, 28.0109275 ], [ -16.6580539, 28.0109494 ], [ -16.6579726, 28.0109654 ], [ -16.65789, 28.0109755 ], [ -16.6578068, 28.0109795 ], [ -16.6576071, 28.0109819 ], [ -16.6575178, 28.0109795 ], [ -16.657429, 28.0109701 ], [ -16.6573415, 28.0109539 ], [ -16.6572559, 28.0109309 ], [ -16.657173, 28.0109013 ], [ -16.6570882, 28.0108943 ], [ -16.6570044, 28.0108811 ], [ -16.6569222, 28.0108617 ], [ -16.656842, 28.0108363 ], [ -16.6567645, 28.010805 ], [ -16.6566903, 28.010768 ], [ -16.6566198, 28.0107257 ], [ -16.6565535, 28.0106783 ], [ -16.6563646, 28.0105312 ], [ -16.6563018, 28.0104779 ], [ -16.6562443, 28.0104199 ], [ -16.6561926, 28.0103579 ], [ -16.6561471, 28.0102921 ], [ -16.656108, 28.0102232 ], [ -16.6560758, 28.0101515 ], [ -16.6560506, 28.0100777 ], [ -16.6560325, 28.0100022 ], [ -16.6560218, 28.0099256 ], [ -16.6560185, 28.0098484 ], [ -16.6560227, 28.0097714 ], [ -16.6560342, 28.0096949 ], [ -16.6560531, 28.0096195 ], [ -16.6560792, 28.0095459 ], [ -16.6561805, 28.0092973 ], [ -16.6562115, 28.00923 ], [ -16.6562484, 28.0091652 ], [ -16.6562911, 28.0091032 ], [ -16.6563392, 28.0090444 ], [ -16.6563925, 28.0089893 ], [ -16.6564507, 28.0089382 ], [ -16.6565133, 28.0088914 ], [ -16.6565799, 28.0088492 ], [ -16.6566502, 28.0088119 ], [ -16.6573847, 28.0092564 ], [ -16.6575131, 28.0087523 ], [ -16.6575219, 28.0087268 ], [ -16.6575348, 28.0087027 ], [ -16.6575516, 28.0086806 ], [ -16.6580428, 28.0081257 ], [ -16.6578919, 28.0078593 ], [ -16.6578811, 28.0078366 ], [ -16.6578739, 28.0078127 ], [ -16.6578098, 28.0075203 ], [ -16.657388, 28.0072464 ], [ -16.6573771, 28.0072388 ], [ -16.6567817, 28.0067938 ], [ -16.6562594, 28.0064027 ], [ -16.6561732, 28.0063833 ], [ -16.6560435, 28.0064342 ], [ -16.6560177, 28.0064425 ], [ -16.6559908, 28.0064477 ], [ -16.6559634, 28.0064496 ], [ -16.6556365, 28.0064527 ], [ -16.6549403, 28.0065746 ], [ -16.6543694, 28.0066786 ], [ -16.6543349, 28.0066822 ], [ -16.6543003, 28.0066806 ], [ -16.6542664, 28.0066737 ], [ -16.6542344, 28.0066619 ], [ -16.6542051, 28.0066453 ], [ -16.6541794, 28.0066246 ], [ -16.6541581, 28.0066003 ], [ -16.6541417, 28.0065732 ], [ -16.6536897, 28.0065876 ], [ -16.6533644, 28.0067554 ], [ -16.6529319, 28.007056 ], [ -16.6528776, 28.0073052 ], [ -16.6528687, 28.0073335 ], [ -16.6527783, 28.007551 ], [ -16.6526306, 28.0079095 ], [ -16.652373, 28.0085396 ], [ -16.6523604, 28.0085644 ], [ -16.6523438, 28.0085872 ], [ -16.6523235, 28.0086075 ], [ -16.6523, 28.008625 ], [ -16.6522738, 28.008639 ], [ -16.6522456, 28.0086495 ], [ -16.6522159, 28.008656 ], [ -16.6516204, 28.0087458 ], [ -16.6515852, 28.0087484 ], [ -16.6515501, 28.0087455 ], [ -16.651516, 28.0087372 ], [ -16.651484, 28.0087239 ], [ -16.6514551, 28.0087058 ], [ -16.6514302, 28.0086835 ], [ -16.65141, 28.0086578 ], [ -16.6511697, 28.0082865 ], [ -16.6511582, 28.0082659 ], [ -16.6511498, 28.0082442 ], [ -16.6510464, 28.0079083 ], [ -16.6509295, 28.0078324 ], [ -16.6509092, 28.0078172 ], [ -16.6508912, 28.0077999 ], [ -16.6508696, 28.0077761 ] ] } },
{ "type": "Feature", "properties": { "Layer": "0805DPMT", "IDTRAMO": 38049.0, "Provincia": "Santa Cruz de Tenerife", "Referencia": "DL-122-TF", "TM": "Arona (Tenerife)", "Estado": "A", "OM": "2002-10-07", "Sit_Admin": "Aprobado (O.M. 07/10/2002)", "Tipo_Linea": "Límite SP aprobada", "Label": "DL-122-TF (O.M. 07/10/2002)", "ID_SEGMENT": "38049001", "FIGURA": null, "Shape_Leng": 0.0, "VERTICES": "SI" }, "geometry": { "type": "LineString", "coordinates": [ [ -16.6388268, 28.0095673 ], [ -16.6389553, 28.0095182 ], [ -16.6389841, 28.0095047 ], [ -16.6390101, 28.0094872 ], [ -16.6390327, 28.0094663 ], [ -16.6390512, 28.0094424 ], [ -16.6390651, 28.0094162 ], [ -16.6390741, 28.0093884 ], [ -16.6390781, 28.0093596 ], [ -16.6390767, 28.0093307 ], [ -16.63901, 28.0088434 ], [ -16.6390344, 28.0086604 ], [ -16.6390355, 28.0086292 ], [ -16.6390304, 28.0085982 ], [ -16.6389836, 28.0084202 ], [ -16.6390008, 28.0083121 ], [ -16.6390596, 28.0082751 ], [ -16.6390841, 28.008257 ], [ -16.6391051, 28.0082357 ], [ -16.6391221, 28.0082117 ], [ -16.6391347, 28.0081857 ], [ -16.6391425, 28.0081582 ], [ -16.6391818, 28.0079535 ], [ -16.6391846, 28.0079281 ], [ -16.6391834, 28.0079027 ], [ -16.6391781, 28.0078777 ], [ -16.639169, 28.0078535 ], [ -16.6391561, 28.0078308 ], [ -16.6390606, 28.0076885 ], [ -16.6391308, 28.0072955 ], [ -16.6391333, 28.0072692 ], [ -16.6391314, 28.0072429 ], [ -16.6391252, 28.007217 ], [ -16.6391149, 28.0071923 ], [ -16.6391006, 28.0071691 ], [ -16.6390055, 28.0070389 ], [ -16.6389745, 28.0069249 ], [ -16.6389659, 28.0069007 ], [ -16.6389535, 28.0068778 ], [ -16.6389377, 28.0068567 ], [ -16.6387415, 28.0066316 ], [ -16.6388717, 28.0065689 ], [ -16.6389002, 28.0065523 ], [ -16.6389252, 28.0065316 ], [ -16.638946, 28.0065075 ], [ -16.6390572, 28.0063533 ], [ -16.6391039, 28.0063615 ], [ -16.6391372, 28.0063649 ], [ -16.6391708, 28.0063634 ], [ -16.6392036, 28.006357 ], [ -16.6392348, 28.0063458 ], [ -16.6392634, 28.0063303 ], [ -16.6392888, 28.0063108 ], [ -16.6393103, 28.0062878 ], [ -16.6395439, 28.0059909 ], [ -16.6395742, 28.0059817 ], [ -16.639602, 28.0059712 ], [ -16.6396278, 28.0059571 ], [ -16.6396509, 28.0059398 ], [ -16.6396708, 28.0059196 ], [ -16.6396872, 28.005897 ], [ -16.6396996, 28.0058725 ], [ -16.6397322, 28.0057928 ], [ -16.6398279, 28.0057311 ], [ -16.6399683, 28.0057657 ], [ -16.6400017, 28.0057713 ], [ -16.6400357, 28.0057718 ], [ -16.6400693, 28.0057674 ], [ -16.6401016, 28.005758 ], [ -16.6401318, 28.005744 ], [ -16.6401588, 28.0057257 ], [ -16.6401821, 28.0057037 ], [ -16.6402009, 28.0056786 ], [ -16.6402765, 28.0055563 ], [ -16.6404986, 28.0055131 ], [ -16.6409093, 28.0055671 ], [ -16.6409385, 28.005569 ], [ -16.6409678, 28.0055672 ], [ -16.6409964, 28.0055617 ], [ -16.6410239, 28.0055526 ], [ -16.6410358, 28.0055477 ], [ -16.6412553, 28.0055782 ], [ -16.6414911, 28.0056217 ], [ -16.6415168, 28.005625 ], [ -16.6415427, 28.0056253 ], [ -16.6415685, 28.0056226 ], [ -16.6416692, 28.0056065 ], [ -16.6416928, 28.0056015 ], [ -16.6417155, 28.0055939 ], [ -16.6418019, 28.0055599 ], [ -16.641831, 28.0055458 ], [ -16.6418572, 28.0055277 ], [ -16.6418797, 28.005506 ], [ -16.641898, 28.0054814 ], [ -16.6419838, 28.0053417 ], [ -16.6421071, 28.0052 ], [ -16.6423108, 28.0049852 ], [ -16.6426255, 28.0048467 ], [ -16.6428158, 28.0047615 ], [ -16.6430229, 28.0047329 ], [ -16.6430462, 28.0047285 ], [ -16.6430687, 28.0047216 ], [ -16.6430902, 28.0047125 ], [ -16.6431826, 28.0046671 ], [ -16.6432085, 28.0046519 ], [ -16.6432316, 28.0046335 ], [ -16.6432512, 28.0046121 ], [ -16.6433515, 28.0044839 ], [ -16.6434501, 28.0044597 ], [ -16.6434801, 28.00445 ], [ -16.6435081, 28.0044362 ], [ -16.6435332, 28.0044188 ], [ -16.643555, 28.004398 ], [ -16.6435729, 28.0043745 ], [ -16.6435863, 28.0043487 ], [ -16.6435951, 28.0043214 ], [ -16.6435989, 28.0042933 ], [ -16.643603, 28.004208 ], [ -16.6436684, 28.0042322 ], [ -16.6436984, 28.0042409 ], [ -16.6437295, 28.0042454 ], [ -16.643761, 28.0042456 ], [ -16.6437921, 28.0042415 ], [ -16.6438222, 28.0042331 ], [ -16.6438504, 28.0042208 ], [ -16.6439586, 28.0041638 ], [ -16.6441377, 28.0041365 ], [ -16.6444821, 28.0040747 ], [ -16.6448523, 28.0040589 ], [ -16.6448758, 28.0040567 ], [ -16.6450944, 28.0040245 ], [ -16.6451079, 28.0040444 ], [ -16.6451275, 28.0040684 ], [ -16.6451512, 28.0040892 ], [ -16.6451783, 28.0041063 ], [ -16.6452083, 28.0041193 ], [ -16.6452403, 28.0041277 ], [ -16.6452734, 28.0041313 ], [ -16.6453067, 28.0041302 ], [ -16.6453393, 28.0041242 ], [ -16.6453704, 28.0041135 ], [ -16.6453991, 28.0040985 ], [ -16.6454367, 28.004075 ], [ -16.6454994, 28.0040846 ], [ -16.6455324, 28.0040873 ], [ -16.6455654, 28.0040852 ], [ -16.6455977, 28.0040783 ], [ -16.6456282, 28.0040669 ], [ -16.6456563, 28.0040512 ], [ -16.6456697, 28.0040423 ], [ -16.6458223, 28.0041189 ], [ -16.6460854, 28.004338 ], [ -16.6461102, 28.0043556 ], [ -16.6461378, 28.0043696 ], [ -16.6465912, 28.0045591 ], [ -16.6466498, 28.0046158 ], [ -16.6466689, 28.0047297 ], [ -16.6466744, 28.0047527 ], [ -16.6466834, 28.0047749 ], [ -16.6467799, 28.0049728 ], [ -16.6468257, 28.0050959 ], [ -16.6468349, 28.0051163 ], [ -16.6468468, 28.0051355 ], [ -16.6468612, 28.0051534 ], [ -16.6471621, 28.0054809 ], [ -16.6471831, 28.0055005 ], [ -16.647347, 28.0056325 ], [ -16.6473769, 28.0056951 ], [ -16.6473896, 28.0057173 ], [ -16.6474056, 28.0057377 ], [ -16.6475446, 28.0058911 ], [ -16.6478028, 28.0061756 ], [ -16.6478147, 28.0061876 ], [ -16.6478277, 28.0061986 ], [ -16.6481488, 28.0064462 ], [ -16.6481555, 28.0066752 ], [ -16.6481589, 28.0067038 ], [ -16.6481674, 28.0067316 ], [ -16.6481808, 28.0067578 ], [ -16.6482721, 28.0069044 ], [ -16.6483266, 28.0070598 ], [ -16.648336, 28.0070816 ], [ -16.6483485, 28.0071022 ], [ -16.6483639, 28.0071211 ], [ -16.6484154, 28.0071764 ], [ -16.6484363, 28.0071958 ], [ -16.6484602, 28.0072121 ], [ -16.6485957, 28.0072916 ], [ -16.648621, 28.0073042 ], [ -16.648648, 28.0073135 ], [ -16.6486763, 28.0073193 ], [ -16.6487384, 28.0073279 ], [ -16.6487971, 28.0074908 ], [ -16.6488095, 28.0075177 ], [ -16.6488267, 28.0075424 ], [ -16.6488748, 28.0076008 ], [ -16.6488751, 28.0076291 ], [ -16.6488783, 28.0076599 ], [ -16.6488875, 28.0076897 ], [ -16.6489023, 28.0077178 ], [ -16.6489223, 28.0077432 ], [ -16.6489468, 28.0077652 ], [ -16.6489752, 28.0077831 ], [ -16.6490504, 28.0078223 ], [ -16.6490807, 28.0078353 ], [ -16.649113, 28.0078437 ], [ -16.6491464, 28.0078472 ], [ -16.6493976, 28.007855 ], [ -16.649569, 28.0079023 ], [ -16.6496339, 28.0079707 ], [ -16.6496723, 28.0080034 ], [ -16.6496929, 28.0080188 ], [ -16.6497157, 28.0080317 ], [ -16.6497402, 28.0080417 ], [ -16.649766, 28.0080488 ], [ -16.6498431, 28.0080651 ], [ -16.6498703, 28.0080692 ], [ -16.6498979, 28.0080699 ], [ -16.6499254, 28.0080673 ], [ -16.6502, 28.0080245 ], [ -16.6502173, 28.0080414 ], [ -16.6502369, 28.0080563 ], [ -16.6502584, 28.0080688 ], [ -16.6502793, 28.008078 ], [ -16.6503012, 28.008085 ], [ -16.6504411, 28.0081217 ], [ -16.6504734, 28.0081277 ], [ -16.6505063, 28.008129 ], [ -16.6505391, 28.0081256 ], [ -16.6505708, 28.0081175 ], [ -16.6506006, 28.0081049 ], [ -16.6506277, 28.0080883 ], [ -16.6506514, 28.008068 ], [ -16.6506712, 28.0080445 ], [ -16.6506863, 28.0080185 ], [ -16.6506966, 28.0079907 ], [ -16.6507016, 28.0079618 ], [ -16.6507059, 28.0079103 ], [ -16.6507358, 28.0079 ], [ -16.6507636, 28.0078857 ], [ -16.6507885, 28.0078676 ], [ -16.6508098, 28.0078463 ], [ -16.6508696, 28.0077761 ] ] } },
{ "type": "Feature", "properties": { "Layer": "0805DPMT", "IDTRAMO": 38048.0, "Provincia": "Santa Cruz de Tenerife", "Referencia": "DL-123-TF", "TM": "San Miguel de Abona (Tenerife)", "Estado": "A", "OM": "2002-08-24", "Sit_Admin": "Aprobado (O.M. 24/08/2002)", "Tipo_Linea": "Límite SP aprobada", "Label": "DL-123-TF (O.M. 24/08/2002)", "ID_SEGMENT": "38048001", "FIGURA": null, "Shape_Leng": 0.0, "VERTICES": "SI" }, "geometry": { "type": "LineString", "coordinates": [ [ -16.6388268, 28.0095673 ], [ -16.6389916, 28.0102773 ], [ -16.6384035, 28.0104071 ], [ -16.6383277, 28.0104211 ], [ -16.6382508, 28.01043 ], [ -16.6381735, 28.0104336 ], [ -16.6380961, 28.0104321 ], [ -16.6372707, 28.0103872 ], [ -16.6371808, 28.0103787 ], [ -16.6370921, 28.0103632 ], [ -16.6370053, 28.0103408 ], [ -16.6365588, 28.010206 ], [ -16.6360215, 28.0102853 ], [ -16.6359318, 28.010295 ], [ -16.6358415, 28.0102975 ], [ -16.6357513, 28.0102929 ], [ -16.63566, 28.0102846 ], [ -16.6352247, 28.0104682 ], [ -16.6351557, 28.0104945 ], [ -16.6350846, 28.0105163 ], [ -16.6350119, 28.0105334 ], [ -16.634938, 28.0105456 ], [ -16.6343762, 28.0106198 ], [ -16.6342867, 28.010628 ], [ -16.6341968, 28.0106291 ], [ -16.6341072, 28.0106232 ], [ -16.6340185, 28.0106103 ], [ -16.6339314, 28.0105905 ], [ -16.6338466, 28.0105639 ], [ -16.6337647, 28.0105309 ], [ -16.6336865, 28.0104916 ], [ -16.6336125, 28.0104463 ], [ -16.6335432, 28.0103954 ], [ -16.6334793, 28.0103393 ], [ -16.6334047, 28.0103505 ], [ -16.6333294, 28.0103568 ], [ -16.6332538, 28.0103581 ], [ -16.6331782, 28.0103544 ], [ -16.6331032, 28.0103458 ], [ -16.6330567, 28.0103813 ], [ -16.6330464, 28.0104458 ], [ -16.633031, 28.0105095 ], [ -16.6330104, 28.010572 ], [ -16.6329848, 28.010633 ], [ -16.6329543, 28.0106923 ], [ -16.6329333, 28.01083 ], [ -16.632975, 28.0108926 ], [ -16.6330109, 28.0109579 ], [ -16.6330408, 28.0110257 ], [ -16.6330644, 28.0110953 ], [ -16.6330816, 28.0111664 ], [ -16.6330923, 28.0112385 ], [ -16.6330964, 28.0113112 ], [ -16.633094, 28.0113838 ], [ -16.6330849, 28.0114561 ], [ -16.6330275, 28.0117907 ], [ -16.6330236, 28.0117957 ], [ -16.6330395, 28.0120151 ], [ -16.6330685, 28.0120699 ], [ -16.633103, 28.0121436 ], [ -16.6331301, 28.0122198 ], [ -16.6331495, 28.0122978 ], [ -16.6331611, 28.012377 ], [ -16.6331647, 28.0124568 ], [ -16.6331604, 28.0125365 ], [ -16.6331481, 28.0126157 ], [ -16.633128, 28.0126935 ], [ -16.6331002, 28.0127695 ], [ -16.6329749, 28.0130665 ], [ -16.6329427, 28.0131344 ], [ -16.6329044, 28.0131996 ], [ -16.6328602, 28.0132619 ], [ -16.6328104, 28.0133208 ], [ -16.6327554, 28.0133758 ], [ -16.6326956, 28.0134268 ], [ -16.6326312, 28.0134732 ], [ -16.6325628, 28.0135148 ], [ -16.6321633, 28.0137371 ], [ -16.6319302, 28.01402 ], [ -16.6318813, 28.0140747 ], [ -16.6318279, 28.0141259 ], [ -16.6317701, 28.0141733 ], [ -16.6317084, 28.0142166 ], [ -16.6316431, 28.0142555 ], [ -16.6315746, 28.0142898 ], [ -16.6315033, 28.0143193 ], [ -16.631257, 28.0144112 ], [ -16.6310205, 28.0145766 ], [ -16.6309785, 28.014642 ], [ -16.6309305, 28.0147041 ], [ -16.6308768, 28.0147624 ], [ -16.6308178, 28.0148165 ], [ -16.6307893, 28.0149705 ], [ -16.6307237, 28.0153319 ], [ -16.6307069, 28.015405 ], [ -16.6306834, 28.0154766 ], [ -16.6306533, 28.0155463 ], [ -16.6306167, 28.0156135 ], [ -16.6305741, 28.0156779 ], [ -16.6305256, 28.0157388 ], [ -16.6304716, 28.015796 ], [ -16.6304125, 28.0158491 ], [ -16.6303486, 28.0158976 ], [ -16.6302804, 28.0159413 ], [ -16.6302084, 28.0159798 ], [ -16.630133, 28.016013 ], [ -16.6300548, 28.0160405 ], [ -16.6297846, 28.0161242 ], [ -16.6297153, 28.0161432 ], [ -16.6296447, 28.0161578 ], [ -16.6292861, 28.01622 ], [ -16.6285487, 28.0166238 ], [ -16.6284753, 28.0166604 ], [ -16.6283989, 28.0166914 ], [ -16.6283198, 28.0167167 ], [ -16.6282386, 28.0167361 ], [ -16.6281559, 28.0167495 ], [ -16.6280722, 28.0167568 ], [ -16.627891, 28.0167659 ], [ -16.6278898, 28.0169972 ], [ -16.6278857, 28.0170751 ], [ -16.6278739, 28.0171523 ], [ -16.6278547, 28.0172284 ], [ -16.6278282, 28.0173027 ], [ -16.6277946, 28.0173747 ], [ -16.627754, 28.0174439 ], [ -16.6277069, 28.0175097 ], [ -16.6276536, 28.0175717 ], [ -16.6275944, 28.0176293 ], [ -16.6275299, 28.0176822 ], [ -16.6274605, 28.0177299 ], [ -16.6273866, 28.0177722 ], [ -16.627362, 28.017785 ], [ -16.6273978, 28.0178563 ], [ -16.6274265, 28.0179301 ], [ -16.6274479, 28.0180059 ], [ -16.6274618, 28.018083 ], [ -16.6274682, 28.0181609 ], [ -16.6274903, 28.0188279 ], [ -16.627489, 28.018906 ], [ -16.6274802, 28.0189837 ], [ -16.6274639, 28.0190604 ], [ -16.6274401, 28.0191355 ], [ -16.6274091, 28.0192086 ], [ -16.6273711, 28.019279 ], [ -16.6273264, 28.0193462 ], [ -16.6272753, 28.0194098 ], [ -16.6272182, 28.0194692 ], [ -16.6271555, 28.019524 ], [ -16.6270877, 28.0195738 ], [ -16.6270154, 28.0196182 ], [ -16.626939, 28.0196568 ], [ -16.6268591, 28.0196895 ], [ -16.6267763, 28.0197159 ], [ -16.6266912, 28.0197359 ], [ -16.6261462, 28.0198418 ], [ -16.6256082, 28.0201569 ], [ -16.6255377, 28.0201946 ], [ -16.625464, 28.0202272 ], [ -16.6253876, 28.0202544 ], [ -16.625309, 28.0202759 ], [ -16.6252286, 28.0202918 ], [ -16.6251471, 28.0203019 ], [ -16.6250649, 28.020306 ], [ -16.6249826, 28.0203043 ], [ -16.6249007, 28.0202966 ], [ -16.6248198, 28.0202831 ], [ -16.6243269, 28.0201824 ], [ -16.6242676, 28.0201685 ], [ -16.6242093, 28.0201516 ], [ -16.6233695, 28.0198819 ], [ -16.6233453, 28.0199535 ], [ -16.6233145, 28.0200231 ], [ -16.6232773, 28.0200902 ], [ -16.623234, 28.0201543 ], [ -16.6231848, 28.020215 ], [ -16.6231302, 28.0202719 ], [ -16.6230704, 28.0203246 ], [ -16.6230059, 28.0203727 ], [ -16.6229372, 28.0204159 ], [ -16.6228647, 28.0204539 ], [ -16.6225735, 28.0205924 ], [ -16.6225348, 28.0206654 ], [ -16.6224889, 28.0207351 ], [ -16.6224362, 28.0208008 ], [ -16.6223771, 28.0208621 ], [ -16.6223121, 28.0209185 ], [ -16.6222416, 28.0209695 ], [ -16.6221663, 28.0210147 ], [ -16.6220867, 28.0210538 ], [ -16.6220036, 28.0210864 ], [ -16.6219174, 28.0211122 ], [ -16.6218291, 28.0211312 ], [ -16.6217391, 28.0211431 ], [ -16.6216484, 28.0211477 ], [ -16.6215575, 28.0211452 ], [ -16.6215578, 28.0208746 ], [ -16.621543, 28.0208157 ], [ -16.6216094, 28.0206979 ], [ -16.6216649, 28.020629 ], [ -16.621692, 28.0205877 ], [ -16.6217294, 28.0205226 ], [ -16.6217163, 28.0204408 ], [ -16.6213268, 28.0203819 ], [ -16.6210937, 28.0204682 ], [ -16.6210607, 28.0204776 ], [ -16.6210264, 28.0204818 ], [ -16.6209918, 28.0204809 ], [ -16.6209579, 28.0204747 ], [ -16.6209256, 28.0204636 ], [ -16.6208959, 28.0204477 ], [ -16.6208697, 28.0204276 ], [ -16.6208478, 28.0204038 ], [ -16.6208307, 28.0203771 ], [ -16.6207473, 28.0202166 ], [ -16.6207375, 28.0201939 ], [ -16.6207313, 28.0201702 ], [ -16.6207287, 28.0201461 ], [ -16.6207298, 28.0201218 ], [ -16.6207519, 28.0199392 ], [ -16.620745, 28.0199325 ], [ -16.62045, 28.019881 ], [ -16.6204194, 28.0198735 ], [ -16.6203905, 28.0198618 ], [ -16.620364, 28.0198462 ], [ -16.6203406, 28.0198272 ], [ -16.6203208, 28.0198052 ], [ -16.6202294, 28.0196855 ], [ -16.6198312, 28.0195006 ], [ -16.6198139, 28.0194915 ], [ -16.6197976, 28.019481 ], [ -16.6194748, 28.0192493 ], [ -16.6192624, 28.0192021 ], [ -16.6189646, 28.0191575 ], [ -16.6189201, 28.0191669 ], [ -16.6189099, 28.019452 ], [ -16.6189066, 28.019479 ], [ -16.6188988, 28.0195052 ], [ -16.6188867, 28.0195301 ], [ -16.6188705, 28.0195531 ], [ -16.6188506, 28.0195737 ], [ -16.6184977, 28.0198876 ], [ -16.6184706, 28.0199078 ], [ -16.61844, 28.0199236 ], [ -16.6184068, 28.0199344 ], [ -16.618372, 28.0199399 ], [ -16.6183366, 28.01994 ], [ -16.6183018, 28.0199347 ], [ -16.6182685, 28.019924 ], [ -16.618002, 28.0198149 ], [ -16.6179544, 28.0198817 ], [ -16.6179046, 28.0200618 ], [ -16.6178934, 28.0200912 ], [ -16.6178766, 28.0201185 ], [ -16.6178549, 28.0201428 ], [ -16.6178287, 28.0201634 ], [ -16.617799, 28.0201798 ], [ -16.6177665, 28.0201914 ], [ -16.6177323, 28.0201979 ], [ -16.6176973, 28.020199 ], [ -16.6176626, 28.0201949 ], [ -16.6175511, 28.0201727 ], [ -16.6175209, 28.0201645 ], [ -16.6174925, 28.0201522 ], [ -16.6174666, 28.0201362 ], [ -16.6173576, 28.0200568 ], [ -16.617331, 28.0200753 ], [ -16.6173014, 28.0200896 ], [ -16.6172694, 28.0200994 ], [ -16.6172361, 28.0201043 ], [ -16.6172023, 28.0201043 ], [ -16.617169, 28.0200993 ], [ -16.6171371, 28.0200895 ], [ -16.6171028, 28.020076 ], [ -16.6170208, 28.0202531 ], [ -16.6170717, 28.0203173 ], [ -16.6170885, 28.0203425 ], [ -16.6171005, 28.0203699 ], [ -16.6171073, 28.0203986 ], [ -16.6171087, 28.0204279 ], [ -16.6171048, 28.0204571 ], [ -16.6170956, 28.0204853 ], [ -16.6168222, 28.0211249 ], [ -16.6168081, 28.0211511 ], [ -16.6167895, 28.021175 ], [ -16.6167668, 28.021196 ], [ -16.6167406, 28.0212134 ], [ -16.6167116, 28.0212269 ], [ -16.6166805, 28.0212361 ], [ -16.6166482, 28.0212407 ], [ -16.6166154, 28.0212407 ], [ -16.6165831, 28.021236 ], [ -16.616552, 28.0212268 ], [ -16.616523, 28.0212132 ], [ -16.6164969, 28.0211957 ], [ -16.6162929, 28.0210348 ], [ -16.6160838, 28.0209443 ], [ -16.615964, 28.020993 ], [ -16.6159345, 28.0210027 ], [ -16.6159037, 28.0210082 ], [ -16.6158723, 28.0210094 ], [ -16.615841, 28.0210063 ], [ -16.6157754, 28.0209951 ], [ -16.6157724, 28.0210148 ], [ -16.6157658, 28.0210424 ], [ -16.6157544, 28.0210687 ], [ -16.6157385, 28.0210932 ], [ -16.6157185, 28.0211151 ], [ -16.6156949, 28.021134 ], [ -16.6156682, 28.0211494 ], [ -16.6155659, 28.021199 ], [ -16.6155381, 28.0212101 ], [ -16.6155088, 28.0212175 ], [ -16.6154786, 28.0212208 ], [ -16.6154482, 28.0212202 ], [ -16.6154182, 28.0212155 ], [ -16.6153893, 28.0212069 ], [ -16.6153622, 28.0211945 ], [ -16.6153549, 28.0211905 ], [ -16.6151849, 28.0212965 ], [ -16.6151619, 28.021309 ], [ -16.6151372, 28.0213186 ], [ -16.6150272, 28.0213539 ], [ -16.6149969, 28.0213614 ], [ -16.6149656, 28.0213646 ], [ -16.6149342, 28.0213635 ], [ -16.6149033, 28.0213581 ], [ -16.6148737, 28.0213485 ], [ -16.6148462, 28.021335 ], [ -16.6146723, 28.0212334 ], [ -16.6145015, 28.0213382 ], [ -16.6144744, 28.0213522 ], [ -16.6144451, 28.0213624 ], [ -16.6144145, 28.0213684 ], [ -16.6143832, 28.0213702 ], [ -16.6143519, 28.0213677 ], [ -16.6143215, 28.021361 ], [ -16.6142925, 28.0213502 ], [ -16.6142658, 28.0213355 ], [ -16.6138014, 28.0210345 ], [ -16.6137889, 28.0210371 ], [ -16.6134671, 28.021363 ], [ -16.6134408, 28.021491 ], [ -16.6134324, 28.0215187 ], [ -16.6134192, 28.021545 ], [ -16.6134015, 28.021569 ], [ -16.6133797, 28.0215903 ], [ -16.6133543, 28.0216082 ], [ -16.6133261, 28.0216223 ], [ -16.6132957, 28.0216323 ], [ -16.6132639, 28.0216378 ], [ -16.6132316, 28.0216388 ], [ -16.6130539, 28.0216318 ], [ -16.6129197, 28.0217103 ], [ -16.6123972, 28.0219894 ], [ -16.6123664, 28.0220028 ], [ -16.612031, 28.0221193 ], [ -16.6120032, 28.022127 ], [ -16.6119744, 28.022131 ], [ -16.6119453, 28.0221314 ], [ -16.6119164, 28.0221281 ], [ -16.6118005, 28.0221072 ], [ -16.6117009, 28.0222819 ], [ -16.6116835, 28.0223071 ], [ -16.6116616, 28.0223295 ], [ -16.6116359, 28.0223484 ], [ -16.611607, 28.0223633 ], [ -16.6111636, 28.0225511 ], [ -16.6111348, 28.022561 ], [ -16.6111046, 28.0225669 ], [ -16.6110738, 28.0225687 ], [ -16.611043, 28.0225664 ], [ -16.611013, 28.0225599 ], [ -16.6109953, 28.0225548 ], [ -16.6109878, 28.0225599 ], [ -16.6108664, 28.0227614 ], [ -16.6109197, 28.0227794 ], [ -16.6111748, 28.0228168 ], [ -16.6112071, 28.022824 ], [ -16.6112376, 28.0228358 ], [ -16.6112656, 28.0228518 ], [ -16.6112902, 28.0228716 ], [ -16.6113109, 28.0228948 ], [ -16.611327, 28.0229206 ], [ -16.6113382, 28.0229484 ], [ -16.6113783, 28.0230821 ], [ -16.6113842, 28.023111 ], [ -16.6113847, 28.0231405 ], [ -16.6113798, 28.0231696 ], [ -16.6113696, 28.0231977 ], [ -16.6113545, 28.0232239 ] ] } },
{ "type": "Feature", "properties": { "Layer": "0805DPMT", "IDTRAMO": 38047.0, "Provincia": "Santa Cruz de Tenerife", "Referencia": "DL-124-TF", "TM": "San Miguel de Abona (Tenerife)", "Estado": "A", "OM": "2002-06-12", "Sit_Admin": "Aprobado (O.M. 12/06/2002)", "Tipo_Linea": "Límite SP aprobada", "Label": "DL-124-TF (O.M. 12/06/2002)", "ID_SEGMENT": "38047001", "FIGURA": null, "Shape_Leng": 0.0, "VERTICES": "SI" }, "geometry": { "type": "LineString", "coordinates": [ [ -16.6113545, 28.0232239 ], [ -16.6113347, 28.0232475 ], [ -16.6113108, 28.023268 ], [ -16.6112836, 28.0232848 ], [ -16.6112536, 28.0232974 ], [ -16.6112217, 28.0233055 ], [ -16.6107012, 28.0233979 ], [ -16.6106696, 28.0234013 ], [ -16.6106378, 28.0234002 ], [ -16.6106065, 28.0233947 ], [ -16.6105766, 28.023385 ], [ -16.6105488, 28.0233713 ], [ -16.6104054, 28.0232868 ], [ -16.6103843, 28.0232725 ], [ -16.6103655, 28.0232559 ], [ -16.6103533, 28.0232437 ], [ -16.6103424, 28.0232491 ], [ -16.6103124, 28.0232614 ], [ -16.6102806, 28.0232692 ], [ -16.6102477, 28.0232723 ], [ -16.6102147, 28.0232707 ], [ -16.6100613, 28.0232519 ], [ -16.6099189, 28.0233814 ], [ -16.6098935, 28.023401 ], [ -16.6098648, 28.0234166 ], [ -16.6098336, 28.0234278 ], [ -16.6098008, 28.0234343 ], [ -16.6097672, 28.0234358 ], [ -16.6097337, 28.0234325 ], [ -16.6097014, 28.0234242 ], [ -16.609671, 28.0234114 ], [ -16.6096434, 28.0233943 ], [ -16.6096194, 28.0233734 ], [ -16.6095952, 28.0233773 ], [ -16.6095706, 28.0233785 ], [ -16.609546, 28.0233771 ], [ -16.6093739, 28.0233607 ], [ -16.6087118, 28.0235315 ], [ -16.6086828, 28.0235369 ], [ -16.6086532, 28.0235386 ], [ -16.6086236, 28.0235365 ], [ -16.6085948, 28.0235305 ], [ -16.6085671, 28.0235209 ], [ -16.6084835, 28.0234853 ], [ -16.6082954, 28.0235437 ], [ -16.6082686, 28.0235502 ], [ -16.608241, 28.0235535 ], [ -16.6082131, 28.0235533 ], [ -16.6078663, 28.0235304 ], [ -16.6078469, 28.0235283 ], [ -16.6078277, 28.0235245 ], [ -16.6075501, 28.0234571 ], [ -16.6075359, 28.0234794 ], [ -16.6075211, 28.0234993 ], [ -16.6075035, 28.0235173 ], [ -16.6073582, 28.0236476 ], [ -16.6073322, 28.0236673 ], [ -16.607303, 28.0236828 ], [ -16.6072713, 28.0236938 ], [ -16.6067892, 28.0238202 ], [ -16.6067643, 28.0239001 ], [ -16.6062979, 28.0238575 ], [ -16.6061226, 28.0238994 ], [ -16.6059001, 28.023979 ], [ -16.6058858, 28.024026 ], [ -16.6058767, 28.0240496 ], [ -16.6058639, 28.0240719 ], [ -16.6058478, 28.0240924 ], [ -16.6056559, 28.0243037 ], [ -16.6056389, 28.0243202 ], [ -16.6054043, 28.0245215 ], [ -16.6053847, 28.0246511 ], [ -16.6053793, 28.0246746 ], [ -16.6053705, 28.0246973 ], [ -16.6053583, 28.0247188 ], [ -16.605343, 28.0247386 ], [ -16.6052362, 28.0248592 ], [ -16.6052134, 28.024881 ], [ -16.6051869, 28.0248992 ], [ -16.6051574, 28.0249132 ], [ -16.6051258, 28.0249228 ], [ -16.6050927, 28.0249276 ], [ -16.6050593, 28.0249276 ], [ -16.6050262, 28.0249227 ], [ -16.6049946, 28.024913 ], [ -16.6048611, 28.0248611 ], [ -16.6048678, 28.0248919 ], [ -16.6048683, 28.0249232 ], [ -16.6048628, 28.0249541 ], [ -16.6048513, 28.0249838 ], [ -16.6047076, 28.0252701 ], [ -16.6046951, 28.0252912 ], [ -16.6046795, 28.0253107 ], [ -16.6045501, 28.0254516 ], [ -16.604467, 28.0255267 ], [ -16.6044502, 28.0255403 ], [ -16.6044318, 28.0255522 ], [ -16.6043398, 28.0256046 ], [ -16.6043199, 28.0256146 ], [ -16.6042988, 28.0256225 ], [ -16.6041959, 28.0256554 ], [ -16.6041742, 28.0256612 ], [ -16.6041518, 28.0256648 ], [ -16.6040319, 28.0256778 ], [ -16.6039236, 28.0256788 ], [ -16.6038976, 28.0256775 ], [ -16.6038721, 28.0256734 ], [ -16.6038473, 28.0256663 ], [ -16.6031773, 28.0254333 ], [ -16.603177, 28.0254335 ], [ -16.603113, 28.0258648 ], [ -16.6031074, 28.0258893 ], [ -16.603098, 28.0259129 ], [ -16.6030851, 28.0259352 ], [ -16.6030584, 28.025974 ], [ -16.6030424, 28.025994 ], [ -16.6030236, 28.0260119 ], [ -16.6030022, 28.0260274 ], [ -16.6025842, 28.0262897 ], [ -16.6023365, 28.0264244 ], [ -16.602311, 28.0264362 ], [ -16.602284, 28.0264446 ], [ -16.6022558, 28.0264496 ], [ -16.6022272, 28.026451 ], [ -16.6020911, 28.0264492 ], [ -16.6018925, 28.0265159 ], [ -16.6018626, 28.0265237 ], [ -16.6018317, 28.0265273 ], [ -16.6018006, 28.0265267 ], [ -16.6017699, 28.0265219 ], [ -16.6017404, 28.026513 ], [ -16.6016069, 28.0264622 ], [ -16.6015087, 28.0265811 ], [ -16.6014883, 28.0266022 ], [ -16.6014645, 28.0266203 ], [ -16.6014379, 28.0266348 ], [ -16.6014091, 28.0266456 ], [ -16.6013788, 28.0266524 ], [ -16.6010858, 28.0266967 ], [ -16.6010544, 28.0266992 ], [ -16.601023, 28.0266975 ], [ -16.6009923, 28.0266914 ], [ -16.600963, 28.0266812 ], [ -16.6007706, 28.0265985 ], [ -16.6006473, 28.0266791 ], [ -16.6002428, 28.0271845 ], [ -16.600227, 28.0272018 ], [ -16.600209, 28.0272173 ], [ -16.600189, 28.0272306 ], [ -16.6000303, 28.0273237 ], [ -16.5998885, 28.0273953 ], [ -16.599826, 28.0276032 ], [ -16.5998143, 28.0276321 ], [ -16.5997972, 28.0276588 ], [ -16.5995245, 28.0280118 ], [ -16.5995055, 28.0280329 ], [ -16.5994831, 28.0280512 ], [ -16.5994561, 28.0280702 ], [ -16.5995685, 28.0281405 ], [ -16.5997568, 28.0283753 ], [ -16.599796, 28.0284023 ], [ -16.599878, 28.0284875 ], [ -16.5999286, 28.0285402 ], [ -16.5999558, 28.0285641 ], [ -16.5999852, 28.0286101 ], [ -16.599895, 28.0286828 ], [ -16.5998898, 28.0286865 ], [ -16.5998179, 28.0287327 ], [ -16.5997416, 28.0287732 ], [ -16.5996617, 28.0288077 ], [ -16.5995787, 28.0288358 ], [ -16.5994933, 28.0288574 ], [ -16.598607, 28.0290448 ], [ -16.5984117, 28.0291002 ], [ -16.5983853, 28.0291879 ], [ -16.5983611, 28.0292571 ], [ -16.5983307, 28.0293244 ], [ -16.5982943, 28.0293893 ], [ -16.5982521, 28.0294514 ], [ -16.5982045, 28.0295103 ], [ -16.5981517, 28.0295656 ], [ -16.5980941, 28.029617 ], [ -16.598032, 28.0296641 ], [ -16.5975491, 28.0300017 ] ] } },
{ "type": "Feature", "properties": { "Layer": "0805DPMT", "IDTRAMO": 38105.0, "Provincia": "Santa Cruz de Tenerife", "Referencia": "DL-125-TF", "TM": "San Cristóbal de La Laguna (Tenerife)", "Estado": "A", "OM": "2002-08-24", "Sit_Admin": "Aprobado (O.M. 24/08/2002)", "Tipo_Linea": "Límite SP aprobada", "Label": "DL-125-TF (O.M. 24/08/2002)", "ID_SEGMENT": "38105002", "FIGURA": null, "Shape_Leng": 0.0, "VERTICES": "SI" }, "geometry": { "type": "LineString", "coordinates": [ [ -16.2731929, 28.5718456 ], [ -16.2731764, 28.5717668 ], [ -16.2731679, 28.571687 ], [ -16.2731675, 28.5716069 ], [ -16.2731751, 28.5715271 ], [ -16.2731907, 28.5714482 ], [ -16.2732141, 28.5713708 ], [ -16.2732453, 28.5712955 ], [ -16.2732838, 28.571223 ], [ -16.2733295, 28.5711538 ], [ -16.273382, 28.5710884 ], [ -16.2734409, 28.5710274 ], [ -16.2735056, 28.5709713 ], [ -16.2735757, 28.5709204 ], [ -16.2736507, 28.5708753 ], [ -16.2737299, 28.5708361 ], [ -16.2738127, 28.5708034 ], [ -16.2738985, 28.5707772 ], [ -16.2739865, 28.5707579 ], [ -16.2740762, 28.5707455 ], [ -16.2741667, 28.5707402 ], [ -16.2742575, 28.570742 ], [ -16.2743477, 28.5707509 ], [ -16.2744366, 28.5707669 ], [ -16.2745236, 28.5707897 ], [ -16.2749875, 28.5705898 ], [ -16.2750463, 28.5705665 ], [ -16.2751068, 28.5705464 ], [ -16.2751685, 28.5705298 ], [ -16.2762735, 28.5702655 ], [ -16.2763388, 28.5702519 ], [ -16.2764049, 28.5702421 ], [ -16.2770676, 28.5701637 ], [ -16.2771404, 28.5701574 ], [ -16.2772135, 28.5701557 ], [ -16.2772865, 28.5701587 ], [ -16.2773591, 28.5701662 ], [ -16.2780698, 28.5702629 ], [ -16.2781581, 28.5702784 ], [ -16.2782445, 28.5703008 ], [ -16.2783284, 28.5703298 ], [ -16.2784091, 28.5703651 ], [ -16.2788775, 28.5705939 ], [ -16.2792616, 28.5707638 ], [ -16.2794838, 28.5708169 ], [ -16.2795656, 28.5708397 ], [ -16.2796449, 28.5708685 ], [ -16.2797211, 28.570903 ], [ -16.2797939, 28.5709431 ], [ -16.2798625, 28.5709884 ], [ -16.2799267, 28.5710386 ], [ -16.2799858, 28.5710934 ], [ -16.2800395, 28.5711524 ], [ -16.2800875, 28.5712152 ], [ -16.2801293, 28.5712812 ], [ -16.2801647, 28.5713502 ], [ -16.2801934, 28.5714215 ], [ -16.2803413, 28.571536 ], [ -16.2803961, 28.5715348 ], [ -16.2807287, 28.5714762 ], [ -16.2808141, 28.5714644 ], [ -16.2809002, 28.5714591 ], [ -16.2809866, 28.5714602 ], [ -16.2810726, 28.5714677 ], [ -16.2811575, 28.5714816 ], [ -16.2812408, 28.5715018 ], [ -16.2813218, 28.5715282 ], [ -16.2814001, 28.5715604 ], [ -16.281475, 28.5715984 ], [ -16.281546, 28.5716418 ], [ -16.2816126, 28.5716904 ], [ -16.2816743, 28.5717438 ], [ -16.2817306, 28.5718015 ], [ -16.2817813, 28.5718633 ], [ -16.2822479, 28.5724859 ], [ -16.2824701, 28.5728314 ], [ -16.2825097, 28.5728996 ], [ -16.2825427, 28.5729705 ], [ -16.2825687, 28.5730436 ], [ -16.2825875, 28.5731184 ], [ -16.2826343, 28.5731772 ], [ -16.282676, 28.5732388 ], [ -16.2827126, 28.573303 ], [ -16.2827438, 28.5733693 ], [ -16.2827694, 28.5734375 ], [ -16.2827893, 28.5735071 ], [ -16.2828096, 28.5735149 ], [ -16.28289, 28.5735498 ], [ -16.2829666, 28.5735908 ], [ -16.2830389, 28.5736375 ], [ -16.2831062, 28.5736896 ], [ -16.2831681, 28.5737468 ], [ -16.2832241, 28.5738085 ], [ -16.2832738, 28.5738743 ], [ -16.2833087, 28.5739252 ], [ -16.2833344, 28.5739409 ], [ -16.2833993, 28.5739842 ], [ -16.2834601, 28.574032 ], [ -16.2835165, 28.5740838 ], [ -16.283568, 28.5741394 ], [ -16.2836143, 28.5741985 ], [ -16.2838515, 28.5745285 ], [ -16.2848078, 28.5745172 ], [ -16.2847642, 28.5743223 ], [ -16.2847509, 28.5742456 ], [ -16.2847451, 28.5741682 ], [ -16.2847468, 28.5740906 ], [ -16.2847561, 28.5740135 ], [ -16.2847729, 28.5739373 ], [ -16.284797, 28.5738627 ], [ -16.2853235, 28.5724647 ], [ -16.2854519, 28.5721275 ], [ -16.2854821, 28.572058 ], [ -16.2855187, 28.5719908 ], [ -16.2855614, 28.5719266 ], [ -16.28561, 28.5718657 ], [ -16.2856641, 28.5718086 ], [ -16.2857233, 28.5717555 ], [ -16.2857873, 28.571707 ], [ -16.2858556, 28.5716633 ], [ -16.2862911, 28.5714081 ], [ -16.2864721, 28.5713031 ], [ -16.2864973, 28.5712855 ], [ -16.2864965, 28.5712783 ], [ -16.2870172, 28.5706548 ], [ -16.2871422, 28.5703782 ], [ -16.2871775, 28.5703088 ], [ -16.2872192, 28.5702423 ], [ -16.2872672, 28.5701791 ], [ -16.287321, 28.5701198 ], [ -16.2873802, 28.5700646 ], [ -16.2874445, 28.570014 ], [ -16.2875134, 28.5699684 ], [ -16.2875864, 28.5699281 ], [ -16.287663, 28.5698933 ], [ -16.2877427, 28.5698644 ], [ -16.2878248, 28.5698415 ], [ -16.2879088, 28.5698247 ], [ -16.2883039, 28.5697613 ], [ -16.2889343, 28.5696534 ], [ -16.2890307, 28.5696423 ], [ -16.2891042, 28.569529 ], [ -16.2891501, 28.5694647 ], [ -16.2892019, 28.569404 ], [ -16.2892593, 28.5693474 ], [ -16.2893219, 28.5692953 ], [ -16.2893892, 28.569248 ], [ -16.2894609, 28.5692059 ], [ -16.2895362, 28.5691692 ], [ -16.2896148, 28.5691383 ], [ -16.2896961, 28.5691133 ], [ -16.2897795, 28.5690944 ], [ -16.2898643, 28.5690818 ], [ -16.2899501, 28.5690755 ], [ -16.2900361, 28.5690756 ], [ -16.2909087, 28.5691093 ], [ -16.29141, 28.5691719 ], [ -16.2914928, 28.5691853 ], [ -16.2915741, 28.5692047 ], [ -16.2916533, 28.5692299 ], [ -16.2917299, 28.5692608 ], [ -16.2918033, 28.5692972 ], [ -16.2918731, 28.5693387 ], [ -16.2919388, 28.5693852 ], [ -16.2919999, 28.5694363 ], [ -16.2920457, 28.5694779 ], [ -16.2920684, 28.5694776 ], [ -16.2921587, 28.5694797 ], [ -16.2922484, 28.5694889 ], [ -16.2923368, 28.569505 ], [ -16.2924232, 28.569528 ], [ -16.292507, 28.5695576 ], [ -16.2931292, 28.569806 ], [ -16.2931912, 28.569833 ], [ -16.293251, 28.5698637 ], [ -16.2933083, 28.5698979 ], [ -16.2933629, 28.5699354 ], [ -16.2935178, 28.5700495 ], [ -16.2935279, 28.5699522 ], [ -16.2936504, 28.5694715 ], [ -16.2937956, 28.5690991 ], [ -16.2938291, 28.5690243 ], [ -16.2938699, 28.5689524 ], [ -16.2939179, 28.5688841 ], [ -16.2939725, 28.5688197 ], [ -16.2940335, 28.56876 ], [ -16.2941002, 28.5687052 ], [ -16.2941721, 28.5686559 ], [ -16.2942488, 28.5686125 ], [ -16.2943295, 28.5685752 ], [ -16.2944136, 28.5685445 ], [ -16.2945006, 28.5685204 ], [ -16.2945896, 28.5685033 ], [ -16.2946799, 28.5684933 ], [ -16.2949696, 28.5684726 ], [ -16.2950336, 28.5684255 ], [ -16.2951017, 28.5683831 ], [ -16.2951736, 28.5683457 ], [ -16.2952486, 28.5683136 ], [ -16.2953264, 28.5682871 ], [ -16.2954063, 28.5682662 ], [ -16.2957862, 28.5681817 ], [ -16.2958587, 28.568168 ], [ -16.2959322, 28.568159 ], [ -16.2960062, 28.5681548 ], [ -16.2960803, 28.5681552 ], [ -16.2965203, 28.5681721 ], [ -16.2965902, 28.5681347 ], [ -16.2966629, 28.5681018 ], [ -16.2967382, 28.5680737 ], [ -16.2972525, 28.5679064 ], [ -16.2973353, 28.5678829 ], [ -16.2974201, 28.5678658 ], [ -16.2975062, 28.567855 ], [ -16.2975931, 28.5678508 ], [ -16.29768, 28.5678531 ], [ -16.2977664, 28.5678619 ], [ -16.2978517, 28.5678772 ], [ -16.2979351, 28.5678988 ], [ -16.2980162, 28.5679266 ], [ -16.2980943, 28.5679604 ], [ -16.2981689, 28.5679999 ], [ -16.2986391, 28.5682738 ], [ -16.298707, 28.5683169 ], [ -16.2987706, 28.5683649 ], [ -16.2988297, 28.5684172 ], [ -16.2988836, 28.5684737 ], [ -16.2989322, 28.5685339 ], [ -16.298975, 28.5685973 ], [ -16.2990118, 28.5686637 ], [ -16.2990424, 28.5687325 ], [ -16.2990664, 28.5688032 ], [ -16.2992125, 28.5687678 ], [ -16.2994515, 28.568728 ], [ -16.2995247, 28.5687183 ], [ -16.2995985, 28.5687132 ], [ -16.2996724, 28.5687128 ], [ -16.2997462, 28.5687172 ], [ -16.3001242, 28.5687518 ], [ -16.3002089, 28.5687627 ], [ -16.3002922, 28.5687798 ], [ -16.3003736, 28.568803 ], [ -16.3004525, 28.5688322 ], [ -16.3005284, 28.568867 ], [ -16.3009253, 28.5690685 ], [ -16.300989, 28.5691036 ], [ -16.3010497, 28.5691428 ], [ -16.3011069, 28.5691858 ], [ -16.3011604, 28.5692325 ], [ -16.3012098, 28.5692824 ], [ -16.3014442, 28.5695376 ], [ -16.3014894, 28.5695906 ], [ -16.30153, 28.5696464 ], [ -16.3015658, 28.5697047 ], [ -16.3016436, 28.5696864 ], [ -16.3017228, 28.5696737 ], [ -16.3018029, 28.5696664 ], [ -16.3018789, 28.5696271 ], [ -16.3019585, 28.5695937 ], [ -16.302041, 28.5695665 ], [ -16.3021259, 28.5695456 ], [ -16.3022125, 28.5695313 ], [ -16.3023002, 28.5695236 ], [ -16.3023883, 28.5695226 ], [ -16.3031518, 28.5695431 ], [ -16.3032299, 28.5695478 ], [ -16.3033074, 28.5695578 ], [ -16.3033838, 28.569573 ], [ -16.3034586, 28.5695934 ], [ -16.3038781, 28.569723 ], [ -16.3042629, 28.5698584 ], [ -16.3043417, 28.5698896 ], [ -16.3044173, 28.5699266 ], [ -16.3044891, 28.5699691 ], [ -16.3045566, 28.5700168 ], [ -16.3046193, 28.5700694 ], [ -16.3046767, 28.5701264 ], [ -16.3047285, 28.5701875 ], [ -16.3047742, 28.5702523 ], [ -16.3049136, 28.5704699 ], [ -16.3049518, 28.5705356 ], [ -16.3049838, 28.5706038 ], [ -16.3050093, 28.5706741 ], [ -16.3050552, 28.5708208 ], [ -16.3053368, 28.5709667 ], [ -16.3053929, 28.570998 ], [ -16.3054466, 28.5710325 ], [ -16.3054977, 28.5710699 ], [ -16.3059703, 28.57144 ], [ -16.305987, 28.5714638 ], [ -16.3065955, 28.5715585 ], [ -16.3066815, 28.5715753 ], [ -16.3067655, 28.5715986 ], [ -16.306847, 28.5716281 ], [ -16.3069253, 28.5716638 ], [ -16.3069998, 28.5717052 ], [ -16.30707, 28.5717522 ], [ -16.3071354, 28.5718043 ], [ -16.3071954, 28.5718613 ], [ -16.3072497, 28.5719225 ], [ -16.3072978, 28.5719877 ], [ -16.3073393, 28.5720562 ], [ -16.3073741, 28.5721277 ], [ -16.3074017, 28.5722016 ], [ -16.307422, 28.5722772 ], [ -16.3074348, 28.5723542 ], [ -16.3074906, 28.5724188 ], [ -16.3075425, 28.5724859 ], [ -16.3075902, 28.5725554 ], [ -16.3076419, 28.5725406 ], [ -16.3076663, 28.5725166 ], [ -16.3077227, 28.5724654 ], [ -16.3077834, 28.5724182 ], [ -16.3078483, 28.5723754 ], [ -16.3079167, 28.5723373 ], [ -16.3079884, 28.5723041 ], [ -16.3080628, 28.5722759 ], [ -16.3081395, 28.5722531 ], [ -16.3082845, 28.5722156 ], [ -16.3083069, 28.5721828 ], [ -16.3083474, 28.5721285 ], [ -16.3083921, 28.5720769 ], [ -16.3084409, 28.5720282 ], [ -16.3084935, 28.5719828 ], [ -16.3085496, 28.5719407 ], [ -16.308526, 28.5718659 ], [ -16.3085098, 28.5717896 ], [ -16.308501, 28.5717124 ], [ -16.3084998, 28.5716348 ], [ -16.3085062, 28.5715574 ], [ -16.30852, 28.5714807 ], [ -16.3085413, 28.5714054 ], [ -16.3085699, 28.571332 ], [ -16.3086828, 28.5710777 ], [ -16.3087193, 28.5710051 ], [ -16.3087629, 28.5709356 ], [ -16.3088132, 28.5708697 ], [ -16.30887, 28.570808 ], [ -16.3092434, 28.5704365 ], [ -16.309304, 28.5703812 ], [ -16.3093697, 28.5703306 ], [ -16.3094401, 28.5702852 ], [ -16.3095145, 28.5702452 ], [ -16.3095926, 28.570211 ], [ -16.3096737, 28.5701827 ], [ -16.3097572, 28.5701607 ], [ -16.3098425, 28.570145 ], [ -16.309929, 28.5701358 ], [ -16.3102422, 28.5701144 ], [ -16.3106657, 28.5700073 ], [ -16.3107434, 28.5699905 ], [ -16.3108223, 28.5699792 ], [ -16.310902, 28.5699733 ], [ -16.310982, 28.5699729 ], [ -16.3110617, 28.5699781 ], [ -16.3111408, 28.5699887 ], [ -16.3112187, 28.5700048 ], [ -16.3114367, 28.5700578 ], [ -16.3116538, 28.5700566 ], [ -16.3117224, 28.5700583 ], [ -16.3117907, 28.570064 ], [ -16.3118584, 28.5700737 ], [ -16.3122535, 28.5701426 ], [ -16.3128024, 28.5701802 ], [ -16.312844, 28.5701561 ], [ -16.3129203, 28.570116 ], [ -16.3130002, 28.5700818 ], [ -16.3130832, 28.570054 ], [ -16.3131686, 28.5700326 ], [ -16.3132558, 28.5700178 ], [ -16.3133441, 28.5700097 ], [ -16.3134329, 28.5700085 ], [ -16.3135214, 28.570014 ], [ -16.3136091, 28.5700263 ], [ -16.3136953, 28.5700453 ], [ -16.3137792, 28.5700708 ], [ -16.3138604, 28.5701027 ], [ -16.3139381, 28.5701406 ], [ -16.3140117, 28.5701843 ], [ -16.3140808, 28.5702336 ], [ -16.3141883, 28.5701673 ], [ -16.3142628, 28.5701254 ], [ -16.3143412, 28.5700894 ], [ -16.3144228, 28.5700595 ], [ -16.314507, 28.5700359 ], [ -16.3150388, 28.569909 ], [ -16.3151204, 28.5698926 ], [ -16.3152034, 28.5698822 ], [ -16.315287, 28.5698779 ], [ -16.3153707, 28.5698795 ], [ -16.315454, 28.5698873 ], [ -16.3155363, 28.569901 ], [ -16.3161615, 28.5700289 ], [ -16.3162407, 28.5700481 ], [ -16.3163179, 28.5700728 ], [ -16.3163926, 28.5701029 ], [ -16.3164643, 28.5701383 ], [ -16.3165326, 28.5701786 ], [ -16.316597, 28.5702236 ], [ -16.3168102, 28.5703853 ], [ -16.3170501, 28.5705729 ], [ -16.3171086, 28.5706224 ], [ -16.3171624, 28.5706758 ], [ -16.3172113, 28.5707329 ], [ -16.3172549, 28.5707932 ], [ -16.317293, 28.5708563 ], [ -16.3176936, 28.5715893 ], [ -16.3177389, 28.5716656 ], [ -16.3177772, 28.5717448 ], [ -16.3178082, 28.5718266 ], [ -16.3178317, 28.5719102 ], [ -16.3178475, 28.5719952 ], [ -16.3178556, 28.5720811 ], [ -16.3178558, 28.5721673 ], [ -16.3178483, 28.5722532 ], [ -16.3178329, 28.5723383 ], [ -16.3177881, 28.5725051 ], [ -16.3179946, 28.5728051 ], [ -16.3180731, 28.5728372 ], [ -16.3181482, 28.5728751 ], [ -16.3182194, 28.5729184 ], [ -16.3182863, 28.5729669 ], [ -16.3183482, 28.5730202 ], [ -16.3184048, 28.5730779 ], [ -16.3184557, 28.5731397 ], [ -16.3185005, 28.573205 ], [ -16.3185388, 28.5732735 ], [ -16.3185705, 28.5733445 ], [ -16.3185953, 28.5734177 ], [ -16.318613, 28.5734924 ], [ -16.3186234, 28.5735682 ], [ -16.3186265, 28.5736445 ], [ -16.3186224, 28.5737208 ], [ -16.3185983, 28.5739546 ], [ -16.3186562, 28.5740063 ], [ -16.3187091, 28.5740619 ], [ -16.3187568, 28.5741211 ], [ -16.318799, 28.5741836 ], [ -16.3188353, 28.5742488 ], [ -16.3188655, 28.5743164 ], [ -16.3188895, 28.5743859 ], [ -16.3189071, 28.5744569 ], [ -16.3189182, 28.5745289 ], [ -16.3189534, 28.5748571 ], [ -16.3191428, 28.5751333 ], [ -16.3194659, 28.5756402 ], [ -16.3195009, 28.5757002 ], [ -16.3195307, 28.5757624 ], [ -16.3195551, 28.5758263 ], [ -16.3195741, 28.5758917 ], [ -16.3195875, 28.5759582 ], [ -16.3195952, 28.5760254 ], [ -16.319606, 28.576175 ], [ -16.3197921, 28.5766477 ], [ -16.3199042, 28.5769299 ], [ -16.3204829, 28.5772365 ], [ -16.3209339, 28.5774668 ], [ -16.3213043, 28.57749 ], [ -16.3215975, 28.5774201 ], [ -16.3216646, 28.5774062 ], [ -16.3217327, 28.5773963 ], [ -16.3218013, 28.5773906 ], [ -16.3218702, 28.5773889 ], [ -16.3223602, 28.5773914 ], [ -16.322461, 28.5774225 ], [ -16.3226693, 28.5772177 ], [ -16.3230368, 28.5769392 ], [ -16.3231006, 28.5768946 ], [ -16.3231682, 28.5768546 ], [ -16.3232392, 28.5768195 ], [ -16.3233131, 28.5767895 ], [ -16.3233896, 28.5767648 ], [ -16.3235913, 28.5767075 ], [ -16.3240301, 28.5766412 ], [ -16.3243224, 28.5766376 ], [ -16.3247132, 28.5765171 ], [ -16.3250633, 28.5761737 ], [ -16.3251213, 28.5761213 ], [ -16.325184, 28.5760731 ], [ -16.3252509, 28.5760296 ], [ -16.3253215, 28.5759911 ], [ -16.3253955, 28.5759577 ], [ -16.3254723, 28.5759298 ], [ -16.3255514, 28.5759074 ], [ -16.3263809, 28.5757055 ], [ -16.3264527, 28.5756904 ], [ -16.3265255, 28.57568 ], [ -16.326599, 28.5756742 ], [ -16.3274296, 28.5756356 ], [ -16.3279294, 28.5755781 ], [ -16.3278642, 28.5754317 ], [ -16.3278365, 28.5753613 ], [ -16.3278156, 28.5752892 ], [ -16.3278014, 28.5752157 ], [ -16.3277942, 28.5751415 ], [ -16.3277939, 28.5750669 ], [ -16.3278101, 28.5746905 ], [ -16.3278167, 28.5746171 ], [ -16.32783, 28.5745445 ], [ -16.32785, 28.574473 ], [ -16.3278765, 28.5744032 ], [ -16.3279094, 28.5743356 ], [ -16.3279484, 28.5742705 ], [ -16.3281447, 28.573973 ], [ -16.3281856, 28.5739162 ], [ -16.3282311, 28.5738621 ], [ -16.3282811, 28.5738112 ], [ -16.3283352, 28.5737638 ], [ -16.3283932, 28.57372 ], [ -16.3284547, 28.5736802 ], [ -16.3287024, 28.5735321 ], [ -16.3287592, 28.5735004 ], [ -16.3288182, 28.5734722 ], [ -16.32947, 28.5731842 ], [ -16.329646, 28.5730506 ], [ -16.3299654, 28.5728083 ], [ -16.330031, 28.5727625 ], [ -16.3301007, 28.5727215 ], [ -16.3303659, 28.5725791 ], [ -16.3306168, 28.5720798 ], [ -16.3306928, 28.5719358 ] ] } },
{ "type": "Feature", "properties": { "Layer": "0805DPMT", "IDTRAMO": 38104.0, "Provincia": "Santa Cruz de Tenerife", "Referencia": "DL-126-TF", "TM": "San Cristóbal de La Laguna (Tenerife)", "Estado": "A", "OM": "2000-09-08", "Sit_Admin": "Aprobado (O.M. 08/09/2000)", "Tipo_Linea": "Límite SP aprobada", "Label": "DL-126-TF (O.M. 08/09/2000)", "ID_SEGMENT": "38104002", "FIGURA": null, "Shape_Leng": 0.0, "VERTICES": "SI" }, "geometry": { "type": "LineString", "coordinates": [ [ -16.3321669, 28.5624876 ], [ -16.3321809, 28.5625075 ], [ -16.3322098, 28.5625491 ], [ -16.3322218, 28.5625699 ], [ -16.3322283, 28.5625812 ], [ -16.3322404, 28.5626021 ], [ -16.3322469, 28.5626133 ], [ -16.332252, 28.5626221 ], [ -16.332255, 28.5626354 ], [ -16.3322579, 28.5626478 ], [ -16.3322632, 28.5626708 ], [ -16.332266, 28.5626832 ], [ -16.3322684, 28.5626933 ], [ -16.3322723, 28.562706 ], [ -16.3322759, 28.5627182 ], [ -16.3322828, 28.5627409 ], [ -16.3322853, 28.5627533 ], [ -16.3322876, 28.5627766 ], [ -16.3322888, 28.5627893 ], [ -16.3322911, 28.5628126 ], [ -16.3319515, 28.5629624 ], [ -16.3319257, 28.562976 ], [ -16.3319025, 28.5629927 ], [ -16.3318822, 28.5630123 ], [ -16.3318655, 28.5630342 ], [ -16.3317669, 28.5631863 ], [ -16.3316409, 28.5634256 ], [ -16.3316328, 28.5634432 ], [ -16.331627, 28.5634614 ], [ -16.3315312, 28.5638305 ], [ -16.3315267, 28.5638567 ], [ -16.3315265, 28.5638832 ], [ -16.3315308, 28.5639094 ], [ -16.3315393, 28.5639347 ], [ -16.3317345, 28.56439 ], [ -16.3316605, 28.5645247 ], [ -16.3315627, 28.5645734 ], [ -16.3315396, 28.5645868 ], [ -16.3315188, 28.5646029 ], [ -16.3315006, 28.5646213 ], [ -16.3314853, 28.5646416 ], [ -16.3312749, 28.5649697 ], [ -16.3312629, 28.5649918 ], [ -16.3312544, 28.5650151 ], [ -16.3312495, 28.5650393 ], [ -16.3311964, 28.565474 ], [ -16.3311955, 28.5655024 ], [ -16.3311996, 28.5655306 ], [ -16.3312087, 28.5655579 ], [ -16.3312226, 28.5655836 ], [ -16.3312408, 28.565607 ], [ -16.331263, 28.5656276 ], [ -16.3312886, 28.5656449 ], [ -16.3313169, 28.5656584 ], [ -16.3313522, 28.5656722 ], [ -16.3313553, 28.5656854 ], [ -16.3313551, 28.5657089 ], [ -16.3313326, 28.5657615 ], [ -16.331323, 28.5657917 ], [ -16.3313195, 28.5658229 ], [ -16.3313222, 28.5658542 ], [ -16.331331, 28.5658846 ], [ -16.3313456, 28.5659132 ], [ -16.3313655, 28.5659392 ], [ -16.3313903, 28.5659617 ], [ -16.3314191, 28.56598 ], [ -16.3314511, 28.5659937 ], [ -16.3314734, 28.5660012 ], [ -16.3314785, 28.5660983 ], [ -16.3314577, 28.5662303 ], [ -16.3314558, 28.5662557 ], [ -16.3314579, 28.5662811 ], [ -16.3314641, 28.566306 ], [ -16.3314949, 28.5663987 ], [ -16.3315069, 28.5664263 ], [ -16.3315238, 28.5664517 ], [ -16.3315452, 28.5664744 ], [ -16.3316395, 28.5665591 ], [ -16.3317819, 28.566764 ], [ -16.3320313, 28.5670941 ], [ -16.3321026, 28.567296 ], [ -16.3321153, 28.5673235 ], [ -16.3321329, 28.5673489 ], [ -16.3321549, 28.5673713 ], [ -16.3321808, 28.5673902 ], [ -16.3322099, 28.5674052 ], [ -16.3322414, 28.5674157 ], [ -16.3322744, 28.5674215 ], [ -16.3323409, 28.5676827 ], [ -16.3323908, 28.5679117 ], [ -16.3323498, 28.5679203 ], [ -16.3323262, 28.5679266 ], [ -16.3323036, 28.5679354 ], [ -16.3322024, 28.5679813 ], [ -16.3321725, 28.5679979 ], [ -16.3321464, 28.5680187 ], [ -16.3321246, 28.5680432 ], [ -16.332108, 28.5680707 ], [ -16.3320969, 28.5681002 ], [ -16.3320918, 28.568131 ], [ -16.3320847, 28.5682351 ], [ -16.3320517, 28.5685814 ], [ -16.3320518, 28.5686126 ], [ -16.332058, 28.5686434 ], [ -16.3320702, 28.5686727 ], [ -16.3320878, 28.5686998 ], [ -16.3321105, 28.5687238 ], [ -16.3321375, 28.5687439 ], [ -16.3321681, 28.5687597 ], [ -16.3322013, 28.5687705 ], [ -16.3322361, 28.5687762 ], [ -16.3322715, 28.5687764 ], [ -16.3323072, 28.568774 ], [ -16.3323028, 28.5688039 ], [ -16.3323041, 28.568834 ], [ -16.3323111, 28.5688636 ], [ -16.3323235, 28.5688917 ], [ -16.3324092, 28.5690456 ], [ -16.3324261, 28.5690706 ], [ -16.3324473, 28.5690929 ], [ -16.3324723, 28.5691118 ], [ -16.3325005, 28.569127 ], [ -16.332531, 28.569138 ], [ -16.3325631, 28.5691445 ], [ -16.332551, 28.5691566 ], [ -16.3324921, 28.5691438 ], [ -16.3324584, 28.5691387 ], [ -16.3324242, 28.5691387 ], [ -16.3323905, 28.5691438 ], [ -16.3323582, 28.5691537 ], [ -16.3323283, 28.5691682 ], [ -16.3323015, 28.5691869 ], [ -16.3322786, 28.5692093 ], [ -16.3322602, 28.5692348 ], [ -16.3322469, 28.5692626 ], [ -16.3322391, 28.569292 ], [ -16.3322369, 28.5693221 ], [ -16.3322404, 28.5693521 ], [ -16.3322496, 28.5693812 ], [ -16.3326129, 28.5702088 ], [ -16.3327188, 28.5706288 ], [ -16.3327177, 28.5706436 ], [ -16.3322849, 28.5709606 ], [ -16.3321206, 28.571081 ], [ -16.3321041, 28.5710946 ], [ -16.3320893, 28.5711097 ], [ -16.3319486, 28.5712707 ], [ -16.3318522, 28.5714131 ], [ -16.3318382, 28.571438 ], [ -16.3318287, 28.5714645 ], [ -16.3318112, 28.5715304 ], [ -16.331807, 28.5715522 ], [ -16.3317943, 28.5716562 ], [ -16.3317613, 28.5717298 ], [ -16.3315203, 28.5721053 ], [ -16.3308908, 28.5716216 ], [ -16.3307301, 28.571872 ], [ -16.3306928, 28.5719358 ] ] } },
{ "type": "Feature", "properties": { "Layer": "0805DPMT", "IDTRAMO": 38101.0, "Provincia": "Santa Cruz de Tenerife", "Referencia": "DL-129-TF", "TM": "San Cristóbal de La Laguna (Tenerife)", "Estado": "A", "OM": "2000-09-28", "Sit_Admin": "Aprobado (O.M. 28/09/2000)", "Tipo_Linea": "Límite SP aprobada", "Label": "DL-129-TF (O.M. 28/09/2000)", "ID_SEGMENT": "38101002", "FIGURA": null, "Shape_Leng": 0.0, "VERTICES": "SI" }, "geometry": { "type": "LineString", "coordinates": [ [ -16.371184, 28.5458621 ], [ -16.3712125, 28.5457898 ], [ -16.3712464, 28.5457195 ], [ -16.3712886, 28.5456522 ], [ -16.371337, 28.5455884 ], [ -16.3713914, 28.5455284 ], [ -16.3714515, 28.5454728 ], [ -16.3715166, 28.5454218 ], [ -16.3715864, 28.5453759 ], [ -16.3716604, 28.5453355 ], [ -16.3717381, 28.5453007 ], [ -16.3718188, 28.5452719 ], [ -16.3719507, 28.5452305 ], [ -16.3720252, 28.5452099 ], [ -16.3721012, 28.5451944 ], [ -16.3721783, 28.5451841 ], [ -16.3722561, 28.545179 ], [ -16.3723341, 28.5451791 ], [ -16.3729381, 28.5452006 ], [ -16.3731396, 28.5451632 ], [ -16.3732264, 28.5451506 ], [ -16.3733142, 28.5451445 ], [ -16.3734022, 28.5451452 ], [ -16.3734898, 28.5451525 ], [ -16.3735763, 28.5451664 ], [ -16.3736612, 28.5451869 ], [ -16.3737438, 28.5452138 ], [ -16.3738235, 28.5452468 ], [ -16.3738996, 28.5452857 ], [ -16.3739717, 28.5453303 ], [ -16.3740391, 28.5453802 ], [ -16.3741015, 28.5454351 ], [ -16.3741583, 28.5454944 ], [ -16.374209, 28.5455579 ], [ -16.3744849, 28.5459363 ], [ -16.3746288, 28.5460924 ], [ -16.3748332, 28.5462383 ], [ -16.3748712, 28.5462668 ], [ -16.3749075, 28.5462969 ], [ -16.3749081, 28.5462974 ], [ -16.3749866, 28.5462834 ], [ -16.3750662, 28.5462748 ], [ -16.3751463, 28.5462719 ], [ -16.3752264, 28.5462744 ], [ -16.3756654, 28.5463037 ], [ -16.3757498, 28.5463125 ], [ -16.375833, 28.5463274 ], [ -16.3759146, 28.5463483 ], [ -16.3759938, 28.5463752 ], [ -16.3760703, 28.5464078 ], [ -16.3761435, 28.5464459 ], [ -16.3762128, 28.5464892 ], [ -16.3762778, 28.5465374 ], [ -16.3763381, 28.5465903 ], [ -16.3763932, 28.5466473 ], [ -16.3768463, 28.546722 ], [ -16.3769067, 28.5466804 ], [ -16.3769705, 28.5466429 ], [ -16.3770373, 28.5466098 ], [ -16.3771068, 28.5465811 ], [ -16.3771784, 28.5465571 ], [ -16.3772519, 28.546538 ], [ -16.3779591, 28.5463787 ], [ -16.3780429, 28.5463631 ], [ -16.3781278, 28.5463538 ], [ -16.3782134, 28.5463507 ], [ -16.3782989, 28.546354 ], [ -16.3783838, 28.5463636 ], [ -16.3784675, 28.5463795 ], [ -16.3785494, 28.5464014 ], [ -16.3786289, 28.5464294 ], [ -16.3788775, 28.5465275 ], [ -16.3790875, 28.5464873 ], [ -16.3791151, 28.5464824 ], [ -16.3791882, 28.5464702 ], [ -16.3792098, 28.5464 ], [ -16.3792377, 28.5463314 ], [ -16.3792719, 28.5462652 ], [ -16.3793119, 28.5462015 ], [ -16.3793549, 28.5459447 ], [ -16.3793721, 28.5458666 ], [ -16.3793969, 28.5457901 ], [ -16.3794293, 28.5457158 ], [ -16.3794689, 28.5456443 ], [ -16.3795156, 28.5455762 ], [ -16.3795688, 28.545512 ], [ -16.3796283, 28.5454522 ], [ -16.3796935, 28.5453972 ], [ -16.3797639, 28.5453475 ], [ -16.379839, 28.5453035 ], [ -16.3799182, 28.5452655 ], [ -16.3800009, 28.5452339 ], [ -16.3800865, 28.5452087 ], [ -16.3801742, 28.5451904 ], [ -16.3802633, 28.5451789 ], [ -16.3803533, 28.5451744 ], [ -16.3804434, 28.5451769 ], [ -16.3805329, 28.5451865 ], [ -16.3806211, 28.5452029 ], [ -16.3808105, 28.545246 ], [ -16.3810403, 28.5452276 ], [ -16.3811284, 28.545224 ], [ -16.3812165, 28.545227 ], [ -16.3813039, 28.5452367 ], [ -16.3813901, 28.5452531 ], [ -16.3814744, 28.5452759 ], [ -16.3815561, 28.5453051 ], [ -16.3816347, 28.5453404 ], [ -16.3817089, 28.5453116 ], [ -16.3817854, 28.5452881 ], [ -16.3818637, 28.54527 ], [ -16.3819434, 28.5452574 ], [ -16.382024, 28.5452504 ], [ -16.3830753, 28.5445282 ], [ -16.383113, 28.5445035 ], [ -16.3831519, 28.5444804 ], [ -16.38365, 28.5441987 ], [ -16.3837277, 28.544159 ], [ -16.383809, 28.5441254 ], [ -16.3838934, 28.5440982 ], [ -16.3839801, 28.5440777 ], [ -16.3840685, 28.544064 ], [ -16.3841579, 28.5440571 ], [ -16.3842477, 28.5440573 ], [ -16.3843371, 28.5440644 ], [ -16.3844255, 28.5440784 ], [ -16.3846263, 28.5441183 ], [ -16.3846629, 28.5440565 ], [ -16.3847047, 28.5439975 ], [ -16.3847516, 28.5439414 ], [ -16.3848032, 28.5438888 ], [ -16.3848593, 28.5438398 ], [ -16.3851811, 28.5435795 ], [ -16.3857152, 28.5432023 ], [ -16.3857508, 28.5431323 ], [ -16.385793, 28.5430653 ], [ -16.3858414, 28.5430016 ], [ -16.3858958, 28.5429418 ], [ -16.3862145, 28.5426206 ], [ -16.3862756, 28.5425642 ], [ -16.3863419, 28.5425126 ], [ -16.3864131, 28.5424663 ], [ -16.3864885, 28.5424256 ], [ -16.3865676, 28.5423908 ], [ -16.3866498, 28.5423622 ], [ -16.3867346, 28.5423399 ], [ -16.3868211, 28.5423242 ], [ -16.3874739, 28.5422316 ], [ -16.3875639, 28.5422225 ], [ -16.3876546, 28.5422204 ], [ -16.3877451, 28.5422254 ], [ -16.3878347, 28.5422374 ], [ -16.3879228, 28.5422565 ], [ -16.3880086, 28.5422823 ], [ -16.3880915, 28.5423148 ], [ -16.3881708, 28.5423536 ], [ -16.3882458, 28.5423985 ], [ -16.388299, 28.5423861 ], [ -16.388377, 28.5423707 ], [ -16.388456, 28.5423608 ], [ -16.3885176, 28.5423118 ], [ -16.3885758, 28.5422689 ], [ -16.3886375, 28.5422299 ], [ -16.3887023, 28.542195 ], [ -16.3887699, 28.5421645 ], [ -16.3888398, 28.5421385 ], [ -16.3888725, 28.5421276 ], [ -16.388897, 28.5420568 ], [ -16.3889281, 28.541988 ], [ -16.3889654, 28.5419217 ], [ -16.3890087, 28.5418584 ], [ -16.3890578, 28.5417983 ], [ -16.3891122, 28.5417421 ], [ -16.3891718, 28.5416899 ], [ -16.3892359, 28.5416423 ], [ -16.3893043, 28.5415994 ], [ -16.3893764, 28.5415617 ], [ -16.3894517, 28.5415293 ], [ -16.3897241, 28.5414241 ], [ -16.3901428, 28.5412605 ], [ -16.3902272, 28.5412314 ], [ -16.3903142, 28.541209 ], [ -16.3904032, 28.5411935 ], [ -16.3904933, 28.541185 ], [ -16.3905839, 28.5411836 ], [ -16.390604, 28.5411145 ], [ -16.3906302, 28.541047 ], [ -16.3906625, 28.5409815 ], [ -16.3909145, 28.5405201 ], [ -16.3909525, 28.5404569 ], [ -16.3909961, 28.5403966 ], [ -16.391045, 28.5403396 ], [ -16.3910989, 28.5402861 ], [ -16.3911573, 28.5402366 ], [ -16.3912201, 28.5401913 ], [ -16.3912867, 28.5401506 ], [ -16.3914712, 28.5400469 ], [ -16.3915427, 28.5400103 ], [ -16.3916172, 28.5399789 ], [ -16.3916944, 28.539953 ], [ -16.3917737, 28.5399326 ], [ -16.3918546, 28.5399179 ], [ -16.3919366, 28.539909 ], [ -16.3920191, 28.5399061 ], [ -16.3921016, 28.539909 ], [ -16.3921836, 28.5399178 ], [ -16.3922707, 28.5399303 ], [ -16.3923149, 28.5398864 ], [ -16.3923785, 28.5398287 ], [ -16.3924477, 28.5397763 ], [ -16.3925219, 28.5397294 ], [ -16.3926005, 28.5396886 ], [ -16.3926829, 28.5396542 ], [ -16.3927685, 28.5396264 ], [ -16.3928566, 28.5396054 ], [ -16.3929464, 28.5395915 ], [ -16.3930373, 28.5395847 ], [ -16.3933773, 28.5395726 ], [ -16.3934295, 28.539507 ], [ -16.393488, 28.5394458 ], [ -16.3935525, 28.5393894 ], [ -16.3936224, 28.5393383 ], [ -16.3936972, 28.5392928 ], [ -16.3937762, 28.5392534 ], [ -16.3938589, 28.5392204 ], [ -16.3940167, 28.5389193 ], [ -16.3940108, 28.5386918 ], [ -16.3939812, 28.5386228 ], [ -16.3939582, 28.5385519 ], [ -16.3939418, 28.5384796 ], [ -16.3939321, 28.5384063 ], [ -16.3939107, 28.5381549 ], [ -16.3939079, 28.5380825 ], [ -16.3939116, 28.5380102 ], [ -16.3939219, 28.5379383 ], [ -16.3939387, 28.5378674 ], [ -16.3939618, 28.5377979 ], [ -16.3939912, 28.5377303 ], [ -16.3940267, 28.5376649 ], [ -16.394068, 28.5376023 ], [ -16.3941148, 28.5375428 ], [ -16.3942503, 28.5373847 ], [ -16.3943059, 28.5373252 ], [ -16.3943672, 28.5372701 ], [ -16.3944335, 28.5372198 ], [ -16.3945045, 28.5371747 ], [ -16.3945796, 28.5371351 ], [ -16.3946582, 28.5371014 ], [ -16.3947398, 28.5370737 ], [ -16.3948238, 28.5370522 ], [ -16.3949095, 28.5370372 ], [ -16.3949964, 28.5370287 ], [ -16.3950838, 28.5370268 ], [ -16.3951711, 28.5370315 ], [ -16.3952576, 28.5370428 ], [ -16.395828, 28.5369304 ], [ -16.3959905, 28.536882 ], [ -16.3960668, 28.5368621 ], [ -16.3961446, 28.5368476 ], [ -16.3962235, 28.5368384 ], [ -16.3963029, 28.5368347 ], [ -16.3963823, 28.5368365 ], [ -16.396829, 28.5372744 ], [ -16.3967686, 28.5373381 ], [ -16.3968921, 28.5374091 ], [ -16.3969527, 28.5373543 ], [ -16.397064, 28.5374152 ], [ -16.3972737, 28.5372806 ], [ -16.3973065, 28.5371877 ], [ -16.3973986, 28.5369452 ], [ -16.3974306, 28.5367898 ], [ -16.3974346, 28.5367741 ], [ -16.3975201, 28.5364997 ], [ -16.3975958, 28.5362382 ], [ -16.3975532, 28.5358955 ], [ -16.3974753, 28.5359049 ], [ -16.397128, 28.5359175 ], [ -16.3967294, 28.5358841 ], [ -16.3966554, 28.5352887 ], [ -16.3966171, 28.5352188 ], [ -16.3965857, 28.5351463 ], [ -16.3965615, 28.5350716 ], [ -16.3965447, 28.5349954 ], [ -16.3965354, 28.5349182 ], [ -16.3965336, 28.5348405 ], [ -16.3965393, 28.534763 ], [ -16.3965526, 28.5346863 ], [ -16.3965733, 28.5346108 ], [ -16.3966013, 28.5345371 ], [ -16.3966364, 28.5344659 ], [ -16.3966782, 28.5343976 ], [ -16.3967266, 28.5343327 ], [ -16.3967811, 28.5342718 ], [ -16.3968413, 28.5342152 ], [ -16.3969659, 28.5336868 ], [ -16.3969858, 28.533617 ], [ -16.3970118, 28.5335487 ], [ -16.3970439, 28.5334826 ], [ -16.3970819, 28.5334188 ], [ -16.3971256, 28.533358 ], [ -16.3971745, 28.5333004 ], [ -16.3972286, 28.5332465 ], [ -16.3972873, 28.5331965 ], [ -16.3973503, 28.5331509 ], [ -16.3974007, 28.5330488 ], [ -16.3974376, 28.5329819 ], [ -16.3974806, 28.5329179 ], [ -16.3975294, 28.5328572 ], [ -16.3975837, 28.5328003 ], [ -16.3976431, 28.5327475 ], [ -16.3977073, 28.5326992 ], [ -16.3977757, 28.5326558 ], [ -16.3980822, 28.5324777 ], [ -16.3981509, 28.5324411 ], [ -16.3982227, 28.5324094 ], [ -16.398297, 28.5323828 ], [ -16.3993438, 28.5320492 ], [ -16.3994142, 28.5320292 ], [ -16.3994861, 28.5320138 ], [ -16.3995591, 28.5320031 ], [ -16.3996327, 28.531997 ], [ -16.3997067, 28.5319957 ], [ -16.4003274, 28.5320043 ], [ -16.4004135, 28.5320087 ], [ -16.4004988, 28.5320195 ], [ -16.4005828, 28.5320366 ], [ -16.4006649, 28.5320599 ], [ -16.4007445, 28.5320892 ], [ -16.400821, 28.5321244 ], [ -16.4008938, 28.5321651 ], [ -16.401277, 28.5321307 ], [ -16.4013193, 28.5320353 ], [ -16.4014267, 28.5315333 ], [ -16.4014411, 28.5314765 ], [ -16.4014595, 28.5314207 ], [ -16.4014819, 28.5313661 ], [ -16.4015168, 28.5312891 ], [ -16.4015868, 28.5309169 ], [ -16.4016047, 28.5308414 ], [ -16.4016299, 28.5307676 ], [ -16.4016622, 28.530696 ], [ -16.4017012, 28.530627 ], [ -16.4017468, 28.5305612 ], [ -16.4017986, 28.5304992 ], [ -16.4018561, 28.5304412 ], [ -16.4019191, 28.5303878 ], [ -16.401987, 28.5303393 ], [ -16.402218, 28.5301884 ], [ -16.4032424, 28.5293199 ], [ -16.4033066, 28.5292699 ], [ -16.4034517, 28.5291661 ], [ -16.4035251, 28.5291182 ], [ -16.403603, 28.5290762 ], [ -16.4036849, 28.5290406 ], [ -16.4037701, 28.5290116 ], [ -16.4038579, 28.5289893 ], [ -16.4039475, 28.5289742 ], [ -16.4040384, 28.5289661 ], [ -16.4041296, 28.5289652 ], [ -16.4042207, 28.5289715 ], [ -16.4043107, 28.528985 ], [ -16.404399, 28.5290055 ], [ -16.4044848, 28.5290329 ], [ -16.4045676, 28.5290669 ], [ -16.4046466, 28.5291074 ], [ -16.4050228, 28.5288654 ], [ -16.4052205, 28.5287151 ], [ -16.4052636, 28.5286501 ], [ -16.4053127, 28.5285885 ], [ -16.4053674, 28.5285307 ], [ -16.4054274, 28.5284772 ], [ -16.4056631, 28.5282838 ], [ -16.4058985, 28.5279497 ], [ -16.4059448, 28.5278896 ], [ -16.4059965, 28.5278329 ], [ -16.4060532, 28.52778 ], [ -16.4061145, 28.5277314 ], [ -16.4071717, 28.5269586 ], [ -16.4072386, 28.5269136 ], [ -16.4073096, 28.5268736 ], [ -16.4083957, 28.5263158 ], [ -16.408447, 28.5262912 ], [ -16.4084997, 28.5262692 ], [ -16.408901, 28.5261141 ], [ -16.4095595, 28.5258605 ] ] } },
{ "type": "Feature", "properties": { "Layer": "0805DPMT", "IDTRAMO": 38021.0, "Provincia": "Santa Cruz de Tenerife", "Referencia": "DL-130-TF", "TM": "Güímar (Tenerife)", "Estado": "A", "OM": "2003-03-20", "Sit_Admin": "Aprobado (O.M. 20/03/2003)", "Tipo_Linea": "Límite SP aprobada", "Label": "DL-130-TF (O.M. 20/03/2003)", "ID_SEGMENT": "38021001", "FIGURA": null, "Shape_Leng": 0.0, "VERTICES": "SI" }, "geometry": { "type": "LineString", "coordinates": [ [ -16.3614043, 28.3205081 ], [ -16.3614082, 28.3205266 ], [ -16.3618868, 28.3209038 ], [ -16.3619479, 28.3209562 ], [ -16.3620039, 28.3210129 ], [ -16.3620543, 28.3210735 ], [ -16.3620988, 28.3211376 ], [ -16.3621372, 28.3212048 ], [ -16.3621691, 28.3212746 ], [ -16.3622355, 28.3214393 ], [ -16.3624554, 28.3218149 ], [ -16.3628548, 28.3223155 ], [ -16.3629321, 28.3223456 ], [ -16.3630064, 28.3223813 ], [ -16.3630771, 28.3224222 ], [ -16.3631437, 28.3224682 ], [ -16.3632058, 28.3225189 ], [ -16.3632629, 28.322574 ], [ -16.3633147, 28.3226331 ], [ -16.3633608, 28.3226958 ], [ -16.3634008, 28.3227617 ], [ -16.3634346, 28.3228302 ], [ -16.3634618, 28.322901 ], [ -16.3634823, 28.3229735 ], [ -16.363496, 28.3230473 ], [ -16.3635158, 28.323192 ], [ -16.3636514, 28.3233652 ], [ -16.3630171, 28.324822 ], [ -16.3631355, 28.3250638 ], [ -16.3632875, 28.3253463 ], [ -16.3633527, 28.3254699 ], [ -16.3635003, 28.3256102 ], [ -16.3635194, 28.3256313 ], [ -16.3635347, 28.3256547 ], [ -16.3635458, 28.3256799 ], [ -16.3636494, 28.3259765 ], [ -16.363793, 28.3263304 ], [ -16.3638011, 28.3263565 ], [ -16.3638048, 28.3263834 ], [ -16.3638038, 28.3264105 ], [ -16.3637983, 28.3264372 ], [ -16.3637883, 28.3264628 ], [ -16.3637741, 28.3264868 ], [ -16.3636185, 28.3267078 ], [ -16.3636164, 28.3267158 ], [ -16.3636818, 28.3268548 ], [ -16.3636925, 28.3268845 ], [ -16.3636973, 28.3269153 ], [ -16.363696, 28.3269463 ], [ -16.3636562, 28.3272317 ], [ -16.3636488, 28.3272622 ], [ -16.3636356, 28.3272912 ], [ -16.3635149, 28.3275018 ], [ -16.3635272, 28.3279028 ], [ -16.3635463, 28.3285687 ], [ -16.3637587, 28.3292831 ], [ -16.3637647, 28.3293132 ], [ -16.3637648, 28.3293438 ], [ -16.363759, 28.329374 ], [ -16.3637476, 28.3294028 ], [ -16.3637308, 28.3294296 ], [ -16.3637092, 28.3294535 ], [ -16.363223, 28.3299052 ], [ -16.36286, 28.3305125 ] ] } },
{ "type": "Feature", "properties": { "Layer": "0805DPMT", "IDTRAMO": 38020.0, "Provincia": "Santa Cruz de Tenerife", "Referencia": "DL-131-TF", "TM": "Arafo (Tenerife)", "Estado": "A", "OM": "2001-12-14", "Sit_Admin": "Aprobado (O.M. 14/12/2001)", "Tipo_Linea": "Límite SP aprobada", "Label": "DL-131-TF (O.M. 14/12/2001)", "ID_SEGMENT": "38020001", "FIGURA": null, "Shape_Leng": 0.0, "VERTICES": "SI" }, "geometry": { "type": "LineString", "coordinates": [ [ -16.36286, 28.3305125 ], [ -16.3626637, 28.3310727 ], [ -16.362595, 28.3314896 ], [ -16.3628014, 28.3323401 ], [ -16.3630032, 28.3329739 ], [ -16.363423, 28.3335895 ], [ -16.3634349, 28.3336099 ], [ -16.3638181, 28.3343785 ], [ -16.3640591, 28.3349044 ], [ -16.364321, 28.335236 ], [ -16.3643372, 28.3352602 ], [ -16.3643489, 28.3352864 ], [ -16.3643558, 28.3353139 ], [ -16.3643578, 28.335342 ], [ -16.3643549, 28.33537 ], [ -16.3643471, 28.3353973 ], [ -16.3643271, 28.3354493 ], [ -16.3645643, 28.3356154 ], [ -16.3645874, 28.3356344 ], [ -16.364607, 28.3356563 ], [ -16.3646225, 28.3356806 ], [ -16.3646336, 28.3357068 ], [ -16.36464, 28.3357341 ], [ -16.3646619, 28.3358858 ], [ -16.3647046, 28.3359336 ], [ -16.3649523, 28.3359729 ], [ -16.3649836, 28.3359801 ], [ -16.3650132, 28.3359916 ], [ -16.3650403, 28.3360071 ], [ -16.3650643, 28.3360262 ], [ -16.3650847, 28.3360485 ], [ -16.3651008, 28.3360732 ], [ -16.3651122, 28.3360999 ], [ -16.3651188, 28.3361279 ], [ -16.3651586, 28.3364067 ], [ -16.3654758, 28.3364263 ], [ -16.365508, 28.3364306 ], [ -16.365539, 28.3364393 ], [ -16.365568, 28.3364523 ], [ -16.3655943, 28.3364693 ], [ -16.3656173, 28.3364897 ], [ -16.3656363, 28.336513 ], [ -16.3656508, 28.3365388 ], [ -16.3656606, 28.3365662 ], [ -16.3656652, 28.3365947 ], [ -16.3656647, 28.3366235 ], [ -16.365649, 28.336769 ], [ -16.3656429, 28.3367989 ], [ -16.3656311, 28.3368276 ], [ -16.3656141, 28.3368541 ], [ -16.3655923, 28.3368776 ], [ -16.3655663, 28.3368976 ], [ -16.3655368, 28.3369134 ], [ -16.3653742, 28.336985 ], [ -16.3654713, 28.3371766 ], [ -16.3658008, 28.3378949 ], [ -16.3658596, 28.3379978 ], [ -16.3662504, 28.3383166 ], [ -16.3662721, 28.3383373 ], [ -16.3662899, 28.3383607 ], [ -16.3663033, 28.3383863 ], [ -16.3665012, 28.338856 ], [ -16.3665101, 28.3388836 ], [ -16.3665139, 28.3389122 ], [ -16.3665126, 28.338941 ], [ -16.366506, 28.3389692 ], [ -16.3664945, 28.3389961 ], [ -16.3664783, 28.3390211 ], [ -16.3664579, 28.3390434 ], [ -16.3664336, 28.3390626 ], [ -16.3664154, 28.3390749 ], [ -16.3664379, 28.3390955 ], [ -16.3664564, 28.3391189 ], [ -16.3664706, 28.3391447 ], [ -16.3664799, 28.3391721 ], [ -16.3664842, 28.3392005 ], [ -16.3664834, 28.3392291 ], [ -16.3666255, 28.3392674 ], [ -16.366658, 28.339279 ], [ -16.3666879, 28.3392954 ], [ -16.3667141, 28.339316 ], [ -16.366736, 28.3393403 ], [ -16.3667528, 28.3393676 ], [ -16.3668895, 28.3396435 ] ] } },
{ "type": "Feature", "properties": { "Layer": "0805DPMT", "IDTRAMO": 38010.0, "Provincia": "Santa Cruz de Tenerife", "Referencia": "DL-133-TF", "TM": "El Rosario (Tenerife)", "Estado": "A", "OM": "2003-01-09", "Sit_Admin": "Aprobado (O.M. 09/01/2003)", "Tipo_Linea": "Límite SP aprobada", "Label": "DL-133-TF (O.M. 09/01/2003)", "ID_SEGMENT": "38010001", "FIGURA": null, "Shape_Leng": 0.0, "VERTICES": "SI" }, "geometry": { "type": "LineString", "coordinates": [ [ -16.3187802, 28.404161 ], [ -16.3190322, 28.4044206 ], [ -16.3190523, 28.4044453 ], [ -16.3190675, 28.4044726 ], [ -16.3190772, 28.4045018 ], [ -16.3190813, 28.4045321 ], [ -16.3190795, 28.4045625 ], [ -16.319072, 28.4045922 ], [ -16.319059, 28.4046204 ], [ -16.3190407, 28.4046462 ], [ -16.3190179, 28.404669 ], [ -16.318991, 28.404688 ], [ -16.3189608, 28.4047028 ], [ -16.3187542, 28.4047848 ], [ -16.3187241, 28.4047943 ], [ -16.3186926, 28.4047995 ], [ -16.3186605, 28.4048004 ], [ -16.3186287, 28.4047967 ], [ -16.318598, 28.4047888 ], [ -16.318569, 28.4047766 ], [ -16.3182898, 28.4046349 ], [ -16.3180092, 28.4047689 ], [ -16.317398, 28.4051261 ], [ -16.3173721, 28.405139 ], [ -16.3173444, 28.4051484 ], [ -16.3170051, 28.4052388 ], [ -16.3169792, 28.4052441 ], [ -16.3167399, 28.4052789 ], [ -16.3167394, 28.4052838 ], [ -16.3166965, 28.4054784 ], [ -16.3166876, 28.4055065 ], [ -16.3166736, 28.4055331 ], [ -16.316655, 28.4055572 ], [ -16.3165102, 28.4057158 ], [ -16.3164914, 28.4057338 ], [ -16.3160853, 28.4060724 ], [ -16.3160598, 28.4060905 ], [ -16.3160313, 28.4061047 ], [ -16.3160006, 28.4061148 ], [ -16.3159685, 28.4061204 ], [ -16.3159358, 28.4061214 ], [ -16.3158176, 28.4061165 ], [ -16.3155689, 28.4062869 ], [ -16.3155403, 28.4063032 ], [ -16.3155091, 28.4063152 ], [ -16.3154111, 28.4063445 ], [ -16.3151257, 28.4066084 ], [ -16.3157, 28.4071216 ], [ -16.3156371, 28.4071722 ], [ -16.3155697, 28.407218 ], [ -16.3154982, 28.4072586 ], [ -16.3154231, 28.4072939 ], [ -16.315345, 28.4073235 ], [ -16.3152644, 28.4073473 ], [ -16.3151818, 28.4073651 ], [ -16.3149289, 28.4074092 ], [ -16.3148478, 28.4074217 ], [ -16.3147659, 28.4074284 ], [ -16.3146837, 28.4074294 ], [ -16.31451, 28.4075306 ], [ -16.3144387, 28.4075686 ], [ -16.3143642, 28.4076013 ], [ -16.3142869, 28.4076285 ], [ -16.3142073, 28.4076501 ], [ -16.3140254, 28.4076923 ], [ -16.3139448, 28.4077079 ], [ -16.3138631, 28.4077177 ], [ -16.3137808, 28.4077217 ], [ -16.3136983, 28.4077198 ], [ -16.3136163, 28.407712 ], [ -16.3135353, 28.4076984 ], [ -16.3134269, 28.4077737 ], [ -16.3132859, 28.4079658 ], [ -16.3132386, 28.4080249 ], [ -16.3131861, 28.4080804 ], [ -16.3131288, 28.4081321 ], [ -16.3130669, 28.4081795 ], [ -16.3130459, 28.4081943 ], [ -16.3130201, 28.4082693 ], [ -16.3129871, 28.4083421 ], [ -16.312947, 28.408412 ], [ -16.3129002, 28.4084786 ], [ -16.3128471, 28.4085414 ], [ -16.312788, 28.4085998 ], [ -16.3127234, 28.4086535 ], [ -16.3126538, 28.408702 ], [ -16.3125796, 28.408745 ], [ -16.3125016, 28.4087822 ], [ -16.3122032, 28.4089097 ], [ -16.3121288, 28.4089383 ], [ -16.3120521, 28.4089616 ], [ -16.3119735, 28.4089795 ], [ -16.3118936, 28.4089918 ], [ -16.3118128, 28.4089984 ], [ -16.3117317, 28.4089993 ], [ -16.3113905, 28.4089912 ], [ -16.3109566, 28.4090487 ], [ -16.3108277, 28.4090922 ], [ -16.3107266, 28.4091264 ], [ -16.3107016, 28.4091342 ], [ -16.3106629, 28.4091456 ], [ -16.3105926, 28.4091625 ], [ -16.3105211, 28.4091748 ], [ -16.3104487, 28.4091823 ], [ -16.3103948, 28.4092364 ], [ -16.3103396, 28.4092875 ], [ -16.31028, 28.4093346 ], [ -16.3102165, 28.4093774 ], [ -16.3101493, 28.4094157 ], [ -16.310079, 28.4094493 ], [ -16.3100059, 28.4094778 ], [ -16.3099306, 28.4095013 ], [ -16.3098534, 28.4095194 ], [ -16.3098413, 28.4095218 ], [ -16.3097545, 28.4095344 ], [ -16.3096668, 28.4095405 ], [ -16.3095789, 28.4095399 ], [ -16.3094913, 28.4095328 ], [ -16.3094047, 28.4095192 ], [ -16.3093858, 28.4095946 ], [ -16.3093596, 28.4096683 ], [ -16.3093264, 28.4097398 ], [ -16.3092865, 28.4098085 ], [ -16.3092401, 28.4098739 ], [ -16.3092186, 28.4099011 ], [ -16.3091712, 28.4099532 ], [ -16.3091196, 28.4100021 ], [ -16.309064, 28.4100475 ], [ -16.3090048, 28.4100891 ], [ -16.3089423, 28.4101267 ], [ -16.3082621, 28.4105039 ] ] } },
{ "type": "Feature", "properties": { "Layer": "0805DPMT", "IDTRAMO": 38033.0, "Provincia": "Santa Cruz de Tenerife", "Referencia": "DL-135-TF", "TM": "Fasnia (Tenerife)", "Estado": "A", "OM": "2006-06-12", "Sit_Admin": "Aprobado (O.M. 12/06/2006)", "Tipo_Linea": "Límite SP aprobada", "Label": "DL-135-TF (O.M. 12/06/2006)", "ID_SEGMENT": "38033001", "FIGURA": null, "Shape_Leng": 0.0, "VERTICES": "SI" }, "geometry": { "type": "LineString", "coordinates": [ [ -16.4147028, 28.2196339 ], [ -16.414709, 28.2196127 ], [ -16.4147122, 28.219591 ], [ -16.4147124, 28.2195691 ], [ -16.4146937, 28.2192491 ], [ -16.4152584, 28.2193 ], [ -16.4154138, 28.2193917 ], [ -16.4154814, 28.2194705 ], [ -16.4155016, 28.2194907 ], [ -16.4155249, 28.2195081 ], [ -16.4156454, 28.2195845 ], [ -16.4158923, 28.2196571 ], [ -16.4160505, 28.219753 ], [ -16.4161398, 28.2198624 ], [ -16.4162064, 28.2198138 ], [ -16.4162681, 28.2197603 ], [ -16.4163244, 28.2197024 ], [ -16.416375, 28.2196405 ], [ -16.4164196, 28.219575 ], [ -16.4164577, 28.2195064 ], [ -16.4164891, 28.2194352 ], [ -16.4165136, 28.2193618 ], [ -16.416531, 28.219287 ], [ -16.4165411, 28.219211 ], [ -16.416544, 28.2191346 ], [ -16.4165396, 28.2190583 ], [ -16.4165279, 28.2189825 ], [ -16.416509, 28.2189079 ], [ -16.4164831, 28.218835 ], [ -16.4164502, 28.2187643 ], [ -16.4164107, 28.2186963 ], [ -16.4163649, 28.2186315 ], [ -16.4164037, 28.217956 ], [ -16.4164157, 28.2179279 ], [ -16.4164419, 28.217858 ], [ -16.4164616, 28.2177865 ], [ -16.416563, 28.2173391 ], [ -16.4166527, 28.2173311 ], [ -16.4167413, 28.2173161 ], [ -16.4168279, 28.2172942 ], [ -16.4169121, 28.2172656 ], [ -16.4169931, 28.2172305 ], [ -16.4170703, 28.2171893 ], [ -16.417143, 28.2171421 ], [ -16.4172108, 28.2170894 ], [ -16.417273, 28.2170317 ], [ -16.4173292, 28.2169693 ], [ -16.417379, 28.2169027 ], [ -16.417422, 28.2168325 ], [ -16.4174577, 28.2167593 ], [ -16.4174861, 28.2166835 ], [ -16.4175067, 28.2166057 ], [ -16.4176674, 28.216532 ], [ -16.4177876, 28.2164856 ], [ -16.4178675, 28.2164509 ], [ -16.4179436, 28.2164103 ], [ -16.4184542, 28.21611 ], [ -16.4185251, 28.2160644 ], [ -16.4185912, 28.2160135 ], [ -16.4186522, 28.2159578 ], [ -16.4187075, 28.2158976 ], [ -16.4187568, 28.2158335 ], [ -16.4187997, 28.2157658 ], [ -16.4188359, 28.2156951 ], [ -16.418865, 28.215622 ], [ -16.418887, 28.2155469 ], [ -16.4189016, 28.2154704 ], [ -16.4189088, 28.215393 ], [ -16.4189084, 28.2153154 ], [ -16.4189005, 28.2152381 ], [ -16.4188851, 28.2151617 ], [ -16.4188624, 28.2150868 ], [ -16.4188325, 28.2150139 ], [ -16.4187956, 28.2149435 ], [ -16.4187521, 28.2148762 ], [ -16.4187905, 28.2148275 ], [ -16.4188369, 28.2147632 ], [ -16.4188769, 28.2146957 ], [ -16.4189104, 28.2146254 ], [ -16.4189371, 28.2145529 ], [ -16.4190392, 28.2142293 ], [ -16.4190907, 28.2141771 ], [ -16.4191376, 28.2141216 ], [ -16.4191795, 28.214063 ], [ -16.4192163, 28.2140018 ], [ -16.4192476, 28.2139382 ], [ -16.4192733, 28.2138727 ], [ -16.4200294, 28.2129414 ], [ -16.4201118, 28.2128491 ], [ -16.4201567, 28.2127948 ], [ -16.4201969, 28.2127377 ], [ -16.4202321, 28.2126781 ], [ -16.4202623, 28.2126163 ], [ -16.4202871, 28.2125527 ], [ -16.4203066, 28.2124876 ], [ -16.4204115, 28.2120751 ], [ -16.4205213, 28.2116501 ], [ -16.4207627, 28.2113304 ], [ -16.4208259, 28.2112845 ], [ -16.4208847, 28.2112343 ], [ -16.4209388, 28.21118 ], [ -16.4209878, 28.2111221 ], [ -16.4210314, 28.2110609 ], [ -16.4210694, 28.2109968 ], [ -16.421156, 28.2109799 ], [ -16.4212407, 28.2109566 ], [ -16.4213228, 28.210927 ], [ -16.4215249, 28.210845 ], [ -16.4217993, 28.2107888 ], [ -16.4218843, 28.2107679 ], [ -16.4219669, 28.2107406 ], [ -16.4220465, 28.210707 ], [ -16.4221225, 28.2106675 ], [ -16.4221944, 28.2106223 ], [ -16.4222616, 28.2105718 ], [ -16.4223237, 28.2105164 ], [ -16.4223801, 28.2104563 ], [ -16.4224304, 28.2103922 ], [ -16.4224743, 28.2103245 ], [ -16.4225114, 28.2102537 ], [ -16.4226157, 28.2100297 ], [ -16.4226446, 28.2099595 ], [ -16.4226668, 28.2098875 ], [ -16.4226823, 28.2098141 ], [ -16.4226908, 28.2097398 ], [ -16.4226924, 28.2096651 ], [ -16.422687, 28.2095906 ], [ -16.4226747, 28.2095167 ], [ -16.4226555, 28.209444 ], [ -16.4226296, 28.2093729 ], [ -16.4225972, 28.209304 ], [ -16.4225584, 28.2092377 ], [ -16.4225136, 28.2091744 ], [ -16.4222679, 28.2088577 ], [ -16.4223233, 28.2088138 ], [ -16.422375, 28.2087665 ], [ -16.4224227, 28.2087159 ], [ -16.422466, 28.2086624 ], [ -16.4225048, 28.2086062 ], [ -16.422678, 28.2083337 ], [ -16.4228431, 28.2080572 ], [ -16.4232533, 28.2078637 ], [ -16.4233265, 28.2078256 ], [ -16.4233959, 28.2077822 ], [ -16.423461, 28.2077339 ], [ -16.4235212, 28.207681 ], [ -16.4235764, 28.2076238 ], [ -16.4236259, 28.2075627 ], [ -16.4236695, 28.2074982 ], [ -16.4237069, 28.2074307 ], [ -16.4237379, 28.2073606 ], [ -16.4237621, 28.2072886 ], [ -16.4237795, 28.2072149 ], [ -16.4237899, 28.2071403 ], [ -16.4237933, 28.2070652 ], [ -16.4237895, 28.20699 ], [ -16.4237605, 28.2066903 ], [ -16.423951, 28.2064822 ], [ -16.4239512, 28.206482 ], [ -16.4241877, 28.2062236 ], [ -16.4244777, 28.2059352 ], [ -16.4248812, 28.2057632 ], [ -16.424954, 28.2057288 ], [ -16.4250235, 28.2056894 ], [ -16.4250891, 28.205645 ], [ -16.4254798, 28.2053584 ], [ -16.4255464, 28.205305 ], [ -16.4256074, 28.2052466 ], [ -16.4256623, 28.2051837 ], [ -16.4257108, 28.2051168 ], [ -16.4257524, 28.2050463 ], [ -16.4257869, 28.2049729 ], [ -16.425814, 28.204897 ], [ -16.4258334, 28.2048194 ], [ -16.425845, 28.2047405 ], [ -16.4258487, 28.204661 ], [ -16.4258477, 28.2043353 ], [ -16.4259851, 28.2038267 ], [ -16.426, 28.2037607 ], [ -16.4260094, 28.203694 ], [ -16.426013, 28.2036268 ], [ -16.4260111, 28.2035595 ], [ -16.4260034, 28.2034926 ], [ -16.425987, 28.2033877 ], [ -16.4260789, 28.2028115 ], [ -16.4261493, 28.2021194 ], [ -16.4261534, 28.2020396 ], [ -16.4261495, 28.2019597 ], [ -16.4261377, 28.2018805 ], [ -16.426118, 28.2018025 ], [ -16.4260906, 28.2017264 ], [ -16.4259142, 28.2013023 ], [ -16.4258802, 28.2012304 ], [ -16.4258394, 28.2011613 ], [ -16.425792, 28.2010956 ], [ -16.4257383, 28.2010338 ], [ -16.425132, 28.2003944 ], [ -16.4250351, 28.2002921 ], [ -16.4250478, 28.2001717 ], [ -16.4250523, 28.2000918 ], [ -16.4250487, 28.2000118 ], [ -16.4250372, 28.1999325 ], [ -16.4250178, 28.1998544 ], [ -16.4249906, 28.1997781 ], [ -16.4249559, 28.1997042 ], [ -16.424914, 28.1996334 ], [ -16.4248652, 28.1995661 ], [ -16.4248098, 28.1995029 ], [ -16.4247484, 28.1994443 ], [ -16.4246813, 28.1993908 ], [ -16.4246091, 28.1993427 ], [ -16.4240158, 28.1989829 ], [ -16.4234238, 28.1986231 ], [ -16.4232203, 28.1984964 ], [ -16.4229048, 28.1983062 ], [ -16.4228164, 28.1982531 ], [ -16.4227036, 28.1980869 ], [ -16.4227157, 28.1980596 ], [ -16.42282, 28.19748 ], [ -16.4229505, 28.1973133 ], [ -16.422984, 28.1972677 ], [ -16.4230143, 28.1972204 ], [ -16.4230413, 28.1971715 ], [ -16.4233103, 28.1966458 ], [ -16.4227168, 28.1960399 ], [ -16.4227998, 28.1958612 ], [ -16.4228088, 28.1958371 ], [ -16.4228139, 28.195812 ], [ -16.422815, 28.1957866 ], [ -16.422812, 28.1957613 ], [ -16.4227792, 28.1955959 ], [ -16.4227342, 28.1954487 ], [ -16.4227225, 28.1954202 ], [ -16.4227057, 28.1953939 ], [ -16.422684, 28.1953704 ], [ -16.4226583, 28.1953505 ], [ -16.4226292, 28.1953346 ], [ -16.4224635, 28.1952607 ], [ -16.4224643, 28.1952307 ], [ -16.4224595, 28.1952009 ], [ -16.4224491, 28.1951722 ], [ -16.4224335, 28.1951455 ], [ -16.4222852, 28.1949365 ], [ -16.4222913, 28.1947221 ], [ -16.4224477, 28.1944023 ], [ -16.4224582, 28.1943753 ], [ -16.4224637, 28.1943471 ], [ -16.4224641, 28.1943185 ], [ -16.4224594, 28.1942902 ], [ -16.4224497, 28.1942629 ], [ -16.4223303, 28.1940011 ], [ -16.4224421, 28.1939755 ], [ -16.4226714, 28.1939935 ], [ -16.4232111, 28.1942396 ], [ -16.4232417, 28.1942509 ], [ -16.4232739, 28.1942576 ], [ -16.4233069, 28.1942597 ], [ -16.4233399, 28.1942569 ], [ -16.4233719, 28.1942494 ], [ -16.4234022, 28.1942375 ], [ -16.4234298, 28.1942213 ], [ -16.4234542, 28.1942014 ], [ -16.4234746, 28.1941783 ], [ -16.4235669, 28.1940539 ], [ -16.4238651, 28.1942466 ], [ -16.4239301, 28.1943702 ], [ -16.4240621, 28.1944669 ], [ -16.4241697, 28.1945558 ], [ -16.4243053, 28.194373 ] ] } },
{ "type": "Feature", "properties": { "Layer": "0805DPMT", "IDTRAMO": 38073.0, "Provincia": "Santa Cruz de Tenerife", "Referencia": "DL-136-TF", "TM": "Santiago del Teide (Tenerife)", "Estado": "A", "OM": "2002-06-12", "Sit_Admin": "Aprobado (O.M. 12/06/2002)", "Tipo_Linea": "Límite SP aprobada", "Label": "DL-136-TF (O.M. 12/06/2002)", "ID_SEGMENT": "38073001", "FIGURA": null, "Shape_Leng": 0.0, "VERTICES": "SI" }, "geometry": { "type": "LineString", "coordinates": [ [ -16.8421817, 28.2348198 ], [ -16.8420701, 28.2349234 ], [ -16.8420499, 28.2349455 ], [ -16.8420338, 28.23497 ], [ -16.8420223, 28.2349965 ], [ -16.8420156, 28.2350243 ], [ -16.8420139, 28.2350526 ], [ -16.8420173, 28.2350809 ], [ -16.8421287, 28.2356129 ], [ -16.842137, 28.2356403 ], [ -16.84215, 28.2356662 ], [ -16.8421675, 28.2356899 ], [ -16.8421889, 28.235711 ], [ -16.8422138, 28.2357288 ], [ -16.8422416, 28.2357429 ], [ -16.8422715, 28.2357531 ], [ -16.8423028, 28.2357589 ], [ -16.8423348, 28.2357603 ], [ -16.8423666, 28.2357573 ], [ -16.8425713, 28.2357235 ], [ -16.842571, 28.2357781 ], [ -16.8425729, 28.2358034 ], [ -16.8425788, 28.2358281 ], [ -16.8426291, 28.2359853 ], [ -16.8426292, 28.2361314 ], [ -16.8426304, 28.2361512 ], [ -16.8426341, 28.2361707 ], [ -16.8426665, 28.2362989 ], [ -16.8426721, 28.2363168 ], [ -16.8426798, 28.2363341 ], [ -16.8427763, 28.2365224 ], [ -16.8427869, 28.2365946 ], [ -16.8425125, 28.2366607 ], [ -16.8424829, 28.2366701 ], [ -16.8424553, 28.2366834 ], [ -16.8424303, 28.2367003 ], [ -16.8424085, 28.2367204 ], [ -16.8423905, 28.2367432 ], [ -16.8423766, 28.2367682 ], [ -16.8423673, 28.2367949 ], [ -16.8423627, 28.2368224 ], [ -16.8423335, 28.2371976 ], [ -16.8423342, 28.2372289 ], [ -16.8423409, 28.2372596 ], [ -16.8423535, 28.2372888 ], [ -16.8423716, 28.2373156 ], [ -16.8423932, 28.2373422 ], [ -16.8426166, 28.2376163 ], [ -16.8426384, 28.2376389 ], [ -16.842664, 28.237658 ], [ -16.8426928, 28.2376731 ], [ -16.8427241, 28.2376838 ], [ -16.8427568, 28.2376898 ], [ -16.8429314, 28.237709 ], [ -16.8429641, 28.2377102 ], [ -16.8429965, 28.2377068 ], [ -16.8430279, 28.2376989 ], [ -16.8430575, 28.2376866 ], [ -16.8431702, 28.2376296 ], [ -16.8436472, 28.2374642 ], [ -16.8440243, 28.2374669 ], [ -16.8443275, 28.237729 ], [ -16.8443537, 28.2377481 ], [ -16.8443831, 28.2377632 ], [ -16.8444149, 28.2377737 ], [ -16.8444483, 28.2377793 ], [ -16.8447833, 28.2378109 ], [ -16.8449178, 28.2378949 ], [ -16.8450821, 28.2380459 ], [ -16.8450998, 28.2381907 ], [ -16.8450715, 28.2388558 ], [ -16.8450726, 28.2388827 ], [ -16.8450782, 28.2389091 ], [ -16.8450882, 28.2389345 ], [ -16.8451023, 28.2389583 ], [ -16.8451202, 28.2389799 ], [ -16.845452, 28.2393233 ], [ -16.8453183, 28.2394527 ], [ -16.8453016, 28.2394712 ], [ -16.8452877, 28.2394914 ], [ -16.845277, 28.2395131 ], [ -16.8452696, 28.2395358 ], [ -16.8451271, 28.2401108 ] ] } },
{ "type": "Feature", "properties": { "Layer": "0805DPMT", "IDTRAMO": 38031.0, "Provincia": "Santa Cruz de Tenerife", "Referencia": "DL-138-TF", "TM": "Fasnia (Tenerife)", "Estado": "A", "OM": "2001-03-19", "Sit_Admin": "Aprobado (O.M. 19/03/2001)", "Tipo_Linea": "Límite SP aprobada", "Label": "DL-138-TF (O.M. 19/03/2001)", "ID_SEGMENT": "38031002", "FIGURA": null, "Shape_Leng": 0.0, "VERTICES": "SI" }, "geometry": { "type": "LineString", "coordinates": [ [ -16.4082183, 28.2354607 ], [ -16.4082238, 28.2354599 ], [ -16.4083052, 28.2354454 ], [ -16.408385, 28.235425 ], [ -16.4084626, 28.235399 ], [ -16.4085376, 28.2353675 ], [ -16.4086094, 28.2353306 ], [ -16.4086776, 28.2352887 ], [ -16.4087418, 28.235242 ], [ -16.4088014, 28.2351909 ], [ -16.4088562, 28.2351356 ], [ -16.4089056, 28.2350765 ], [ -16.4089495, 28.2350141 ], [ -16.4090506, 28.2348564 ], [ -16.4090899, 28.2347885 ], [ -16.4091226, 28.2347178 ], [ -16.4091485, 28.234645 ], [ -16.4091673, 28.2345705 ], [ -16.4093301, 28.2337673 ], [ -16.4093418, 28.2336905 ], [ -16.4093461, 28.2336131 ], [ -16.4093429, 28.2335356 ], [ -16.4093321, 28.2334587 ], [ -16.4093139, 28.2333829 ], [ -16.4092885, 28.2333087 ], [ -16.409256, 28.2332368 ], [ -16.4092166, 28.2331675 ], [ -16.4091707, 28.2331016 ], [ -16.4091388, 28.2330599 ], [ -16.4093059, 28.2328907 ], [ -16.4093598, 28.2328312 ], [ -16.4094079, 28.2327678 ], [ -16.4094497, 28.2327011 ], [ -16.4094851, 28.2326314 ], [ -16.4095136, 28.2325594 ], [ -16.4095352, 28.2324855 ], [ -16.4095497, 28.2324102 ], [ -16.4095569, 28.2323342 ], [ -16.4095568, 28.2322578 ], [ -16.4095495, 28.2321818 ], [ -16.4095349, 28.2321065 ], [ -16.4095132, 28.2320326 ], [ -16.4094999, 28.2319942 ], [ -16.4097389, 28.2315804 ], [ -16.4097683, 28.2315249 ], [ -16.4097934, 28.2314678 ], [ -16.409814, 28.2314094 ], [ -16.4099222, 28.2310621 ], [ -16.410193, 28.2306414 ], [ -16.410233, 28.2305727 ], [ -16.4102661, 28.2305013 ], [ -16.4102922, 28.2304275 ], [ -16.4103112, 28.2303521 ], [ -16.4103227, 28.2302755 ], [ -16.4103268, 28.2301983 ], [ -16.4103235, 28.2301211 ], [ -16.4103127, 28.2300444 ], [ -16.4102945, 28.2299688 ], [ -16.4102691, 28.2298949 ], [ -16.4102366, 28.2298231 ], [ -16.4101974, 28.2297541 ], [ -16.4101516, 28.2296883 ], [ -16.4100475, 28.2295522 ], [ -16.4100488, 28.2295419 ], [ -16.4100552, 28.2294713 ], [ -16.4100554, 28.2294005 ], [ -16.4100492, 28.2293299 ], [ -16.4100368, 28.22926 ], [ -16.4100846, 28.229192 ], [ -16.4101253, 28.2291206 ], [ -16.4101587, 28.2290463 ], [ -16.4101846, 28.2289696 ], [ -16.4102027, 28.2288912 ], [ -16.4102129, 28.2288116 ], [ -16.4102151, 28.2287316 ], [ -16.4102127, 28.2286245 ], [ -16.4102072, 28.2285478 ], [ -16.4101945, 28.2284718 ], [ -16.4101744, 28.228397 ], [ -16.4101472, 28.2283239 ], [ -16.4101132, 28.2282532 ], [ -16.4100724, 28.2281854 ], [ -16.4100253, 28.2281208 ], [ -16.4099721, 28.22806 ], [ -16.4100201, 28.227994 ], [ -16.4100613, 28.2279246 ], [ -16.4100956, 28.2278522 ], [ -16.4101227, 28.2277774 ], [ -16.4101424, 28.2277009 ], [ -16.4101544, 28.2276231 ], [ -16.4101773, 28.2274058 ], [ -16.4103779, 28.2272783 ], [ -16.4104467, 28.2272306 ], [ -16.4105106, 28.2271777 ], [ -16.4105691, 28.2271202 ], [ -16.4106219, 28.2270585 ], [ -16.4106685, 28.226993 ], [ -16.4107086, 28.2269243 ], [ -16.4107419, 28.2268527 ], [ -16.4107681, 28.2267788 ], [ -16.4108566, 28.2264869 ], [ -16.411019, 28.22621 ], [ -16.4110573, 28.2261369 ], [ -16.411088, 28.2260611 ], [ -16.4111111, 28.2259832 ], [ -16.4111261, 28.2259038 ], [ -16.4111332, 28.2258235 ], [ -16.4111321, 28.2257429 ], [ -16.4111229, 28.2256628 ], [ -16.4110624, 28.2252977 ], [ -16.4110455, 28.2252199 ], [ -16.411021, 28.2251437 ], [ -16.410989, 28.2250697 ], [ -16.4109498, 28.2249984 ], [ -16.4109037, 28.2249305 ], [ -16.4108511, 28.2248664 ], [ -16.4109006, 28.224818 ], [ -16.4109457, 28.2247664 ], [ -16.4109862, 28.2247118 ], [ -16.4110217, 28.2246546 ], [ -16.411047, 28.2246126 ], [ -16.4112595, 28.2242456 ], [ -16.4112771, 28.2242131 ], [ -16.4113101, 28.2241406 ], [ -16.4113359, 28.2240658 ], [ -16.4113544, 28.2239893 ], [ -16.4113652, 28.2239117 ], [ -16.4113685, 28.2238336 ], [ -16.4113641, 28.2237555 ], [ -16.4112788, 28.2237712 ], [ -16.4111993, 28.2237871 ], [ -16.4111051, 28.2237966 ], [ -16.4110203, 28.2237977 ], [ -16.4109508, 28.223759 ], [ -16.4108953, 28.2237076 ], [ -16.4108791, 28.223691 ], [ -16.4108384, 28.2236432 ], [ -16.4109497, 28.2237107 ], [ -16.4109797, 28.2237257 ], [ -16.4110121, 28.2237361 ], [ -16.411046, 28.2237414 ], [ -16.4110805, 28.2237417 ], [ -16.4111145, 28.2237368 ], [ -16.4111471, 28.2237268 ], [ -16.4111773, 28.2237122 ], [ -16.4112043, 28.2236932 ], [ -16.4112274, 28.2236705 ], [ -16.4112458, 28.2236447 ], [ -16.411259, 28.2236165 ], [ -16.4112666, 28.2235867 ], [ -16.4113646, 28.2229669 ], [ -16.4114576, 28.2228323 ], [ -16.4117408, 28.222762 ], [ -16.4117727, 28.2227515 ], [ -16.4118022, 28.2227364 ], [ -16.4118285, 28.2227171 ], [ -16.4118507, 28.2226942 ], [ -16.4118684, 28.2226684 ], [ -16.4118809, 28.2226403 ], [ -16.411888, 28.2226108 ], [ -16.4118894, 28.2225806 ], [ -16.4118765, 28.2223128 ] ] } },
{ "type": "Feature", "properties": { "Layer": "0805DPMT", "IDTRAMO": 38040.0, "Provincia": "Santa Cruz de Tenerife", "Referencia": "DL-139-TF", "TM": "Arico (Tenerife)", "Estado": "A", "OM": "2002-03-25", "Sit_Admin": "Aprobado (O.M. 25/03/2002)", "Tipo_Linea": "Límite SP aprobada", "Label": "DL-139-TF (O.M. 25/03/2002)", "ID_SEGMENT": "38040001", "FIGURA": null, "Shape_Leng": 0.0, "VERTICES": "NO" }, "geometry": { "type": "LineString", "coordinates": [ [ -16.4743573, 28.1051975 ], [ -16.4743751, 28.1051909 ], [ -16.4744419, 28.1051612 ], [ -16.474506, 28.1051272 ], [ -16.4746632, 28.1050368 ], [ -16.4748214, 28.1049736 ], [ -16.4748999, 28.1049385 ], [ -16.4749746, 28.1048976 ], [ -16.4750451, 28.1048512 ], [ -16.4751108, 28.1047995 ], [ -16.4751712, 28.104743 ], [ -16.4752259, 28.1046821 ], [ -16.4752745, 28.1046172 ], [ -16.4753166, 28.1045489 ], [ -16.4753519, 28.1044776 ], [ -16.4753801, 28.1044038 ], [ -16.4754011, 28.1043282 ], [ -16.4754146, 28.1042512 ], [ -16.4754206, 28.1041736 ], [ -16.475419, 28.1040957 ], [ -16.4754099, 28.1040182 ], [ -16.4753933, 28.1039418 ], [ -16.4754983, 28.1038973 ], [ -16.4755499, 28.1038714 ], [ -16.4756213, 28.1038295 ], [ -16.4756884, 28.1037825 ], [ -16.4757508, 28.1037306 ], [ -16.475808, 28.1036743 ], [ -16.4758598, 28.1036139 ], [ -16.4759056, 28.1035499 ], [ -16.4759452, 28.1034827 ], [ -16.4759784, 28.1034127 ], [ -16.4760047, 28.1033406 ], [ -16.4760242, 28.1032667 ], [ -16.4765606, 28.1032801 ], [ -16.4766476, 28.103279 ], [ -16.4767342, 28.1032713 ], [ -16.4768198, 28.103257 ], [ -16.4769037, 28.1032363 ], [ -16.4769852, 28.1032094 ], [ -16.4770639, 28.1031763 ], [ -16.4771391, 28.1031374 ], [ -16.4772103, 28.103093 ], [ -16.4772769, 28.1030433 ], [ -16.4773385, 28.1029888 ], [ -16.4770016, 28.1028954 ], [ -16.4767982, 28.1027363 ], [ -16.4766487, 28.1025506 ], [ -16.4766803, 28.1025394 ], [ -16.4767094, 28.1025237 ], [ -16.4767351, 28.1025039 ], [ -16.4767567, 28.1024806 ], [ -16.4767737, 28.1024544 ], [ -16.4767854, 28.1024261 ], [ -16.4767917, 28.1023964 ], [ -16.4767924, 28.1023662 ], [ -16.4767873, 28.1023364 ], [ -16.4767767, 28.1023077 ], [ -16.4766734, 28.102091 ], [ -16.4766498, 28.1018907 ], [ -16.4766464, 28.1018716 ], [ -16.4766407, 28.101853 ], [ -16.4765944, 28.101728 ], [ -16.476795, 28.1017477 ], [ -16.4768268, 28.1017486 ], [ -16.4768584, 28.1017451 ], [ -16.476889, 28.1017373 ], [ -16.4769178, 28.1017253 ], [ -16.4769442, 28.1017095 ], [ -16.4771032, 28.1015973 ], [ -16.4772157, 28.1015104 ], [ -16.4772388, 28.1014894 ], [ -16.4772578, 28.1014653 ], [ -16.4772721, 28.1014388 ], [ -16.4772813, 28.1014107 ], [ -16.4772854, 28.1013815 ], [ -16.477284, 28.1013522 ], [ -16.4772773, 28.1013235 ], [ -16.4772654, 28.1012961 ], [ -16.4772487, 28.1012708 ], [ -16.4772275, 28.1012482 ], [ -16.4771661, 28.1011924 ], [ -16.4772859, 28.1011592 ], [ -16.4773177, 28.1011478 ], [ -16.4773468, 28.1011317 ], [ -16.4773726, 28.1011115 ], [ -16.4773941, 28.1010878 ], [ -16.4774227, 28.1010501 ], [ -16.4774725, 28.1010495 ], [ -16.4775055, 28.1010468 ], [ -16.4775375, 28.1010393 ], [ -16.4775677, 28.1010274 ], [ -16.4775954, 28.1010113 ], [ -16.4775991, 28.1010739 ], [ -16.4776037, 28.1011032 ], [ -16.4776136, 28.1011316 ], [ -16.4776285, 28.101158 ], [ -16.4776482, 28.101182 ], [ -16.477672, 28.1012028 ], [ -16.4776994, 28.1012199 ], [ -16.4782064, 28.1014838 ], [ -16.4777066, 28.1015942 ], [ -16.4775765, 28.1020072 ], [ -16.4775495, 28.1021496 ], [ -16.4775077, 28.1023853 ], [ -16.4776053, 28.1024187 ], [ -16.4775961, 28.1021722 ], [ -16.4776245, 28.1021522 ], [ -16.4777282, 28.102072 ], [ -16.4777784, 28.1020982 ], [ -16.477855, 28.1021343 ], [ -16.4779348, 28.1021645 ], [ -16.4780173, 28.1021885 ], [ -16.4781017, 28.1022062 ], [ -16.4781875, 28.1022175 ], [ -16.4782741, 28.1022222 ], [ -16.4783609, 28.1022204 ], [ -16.4784471, 28.1022121 ], [ -16.4785323, 28.1021972 ], [ -16.4786157, 28.102176 ], [ -16.4786967, 28.1021486 ], [ -16.4787748, 28.1021151 ], [ -16.4788495, 28.1020759 ], [ -16.4789201, 28.1020312 ], [ -16.4789861, 28.1019813 ], [ -16.4790471, 28.1019266 ], [ -16.4792894, 28.10169 ], [ -16.4794955, 28.1014307 ], [ -16.4795411, 28.1013682 ], [ -16.4795807, 28.1013026 ], [ -16.4796141, 28.1012342 ], [ -16.4796409, 28.1011637 ], [ -16.4796609, 28.1010914 ], [ -16.4796742, 28.1010178 ], [ -16.4797474, 28.1010565 ], [ -16.479824, 28.1010896 ], [ -16.4799035, 28.101117 ], [ -16.4799853, 28.1011383 ], [ -16.4800688, 28.1011535 ], [ -16.4801534, 28.1011624 ], [ -16.4802386, 28.101165 ], [ -16.4803238, 28.1011613 ], [ -16.4804083, 28.1011513 ], [ -16.4804915, 28.101135 ], [ -16.4805729, 28.1011126 ], [ -16.480652, 28.1010843 ], [ -16.480728, 28.1010502 ], [ -16.4808006, 28.1010105 ], [ -16.4808692, 28.1009657 ], [ -16.4809968, 28.1008746 ], [ -16.4806276, 28.1004291 ], [ -16.4804207, 28.100359 ], [ -16.480924, 28.0999999 ], [ -16.4809476, 28.0999802 ], [ -16.4809672, 28.0999574 ], [ -16.4809826, 28.0999322 ], [ -16.4809933, 28.0999051 ], [ -16.480999, 28.0998769 ], [ -16.4809996, 28.0998482 ], [ -16.4809951, 28.0998198 ], [ -16.4809855, 28.0997924 ], [ -16.4809712, 28.0997667 ], [ -16.4807169, 28.0993892 ], [ -16.4808682, 28.0991916 ], [ -16.4808841, 28.0991668 ], [ -16.4808954, 28.0991402 ], [ -16.4809018, 28.0991122 ], [ -16.4809032, 28.0990837 ], [ -16.4808995, 28.0990554 ], [ -16.4808908, 28.099028 ], [ -16.4808774, 28.0990021 ], [ -16.4808595, 28.0989784 ], [ -16.4808084, 28.0989209 ], [ -16.4808457, 28.0988743 ], [ -16.4808623, 28.0988499 ], [ -16.4808742, 28.0988234 ], [ -16.4808814, 28.0987955 ], [ -16.4809356, 28.0984629 ], [ -16.4809928, 28.0978159 ], [ -16.4810185, 28.0974698 ], [ -16.4810282, 28.0974028 ], [ -16.4811169, 28.097216 ], [ -16.481127, 28.0971886 ], [ -16.4811322, 28.0971601 ], [ -16.4811321, 28.0971312 ], [ -16.4811117, 28.0969101 ], [ -16.4813055, 28.0969696 ], [ -16.481688, 28.0974471 ], [ -16.4817833, 28.0975641 ], [ -16.4818392, 28.0976248 ], [ -16.4819181, 28.0975879 ], [ -16.481993, 28.0975451 ], [ -16.4820634, 28.0974966 ], [ -16.4821287, 28.0974428 ], [ -16.4821885, 28.0973841 ], [ -16.4822422, 28.097321 ], [ -16.4822895, 28.097254 ], [ -16.4823301, 28.0971836 ], [ -16.4823635, 28.0971103 ], [ -16.4823895, 28.0970347 ], [ -16.4824766, 28.0967361 ] ] } },
{ "type": "Feature", "properties": { "Layer": "0805DPMT", "IDTRAMO": 38038.0, "Provincia": "Santa Cruz de Tenerife", "Referencia": "DL-140-TF", "TM": "Arico (Tenerife)", "Estado": "A", "OM": "2005-07-11", "Sit_Admin": "Aprobado (O.M. 11/07/2005)", "Tipo_Linea": "Límite SP aprobada", "Label": "DL-140-TF (O.M. 11/07/2005)", "ID_SEGMENT": "38038001", "FIGURA": null, "Shape_Leng": 0.0, "VERTICES": "SI" }, "geometry": { "type": "LineString", "coordinates": [ [ -16.4691316, 28.1099771 ], [ -16.4691695, 28.1101703 ], [ -16.4691722, 28.1101928 ], [ -16.4691718, 28.1102154 ], [ -16.4691394, 28.1105795 ], [ -16.4691364, 28.1105992 ], [ -16.4697885, 28.1110591 ], [ -16.4697513, 28.1111061 ], [ -16.4697108, 28.111151 ], [ -16.4696672, 28.1111936 ], [ -16.469583, 28.1112705 ], [ -16.4695773, 28.1112954 ], [ -16.4695568, 28.1113693 ], [ -16.4695293, 28.1114414 ], [ -16.469495, 28.1115113 ], [ -16.4694542, 28.1115783 ], [ -16.4694072, 28.111642 ], [ -16.4693543, 28.111702 ], [ -16.4692959, 28.1117578 ], [ -16.4692323, 28.111809 ], [ -16.469, 28.1119812 ], [ -16.4689335, 28.1120265 ], [ -16.468863, 28.1120668 ], [ -16.468789, 28.1121018 ], [ -16.468712, 28.1121312 ], [ -16.4686841, 28.1122014 ], [ -16.4686498, 28.1122694 ], [ -16.4686092, 28.1123346 ], [ -16.4685628, 28.1123966 ], [ -16.468333, 28.1126775 ], [ -16.4682358, 28.1130407 ], [ -16.4682119, 28.1131156 ], [ -16.4681809, 28.1131883 ], [ -16.4681428, 28.1132584 ], [ -16.4680981, 28.1133253 ], [ -16.4680471, 28.1133886 ], [ -16.4679901, 28.1134477 ], [ -16.4679276, 28.1135023 ], [ -16.46786, 28.1135518 ], [ -16.4677879, 28.1135961 ], [ -16.4677117, 28.1136347 ], [ -16.4676321, 28.1136673 ], [ -16.4675496, 28.1136937 ], [ -16.4674648, 28.1137137 ], [ -16.4673784, 28.1137272 ], [ -16.467291, 28.113734 ], [ -16.4672033, 28.1137341 ], [ -16.4671159, 28.1137276 ], [ -16.4665606, 28.1136644 ], [ -16.466475, 28.1136513 ], [ -16.4663911, 28.1136319 ], [ -16.4663093, 28.1136062 ], [ -16.4662302, 28.1135743 ], [ -16.4661546, 28.1135367 ], [ -16.4660828, 28.1134934 ], [ -16.4660154, 28.1134449 ], [ -16.4659529, 28.1133915 ], [ -16.4658958, 28.1133336 ], [ -16.4658445, 28.1132715 ], [ -16.4657993, 28.1132058 ], [ -16.4657606, 28.1131369 ], [ -16.4657287, 28.1130654 ], [ -16.4657037, 28.1129917 ], [ -16.4656405, 28.1127713 ], [ -16.4653496, 28.1126911 ], [ -16.4654004, 28.1127571 ], [ -16.4654444, 28.1128269 ], [ -16.4654813, 28.1128999 ], [ -16.4655107, 28.1129755 ], [ -16.4655325, 28.1130531 ], [ -16.4655465, 28.113132 ], [ -16.4655525, 28.1132118 ], [ -16.4655505, 28.1132918 ], [ -16.4655406, 28.1133712 ], [ -16.4655227, 28.1134496 ], [ -16.4654971, 28.1135263 ], [ -16.465464, 28.1136006 ], [ -16.4654235, 28.1136721 ], [ -16.4653761, 28.1137401 ], [ -16.4653221, 28.1138042 ], [ -16.4652619, 28.1138637 ], [ -16.465196, 28.1139183 ], [ -16.4651249, 28.1139675 ], [ -16.4650492, 28.1140109 ], [ -16.4645986, 28.1142448 ], [ -16.4642833, 28.1144936 ], [ -16.4642158, 28.1145425 ], [ -16.4641439, 28.114586 ], [ -16.464068, 28.1146239 ], [ -16.4639887, 28.114656 ], [ -16.4639067, 28.1146819 ], [ -16.4638224, 28.1147015 ], [ -16.4637366, 28.1147146 ], [ -16.4636498, 28.1147212 ], [ -16.4635627, 28.1147212 ], [ -16.4634759, 28.1147145 ], [ -16.4634773, 28.1147578 ], [ -16.4634763, 28.114801 ], [ -16.4635595, 28.1148243 ], [ -16.4636401, 28.1148539 ], [ -16.4637176, 28.1148895 ], [ -16.4637914, 28.1149308 ], [ -16.4638609, 28.1149776 ], [ -16.4639256, 28.1150295 ], [ -16.4639851, 28.1150861 ], [ -16.4640388, 28.115147 ], [ -16.4640865, 28.1152118 ], [ -16.4641278, 28.1152799 ], [ -16.4641624, 28.115351 ], [ -16.4641899, 28.1154244 ], [ -16.4642783, 28.1156987 ], [ -16.464297, 28.1157664 ], [ -16.4643097, 28.1158351 ], [ -16.4643164, 28.1159045 ], [ -16.464317, 28.1159742 ], [ -16.4643131, 28.1160894 ], [ -16.464386, 28.1162645 ], [ -16.4644105, 28.116331 ], [ -16.464429, 28.116399 ], [ -16.4644416, 28.1164681 ], [ -16.4644481, 28.1165378 ], [ -16.4644485, 28.1166077 ], [ -16.46453, 28.1167012 ], [ -16.4645817, 28.1167663 ], [ -16.4646267, 28.1168351 ], [ -16.4646647, 28.1169072 ], [ -16.4648732, 28.1173527 ], [ -16.4649163, 28.1173993 ], [ -16.4650508, 28.1174557 ], [ -16.4651308, 28.1174932 ], [ -16.4652068, 28.1175369 ], [ -16.4652781, 28.1175864 ], [ -16.4653441, 28.1176413 ], [ -16.4654043, 28.1177011 ], [ -16.4654584, 28.1177655 ], [ -16.4655057, 28.1178339 ], [ -16.4655461, 28.1179058 ], [ -16.465579, 28.1179805 ], [ -16.4656044, 28.1180576 ], [ -16.4656219, 28.1181363 ], [ -16.4656315, 28.1182161 ], [ -16.465633, 28.1182963 ], [ -16.4656265, 28.1183764 ], [ -16.465612, 28.1184556 ], [ -16.4655896, 28.1185334 ], [ -16.4655595, 28.1186091 ], [ -16.4655219, 28.1186821 ], [ -16.4654772, 28.1187518 ], [ -16.4654256, 28.1188178 ], [ -16.4653677, 28.1188795 ], [ -16.4653038, 28.1189363 ], [ -16.4653223, 28.1190114 ], [ -16.4653336, 28.1190876 ], [ -16.4653375, 28.1191643 ], [ -16.465334, 28.1192411 ], [ -16.4653232, 28.1193173 ], [ -16.4653051, 28.1193925 ], [ -16.4652799, 28.119466 ], [ -16.4652477, 28.1195373 ], [ -16.4652087, 28.119606 ], [ -16.4651634, 28.1196714 ], [ -16.4651119, 28.1197332 ], [ -16.4650546, 28.1197909 ], [ -16.4649921, 28.1198441 ], [ -16.4649246, 28.1198924 ], [ -16.4648528, 28.1199354 ], [ -16.4647771, 28.1199728 ], [ -16.4646981, 28.1200044 ], [ -16.4646164, 28.1200299 ], [ -16.464615, 28.1201027 ], [ -16.4646071, 28.1201752 ], [ -16.4645926, 28.1202468 ], [ -16.4645716, 28.1203172 ], [ -16.4645442, 28.1203859 ], [ -16.4645107, 28.1204524 ], [ -16.4644713, 28.1205163 ], [ -16.4644262, 28.1205771 ], [ -16.4643757, 28.1206346 ], [ -16.4642478, 28.1207685 ], [ -16.4637455, 28.1201771 ], [ -16.4633438, 28.1205979 ], [ -16.4634007, 28.1206583 ], [ -16.463421, 28.1206839 ], [ -16.4634359, 28.1207123 ], [ -16.4634451, 28.1207425 ], [ -16.4634482, 28.1207737 ], [ -16.4634453, 28.1208048 ], [ -16.4634363, 28.1208351 ], [ -16.4634215, 28.1208635 ], [ -16.4634014, 28.1208893 ], [ -16.4633766, 28.1209116 ], [ -16.4630943, 28.1211248 ], [ -16.4630659, 28.1211427 ], [ -16.4630344, 28.1211561 ], [ -16.4630008, 28.1211646 ], [ -16.4629661, 28.1211678 ], [ -16.4629313, 28.1211658 ], [ -16.4628974, 28.1211584 ], [ -16.4628654, 28.1211461 ], [ -16.4625718, 28.1210052 ], [ -16.4625491, 28.1209925 ], [ -16.4625284, 28.1209772 ], [ -16.4625102, 28.1209597 ], [ -16.462398, 28.1208363 ], [ -16.4622547, 28.1206799 ], [ -16.4622417, 28.1207574 ], [ -16.4622342, 28.120786 ], [ -16.4622215, 28.1208132 ], [ -16.462204, 28.1208382 ], [ -16.4621822, 28.1208603 ], [ -16.4619176, 28.1210882 ], [ -16.4620969, 28.1213042 ], [ -16.462115, 28.1213304 ], [ -16.4621278, 28.1213589 ], [ -16.4623733, 28.1220788 ], [ -16.4623804, 28.1221077 ], [ -16.4623819, 28.1221373 ], [ -16.462378, 28.1221668 ], [ -16.4623688, 28.1221952 ], [ -16.4623543, 28.1222219 ], [ -16.4623352, 28.1222462 ], [ -16.4623118, 28.1222674 ], [ -16.4622849, 28.1222849 ], [ -16.4622551, 28.1222983 ], [ -16.4622232, 28.1223071 ], [ -16.4621901, 28.1223112 ], [ -16.4621567, 28.1223105 ], [ -16.4621239, 28.1223049 ], [ -16.4615708, 28.1221684 ], [ -16.4615448, 28.1221603 ], [ -16.4610394, 28.1219672 ], [ -16.4608486, 28.1219313 ], [ -16.4605106, 28.1219913 ], [ -16.460303, 28.1220773 ], [ -16.4601289, 28.1221528 ], [ -16.4601354, 28.1221806 ], [ -16.4601369, 28.1222091 ], [ -16.4601333, 28.1222373 ], [ -16.4601247, 28.1222648 ], [ -16.4601114, 28.1222906 ], [ -16.4600936, 28.1223144 ], [ -16.4600077, 28.1224115 ], [ -16.459988, 28.1224987 ], [ -16.4605929, 28.1230944 ], [ -16.4605629, 28.1231298 ], [ -16.4605311, 28.1231638 ], [ -16.4601446, 28.1235563 ], [ -16.4597079, 28.1240897 ], [ -16.4596527, 28.1241513 ], [ -16.4595916, 28.1242085 ], [ -16.4595252, 28.1242607 ], [ -16.4594539, 28.1243075 ], [ -16.4593782, 28.1243487 ], [ -16.4592988, 28.1243838 ], [ -16.4592162, 28.1244127 ], [ -16.4591311, 28.1244352 ], [ -16.4590442, 28.1244509 ], [ -16.458956, 28.1244599 ], [ -16.4583408, 28.1244985 ], [ -16.4582817, 28.1245739 ], [ -16.4582388, 28.1246248 ], [ -16.458192, 28.1246729 ], [ -16.4581414, 28.124718 ], [ -16.4581342, 28.1247868 ], [ -16.458121, 28.124855 ], [ -16.458102, 28.1249221 ], [ -16.4580773, 28.1249877 ], [ -16.4580469, 28.1250514 ], [ -16.4580112, 28.1251128 ], [ -16.4578912, 28.1253011 ], [ -16.457846, 28.1253655 ], [ -16.4577949, 28.1254263 ], [ -16.4577382, 28.1254831 ], [ -16.4576763, 28.1255355 ], [ -16.4576097, 28.125583 ], [ -16.4575388, 28.1256255 ], [ -16.4574642, 28.1256625 ], [ -16.4573863, 28.1256939 ], [ -16.4573057, 28.1257193 ], [ -16.457223, 28.1257386 ], [ -16.4572174, 28.1257397 ], [ -16.4572043, 28.1257585 ], [ -16.4569628, 28.1261029 ], [ -16.4569171, 28.1261626 ], [ -16.4568662, 28.1262189 ], [ -16.4568104, 28.1262714 ], [ -16.45675, 28.1263198 ], [ -16.4566855, 28.1263637 ], [ -16.4566172, 28.126403 ], [ -16.4565456, 28.1264372 ], [ -16.4564711, 28.1264663 ], [ -16.4563942, 28.1264901 ], [ -16.4560745, 28.1265762 ], [ -16.4559891, 28.1265957 ], [ -16.455902, 28.1266085 ], [ -16.4558141, 28.1266147 ], [ -16.4557259, 28.126614 ], [ -16.455443, 28.126601 ], [ -16.4553716, 28.1265955 ], [ -16.4553008, 28.1265856 ], [ -16.4552309, 28.1265712 ], [ -16.4551624, 28.1265526 ], [ -16.4550943, 28.1265961 ], [ -16.4550224, 28.1266345 ], [ -16.4549472, 28.1266676 ], [ -16.4548692, 28.126695 ], [ -16.4547888, 28.1267167 ], [ -16.4547068, 28.1267324 ], [ -16.4546235, 28.126742 ], [ -16.4545397, 28.1267456 ], [ -16.4544557, 28.126743 ], [ -16.454062, 28.1269098 ], [ -16.4540389, 28.1269935 ], [ -16.4540139, 28.1270695 ], [ -16.4539815, 28.1271433 ], [ -16.4539419, 28.1272144 ], [ -16.4538954, 28.127282 ], [ -16.4538424, 28.1273458 ], [ -16.4537833, 28.1274052 ], [ -16.4537186, 28.1274598 ], [ -16.4536487, 28.1275092 ], [ -16.4534859, 28.1276141 ], [ -16.453322, 28.1277974 ], [ -16.4532646, 28.1278563 ], [ -16.4532016, 28.1279105 ], [ -16.4531336, 28.1279598 ], [ -16.4530611, 28.1280036 ], [ -16.4529845, 28.1280418 ], [ -16.4529046, 28.128074 ], [ -16.4528218, 28.1280999 ], [ -16.4527368, 28.1281194 ], [ -16.4526502, 28.1281324 ], [ -16.4526446, 28.1281467 ], [ -16.4526151, 28.1282135 ], [ -16.4525796, 28.128278 ], [ -16.4525385, 28.1283399 ], [ -16.452492, 28.1283986 ], [ -16.4522311, 28.1287018 ], [ -16.4521768, 28.1287597 ], [ -16.4521172, 28.1288134 ], [ -16.4520528, 28.1288625 ], [ -16.451984, 28.1289067 ], [ -16.4519113, 28.1289456 ], [ -16.4518351, 28.128979 ], [ -16.4511931, 28.1292319 ], [ -16.4511015, 28.1292872 ], [ -16.4508135, 28.1295531 ], [ -16.450755, 28.129603 ], [ -16.4506921, 28.1296487 ], [ -16.4506254, 28.1296897 ], [ -16.4505551, 28.1297259 ], [ -16.4504819, 28.129757 ], [ -16.4504501, 28.1298199 ], [ -16.4504131, 28.1298806 ], [ -16.4503709, 28.1299385 ], [ -16.4503239, 28.1299934 ] ] } },
{ "type": "Feature", "properties": { "Layer": "0805DPMT", "IDTRAMO": 38037.0, "Provincia": "Santa Cruz de Tenerife", "Referencia": "DL-141-TF", "TM": "Arico (Tenerife)", "Estado": "A", "OM": "2001-06-29", "Sit_Admin": "Aprobado (O.M. 29/06/2001)", "Tipo_Linea": "Límite SP aprobada", "Label": "DL-141-TF (O.M. 29/06/2001)", "ID_SEGMENT": "38037002", "FIGURA": null, "Shape_Leng": 0.0, "VERTICES": "SI" }, "geometry": { "type": "LineString", "coordinates": [ [ -16.4503239, 28.1299934 ], [ -16.4503855, 28.1301967 ], [ -16.4505249, 28.1307007 ], [ -16.4505409, 28.1307706 ], [ -16.4505507, 28.1308414 ], [ -16.4505836, 28.1311944 ], [ -16.4505869, 28.1312587 ], [ -16.4505852, 28.131323 ], [ -16.4505782, 28.131387 ], [ -16.4505661, 28.1314505 ], [ -16.4504814, 28.1318157 ], [ -16.450483, 28.1318175 ], [ -16.4505018, 28.1321891 ], [ -16.4505791, 28.132368 ], [ -16.4506046, 28.1324346 ], [ -16.4506242, 28.1325027 ], [ -16.4506377, 28.1325719 ], [ -16.4506451, 28.1326419 ], [ -16.4506463, 28.1327122 ], [ -16.4506396, 28.1329649 ], [ -16.4506342, 28.1330392 ], [ -16.4506219, 28.1331127 ], [ -16.4506028, 28.1331852 ], [ -16.4505771, 28.1332559 ], [ -16.4505449, 28.1333246 ], [ -16.4505064, 28.1333907 ], [ -16.4504619, 28.1334537 ], [ -16.4504116, 28.1335133 ], [ -16.4503561, 28.133569 ], [ -16.4502955, 28.1336205 ], [ -16.4502304, 28.1336673 ], [ -16.4502775, 28.1337205 ], [ -16.4503199, 28.1337768 ], [ -16.4503573, 28.1338357 ], [ -16.4503895, 28.133897 ], [ -16.4504163, 28.1339604 ], [ -16.4504375, 28.1340253 ], [ -16.4504757, 28.1341586 ], [ -16.450494, 28.1342365 ], [ -16.4505045, 28.1343156 ], [ -16.450507, 28.1343952 ], [ -16.4505017, 28.1344747 ], [ -16.4504884, 28.1345535 ], [ -16.4504674, 28.1346309 ], [ -16.4504387, 28.1347063 ], [ -16.4504027, 28.1347793 ], [ -16.4503596, 28.1348491 ], [ -16.4503096, 28.1349153 ], [ -16.4502533, 28.1349774 ], [ -16.4501911, 28.1350347 ], [ -16.4501233, 28.135087 ], [ -16.4500507, 28.1351339 ], [ -16.4498405, 28.1352571 ], [ -16.4494668, 28.1355234 ], [ -16.4493597, 28.135597 ], [ -16.4493823, 28.1356734 ], [ -16.4493972, 28.1357513 ], [ -16.4494044, 28.13583 ], [ -16.4494039, 28.1359089 ], [ -16.4493955, 28.1359876 ], [ -16.4493794, 28.1360652 ], [ -16.4493288, 28.136261 ], [ -16.4493049, 28.1363378 ], [ -16.4492734, 28.1364125 ], [ -16.4492346, 28.1364844 ], [ -16.4491888, 28.1365529 ], [ -16.4491363, 28.1366177 ], [ -16.4490777, 28.136678 ], [ -16.4490132, 28.1367336 ], [ -16.4489435, 28.1367839 ], [ -16.448869, 28.1368285 ], [ -16.4487904, 28.1368672 ], [ -16.4487082, 28.1368995 ], [ -16.4486231, 28.1369253 ], [ -16.4485358, 28.1369444 ], [ -16.448447, 28.1369565 ], [ -16.4483109, 28.1369697 ], [ -16.448222, 28.1369748 ], [ -16.448133, 28.136973 ], [ -16.4480444, 28.1369644 ], [ -16.4479571, 28.1369489 ], [ -16.4478716, 28.1369266 ], [ -16.4477886, 28.1368979 ], [ -16.4477088, 28.1368628 ], [ -16.4476327, 28.1368217 ], [ -16.447561, 28.1367748 ], [ -16.4474942, 28.1367226 ], [ -16.4474328, 28.1366654 ], [ -16.4473773, 28.1366036 ], [ -16.447328, 28.1365378 ], [ -16.4472855, 28.1364684 ], [ -16.4471995, 28.1363122 ], [ -16.447139, 28.1363492 ], [ -16.4470756, 28.1363823 ], [ -16.4470097, 28.1364112 ], [ -16.4469416, 28.1364358 ], [ -16.4468804, 28.1364951 ], [ -16.4468134, 28.1365493 ], [ -16.4467412, 28.136598 ], [ -16.4466645, 28.1366408 ], [ -16.4465837, 28.1366773 ], [ -16.4464996, 28.1367074 ], [ -16.4464128, 28.1367306 ], [ -16.446324, 28.1367469 ], [ -16.4462339, 28.1367562 ], [ -16.4461433, 28.1367582 ], [ -16.4460528, 28.1367532 ], [ -16.4459631, 28.1367409 ], [ -16.4458751, 28.1367217 ], [ -16.4457893, 28.1366955 ], [ -16.4457066, 28.1366627 ], [ -16.4456274, 28.1366235 ], [ -16.4451039, 28.1363371 ], [ -16.4450035, 28.1362681 ], [ -16.4449241, 28.1362417 ], [ -16.4448475, 28.1362096 ], [ -16.4447742, 28.1361718 ], [ -16.4447047, 28.1361288 ], [ -16.4447202, 28.1361926 ], [ -16.4447305, 28.1362571 ], [ -16.4447355, 28.1363222 ], [ -16.4447352, 28.1363874 ], [ -16.4447296, 28.1364524 ], [ -16.4447831, 28.136508 ], [ -16.4448371, 28.1365692 ], [ -16.444885, 28.1366343 ], [ -16.4449263, 28.1367028 ], [ -16.4449609, 28.1367742 ], [ -16.4449884, 28.136848 ], [ -16.4450086, 28.1369236 ], [ -16.4450214, 28.1370004 ], [ -16.4450267, 28.137078 ], [ -16.4450245, 28.1371556 ], [ -16.4450148, 28.1372329 ], [ -16.4449976, 28.137309 ], [ -16.444973, 28.1373836 ], [ -16.4449414, 28.1374561 ], [ -16.4449028, 28.1375258 ], [ -16.4448576, 28.1375924 ], [ -16.444806, 28.1376552 ], [ -16.4447486, 28.137714 ], [ -16.4446857, 28.1377681 ], [ -16.4446178, 28.1378172 ], [ -16.4445454, 28.1378609 ], [ -16.444469, 28.137899 ], [ -16.4443892, 28.1379311 ], [ -16.4443065, 28.137957 ], [ -16.4442217, 28.1379765 ], [ -16.4441353, 28.1379894 ], [ -16.4441353, 28.1380317 ], [ -16.4441829, 28.1380953 ], [ -16.4442243, 28.1381622 ], [ -16.4442592, 28.138232 ], [ -16.4442873, 28.1383042 ], [ -16.4443084, 28.1383782 ], [ -16.4443224, 28.1384535 ], [ -16.4443291, 28.1385296 ], [ -16.4443286, 28.1386059 ], [ -16.4443208, 28.1386819 ], [ -16.4443058, 28.138757 ], [ -16.4442837, 28.1388308 ], [ -16.4442546, 28.1389026 ], [ -16.4442188, 28.1389721 ], [ -16.4441765, 28.1390385 ], [ -16.444128, 28.1391016 ], [ -16.4440737, 28.1391608 ], [ -16.4440826, 28.1392411 ], [ -16.4440833, 28.1393217 ], [ -16.444076, 28.1394021 ], [ -16.4440606, 28.1394816 ], [ -16.4440372, 28.1395595 ], [ -16.4440061, 28.1396353 ], [ -16.4439675, 28.1397083 ], [ -16.4439216, 28.139778 ], [ -16.443869, 28.1398437 ], [ -16.4438099, 28.1399051 ], [ -16.4437449, 28.1399615 ], [ -16.4436745, 28.1400125 ], [ -16.4435992, 28.1400578 ], [ -16.4435196, 28.1400969 ], [ -16.4434593, 28.1401463 ], [ -16.4433948, 28.1401911 ], [ -16.4433264, 28.1402312 ], [ -16.4432545, 28.1402663 ], [ -16.4431798, 28.1402962 ], [ -16.4431025, 28.1403206 ], [ -16.4431196, 28.1403997 ], [ -16.4431287, 28.1404797 ], [ -16.4431297, 28.1405602 ], [ -16.4431227, 28.1406404 ], [ -16.4431076, 28.1407197 ], [ -16.4430846, 28.1407976 ], [ -16.4430538, 28.1408733 ], [ -16.4430156, 28.1409463 ], [ -16.4429702, 28.141016 ], [ -16.442918, 28.1410818 ], [ -16.4428593, 28.1411432 ], [ -16.4427948, 28.1411998 ], [ -16.4427248, 28.141251 ], [ -16.4426499, 28.1412965 ], [ -16.4425708, 28.1413359 ], [ -16.442488, 28.1413689 ], [ -16.4424022, 28.1413952 ], [ -16.4417915, 28.1415561 ], [ -16.4417102, 28.1415743 ], [ -16.4416275, 28.1415865 ], [ -16.4415439, 28.1415927 ], [ -16.44146, 28.1415927 ], [ -16.4413764, 28.1415866 ], [ -16.4413418, 28.1415828 ], [ -16.441346, 28.1416533 ], [ -16.4413439, 28.1417238 ], [ -16.4413356, 28.141794 ], [ -16.4413212, 28.1418634 ], [ -16.4413007, 28.1419316 ], [ -16.4412742, 28.1419981 ], [ -16.4411161, 28.142351 ], [ -16.4411009, 28.1424463 ], [ -16.441085, 28.1425225 ], [ -16.4410617, 28.1425971 ], [ -16.4410314, 28.1426697 ], [ -16.4409941, 28.1427397 ], [ -16.4409502, 28.1428066 ], [ -16.4409, 28.1428699 ], [ -16.4408439, 28.1429292 ], [ -16.4406937, 28.1430747 ], [ -16.4400877, 28.1425922 ], [ -16.4399861, 28.1426906 ], [ -16.4400001, 28.1427348 ], [ -16.4400066, 28.142765 ], [ -16.4400072, 28.1427957 ], [ -16.4400019, 28.142826 ], [ -16.4399909, 28.1428552 ], [ -16.4399745, 28.1428822 ], [ -16.4399532, 28.1429064 ], [ -16.439587, 28.1432554 ], [ -16.439696, 28.1433327 ], [ -16.4398429, 28.143479 ], [ -16.4399352, 28.1435596 ], [ -16.4401521, 28.1436287 ], [ -16.439913, 28.1439588 ], [ -16.4396901, 28.1442666 ], [ -16.439674, 28.1442888 ], [ -16.4395768, 28.1444022 ], [ -16.4395187, 28.1444553 ], [ -16.4394559, 28.1445041 ], [ -16.4393888, 28.1445481 ], [ -16.4393178, 28.1445871 ], [ -16.4392435, 28.1446209 ], [ -16.4391662, 28.1446491 ], [ -16.4390867, 28.1446716 ], [ -16.4388402, 28.1447316 ], [ -16.4387565, 28.1447486 ], [ -16.4386716, 28.1447593 ], [ -16.4385859, 28.1447637 ], [ -16.4385001, 28.1447616 ], [ -16.4384148, 28.1447532 ], [ -16.4383307, 28.1447384 ], [ -16.4382482, 28.1447173 ], [ -16.438168, 28.1446902 ], [ -16.4380907, 28.1446572 ], [ -16.4380168, 28.1446186 ], [ -16.4379468, 28.1445746 ], [ -16.4378813, 28.1445255 ], [ -16.4378206, 28.1444716 ], [ -16.4377653, 28.1444135 ], [ -16.4377157, 28.1443514 ], [ -16.4376722, 28.1442859 ], [ -16.437635, 28.1442173 ], [ -16.4375614, 28.1440654 ], [ -16.4374848, 28.1441024 ], [ -16.4374048, 28.1441336 ], [ -16.4373222, 28.1441585 ], [ -16.4372374, 28.1441771 ], [ -16.4366924, 28.1442747 ], [ -16.436606, 28.1442867 ], [ -16.4365188, 28.1442922 ], [ -16.4364313, 28.144291 ], [ -16.4363442, 28.1442831 ], [ -16.4362583, 28.1442687 ], [ -16.4361741, 28.1442478 ], [ -16.4360922, 28.1442205 ], [ -16.4360132, 28.1441871 ], [ -16.4359378, 28.1441478 ], [ -16.4358664, 28.1441029 ], [ -16.4357997, 28.1440528 ], [ -16.4357381, 28.1439978 ], [ -16.435682, 28.1439383 ], [ -16.4356319, 28.1438747 ], [ -16.4355881, 28.1438075 ], [ -16.435551, 28.1437373 ], [ -16.4355209, 28.1436645 ], [ -16.4352966, 28.1430419 ], [ -16.4352701, 28.1429264 ] ] } },
{ "type": "Feature", "properties": { "Layer": "0805DPMT", "IDTRAMO": 38036.0, "Provincia": "Santa Cruz de Tenerife", "Referencia": "DL-142-TF", "TM": "Arico (Tenerife)", "Estado": "A", "OM": "2002-03-25", "Sit_Admin": "Aprobado (O.M. 25/03/2002)", "Tipo_Linea": "Límite SP aprobada", "Label": "DL-142-TF (O.M. 25/03/2002)", "ID_SEGMENT": "38036001", "FIGURA": null, "Shape_Leng": 0.0, "VERTICES": "SI" }, "geometry": { "type": "LineString", "coordinates": [ [ -16.435253, 28.1587414 ], [ -16.4353045, 28.1586837 ], [ -16.4353506, 28.1586225 ], [ -16.4353908, 28.1585582 ], [ -16.435425, 28.1584912 ], [ -16.435453, 28.1584219 ], [ -16.4355193, 28.1582337 ], [ -16.4355413, 28.1581608 ], [ -16.4355563, 28.1580866 ], [ -16.4355642, 28.1580115 ], [ -16.4355684, 28.1579402 ], [ -16.435647, 28.1579076 ], [ -16.4357222, 28.1578691 ], [ -16.4357935, 28.157825 ], [ -16.4358602, 28.1577758 ], [ -16.4359219, 28.1577217 ], [ -16.4359783, 28.1576631 ], [ -16.4360288, 28.1576005 ], [ -16.4360731, 28.1575343 ], [ -16.4361108, 28.157465 ], [ -16.4361418, 28.1573931 ], [ -16.4361657, 28.1573191 ], [ -16.4361825, 28.1572436 ], [ -16.4361919, 28.1571671 ], [ -16.4362999, 28.1570587 ], [ -16.4363553, 28.1569981 ], [ -16.4364045, 28.1569334 ], [ -16.4364473, 28.1568653 ], [ -16.4364833, 28.1567941 ], [ -16.4365122, 28.1567205 ], [ -16.4365338, 28.1566449 ], [ -16.436548, 28.1565679 ], [ -16.4365546, 28.1564901 ], [ -16.4365536, 28.1564121 ], [ -16.4365451, 28.1563345 ], [ -16.436529, 28.1562579 ], [ -16.4365055, 28.1561827 ], [ -16.4364747, 28.1561096 ], [ -16.436437, 28.1560392 ], [ -16.4363925, 28.1559719 ], [ -16.4363417, 28.1559082 ], [ -16.4362848, 28.1558487 ], [ -16.4362967, 28.1557655 ], [ -16.4363001, 28.1557212 ], [ -16.4363202, 28.1553304 ], [ -16.4363205, 28.1552541 ], [ -16.4363135, 28.155178 ], [ -16.4362993, 28.1551028 ], [ -16.436278, 28.1550289 ], [ -16.4362497, 28.1549569 ], [ -16.4362146, 28.1548872 ], [ -16.436173, 28.1548204 ], [ -16.4361253, 28.154757 ], [ -16.4360716, 28.1546973 ], [ -16.4360125, 28.1546419 ], [ -16.4359482, 28.1545911 ], [ -16.4358794, 28.1545453 ], [ -16.4358065, 28.1545048 ], [ -16.4357299, 28.15447 ], [ -16.4356503, 28.1544409 ], [ -16.4355683, 28.154418 ], [ -16.4354172, 28.1543818 ], [ -16.4354038, 28.1543107 ], [ -16.435384, 28.1542408 ], [ -16.435358, 28.1541725 ], [ -16.4353259, 28.1541063 ], [ -16.4352879, 28.1540425 ], [ -16.4352443, 28.1539816 ], [ -16.4347967, 28.1534086 ], [ -16.4347444, 28.1533474 ], [ -16.4346864, 28.1532903 ], [ -16.4346232, 28.1532378 ], [ -16.4345551, 28.1531903 ], [ -16.4344827, 28.153148 ], [ -16.4344065, 28.1531114 ], [ -16.4343271, 28.1530807 ], [ -16.4342451, 28.153056 ], [ -16.4341609, 28.1530376 ], [ -16.4340753, 28.1530257 ], [ -16.4339889, 28.1530202 ], [ -16.4339022, 28.1530212 ], [ -16.4339337, 28.1529496 ], [ -16.4339582, 28.1528758 ], [ -16.4339755, 28.1528005 ], [ -16.4339855, 28.1527242 ], [ -16.4339881, 28.1526473 ], [ -16.4339834, 28.1525706 ], [ -16.4339713, 28.1524944 ], [ -16.4339519, 28.1524195 ], [ -16.4339254, 28.1523463 ], [ -16.433892, 28.1522754 ], [ -16.4338519, 28.1522072 ], [ -16.4338054, 28.1521423 ], [ -16.4337528, 28.1520812 ], [ -16.4336946, 28.1520242 ], [ -16.4333059, 28.1516753 ], [ -16.4332448, 28.1516248 ], [ -16.4331793, 28.1515789 ], [ -16.4331097, 28.1515379 ], [ -16.4330366, 28.1515021 ], [ -16.4329604, 28.1514717 ], [ -16.4328816, 28.151447 ], [ -16.4328009, 28.1514281 ], [ -16.4318988, 28.1512515 ], [ -16.431574, 28.1512323 ], [ -16.431713, 28.1519641 ], [ -16.4314494, 28.1519481 ], [ -16.4314154, 28.1519486 ], [ -16.431382, 28.1519541 ], [ -16.43135, 28.1519644 ], [ -16.4313205, 28.1519793 ], [ -16.4312941, 28.1519984 ], [ -16.4311292, 28.1521396 ], [ -16.4305949, 28.1525261 ], [ -16.4305725, 28.152545 ], [ -16.4305536, 28.1525666 ], [ -16.4305386, 28.1525906 ], [ -16.4305279, 28.1526162 ], [ -16.4305217, 28.1526431 ], [ -16.4305186, 28.1526646 ], [ -16.4304224, 28.1526297 ], [ -16.4303905, 28.1526207 ], [ -16.4303575, 28.1526165 ], [ -16.430324, 28.1526172 ], [ -16.4302912, 28.1526227 ], [ -16.4302598, 28.1526328 ], [ -16.4301396, 28.152682 ], [ -16.430117, 28.1526064 ], [ -16.4300869, 28.1525328 ], [ -16.4300498, 28.1524618 ], [ -16.4300057, 28.1523939 ], [ -16.429995, 28.1523413 ], [ -16.4299798, 28.1522896 ], [ -16.4299868, 28.1522737 ], [ -16.4300159, 28.1521982 ], [ -16.4300373, 28.1521206 ], [ -16.430051, 28.1520417 ], [ -16.4300567, 28.1519621 ], [ -16.4300545, 28.1518823 ], [ -16.4300443, 28.151803 ], [ -16.4300262, 28.1517248 ], [ -16.4300005, 28.1516483 ], [ -16.4299672, 28.1515741 ], [ -16.4299266, 28.1515029 ], [ -16.4298791, 28.1514351 ], [ -16.429825, 28.1513712 ], [ -16.4297648, 28.1513119 ], [ -16.4296989, 28.1512575 ], [ -16.4296278, 28.1512085 ], [ -16.4295521, 28.1511652 ], [ -16.4294724, 28.1511281 ], [ -16.4293893, 28.1510973 ], [ -16.4293034, 28.1510732 ], [ -16.4292155, 28.1510558 ], [ -16.4291262, 28.1510455 ], [ -16.4290363, 28.1510421 ], [ -16.4289463, 28.1510458 ], [ -16.4288571, 28.1510566 ], [ -16.4287693, 28.1510743 ], [ -16.428748, 28.1510794 ], [ -16.4286998, 28.1510165 ], [ -16.4286458, 28.1509573 ], [ -16.4285864, 28.1509024 ], [ -16.4285219, 28.1508522 ], [ -16.4284529, 28.1508069 ], [ -16.4283799, 28.1507669 ], [ -16.4283033, 28.1507326 ], [ -16.4282237, 28.150704 ], [ -16.4281417, 28.1506816 ], [ -16.4280578, 28.1506653 ], [ -16.4279727, 28.1506553 ], [ -16.4276957, 28.1506334 ], [ -16.4276128, 28.1506298 ], [ -16.4275298, 28.1506323 ], [ -16.4274473, 28.1506407 ], [ -16.4273659, 28.1506551 ], [ -16.427286, 28.1506753 ], [ -16.4272083, 28.1507012 ], [ -16.4271332, 28.1507326 ], [ -16.427084, 28.1506744 ], [ -16.4270297, 28.15062 ], [ -16.4269706, 28.1505696 ], [ -16.4269072, 28.1505235 ], [ -16.4268397, 28.1504822 ], [ -16.4270074, 28.1502763 ], [ -16.4270469, 28.150224 ], [ -16.4270822, 28.1501695 ], [ -16.4271131, 28.1501129 ], [ -16.4271395, 28.1500545 ], [ -16.4271819, 28.1500126 ], [ -16.4272208, 28.1499681 ], [ -16.427444, 28.1497025 ], [ -16.4275197, 28.1496606 ], [ -16.427591, 28.1496129 ], [ -16.4276572, 28.1495599 ], [ -16.427718, 28.149502 ], [ -16.4277728, 28.1494396 ], [ -16.4278213, 28.1493732 ], [ -16.427863, 28.1493032 ], [ -16.4278976, 28.1492303 ], [ -16.4279249, 28.149155 ], [ -16.4279447, 28.1490779 ], [ -16.4279567, 28.1489995 ], [ -16.427961, 28.1489205 ], [ -16.4279574, 28.1488414 ], [ -16.4279552, 28.1488238 ], [ -16.4279452, 28.1487605 ], [ -16.4279302, 28.1486979 ], [ -16.4279102, 28.1486364 ], [ -16.4279348, 28.1485773 ], [ -16.427955, 28.1485168 ], [ -16.4280358, 28.1484991 ], [ -16.4281146, 28.1484756 ], [ -16.428191, 28.1484465 ], [ -16.4282645, 28.148412 ], [ -16.4283346, 28.1483723 ], [ -16.4284008, 28.1483276 ], [ -16.4284626, 28.1482783 ], [ -16.4285197, 28.1482247 ], [ -16.4285717, 28.1481672 ], [ -16.4285779, 28.1481593 ], [ -16.428605, 28.1481243 ], [ -16.42863, 28.1480881 ], [ -16.4286368, 28.148078 ], [ -16.4286734, 28.1480147 ], [ -16.4287044, 28.1479491 ], [ -16.4287295, 28.1478815 ], [ -16.4287486, 28.1478124 ], [ -16.4287615, 28.1477422 ], [ -16.4287681, 28.1476713 ], [ -16.4287684, 28.1476002 ], [ -16.4288296, 28.1475672 ], [ -16.428888, 28.1475305 ], [ -16.4289433, 28.1474903 ], [ -16.4289954, 28.1474467 ], [ -16.4290402, 28.1474042 ], [ -16.4290436, 28.1474008 ], [ -16.4290976, 28.1473399 ], [ -16.4291455, 28.1472751 ], [ -16.429187, 28.1472069 ], [ -16.4292217, 28.1471358 ], [ -16.4292901, 28.1470939 ], [ -16.4293367, 28.1470636 ], [ -16.4293813, 28.1470309 ], [ -16.4295698, 28.1468848 ], [ -16.4296553, 28.146893 ], [ -16.4297414, 28.1468948 ], [ -16.4298273, 28.1468902 ], [ -16.4299124, 28.1468792 ], [ -16.4299962, 28.1468618 ], [ -16.4300781, 28.1468382 ], [ -16.4301574, 28.1468086 ], [ -16.4302336, 28.1467731 ], [ -16.4303061, 28.1467321 ], [ -16.4305529, 28.1465791 ], [ -16.4306197, 28.1465339 ], [ -16.4306821, 28.146484 ], [ -16.4307397, 28.1464297 ], [ -16.430792, 28.1463713 ], [ -16.4308387, 28.1463094 ], [ -16.4308795, 28.1462442 ], [ -16.430914, 28.1461762 ], [ -16.4309421, 28.146106 ], [ -16.4309636, 28.146034 ], [ -16.4309783, 28.1459606 ], [ -16.4309861, 28.1458864 ], [ -16.4310387, 28.1458346 ], [ -16.4310867, 28.1457794 ], [ -16.4311297, 28.1457211 ], [ -16.4311674, 28.14566 ], [ -16.4311998, 28.1455965 ], [ -16.4312265, 28.145531 ], [ -16.4312475, 28.1454638 ], [ -16.4312759, 28.1453569 ], [ -16.4314777, 28.1451552 ], [ -16.4318159, 28.1448266 ], [ -16.4318648, 28.1447754 ], [ -16.4319093, 28.1447211 ], [ -16.4319491, 28.144664 ], [ -16.4321852, 28.1442954 ], [ -16.432476, 28.1444137 ], [ -16.4325544, 28.1444422 ], [ -16.4326351, 28.1444647 ], [ -16.4327177, 28.1444813 ], [ -16.4328015, 28.1444917 ], [ -16.4328861, 28.1444958 ], [ -16.4329707, 28.1444938 ], [ -16.4330548, 28.1444855 ], [ -16.4331379, 28.1444711 ], [ -16.4332193, 28.1444506 ], [ -16.4332986, 28.1444241 ], [ -16.4333751, 28.144392 ], [ -16.4334483, 28.1443543 ], [ -16.4335177, 28.1443113 ], [ -16.4335828, 28.1442634 ], [ -16.4336669, 28.1442682 ], [ -16.4337512, 28.1442668 ], [ -16.4338351, 28.1442593 ], [ -16.4339179, 28.1442456 ], [ -16.4339993, 28.1442259 ], [ -16.4340784, 28.1442004 ], [ -16.434155, 28.144169 ], [ -16.4342283, 28.1441322 ], [ -16.434298, 28.1440902 ], [ -16.4343635, 28.1440432 ], [ -16.4344244, 28.1439915 ], [ -16.4344802, 28.1439355 ], [ -16.434769, 28.1436209 ], [ -16.4348211, 28.1435589 ], [ -16.434867, 28.1434932 ], [ -16.4349065, 28.1434242 ], [ -16.4349391, 28.1433524 ], [ -16.4349646, 28.1432785 ], [ -16.4349829, 28.1432029 ], [ -16.4349939, 28.1431262 ], [ -16.4349974, 28.1430489 ], [ -16.4349934, 28.1429716 ], [ -16.434982, 28.142895 ], [ -16.4349632, 28.1428194 ], [ -16.4349372, 28.1427456 ], [ -16.4349041, 28.1426741 ], [ -16.4348643, 28.1426052 ], [ -16.4348179, 28.1425397 ], [ -16.4348316, 28.1425436 ], [ -16.4349507, 28.1425767 ], [ -16.4350467, 28.1427084 ], [ -16.4350948, 28.1427688 ], [ -16.4351483, 28.1428255 ], [ -16.4352069, 28.1428782 ], [ -16.4352701, 28.1429264 ] ] } },
{ "type": "Feature", "properties": { "Layer": "0805DPMT", "IDTRAMO": 38035.0, "Provincia": "Santa Cruz de Tenerife", "Referencia": "DL-143-TF", "TM": "Arico (Tenerife)", "Estado": "A", "OM": "2005-11-14", "Sit_Admin": "Aprobado (O.M. 14/11/2005)", "Tipo_Linea": "Límite SP aprobada", "Label": "DL-143-TF (O.M. 14/11/2005)", "ID_SEGMENT": "38035001", "FIGURA": null, "Shape_Leng": 0.0, "VERTICES": "SI" }, "geometry": { "type": "LineString", "coordinates": [ [ -16.4257047, 28.1680933 ], [ -16.4257684, 28.1677807 ], [ -16.4261057, 28.1676646 ], [ -16.4261346, 28.1676522 ], [ -16.426161, 28.167636 ], [ -16.4261842, 28.1676162 ], [ -16.4262036, 28.1675935 ], [ -16.4262187, 28.1675684 ], [ -16.4262292, 28.1675414 ], [ -16.4262347, 28.1675134 ], [ -16.4262522, 28.1673498 ], [ -16.4262525, 28.1673186 ], [ -16.4262467, 28.1672879 ], [ -16.4262351, 28.1672585 ], [ -16.426218, 28.1672314 ], [ -16.4261958, 28.1672072 ], [ -16.4261693, 28.1671868 ], [ -16.4261392, 28.1671707 ], [ -16.4261065, 28.1671595 ], [ -16.426025, 28.1671384 ], [ -16.4261583, 28.1667566 ], [ -16.4261628, 28.1667414 ], [ -16.4262165, 28.166521 ], [ -16.4264281, 28.1662306 ], [ -16.4264424, 28.1662074 ], [ -16.4264527, 28.1661825 ], [ -16.4265197, 28.165976 ], [ -16.4265256, 28.1659512 ], [ -16.4266354, 28.1652558 ], [ -16.4266751, 28.1650844 ], [ -16.4268489, 28.1646851 ], [ -16.4270218, 28.1646663 ], [ -16.4270464, 28.1646623 ], [ -16.4270702, 28.1646556 ], [ -16.427093, 28.1646463 ], [ -16.4275254, 28.1644414 ], [ -16.4277557, 28.1643547 ], [ -16.4278385, 28.1643502 ], [ -16.4281075, 28.1643916 ], [ -16.4283714, 28.1645682 ], [ -16.4283865, 28.1645774 ], [ -16.4286398, 28.164717 ], [ -16.4286662, 28.1647292 ], [ -16.4286943, 28.1647379 ], [ -16.4287235, 28.1647429 ], [ -16.4287532, 28.1647441 ], [ -16.4288679, 28.1647412 ], [ -16.4288827, 28.1647527 ], [ -16.428889, 28.1647834 ], [ -16.4289012, 28.1648127 ], [ -16.4289188, 28.1648397 ], [ -16.4289415, 28.1648636 ], [ -16.4290094, 28.1649237 ], [ -16.4290333, 28.1649418 ], [ -16.4290601, 28.1649565 ], [ -16.4290891, 28.1649673 ], [ -16.4291196, 28.164974 ], [ -16.429151, 28.1649765 ], [ -16.4291823, 28.1649747 ], [ -16.4292109, 28.164971 ], [ -16.4292381, 28.1649658 ], [ -16.4292643, 28.1649574 ], [ -16.429289, 28.1649459 ], [ -16.4293116, 28.1649315 ], [ -16.4293122, 28.1649311 ], [ -16.4295953, 28.1649728 ], [ -16.429626, 28.1650106 ], [ -16.4296447, 28.1650304 ], [ -16.4296663, 28.1650476 ], [ -16.4296904, 28.1650619 ], [ -16.4297166, 28.165073 ], [ -16.4298213, 28.1651095 ], [ -16.4298551, 28.1651184 ], [ -16.4298902, 28.165122 ], [ -16.4299255, 28.1651202 ], [ -16.4299598, 28.165113 ], [ -16.4300173, 28.1650961 ], [ -16.4300443, 28.1650863 ], [ -16.4300694, 28.1650731 ], [ -16.4300922, 28.1650569 ], [ -16.4301121, 28.1650379 ], [ -16.4301287, 28.1650167 ], [ -16.4302469, 28.1650163 ], [ -16.4303537, 28.1650311 ], [ -16.4304011, 28.1650494 ], [ -16.4304331, 28.165059 ], [ -16.4304665, 28.1650639 ], [ -16.4305003, 28.1650637 ], [ -16.4305336, 28.1650586 ], [ -16.4305449, 28.1650561 ], [ -16.4305698, 28.165065 ], [ -16.4306032, 28.1650742 ], [ -16.430638, 28.1650781 ], [ -16.4306729, 28.1650767 ], [ -16.4307071, 28.16507 ], [ -16.4308838, 28.1650845 ], [ -16.4309171, 28.1650848 ], [ -16.4309499, 28.1650803 ], [ -16.4309815, 28.1650711 ], [ -16.431011, 28.1650575 ], [ -16.431286, 28.1649043 ], [ -16.4313632, 28.1649038 ], [ -16.4314161, 28.1649063 ], [ -16.4314469, 28.1649057 ], [ -16.4314772, 28.1649009 ], [ -16.4315064, 28.1648921 ], [ -16.4315338, 28.1648796 ], [ -16.4315587, 28.1648635 ], [ -16.4317352, 28.1647303 ], [ -16.4317456, 28.1647219 ], [ -16.4319224, 28.1645685 ], [ -16.4322525, 28.1645871 ], [ -16.432311, 28.1646285 ], [ -16.4323376, 28.1646444 ], [ -16.4323667, 28.1646565 ], [ -16.4323976, 28.1646643 ], [ -16.4324295, 28.1646677 ], [ -16.4324616, 28.1646667 ], [ -16.4324931, 28.1646612 ], [ -16.4325232, 28.1646514 ], [ -16.4325512, 28.1646375 ], [ -16.4325764, 28.1646198 ], [ -16.4325982, 28.1645989 ], [ -16.4327064, 28.1644769 ], [ -16.4327251, 28.1644517 ], [ -16.4327388, 28.1644241 ], [ -16.4327472, 28.1643948 ], [ -16.4327499, 28.1643647 ], [ -16.4327469, 28.1643346 ], [ -16.4327383, 28.1643054 ], [ -16.4327244, 28.1642779 ], [ -16.4327054, 28.1642528 ], [ -16.432682, 28.1642309 ], [ -16.4326548, 28.1642127 ], [ -16.4322853, 28.1640064 ], [ -16.4322698, 28.1639986 ], [ -16.4322536, 28.163992 ], [ -16.4320852, 28.1639312 ], [ -16.4320461, 28.1638814 ], [ -16.4320487, 28.1637448 ], [ -16.4321521, 28.1632943 ], [ -16.4322277, 28.1628653 ], [ -16.432407, 28.1623934 ], [ -16.4326867, 28.1619748 ], [ -16.4326978, 28.1619556 ], [ -16.4327063, 28.1619354 ], [ -16.4327602, 28.1617782 ], [ -16.4335467, 28.1619802 ], [ -16.4335889, 28.1619558 ], [ -16.433659, 28.1619115 ], [ -16.4337247, 28.1618621 ], [ -16.4337854, 28.161808 ], [ -16.4338407, 28.1617495 ], [ -16.4338903, 28.1616871 ], [ -16.4339338, 28.1616212 ], [ -16.4340471, 28.1614312 ], [ -16.4340851, 28.1613603 ], [ -16.4341159, 28.1612868 ], [ -16.4341394, 28.1612111 ], [ -16.4341555, 28.1611339 ], [ -16.4341802, 28.1609764 ], [ -16.4341877, 28.1609118 ], [ -16.43419, 28.1608469 ], [ -16.4341869, 28.160782 ], [ -16.4341787, 28.1607175 ], [ -16.4341652, 28.1606537 ], [ -16.4341421, 28.160563 ], [ -16.4334037, 28.1600411 ], [ -16.4334681, 28.1597221 ], [ -16.4335747, 28.159574 ], [ -16.4338488, 28.1595087 ], [ -16.4338779, 28.1594996 ], [ -16.4339052, 28.1594867 ], [ -16.4339299, 28.1594703 ], [ -16.4339516, 28.1594507 ], [ -16.4339546, 28.1594475 ], [ -16.4344967, 28.1597478 ], [ -16.4344904, 28.1599944 ], [ -16.4345337, 28.1599564 ], [ -16.4345744, 28.1599162 ], [ -16.4347245, 28.1597584 ], [ -16.4347674, 28.15971 ], [ -16.4348065, 28.1596592 ], [ -16.4350946, 28.1592557 ], [ -16.4351352, 28.1591935 ], [ -16.4351701, 28.1591286 ], [ -16.4351991, 28.1590614 ], [ -16.4352219, 28.1589924 ], [ -16.4352385, 28.1589221 ], [ -16.4352487, 28.1588507 ], [ -16.4352524, 28.1587789 ], [ -16.435253, 28.1587414 ] ] } },
{ "type": "Feature", "properties": { "Layer": "0805DPMT", "IDTRAMO": 38034.0, "Provincia": "Santa Cruz de Tenerife", "Referencia": "DL-144-TF", "TM": "Arico (Tenerife)", "Estado": "A", "OM": "2004-10-01", "Sit_Admin": "Aprobado (O.M. 01/10/2004)", "Tipo_Linea": "Límite SP aprobada", "Label": "DL-144-TF (O.M. 01/10/2004)", "ID_SEGMENT": "38034001", "FIGURA": null, "Shape_Leng": 0.0, "VERTICES": "SI" }, "geometry": { "type": "LineString", "coordinates": [ [ -16.4257047, 28.1680933 ], [ -16.4259668, 28.1683646 ], [ -16.4261837, 28.1684467 ], [ -16.4262129, 28.1684603 ], [ -16.4262392, 28.168478 ], [ -16.426262, 28.1684991 ], [ -16.4262806, 28.1685232 ], [ -16.4262946, 28.1685497 ], [ -16.4263035, 28.1685778 ], [ -16.4263073, 28.1686069 ], [ -16.4263057, 28.168636 ], [ -16.4262988, 28.1686646 ], [ -16.4262149, 28.1689122 ], [ -16.4271793, 28.1684521 ], [ -16.4272652, 28.1684711 ], [ -16.4273489, 28.1684967 ], [ -16.4274298, 28.1685286 ], [ -16.4275073, 28.1685666 ], [ -16.4275808, 28.1686104 ], [ -16.4276496, 28.1686597 ], [ -16.4277134, 28.1687141 ], [ -16.4277716, 28.1687733 ], [ -16.4278238, 28.1688366 ], [ -16.4278696, 28.1689038 ], [ -16.4279086, 28.1689742 ], [ -16.4279406, 28.1690474 ], [ -16.4279653, 28.1691228 ], [ -16.4279825, 28.1691998 ], [ -16.4279921, 28.1692778 ], [ -16.427994, 28.1693562 ], [ -16.4280175, 28.1693802 ], [ -16.4281016, 28.1693952 ], [ -16.4281839, 28.1694165 ], [ -16.4282639, 28.1694439 ], [ -16.4283411, 28.1694771 ], [ -16.4284148, 28.1695159 ], [ -16.4284846, 28.1695601 ], [ -16.4285499, 28.1696094 ], [ -16.4286103, 28.1696633 ], [ -16.4286654, 28.1697216 ], [ -16.4287148, 28.1697838 ], [ -16.4287581, 28.1698494 ], [ -16.4287949, 28.169918 ], [ -16.429015, 28.1703761 ], [ -16.4290437, 28.1704431 ], [ -16.4290663, 28.1705118 ], [ -16.4290827, 28.1705819 ], [ -16.4290927, 28.170653 ], [ -16.4290964, 28.1707245 ], [ -16.4290936, 28.1707961 ], [ -16.4292561, 28.1709515 ], [ -16.4296478, 28.1713068 ], [ -16.4299843, 28.1716338 ], [ -16.430302, 28.1717752 ], [ -16.430376, 28.1718116 ], [ -16.4304464, 28.1718534 ], [ -16.4305126, 28.1719002 ], [ -16.4305742, 28.1719517 ], [ -16.4306307, 28.1720076 ], [ -16.4306818, 28.1720674 ], [ -16.4310802, 28.1725765 ], [ -16.4311278, 28.1726433 ], [ -16.4311685, 28.1727136 ], [ -16.4312022, 28.1727867 ], [ -16.4312285, 28.1728621 ], [ -16.4312886, 28.1729106 ], [ -16.4313441, 28.1729632 ], [ -16.4313948, 28.1730196 ], [ -16.4314402, 28.1730793 ], [ -16.43148, 28.1731421 ], [ -16.4316378, 28.1734155 ], [ -16.431675, 28.1734876 ], [ -16.4317049, 28.1735623 ], [ -16.4317273, 28.173639 ], [ -16.431742, 28.1737172 ], [ -16.4317489, 28.1737963 ], [ -16.4317479, 28.1738756 ], [ -16.4317391, 28.1739545 ], [ -16.4317225, 28.1740324 ], [ -16.4316983, 28.1741087 ], [ -16.4316666, 28.1741828 ], [ -16.4316277, 28.1742542 ], [ -16.4315819, 28.1743223 ], [ -16.4315294, 28.1743866 ], [ -16.4314709, 28.1744465 ], [ -16.4314066, 28.1745017 ], [ -16.4313371, 28.1745516 ], [ -16.4312629, 28.1745959 ], [ -16.431204, 28.1746571 ], [ -16.4311392, 28.1747134 ], [ -16.431069, 28.1747643 ], [ -16.430994, 28.1748096 ], [ -16.4309147, 28.1748487 ], [ -16.4308318, 28.1748814 ], [ -16.4307459, 28.1749074 ], [ -16.4306578, 28.1749266 ], [ -16.4305681, 28.1749387 ], [ -16.4304775, 28.1749437 ], [ -16.4303868, 28.1749415 ], [ -16.4303462, 28.1750013 ], [ -16.4303005, 28.1750581 ], [ -16.4302176, 28.1751529 ], [ -16.4302211, 28.1751913 ], [ -16.4302821, 28.17525 ], [ -16.4303369, 28.1753132 ], [ -16.4303852, 28.1753805 ], [ -16.4304267, 28.1754513 ], [ -16.4304609, 28.175525 ], [ -16.4304876, 28.1756012 ], [ -16.4305067, 28.1756791 ], [ -16.4305179, 28.1757582 ], [ -16.430541, 28.1760116 ], [ -16.4305443, 28.1760875 ], [ -16.4305404, 28.1761633 ], [ -16.4305293, 28.1762386 ], [ -16.4305112, 28.1763128 ], [ -16.430486, 28.1763853 ], [ -16.4304541, 28.1764558 ], [ -16.4304156, 28.1765236 ], [ -16.4303707, 28.1765883 ], [ -16.43032, 28.1766495 ], [ -16.4302635, 28.1767066 ], [ -16.4302019, 28.1767593 ], [ -16.4301355, 28.1768073 ], [ -16.4300648, 28.1768501 ], [ -16.4299902, 28.1768876 ], [ -16.4299124, 28.1769193 ], [ -16.4298318, 28.1769451 ], [ -16.4295438, 28.1775695 ], [ -16.4295863, 28.1776656 ], [ -16.4297086, 28.1778972 ], [ -16.4297421, 28.1779687 ], [ -16.4297687, 28.1780424 ], [ -16.429788, 28.1781178 ], [ -16.4298, 28.1781944 ], [ -16.4298469, 28.1786322 ], [ -16.4298513, 28.1787073 ], [ -16.4298488, 28.1787824 ], [ -16.4298391, 28.1788571 ], [ -16.4298225, 28.1789308 ], [ -16.429799, 28.1790031 ], [ -16.4297689, 28.1790733 ], [ -16.4297322, 28.1791411 ], [ -16.4296893, 28.179206 ], [ -16.4294026, 28.1796005 ], [ -16.4290417, 28.1801119 ], [ -16.4289927, 28.1801752 ], [ -16.4289379, 28.1802345 ], [ -16.4288775, 28.1802895 ], [ -16.4288121, 28.1803397 ], [ -16.4286366, 28.1804635 ], [ -16.4285247, 28.1807285 ], [ -16.428492, 28.1807971 ], [ -16.4284531, 28.1808631 ], [ -16.4284081, 28.180926 ], [ -16.4283575, 28.1809855 ], [ -16.4283015, 28.181041 ], [ -16.4282405, 28.1810922 ], [ -16.4281749, 28.1811388 ], [ -16.4281053, 28.1811805 ], [ -16.428032, 28.1812169 ], [ -16.4279556, 28.1812479 ], [ -16.4274017, 28.1814482 ], [ -16.4271134, 28.181569 ], [ -16.4271042, 28.181579 ], [ -16.4271125, 28.1816343 ], [ -16.4278932, 28.1821102 ], [ -16.4279572, 28.1821525 ], [ -16.4280172, 28.1821992 ], [ -16.4280729, 28.1822498 ], [ -16.4281239, 28.1823042 ], [ -16.42817, 28.182362 ], [ -16.4282109, 28.1824227 ], [ -16.4285061, 28.182904 ], [ -16.428544, 28.1829726 ], [ -16.4285753, 28.1830437 ], [ -16.4285996, 28.1831169 ], [ -16.4286169, 28.1831916 ], [ -16.4286269, 28.1832674 ], [ -16.4286298, 28.1833437 ], [ -16.4286255, 28.1837417 ], [ -16.4286601, 28.1838903 ], [ -16.4288154, 28.1840995 ], [ -16.4288607, 28.1841666 ], [ -16.4288992, 28.184237 ], [ -16.4289307, 28.18431 ], [ -16.4292596, 28.1851841 ], [ -16.4296097, 28.1856488 ], [ -16.4296562, 28.1857167 ], [ -16.4296957, 28.1857879 ], [ -16.429728, 28.185862 ], [ -16.4297528, 28.1859383 ], [ -16.42977, 28.1860163 ], [ -16.4297793, 28.1860952 ], [ -16.4297808, 28.1861746 ], [ -16.4297744, 28.1862538 ], [ -16.4297602, 28.1863322 ], [ -16.4297382, 28.1864092 ], [ -16.4295674, 28.1869137 ], [ -16.4295382, 28.186988 ], [ -16.4295018, 28.1870598 ], [ -16.4294585, 28.1871284 ], [ -16.4294087, 28.1871935 ], [ -16.4293526, 28.1872545 ], [ -16.4292907, 28.1873109 ], [ -16.4292235, 28.1873623 ], [ -16.4292176, 28.1874384 ], [ -16.4292044, 28.1875137 ], [ -16.429184, 28.1875878 ], [ -16.4291567, 28.18766 ], [ -16.4291226, 28.18773 ], [ -16.429082, 28.1877972 ], [ -16.4290351, 28.1878611 ], [ -16.4289823, 28.1879213 ], [ -16.4289239, 28.1879773 ], [ -16.4288604, 28.1880288 ], [ -16.4288992, 28.1880975 ], [ -16.4289312, 28.1881688 ], [ -16.4289563, 28.1882424 ], [ -16.4289743, 28.1883175 ], [ -16.4289849, 28.1883937 ], [ -16.4289882, 28.1884705 ], [ -16.4289842, 28.1885472 ], [ -16.4289727, 28.1886234 ], [ -16.428954, 28.1886984 ], [ -16.4286078, 28.1898524 ], [ -16.4285812, 28.1899277 ], [ -16.4285473, 28.1900006 ], [ -16.4285063, 28.1900705 ], [ -16.4284587, 28.1901371 ], [ -16.4284046, 28.1901997 ], [ -16.4283446, 28.1902579 ], [ -16.4282791, 28.1903112 ], [ -16.4282085, 28.1903593 ], [ -16.4281336, 28.1904017 ], [ -16.4280547, 28.1904382 ], [ -16.4279725, 28.1904684 ], [ -16.4278877, 28.1904921 ], [ -16.4278008, 28.1905093 ], [ -16.4277126, 28.1905196 ], [ -16.4276238, 28.1905231 ], [ -16.4275349, 28.1905196 ], [ -16.4274467, 28.1905094 ], [ -16.4273598, 28.1904923 ], [ -16.4272749, 28.1904686 ], [ -16.4271928, 28.1904384 ], [ -16.4271138, 28.190402 ], [ -16.4270388, 28.1903597 ], [ -16.4270946, 28.1903254 ], [ -16.4264226, 28.1898594 ], [ -16.4261349, 28.1900357 ], [ -16.4261631, 28.1907265 ], [ -16.4261619, 28.1907532 ], [ -16.4261563, 28.1907794 ], [ -16.4261109, 28.1909307 ], [ -16.4261264, 28.1910453 ], [ -16.4261275, 28.1910766 ], [ -16.4261225, 28.1911077 ], [ -16.4261115, 28.1911375 ], [ -16.4260949, 28.1911651 ], [ -16.4259815, 28.1913196 ], [ -16.4259615, 28.1913426 ], [ -16.4259376, 28.1913625 ], [ -16.4259104, 28.1913787 ], [ -16.4258807, 28.1913908 ], [ -16.4258491, 28.1913985 ], [ -16.4258165, 28.1914017 ], [ -16.4257838, 28.1914002 ], [ -16.4257812, 28.1913999 ], [ -16.4257008, 28.1918763 ], [ -16.4256954, 28.1918986 ], [ -16.4256869, 28.19192 ], [ -16.4255967, 28.1921086 ], [ -16.4255829, 28.1921324 ], [ -16.4255652, 28.1921541 ], [ -16.4255442, 28.1921733 ], [ -16.4255201, 28.1921895 ], [ -16.4254937, 28.1922024 ], [ -16.425419, 28.1922326 ], [ -16.4253889, 28.1922423 ], [ -16.4253574, 28.1922477 ], [ -16.4253253, 28.1922487 ], [ -16.4252935, 28.1922452 ], [ -16.4249641, 28.1921854 ], [ -16.4249569, 28.1922129 ], [ -16.4249448, 28.1922391 ], [ -16.4249283, 28.1922634 ], [ -16.4249078, 28.192285 ], [ -16.4248836, 28.1923035 ], [ -16.4248565, 28.1923185 ], [ -16.4248271, 28.1923295 ], [ -16.4247961, 28.1923363 ], [ -16.424582, 28.1923679 ], [ -16.4245553, 28.1923702 ], [ -16.4245285, 28.1923695 ], [ -16.4245021, 28.1923656 ], [ -16.4244337, 28.1923514 ], [ -16.4243676, 28.1924613 ], [ -16.4243559, 28.1924785 ], [ -16.4243421, 28.1924944 ], [ -16.4242857, 28.1925523 ], [ -16.4243081, 28.1925937 ], [ -16.4243204, 28.1926223 ], [ -16.424327, 28.1926524 ], [ -16.4243278, 28.192683 ], [ -16.4243227, 28.1927133 ], [ -16.4242936, 28.1928224 ], [ -16.4242835, 28.1928501 ], [ -16.4242685, 28.192876 ], [ -16.424249, 28.1928994 ], [ -16.4242255, 28.1929197 ], [ -16.4237856, 28.1932432 ], [ -16.4236863, 28.1933546 ], [ -16.4236575, 28.193886 ], [ -16.4243053, 28.194373 ] ] } },
{ "type": "Feature", "properties": { "Layer": "0805DPMT", "IDTRAMO": 38094.0, "Provincia": "Santa Cruz de Tenerife", "Referencia": "DL-175-TF", "TM": "La Victoria de Acentejo (Tenerife)", "Estado": "A", "OM": "2001-08-01", "Sit_Admin": "Aprobado (O.M. 01/08/2001)", "Tipo_Linea": "Límite SP aprobada", "Label": "DL-175-TF (O.M. 01/08/2001)", "ID_SEGMENT": "38094001", "FIGURA": null, "Shape_Leng": 0.0, "VERTICES": "SI" }, "geometry": { "type": "LineString", "coordinates": [ [ -16.4737382, 28.4421486 ], [ -16.473804, 28.4421082 ], [ -16.4740729, 28.4416718 ], [ -16.4741151, 28.4416094 ], [ -16.4741629, 28.4415502 ], [ -16.4742159, 28.4414946 ], [ -16.4742738, 28.4414429 ], [ -16.4743362, 28.4413956 ], [ -16.4744028, 28.4413528 ], [ -16.4748565, 28.4410851 ], [ -16.4764317, 28.4397801 ], [ -16.4764941, 28.4397325 ], [ -16.4765607, 28.4396894 ], [ -16.4766309, 28.4396512 ], [ -16.4767045, 28.4396182 ], [ -16.4767808, 28.4395905 ], [ -16.4768593, 28.4395684 ], [ -16.4769397, 28.4395519 ], [ -16.4770213, 28.4395412 ], [ -16.4771036, 28.4395364 ], [ -16.4780704, 28.4395144 ], [ -16.4783307, 28.4394806 ], [ -16.4785439, 28.4393564 ], [ -16.4792626, 28.4389408 ], [ -16.4793383, 28.4389011 ], [ -16.4794175, 28.4388672 ], [ -16.4794998, 28.4388395 ], [ -16.4795844, 28.4388182 ], [ -16.4801216, 28.4387048 ], [ -16.4801957, 28.4386917 ], [ -16.4802708, 28.4386835 ], [ -16.4803463, 28.4386802 ], [ -16.4808078, 28.4386752 ], [ -16.4808918, 28.4386773 ], [ -16.4809753, 28.4386855 ], [ -16.4810578, 28.4386998 ], [ -16.4811387, 28.4387201 ], [ -16.4812174, 28.4387461 ], [ -16.4817973, 28.4389625 ], [ -16.4822511, 28.4388009 ], [ -16.4822735, 28.4389774 ], [ -16.4826627, 28.4390634 ], [ -16.4832839, 28.4390026 ], [ -16.4834115, 28.4388304 ], [ -16.483429, 28.4388102 ], [ -16.4834495, 28.4387923 ], [ -16.4834726, 28.4387771 ], [ -16.483498, 28.438765 ], [ -16.4842415, 28.4384667 ], [ -16.4852236, 28.4380668 ], [ -16.4852432, 28.4380599 ], [ -16.4852635, 28.4380548 ], [ -16.4854666, 28.4380137 ], [ -16.4851857, 28.4376731 ], [ -16.4850673, 28.437354 ], [ -16.4850812, 28.437351 ], [ -16.4851774, 28.4373316 ], [ -16.4853016, 28.4371513 ], [ -16.4853103, 28.4371389 ], [ -16.4858293, 28.4364127 ], [ -16.4858756, 28.4363533 ], [ -16.4859272, 28.4362973 ], [ -16.4862822, 28.4359419 ], [ -16.4863446, 28.4358847 ], [ -16.4864125, 28.4358326 ], [ -16.4864853, 28.4357859 ], [ -16.4865625, 28.4357451 ], [ -16.4866434, 28.4357105 ], [ -16.4867274, 28.4356823 ], [ -16.486814, 28.4356607 ], [ -16.4869023, 28.4356459 ], [ -16.4869918, 28.4356381 ], [ -16.4880084, 28.435589 ], [ -16.4880959, 28.4355881 ], [ -16.4881832, 28.4355938 ], [ -16.4882696, 28.4356061 ], [ -16.4883545, 28.4356249 ], [ -16.4884372, 28.4356501 ], [ -16.4885172, 28.4356814 ], [ -16.4885939, 28.4357187 ], [ -16.4886667, 28.4357616 ], [ -16.4887351, 28.4358099 ], [ -16.4887985, 28.4358632 ], [ -16.4888565, 28.4359211 ] ] } },
{ "type": "Feature", "properties": { "Layer": "0805DPMT", "IDTRAMO": 38091.0, "Provincia": "Santa Cruz de Tenerife", "Referencia": "DL-177-TF", "TM": "La Orotava (Tenerife)", "Estado": "A", "OM": "2004-11-02", "Sit_Admin": "Aprobado (O.M. 02/11/2004)", "Tipo_Linea": "Límite SP aprobada", "Label": "DL-177-TF (O.M. 02/11/2004)", "ID_SEGMENT": "38091002", "FIGURA": null, "Shape_Leng": 0.0, "VERTICES": "SI" }, "geometry": { "type": "LineString", "coordinates": [ [ -16.5020278, 28.4239338 ], [ -16.502321, 28.4236845 ], [ -16.5023724, 28.4236437 ], [ -16.5024267, 28.4236061 ], [ -16.5024838, 28.4235718 ], [ -16.5025434, 28.4235409 ], [ -16.5025827, 28.4235222 ], [ -16.5033428, 28.4231228 ], [ -16.5033837, 28.4231025 ], [ -16.5034256, 28.4230838 ], [ -16.5040334, 28.422828 ], [ -16.5044959, 28.4226512 ], [ -16.5047596, 28.422503 ], [ -16.5051268, 28.4222601 ], [ -16.505133, 28.4222465 ], [ -16.5051681, 28.4221777 ], [ -16.5052095, 28.4221117 ], [ -16.5052571, 28.422049 ], [ -16.5053104, 28.4219901 ], [ -16.5053692, 28.4219353 ], [ -16.5054328, 28.421885 ], [ -16.5055011, 28.4218396 ], [ -16.5055733, 28.4217994 ], [ -16.5056491, 28.4217647 ], [ -16.505728, 28.4217358 ], [ -16.5058093, 28.4217127 ], [ -16.5058924, 28.4216957 ], [ -16.5059769, 28.4216849 ], [ -16.5060025, 28.4216111 ], [ -16.5060352, 28.4215395 ], [ -16.5060746, 28.4214707 ], [ -16.5061205, 28.421405 ], [ -16.5061726, 28.4213431 ], [ -16.5062305, 28.4212853 ], [ -16.5062938, 28.4212322 ], [ -16.506362, 28.421184 ], [ -16.5071039, 28.420704 ], [ -16.5071586, 28.420671 ], [ -16.5072156, 28.4206412 ], [ -16.5075256, 28.4204907 ], [ -16.5082171, 28.4201011 ], [ -16.5088712, 28.4196653 ], [ -16.508938, 28.4196245 ], [ -16.5090082, 28.4195884 ], [ -16.5090814, 28.4195574 ], [ -16.5093973, 28.419437 ], [ -16.5096496, 28.4192564 ], [ -16.5096956, 28.4192254 ], [ -16.5097435, 28.4191967 ], [ -16.5104889, 28.4187769 ], [ -16.5105477, 28.4187462 ], [ -16.5106087, 28.418719 ], [ -16.5114892, 28.418359 ], [ -16.5115671, 28.4183305 ], [ -16.5116474, 28.4183079 ], [ -16.5117295, 28.4182911 ], [ -16.5118129, 28.4182804 ], [ -16.511897, 28.4182758 ], [ -16.5119812, 28.4182774 ], [ -16.512065, 28.4182851 ], [ -16.5126362, 28.4183587 ], [ -16.5127888, 28.4182748 ], [ -16.5128626, 28.4182378 ], [ -16.5129397, 28.4182064 ], [ -16.5130194, 28.4181807 ], [ -16.5131013, 28.418161 ], [ -16.5133326, 28.4181143 ], [ -16.5135201, 28.4180086 ], [ -16.5135912, 28.417972 ], [ -16.5136654, 28.4179405 ], [ -16.5137422, 28.4179144 ], [ -16.5138212, 28.4178939 ], [ -16.5139017, 28.4178791 ], [ -16.5139834, 28.4178701 ], [ -16.5140656, 28.4178669 ], [ -16.5141478, 28.4178696 ], [ -16.5145114, 28.4178944 ], [ -16.5146985, 28.4178595 ], [ -16.5147558, 28.4178502 ], [ -16.5148137, 28.4178439 ], [ -16.5149345, 28.4178339 ], [ -16.5152049, 28.4177799 ], [ -16.515291, 28.4177661 ], [ -16.5153782, 28.4177589 ], [ -16.5154658, 28.4177583 ], [ -16.5155531, 28.4177643 ], [ -16.5156395, 28.417777 ], [ -16.5157244, 28.4177961 ], [ -16.5158071, 28.4178216 ], [ -16.5162572, 28.41798 ], [ -16.516444, 28.4180298 ], [ -16.5165276, 28.4180221 ], [ -16.5166117, 28.4180206 ], [ -16.5166956, 28.4180252 ], [ -16.5167788, 28.4180359 ], [ -16.5168608, 28.4180526 ], [ -16.5169409, 28.4180753 ], [ -16.5172278, 28.418168 ], [ -16.5176052, 28.418188 ], [ -16.518104, 28.4175652 ], [ -16.5181383, 28.4175004 ], [ -16.5181782, 28.4174382 ], [ -16.5182236, 28.417379 ], [ -16.5182742, 28.4173232 ], [ -16.5183296, 28.4172711 ], [ -16.5187082, 28.4169422 ], [ -16.5187712, 28.4168918 ], [ -16.5188388, 28.4168462 ], [ -16.5189105, 28.4168057 ], [ -16.5189857, 28.4167707 ], [ -16.519064, 28.4167413 ], [ -16.5195977, 28.4165637 ], [ -16.5196828, 28.4165391 ], [ -16.51977, 28.4165212 ], [ -16.5202774, 28.4164374 ], [ -16.5203606, 28.4164268 ], [ -16.5204445, 28.4164223 ], [ -16.5205285, 28.4164239 ], [ -16.5206121, 28.4164316 ], [ -16.5206947, 28.4164453 ], [ -16.5207757, 28.416465 ], [ -16.5208547, 28.4164906 ], [ -16.5216185, 28.4167698 ], [ -16.522034, 28.4164212 ], [ -16.5221012, 28.4163697 ], [ -16.5221731, 28.4163235 ], [ -16.5222493, 28.416283 ], [ -16.5223292, 28.4162485 ], [ -16.5224121, 28.4162203 ], [ -16.5224976, 28.4161986 ], [ -16.5225848, 28.4161835 ], [ -16.5226733, 28.4161753 ], [ -16.5227064, 28.4161734 ] ] } },
{ "type": "Feature", "properties": { "Layer": "0805DPMT", "IDTRAMO": 38084.0, "Provincia": "Santa Cruz de Tenerife", "Referencia": "DL-178-TF", "TM": "Los Realejos (Tenerife)", "Estado": "A", "OM": "2005-09-23", "Sit_Admin": "Aprobado (O.M. 23/09/2005)", "Tipo_Linea": "Límite SP aprobada", "Label": "DL-178-TF (O.M. 23/09/2005)", "ID_SEGMENT": "38084002", "FIGURA": null, "Shape_Leng": 0.0, "VERTICES": "SI" }, "geometry": { "type": "LineString", "coordinates": [ [ -16.5706187, 28.4070477 ], [ -16.5706353, 28.4070209 ], [ -16.5706354, 28.4070209 ], [ -16.5706569, 28.406997 ], [ -16.5706826, 28.4069767 ], [ -16.5708589, 28.4068597 ], [ -16.5708831, 28.4068459 ], [ -16.5709093, 28.4068352 ], [ -16.5709369, 28.4068279 ], [ -16.5709654, 28.4068241 ], [ -16.5709942, 28.4068239 ], [ -16.5710457, 28.4068268 ], [ -16.571077, 28.4067778 ], [ -16.5711161, 28.4067034 ], [ -16.5712671, 28.4061873 ], [ -16.5712732, 28.4061701 ], [ -16.5715716, 28.405454 ], [ -16.5715716, 28.4054539 ], [ -16.5715724, 28.4054519 ], [ -16.5715734, 28.4054498 ], [ -16.5717794, 28.4049909 ], [ -16.5717888, 28.4049729 ], [ -16.5719661, 28.4046771 ], [ -16.5719667, 28.4043881 ], [ -16.5719692, 28.4043607 ], [ -16.5719763, 28.4043339 ], [ -16.5719879, 28.4043083 ], [ -16.5720898, 28.4041265 ], [ -16.5714118, 28.4038904 ], [ -16.57138, 28.4037671 ], [ -16.5714853, 28.4035793 ], [ -16.5715279, 28.4035107 ], [ -16.5715771, 28.4034458 ], [ -16.5716325, 28.4033848 ], [ -16.5716937, 28.4033283 ], [ -16.5717601, 28.4032767 ], [ -16.5718314, 28.4032303 ], [ -16.5719069, 28.4031896 ], [ -16.5719862, 28.4031549 ], [ -16.5720685, 28.4031263 ], [ -16.5722958, 28.4030573 ], [ -16.5727096, 28.4029105 ], [ -16.5727541, 28.4028958 ], [ -16.5727994, 28.4028829 ], [ -16.5733593, 28.402736 ], [ -16.5734421, 28.4027175 ], [ -16.5735264, 28.4027053 ], [ -16.5736115, 28.4026993 ], [ -16.5736969, 28.4026996 ], [ -16.5737819, 28.4027063 ], [ -16.5738661, 28.4027192 ], [ -16.5739487, 28.4027383 ], [ -16.5746561, 28.4027571 ], [ -16.5747434, 28.4027628 ], [ -16.5748299, 28.402775 ], [ -16.5749148, 28.4027938 ], [ -16.5749976, 28.4028189 ], [ -16.5750777, 28.4028502 ], [ -16.5751545, 28.4028875 ], [ -16.5760056, 28.4033439 ], [ -16.5760935, 28.4036321 ], [ -16.5761656, 28.4037181 ], [ -16.5762287, 28.4038437 ], [ -16.5762234, 28.4041777 ], [ -16.5762542, 28.4041864 ], [ -16.5761673, 28.4045213 ], [ -16.5763617, 28.4045552 ], [ -16.5763715, 28.404528 ], [ -16.5767092, 28.4045872 ], [ -16.5766998, 28.4046134 ], [ -16.5766994, 28.4046144 ], [ -16.5767915, 28.4046314 ], [ -16.5767947, 28.4046213 ], [ -16.5768, 28.4046044 ], [ -16.5769176, 28.4046255 ], [ -16.5771075, 28.4046007 ], [ -16.577799, 28.4044302 ], [ -16.5778796, 28.4043571 ], [ -16.5782509, 28.4039286 ], [ -16.5786253, 28.4035716 ], [ -16.5786525, 28.4034817 ], [ -16.5786821, 28.4034092 ], [ -16.578955, 28.4032354 ], [ -16.5789907, 28.4032194 ], [ -16.5793829, 28.4030437 ], [ -16.5794078, 28.4030325 ], [ -16.5794352, 28.4030277 ], [ -16.5796164, 28.4029957 ], [ -16.5795832, 28.4029204 ], [ -16.5798978, 28.4027995 ], [ -16.5799777, 28.4026812 ], [ -16.5801895, 28.4025073 ], [ -16.5804635, 28.4024048 ], [ -16.5805427, 28.4023389 ], [ -16.5805845, 28.4023041 ], [ -16.5805846, 28.4022978 ], [ -16.5805892, 28.4019341 ], [ -16.5804873, 28.4019443 ], [ -16.5805256, 28.4017724 ], [ -16.5804834, 28.4016826 ], [ -16.5807559, 28.4014719 ], [ -16.5805505, 28.401384 ], [ -16.5803683, 28.4013504 ], [ -16.580425, 28.4012917 ], [ -16.5804872, 28.4012374 ], [ -16.5806526, 28.4011051 ], [ -16.580712, 28.401061 ], [ -16.5807752, 28.401021 ], [ -16.5808415, 28.4009854 ], [ -16.5809107, 28.4009544 ], [ -16.5809824, 28.4009281 ], [ -16.5810002, 28.4009158 ], [ -16.5813441, 28.4007058 ], [ -16.5813934, 28.4006596 ], [ -16.5814344, 28.4006233 ], [ -16.5814777, 28.400589 ], [ -16.5816801, 28.4004381 ], [ -16.5817285, 28.4004041 ], [ -16.5817791, 28.4003728 ], [ -16.5818318, 28.4003443 ], [ -16.5822458, 28.4001351 ], [ -16.5822647, 28.4000574 ], [ -16.5822912, 28.3999814 ], [ -16.5823252, 28.3999079 ], [ -16.5823664, 28.3998372 ], [ -16.5824145, 28.39977 ], [ -16.5824691, 28.3997069 ], [ -16.5825297, 28.3996482 ], [ -16.582596, 28.3995945 ], [ -16.5826673, 28.3995461 ], [ -16.5827432, 28.3995035 ], [ -16.582823, 28.3994669 ], [ -16.5829061, 28.3994367 ], [ -16.582992, 28.3994131 ], [ -16.5830798, 28.3993962 ], [ -16.583169, 28.3993863 ], [ -16.5832589, 28.3993833 ], [ -16.5833486, 28.3993873 ], [ -16.5834377, 28.3993983 ], [ -16.5835124, 28.3994106 ], [ -16.5835326, 28.3994451 ], [ -16.5835845, 28.3995077 ], [ -16.5836464, 28.3995521 ], [ -16.5837591, 28.3995779 ], [ -16.5838712, 28.3995675 ], [ -16.5840339, 28.3995295 ], [ -16.5841451, 28.399456 ], [ -16.5842353, 28.3993467 ], [ -16.5843139, 28.3991382 ], [ -16.5843421, 28.3989754 ], [ -16.5843076, 28.3987141 ], [ -16.584726, 28.3987092 ], [ -16.5847917, 28.3983294 ], [ -16.5848941, 28.3983463 ], [ -16.5848823, 28.3982095 ], [ -16.5849567, 28.3981745 ], [ -16.5850341, 28.398145 ], [ -16.5851139, 28.3981213 ], [ -16.5851957, 28.3981035 ], [ -16.5852788, 28.3980917 ], [ -16.5853628, 28.398086 ], [ -16.5854471, 28.3980865 ], [ -16.585531, 28.3980931 ], [ -16.585614, 28.3981058 ], [ -16.5856807, 28.3980588 ], [ -16.5857516, 28.3980169 ], [ -16.5860245, 28.3978699 ], [ -16.5863297, 28.3976629 ], [ -16.5863751, 28.3976338 ], [ -16.5864223, 28.397607 ], [ -16.5865912, 28.3975165 ], [ -16.5866432, 28.397465 ], [ -16.5866995, 28.3974171 ], [ -16.5867598, 28.3973732 ], [ -16.5868237, 28.3973335 ], [ -16.5868909, 28.3972982 ], [ -16.5869609, 28.3972676 ], [ -16.5870147, 28.3972033 ], [ -16.5870748, 28.3971434 ], [ -16.5871405, 28.3970885 ], [ -16.5872115, 28.397039 ], [ -16.5872872, 28.3969952 ], [ -16.587367, 28.3969575 ], [ -16.5874502, 28.3969263 ], [ -16.5875363, 28.3969016 ], [ -16.5876245, 28.3968838 ], [ -16.5877141, 28.396873 ], [ -16.5878044, 28.3968692 ], [ -16.5878948, 28.3968725 ], [ -16.5881131, 28.3968891 ], [ -16.5881904, 28.3968976 ], [ -16.5882666, 28.3969113 ], [ -16.5883415, 28.39693 ], [ -16.5884146, 28.3969538 ], [ -16.5884853, 28.3969824 ], [ -16.5885534, 28.3970158 ], [ -16.5887146, 28.3969924 ], [ -16.588804, 28.3969831 ], [ -16.5888939, 28.3969807 ], [ -16.5889837, 28.3969853 ], [ -16.5896645, 28.3970471 ], [ -16.5897409, 28.3970136 ], [ -16.5898202, 28.3969858 ], [ -16.5899019, 28.3969639 ], [ -16.5899853, 28.3969481 ], [ -16.59007, 28.3969386 ], [ -16.5901552, 28.3969354 ], [ -16.5902405, 28.3969384 ], [ -16.5903252, 28.3969478 ], [ -16.5904087, 28.3969634 ], [ -16.5904189, 28.3969657 ], [ -16.5908605, 28.3968917 ], [ -16.5909377, 28.3968815 ], [ -16.5910155, 28.3968765 ], [ -16.5910936, 28.3968767 ], [ -16.5911714, 28.3968823 ], [ -16.5912485, 28.3968931 ], [ -16.5913244, 28.3969091 ] ] } },
{ "type": "Feature", "properties": { "Layer": "0805DPMT", "IDTRAMO": 38083.0, "Provincia": "Santa Cruz de Tenerife", "Referencia": "DL-179-TF", "TM": "Los Realejos (Tenerife)", "Estado": "A", "OM": "2005-01-17", "Sit_Admin": "Aprobado (O.M. 17/01/2005)", "Tipo_Linea": "Límite SP aprobada", "Label": "DL-179-TF (O.M. 17/01/2005)", "ID_SEGMENT": "38083002", "FIGURA": null, "Shape_Leng": 0.0, "VERTICES": "SI" }, "geometry": { "type": "LineString", "coordinates": [ [ -16.5913244, 28.3969091 ], [ -16.5913769, 28.3968505 ], [ -16.5914347, 28.3967959 ], [ -16.5914974, 28.3967458 ], [ -16.5915646, 28.3967005 ], [ -16.5916358, 28.3966602 ], [ -16.5917105, 28.3966252 ], [ -16.5917883, 28.3965959 ], [ -16.5918685, 28.3965723 ], [ -16.5919506, 28.3965547 ], [ -16.5920341, 28.3965432 ], [ -16.5921184, 28.3965378 ], [ -16.5922004, 28.3965156 ], [ -16.5922842, 28.3964995 ], [ -16.5923692, 28.3964897 ], [ -16.5924548, 28.3964862 ], [ -16.5925405, 28.3964891 ], [ -16.5926255, 28.3964984 ], [ -16.5927094, 28.3965139 ], [ -16.5927225, 28.3965168 ], [ -16.5929066, 28.3965207 ], [ -16.5929688, 28.3965236 ], [ -16.5930306, 28.39653 ], [ -16.5930919, 28.3965396 ], [ -16.5933759, 28.3965922 ], [ -16.593461, 28.3966115 ], [ -16.5935441, 28.3966371 ], [ -16.5936243, 28.3966689 ], [ -16.5937011, 28.3967068 ], [ -16.5937739, 28.3967503 ], [ -16.5938422, 28.3967993 ], [ -16.5939056, 28.3968532 ], [ -16.5939634, 28.3969118 ], [ -16.5941947, 28.3971675 ], [ -16.5943475, 28.3972868 ], [ -16.5944291, 28.3973007 ], [ -16.5945093, 28.3973205 ], [ -16.5945873, 28.397346 ], [ -16.5946628, 28.397377 ], [ -16.5947351, 28.3974133 ], [ -16.5948039, 28.3974548 ], [ -16.5948686, 28.397501 ], [ -16.5949288, 28.3975518 ], [ -16.5949841, 28.3976067 ], [ -16.5950342, 28.3976655 ], [ -16.5950788, 28.3977276 ], [ -16.5951501, 28.3978368 ], [ -16.5951898, 28.3979039 ], [ -16.595223, 28.3979738 ], [ -16.5952495, 28.3980458 ], [ -16.595269, 28.3981196 ], [ -16.5952815, 28.3981946 ], [ -16.5952868, 28.3982702 ], [ -16.595358, 28.3983344 ], [ -16.595415, 28.3983903 ], [ -16.5954666, 28.3984502 ], [ -16.5955124, 28.3985138 ], [ -16.5955519, 28.3985804 ], [ -16.5955851, 28.3986498 ], [ -16.5956116, 28.3987214 ], [ -16.5956313, 28.3987946 ], [ -16.595784, 28.3988635 ], [ -16.5960214, 28.3989593 ], [ -16.5960834, 28.3989169 ], [ -16.596149, 28.3988789 ], [ -16.5962176, 28.3988454 ], [ -16.596289, 28.3988168 ], [ -16.5963626, 28.398793 ], [ -16.5963976, 28.3991054 ], [ -16.5965266, 28.3995285 ], [ -16.5965506, 28.3995092 ], [ -16.5965778, 28.3994935 ], [ -16.5966075, 28.3994818 ], [ -16.5966389, 28.3994744 ], [ -16.5966712, 28.3994715 ], [ -16.5967037, 28.3994732 ], [ -16.5967354, 28.3994794 ], [ -16.5967656, 28.39949 ], [ -16.5967935, 28.3995047 ], [ -16.5968111, 28.3995157 ], [ -16.5968412, 28.3995269 ], [ -16.5969375, 28.3995281 ], [ -16.5969686, 28.3995306 ], [ -16.5969989, 28.3995372 ], [ -16.5971383, 28.3995781 ], [ -16.5971643, 28.3995875 ], [ -16.5971885, 28.3996 ], [ -16.5972106, 28.3996153 ], [ -16.5972301, 28.3996331 ], [ -16.5972818, 28.3996873 ], [ -16.5974086, 28.3998241 ], [ -16.5976189, 28.399604 ], [ -16.5977294, 28.398763 ], [ -16.5977044, 28.3984493 ], [ -16.5976719, 28.3983234 ], [ -16.5975555, 28.398045 ], [ -16.5979349, 28.3973959 ], [ -16.5980505, 28.3971722 ], [ -16.5983788, 28.396631 ], [ -16.5986292, 28.3960509 ], [ -16.5986646, 28.3959785 ], [ -16.5987071, 28.3959091 ], [ -16.5990505, 28.3954021 ], [ -16.5990972, 28.3953393 ], [ -16.5991496, 28.3952801 ], [ -16.5992075, 28.395225 ], [ -16.5992703, 28.3951743 ], [ -16.5993377, 28.3951284 ], [ -16.5994092, 28.3950877 ], [ -16.6001935, 28.3946803 ], [ -16.6002609, 28.3946286 ], [ -16.6004675, 28.3944597 ], [ -16.6008417, 28.3941539 ], [ -16.6011343, 28.3938755 ], [ -16.6011696, 28.3938434 ], [ -16.6012067, 28.393813 ], [ -16.60182, 28.3933345 ], [ -16.6018896, 28.3932849 ], [ -16.6019639, 28.3932408 ], [ -16.6020422, 28.3932026 ], [ -16.6023708, 28.3930586 ], [ -16.6024369, 28.3930322 ], [ -16.602505, 28.39301 ], [ -16.6025746, 28.3929922 ], [ -16.6031473, 28.3928647 ], [ -16.6032222, 28.3928506 ], [ -16.6032981, 28.3928416 ], [ -16.6033746, 28.3928376 ], [ -16.6034512, 28.3928387 ], [ -16.6035275, 28.3928449 ], [ -16.6040664, 28.3929066 ], [ -16.6041239, 28.3929146 ], [ -16.6041808, 28.3929256 ], [ -16.6047161, 28.3930429 ], [ -16.6053893, 28.3929858 ], [ -16.6062841, 28.392867 ], [ -16.6064161, 28.3928291 ], [ -16.6065089, 28.3927411 ], [ -16.6065698, 28.3926879 ], [ -16.6066355, 28.3926395 ], [ -16.6067056, 28.3925961 ], [ -16.6067796, 28.392558 ], [ -16.6068569, 28.3925256 ], [ -16.606937, 28.392499 ], [ -16.6070193, 28.3924784 ], [ -16.6071033, 28.392464 ], [ -16.6071884, 28.3924559 ], [ -16.6072739, 28.3924541 ], [ -16.6073593, 28.3924586 ], [ -16.607444, 28.3924695 ], [ -16.6081615, 28.3925888 ], [ -16.6085393, 28.3926259 ], [ -16.6090066, 28.3926971 ], [ -16.6094073, 28.392723 ], [ -16.6094833, 28.3927305 ], [ -16.6095584, 28.392743 ], [ -16.6096322, 28.3927604 ], [ -16.6097044, 28.3927826 ], [ -16.6097745, 28.3928096 ], [ -16.6107625, 28.3932291 ], [ -16.6108088, 28.39325 ], [ -16.6108538, 28.393273 ], [ -16.6110713, 28.3933908 ], [ -16.6113537, 28.3932342 ], [ -16.6114239, 28.3931986 ], [ -16.6114971, 28.3931681 ], [ -16.6115728, 28.3931428 ], [ -16.6116506, 28.3931228 ], [ -16.6117298, 28.3931084 ], [ -16.6120661, 28.3930594 ], [ -16.6121385, 28.3930511 ], [ -16.6122115, 28.3930475 ], [ -16.6122845, 28.3930485 ], [ -16.6123573, 28.3930542 ], [ -16.6124294, 28.3930644 ], [ -16.613129, 28.3931863 ], [ -16.6132094, 28.3932034 ], [ -16.6132879, 28.3932261 ], [ -16.6133642, 28.3932544 ], [ -16.6134376, 28.3932881 ], [ -16.6135077, 28.3933269 ], [ -16.6138644, 28.3935426 ], [ -16.6139208, 28.3934963 ], [ -16.6139811, 28.3934538 ], [ -16.6140448, 28.3934155 ], [ -16.6141115, 28.3933816 ], [ -16.614181, 28.3933522 ], [ -16.6149738, 28.3930489 ], [ -16.6150453, 28.3930243 ], [ -16.6151188, 28.3930045 ], [ -16.6151937, 28.3929897 ], [ -16.6152697, 28.3929799 ], [ -16.6153463, 28.3929752 ], [ -16.616301, 28.392948 ], [ -16.6163809, 28.3929485 ], [ -16.6164605, 28.3929546 ], [ -16.6171469, 28.3930305 ], [ -16.6176575, 28.3930882 ], [ -16.6177298, 28.3930987 ], [ -16.617801, 28.3931138 ], [ -16.6185496, 28.3932975 ], [ -16.6186255, 28.393319 ], [ -16.6186992, 28.3933456 ], [ -16.6187703, 28.3933772 ], [ -16.6193247, 28.3936481 ], [ -16.6194149, 28.3936536 ], [ -16.6195043, 28.3936661 ], [ -16.619592, 28.3936856 ], [ -16.6196774, 28.3937118 ], [ -16.6197599, 28.3937447 ], [ -16.6198388, 28.3937838 ], [ -16.6199134, 28.393829 ], [ -16.6199832, 28.3938799 ], [ -16.6200477, 28.393936 ], [ -16.6201063, 28.393997 ], [ -16.6201585, 28.3940623 ], [ -16.620204, 28.3941314 ], [ -16.6202424, 28.3942038 ], [ -16.6202701, 28.3942628 ], [ -16.6205428, 28.3944396 ], [ -16.6209848, 28.3946673 ], [ -16.6215346, 28.3947315 ], [ -16.622157, 28.3947019 ], [ -16.6222463, 28.3947011 ], [ -16.6223353, 28.3947072 ], [ -16.6224233, 28.3947202 ], [ -16.6227507, 28.3947815 ], [ -16.6229166, 28.3946676 ], [ -16.6229905, 28.3946212 ], [ -16.6230689, 28.3945809 ], [ -16.6231509, 28.3945469 ], [ -16.6232361, 28.3945194 ], [ -16.6233236, 28.3944988 ], [ -16.6234129, 28.3944851 ], [ -16.6235032, 28.3944784 ], [ -16.6235939, 28.3944789 ], [ -16.6236841, 28.3944864 ] ] } },
{ "type": "Feature", "properties": { "Layer": "0805DPMT", "IDTRAMO": 38082.0, "Provincia": "Santa Cruz de Tenerife", "Referencia": "DL-180-TF", "TM": "San Juan de la Rambla (Tenerife)", "Estado": "A", "OM": "2005-12-20", "Sit_Admin": "Aprobado (O.M. 20/12/2005)", "Tipo_Linea": "Límite SP aprobada", "Label": "DL-180-TF (O.M. 20/12/2005)", "ID_SEGMENT": "38082002", "FIGURA": null, "Shape_Leng": 0.0, "VERTICES": "SI" }, "geometry": { "type": "LineString", "coordinates": [ [ -16.6236841, 28.3944864 ], [ -16.6240321, 28.3945295 ], [ -16.6241175, 28.3945433 ], [ -16.6242012, 28.3945635 ], [ -16.6242826, 28.39459 ], [ -16.6243612, 28.3946224 ], [ -16.6244364, 28.3946606 ], [ -16.6245077, 28.3947044 ], [ -16.6245745, 28.3947533 ], [ -16.6247514, 28.3948945 ], [ -16.6248303, 28.3949067 ], [ -16.6249078, 28.3949244 ], [ -16.6249834, 28.3949473 ], [ -16.6252759, 28.3950476 ], [ -16.6257316, 28.3951476 ], [ -16.6259977, 28.3951495 ], [ -16.6260662, 28.3951521 ], [ -16.6261343, 28.3951586 ], [ -16.6262018, 28.3951693 ], [ -16.6262683, 28.3951839 ], [ -16.6263948, 28.3951682 ], [ -16.6263873, 28.3953392 ], [ -16.626291, 28.3957194 ], [ -16.6266275, 28.3956974 ], [ -16.627078, 28.3957913 ], [ -16.6274455, 28.3957959 ], [ -16.6277407, 28.3957472 ], [ -16.6285172, 28.3958011 ], [ -16.6287815, 28.3957348 ], [ -16.6288735, 28.3957427 ], [ -16.6294125, 28.395619 ], [ -16.6297153, 28.3953987 ], [ -16.6299902, 28.3953594 ], [ -16.630335, 28.3952108 ], [ -16.6304269, 28.3952188 ], [ -16.6303162, 28.3945858 ], [ -16.6303741, 28.3945848 ], [ -16.6304319, 28.3945868 ], [ -16.6307366, 28.394605 ], [ -16.630821, 28.3946132 ], [ -16.6309044, 28.3946276 ], [ -16.6316449, 28.3947836 ], [ -16.6316912, 28.394767 ], [ -16.6317383, 28.3947523 ], [ -16.6322079, 28.3944542 ], [ -16.6322842, 28.3944102 ], [ -16.6323647, 28.3943724 ], [ -16.6324487, 28.394341 ], [ -16.6329195, 28.3941869 ], [ -16.6330057, 28.3941625 ], [ -16.6330939, 28.3941449 ], [ -16.6331836, 28.3941343 ], [ -16.6335447, 28.394106 ], [ -16.6338844, 28.3939429 ], [ -16.6342842, 28.3937567 ], [ -16.6344274, 28.3936521 ], [ -16.6344973, 28.3936053 ], [ -16.6345715, 28.3935641 ], [ -16.6346493, 28.3935286 ], [ -16.635249, 28.3932836 ], [ -16.6353267, 28.3932553 ], [ -16.6354067, 28.3932326 ], [ -16.6354886, 28.3932159 ], [ -16.6355717, 28.3932052 ], [ -16.6356555, 28.3932006 ], [ -16.6359901, 28.3931944 ], [ -16.6362607, 28.3931202 ], [ -16.6363432, 28.3931009 ], [ -16.6364272, 28.3930878 ], [ -16.6365121, 28.3930809 ], [ -16.6365974, 28.3930803 ], [ -16.6372385, 28.3930995 ], [ -16.6372915, 28.3931023 ], [ -16.6373444, 28.3931075 ], [ -16.6377439, 28.3931566 ], [ -16.6378156, 28.3931677 ], [ -16.6378863, 28.3931834 ], [ -16.6379555, 28.3932034 ], [ -16.6385397, 28.3933933 ], [ -16.6388981, 28.3935057 ], [ -16.6389718, 28.3935316 ], [ -16.6390429, 28.3935626 ], [ -16.6391111, 28.3935984 ], [ -16.6392125, 28.3936563 ], [ -16.6392654, 28.3936887 ], [ -16.6393159, 28.393724 ], [ -16.6393638, 28.393762 ], [ -16.6394668, 28.3938491 ], [ -16.6394687, 28.3938504 ], [ -16.6395473, 28.3938753 ], [ -16.6396233, 28.3939058 ], [ -16.6396962, 28.3939417 ], [ -16.6400102, 28.3941115 ], [ -16.6400362, 28.394126 ], [ -16.639589, 28.39473 ], [ -16.6396157, 28.3947483 ], [ -16.6396387, 28.3947702 ], [ -16.6396572, 28.3947952 ], [ -16.6399339, 28.3952458 ], [ -16.6400859, 28.395474 ], [ -16.6403111, 28.3957884 ], [ -16.6403258, 28.3958131 ], [ -16.6403361, 28.3958395 ], [ -16.6403417, 28.3958671 ], [ -16.6404016, 28.3963978 ], [ -16.6404235, 28.3964149 ], [ -16.6404474, 28.396437 ], [ -16.6404667, 28.3964623 ], [ -16.6404809, 28.3964901 ], [ -16.6404896, 28.3965196 ], [ -16.6404926, 28.39655 ], [ -16.640493, 28.3967736 ], [ -16.6404924, 28.3967868 ], [ -16.640492, 28.3967928 ], [ -16.6410331, 28.39679 ], [ -16.6410651, 28.3967921 ], [ -16.6410963, 28.3967986 ], [ -16.641126, 28.3968093 ], [ -16.6411535, 28.396824 ], [ -16.6411779, 28.3968423 ], [ -16.6411989, 28.3968638 ], [ -16.6412795, 28.396961 ], [ -16.6412976, 28.3969873 ], [ -16.6413104, 28.3970159 ], [ -16.6413175, 28.397046 ], [ -16.6413187, 28.3970767 ], [ -16.641314, 28.3971071 ], [ -16.6413036, 28.3971365 ], [ -16.6412455, 28.3972611 ], [ -16.6412591, 28.397393 ], [ -16.6412801, 28.3973791 ], [ -16.6413001, 28.3973673 ], [ -16.6413215, 28.3973577 ], [ -16.6413441, 28.3973504 ], [ -16.6416494, 28.3972692 ], [ -16.6418225, 28.3972008 ], [ -16.6421116, 28.3970598 ], [ -16.6421432, 28.3970473 ], [ -16.6421767, 28.3970398 ], [ -16.6422111, 28.3970373 ], [ -16.6422455, 28.39704 ], [ -16.6424308, 28.3970688 ], [ -16.6425515, 28.3970711 ], [ -16.6425833, 28.3970739 ], [ -16.6426142, 28.3970811 ], [ -16.6426434, 28.3970924 ], [ -16.6426703, 28.3971076 ], [ -16.6426906, 28.3971212 ], [ -16.6429766, 28.3969812 ], [ -16.6429239, 28.3968735 ], [ -16.6430861, 28.3967994 ], [ -16.6429804, 28.396566 ], [ -16.643031, 28.3965383 ], [ -16.6429595, 28.3964261 ], [ -16.6430303, 28.3964567 ], [ -16.6430982, 28.396492 ], [ -16.6431628, 28.3965318 ], [ -16.6438058, 28.3969619 ], [ -16.6441742, 28.3971425 ], [ -16.6443282, 28.3968334 ], [ -16.6444337, 28.3965781 ], [ -16.6446657, 28.3962041 ], [ -16.6450607, 28.3957822 ], [ -16.6453954, 28.3955954 ], [ -16.6455955, 28.3954202 ], [ -16.6456542, 28.3953726 ], [ -16.645717, 28.3953292 ], [ -16.6457833, 28.3952903 ], [ -16.645853, 28.3952561 ], [ -16.6461989, 28.3951014 ], [ -16.6462593, 28.3950765 ], [ -16.6463214, 28.3950552 ], [ -16.6466441, 28.394955 ], [ -16.646727, 28.3949327 ], [ -16.6468117, 28.3949167 ], [ -16.6468977, 28.3949072 ], [ -16.6469843, 28.3949041 ], [ -16.6470708, 28.3949075 ], [ -16.6473235, 28.394927 ], [ -16.6474624, 28.3956623 ], [ -16.6477169, 28.395682 ], [ -16.647982, 28.3956814 ], [ -16.6489219, 28.3949886 ], [ -16.6489878, 28.394944 ], [ -16.6490576, 28.3949042 ], [ -16.6491308, 28.3948695 ], [ -16.649207, 28.3948403 ], [ -16.6492855, 28.3948166 ], [ -16.6495961, 28.3947353 ], [ -16.6498965, 28.3950204 ], [ -16.6499983, 28.3950011 ], [ -16.6500742, 28.395289 ], [ -16.6501776, 28.395378 ], [ -16.6506871, 28.3953267 ], [ -16.6507331, 28.3950013 ], [ -16.6508248, 28.3949911 ], [ -16.6508842, 28.3955553 ], [ -16.6510085, 28.3954276 ], [ -16.6510329, 28.3954065 ], [ -16.651061, 28.3953892 ], [ -16.6510919, 28.3953763 ], [ -16.6511248, 28.3953681 ], [ -16.6511587, 28.3953649 ], [ -16.6511929, 28.3953668 ], [ -16.6512261, 28.3953737 ], [ -16.6512576, 28.3953854 ], [ -16.651559, 28.3955245 ], [ -16.6515847, 28.3955386 ], [ -16.6516078, 28.3955559 ], [ -16.6516277, 28.395576 ], [ -16.651644, 28.3955984 ], [ -16.6516564, 28.3956228 ], [ -16.6517383, 28.3958218 ], [ -16.6518576, 28.3957818 ], [ -16.6519493, 28.3957717 ], [ -16.6520312, 28.3957887 ], [ -16.6521072, 28.3954268 ], [ -16.6520807, 28.39503 ], [ -16.6522209, 28.3946402 ] ] } },
{ "type": "Feature", "properties": { "Layer": "0805DPMT", "IDTRAMO": 38081.0, "Provincia": "Santa Cruz de Tenerife", "Referencia": "DL-181-TF", "TM": "La Guancha (Tenerife)", "Estado": "A", "OM": "2004-11-02", "Sit_Admin": "Aprobado (O.M. 02/11/2004)", "Tipo_Linea": "Límite SP aprobada", "Label": "DL-181-TF (O.M. 02/11/2004)", "ID_SEGMENT": "38081002", "FIGURA": null, "Shape_Leng": 0.0, "VERTICES": "SI" }, "geometry": { "type": "LineString", "coordinates": [ [ -16.6522209, 28.3946402 ], [ -16.6522537, 28.3946274 ], [ -16.6523361, 28.3945989 ], [ -16.6524211, 28.3945768 ], [ -16.6525079, 28.3945613 ], [ -16.6525959, 28.3945525 ], [ -16.6526844, 28.3945505 ], [ -16.6529292, 28.3945544 ], [ -16.6529985, 28.3945576 ], [ -16.6530675, 28.394565 ], [ -16.6531356, 28.3945764 ], [ -16.6532028, 28.394592 ], [ -16.6532882, 28.3945838 ], [ -16.6533741, 28.394582 ], [ -16.6534599, 28.3945866 ], [ -16.6535449, 28.3945975 ], [ -16.6536286, 28.3946147 ], [ -16.6537104, 28.3946381 ], [ -16.6537896, 28.3946675 ], [ -16.6538658, 28.3947027 ], [ -16.6539383, 28.3947435 ], [ -16.6540067, 28.3947895 ], [ -16.6540705, 28.3948404 ], [ -16.6541292, 28.3948959 ], [ -16.6541386, 28.3949055 ], [ -16.654329, 28.3950049 ], [ -16.6545555, 28.3951595 ], [ -16.6546073, 28.3952097 ], [ -16.6546815, 28.3952472 ], [ -16.6547518, 28.39529 ], [ -16.6548179, 28.3953378 ], [ -16.6548792, 28.3953904 ], [ -16.6549353, 28.3954473 ], [ -16.6549858, 28.3955082 ], [ -16.655043, 28.3955835 ], [ -16.6551047, 28.3956267 ], [ -16.6552798, 28.3957132 ], [ -16.6554691, 28.3957924 ], [ -16.6555434, 28.3958268 ], [ -16.6556143, 28.3958666 ], [ -16.6556812, 28.3959113 ], [ -16.6557438, 28.3959608 ], [ -16.6558015, 28.3960146 ], [ -16.6558541, 28.3960724 ], [ -16.6558964, 28.3961231 ], [ -16.655971, 28.3961601 ], [ -16.6560418, 28.3962025 ], [ -16.6561084, 28.39625 ], [ -16.6561702, 28.3963023 ], [ -16.6562269, 28.3963589 ], [ -16.656278, 28.3964196 ], [ -16.6567633, 28.3970491 ], [ -16.6573231, 28.3977806 ], [ -16.6573491, 28.3977773 ], [ -16.6577785, 28.3977924 ], [ -16.6578644, 28.3977987 ], [ -16.6579494, 28.3978113 ], [ -16.6580328, 28.3978303 ], [ -16.6581142, 28.3978554 ], [ -16.6581929, 28.3978865 ], [ -16.6582683, 28.3979233 ], [ -16.65834, 28.3979657 ], [ -16.6584074, 28.3980132 ], [ -16.65847, 28.3980656 ], [ -16.6585273, 28.3981225 ], [ -16.6585791, 28.3981834 ], [ -16.6586248, 28.398248 ], [ -16.6586642, 28.3983158 ], [ -16.658697, 28.3983863 ], [ -16.6587733, 28.3985722 ], [ -16.6588033, 28.3986756 ], [ -16.6588225, 28.3986941 ], [ -16.6591353, 28.3991289 ], [ -16.6592202, 28.399126 ], [ -16.6593051, 28.3991293 ], [ -16.6593894, 28.3991389 ], [ -16.6594725, 28.3991547 ], [ -16.6595538, 28.3991765 ], [ -16.6596327, 28.3992042 ], [ -16.6597088, 28.3992376 ], [ -16.6597815, 28.3992765 ], [ -16.6598503, 28.3993207 ], [ -16.6599147, 28.3993697 ], [ -16.6599974, 28.3993655 ], [ -16.6600803, 28.3993674 ], [ -16.6601627, 28.3993751 ], [ -16.6602442, 28.3993887 ], [ -16.6603241, 28.3994082 ], [ -16.660402, 28.3994333 ], [ -16.6604773, 28.3994639 ], [ -16.6603196, 28.3989986 ], [ -16.6602991, 28.3989276 ], [ -16.6602852, 28.3988553 ], [ -16.6602779, 28.3987823 ], [ -16.6602773, 28.398709 ], [ -16.6602835, 28.398636 ], [ -16.6602963, 28.3985636 ], [ -16.6603158, 28.3984923 ], [ -16.6603417, 28.3984227 ], [ -16.6604086, 28.3982651 ], [ -16.6604434, 28.3981929 ], [ -16.6604851, 28.3981235 ], [ -16.6605336, 28.3980577 ], [ -16.6605883, 28.3979958 ], [ -16.6606489, 28.3979383 ], [ -16.6607149, 28.3978858 ], [ -16.6607859, 28.3978385 ], [ -16.6608612, 28.3977968 ], [ -16.6609403, 28.3977611 ], [ -16.6610227, 28.3977317 ], [ -16.6611076, 28.3977086 ], [ -16.6611945, 28.3976922 ], [ -16.6620078, 28.397571 ], [ -16.6625568, 28.3974971 ], [ -16.6626419, 28.3974888 ], [ -16.6627275, 28.3974869 ], [ -16.662813, 28.3974914 ], [ -16.6628978, 28.3975022 ], [ -16.6629813, 28.3975192 ], [ -16.6630628, 28.3975423 ], [ -16.6631419, 28.3975714 ], [ -16.6632317, 28.3975727 ], [ -16.6633211, 28.397581 ], [ -16.6634094, 28.3975962 ], [ -16.6634957, 28.3976182 ], [ -16.6635796, 28.3976469 ], [ -16.6636603, 28.3976819 ], [ -16.6640841, 28.3978871 ], [ -16.664188, 28.3979463 ], [ -16.6642552, 28.397988 ], [ -16.6643184, 28.3980344 ], [ -16.6643772, 28.3980851 ], [ -16.6644311, 28.3981398 ], [ -16.66448, 28.3981982 ], [ -16.6645233, 28.3982599 ], [ -16.6645609, 28.3983245 ], [ -16.6649717, 28.3980251 ], [ -16.6650429, 28.3979777 ], [ -16.6651184, 28.397936 ], [ -16.6651978, 28.3979002 ], [ -16.6652804, 28.3978708 ], [ -16.6653656, 28.3978478 ], [ -16.6654527, 28.3978314 ], [ -16.6655411, 28.3978218 ], [ -16.6656302, 28.3978191 ], [ -16.6657191, 28.3978233 ], [ -16.6658073, 28.3978343 ], [ -16.6658941, 28.3978521 ], [ -16.6659788, 28.3978765 ], [ -16.6660608, 28.3979073 ], [ -16.6661394, 28.3979443 ], [ -16.666214, 28.3979873 ], [ -16.6662842, 28.3980358 ], [ -16.6663493, 28.3980896 ], [ -16.6671939, 28.398851 ], [ -16.6677423, 28.3987896 ], [ -16.6678263, 28.3987833 ], [ -16.6679105, 28.3987832 ], [ -16.6679945, 28.3987892 ], [ -16.6680776, 28.3988013 ], [ -16.6681594, 28.3988194 ], [ -16.6682391, 28.3988434 ], [ -16.6683164, 28.3988732 ], [ -16.6683906, 28.3989085 ], [ -16.6684612, 28.398949 ], [ -16.6685278, 28.3989946 ], [ -16.66859, 28.399045 ], [ -16.6686472, 28.3990996 ], [ -16.6686992, 28.3991583 ], [ -16.6689, 28.3994054 ], [ -16.6691124, 28.3991 ], [ -16.6691738, 28.3987971 ], [ -16.6691937, 28.398719 ], [ -16.6692214, 28.3986428 ], [ -16.6692566, 28.398569 ], [ -16.6692991, 28.3984982 ], [ -16.6693485, 28.3984311 ], [ -16.6694045, 28.3983681 ], [ -16.6694665, 28.3983098 ], [ -16.6695342, 28.3982565 ], [ -16.6696069, 28.3982088 ], [ -16.6696841, 28.3981669 ], [ -16.6697652, 28.3981313 ], [ -16.6701744, 28.3979711 ], [ -16.6702516, 28.3979442 ], [ -16.6703311, 28.3979229 ], [ -16.6704122, 28.3979073 ], [ -16.6704945, 28.3978977 ], [ -16.6705774, 28.397894 ], [ -16.6706603, 28.3978962 ], [ -16.6707428, 28.3979044 ], [ -16.6712212, 28.3979696 ], [ -16.6713046, 28.3979841 ], [ -16.6713863, 28.3980047 ], [ -16.6714659, 28.3980313 ], [ -16.6715426, 28.3980636 ], [ -16.671616, 28.3981015 ], [ -16.6716857, 28.3981446 ], [ -16.671751, 28.3981927 ], [ -16.6718116, 28.3982454 ], [ -16.6720719, 28.3984919 ], [ -16.6721291, 28.3985509 ], [ -16.6721803, 28.3986141 ], [ -16.6722253, 28.398681 ], [ -16.6722635, 28.398751 ], [ -16.6722947, 28.3988237 ], [ -16.6723188, 28.3988985 ], [ -16.6723355, 28.3989748 ], [ -16.6723447, 28.3990521 ], [ -16.6723464, 28.3991299 ], [ -16.6723435, 28.3992349 ], [ -16.672804, 28.399495 ], [ -16.673039, 28.3995011 ], [ -16.6730161, 28.3994411 ], [ -16.6729981, 28.3993799 ], [ -16.6729849, 28.3993177 ], [ -16.6728965, 28.3992187 ], [ -16.6728533, 28.3991666 ], [ -16.6728143, 28.3991118 ], [ -16.67278, 28.3990548 ], [ -16.6724655, 28.3984846 ], [ -16.6724309, 28.3984144 ], [ -16.6724032, 28.3983419 ], [ -16.6723825, 28.3982675 ], [ -16.672369, 28.3981919 ], [ -16.6723628, 28.3981155 ], [ -16.6723639, 28.3980389 ], [ -16.6723724, 28.3979627 ], [ -16.6723988, 28.3977977 ], [ -16.6724137, 28.3977256 ], [ -16.6724352, 28.3976547 ], [ -16.6724632, 28.3975857 ], [ -16.6724974, 28.3975189 ], [ -16.6725376, 28.3974547 ], [ -16.6726608, 28.3972758 ], [ -16.6727081, 28.3972132 ], [ -16.6727611, 28.3971543 ], [ -16.6728195, 28.3970995 ], [ -16.6728828, 28.3970492 ], [ -16.6729506, 28.3970038 ], [ -16.6730225, 28.3969635 ], [ -16.673098, 28.3969286 ], [ -16.6731764, 28.3968994 ], [ -16.6732574, 28.3968762 ], [ -16.6734066, 28.3968392 ], [ -16.6734758, 28.3968244 ], [ -16.6735461, 28.3968138 ], [ -16.673617, 28.3968076 ], [ -16.6736882, 28.3968058 ], [ -16.674726, 28.3961693 ], [ -16.6747782, 28.3960541 ], [ -16.6748149, 28.3960227 ], [ -16.6747192, 28.3957236 ], [ -16.6747042, 28.395671 ], [ -16.6746929, 28.3956176 ], [ -16.6746852, 28.3955638 ], [ -16.6746575, 28.3953074 ], [ -16.6746422, 28.3952579 ], [ -16.6744531, 28.3950688 ], [ -16.674399, 28.3950098 ], [ -16.6743506, 28.394947 ], [ -16.6743084, 28.3948808 ], [ -16.6742726, 28.3948117 ], [ -16.6742436, 28.3947402 ], [ -16.6742214, 28.3946668 ], [ -16.6742063, 28.394592 ], [ -16.6741984, 28.3945163 ], [ -16.6741977, 28.3944403 ], [ -16.6742042, 28.3943645 ], [ -16.674218, 28.3942895 ], [ -16.6742388, 28.3942158 ], [ -16.6742665, 28.3941439 ], [ -16.6743797, 28.3938867 ], [ -16.6744165, 28.393813 ], [ -16.6744606, 28.3937424 ], [ -16.6745117, 28.3936755 ], [ -16.6745694, 28.393613 ], [ -16.6746331, 28.3935553 ], [ -16.6747908, 28.3934247 ], [ -16.6753382, 28.3929325 ], [ -16.6757631, 28.3924271 ], [ -16.6758074, 28.392378 ], [ -16.6758555, 28.3923318 ], [ -16.6759071, 28.3922886 ], [ -16.675962, 28.3922488 ], [ -16.6761154, 28.392145 ], [ -16.6761764, 28.3921067 ], [ -16.6762405, 28.3920725 ], [ -16.6763072, 28.3920426 ], [ -16.6763763, 28.392017 ], [ -16.6766545, 28.3919245 ], [ -16.6768234, 28.3918186 ], [ -16.677307, 28.391504 ], [ -16.677378, 28.3914618 ], [ -16.6774527, 28.391425 ], [ -16.6779714, 28.3911941 ], [ -16.6780436, 28.391165 ], [ -16.6785616, 28.3909774 ], [ -16.6787318, 28.3908315 ], [ -16.6788957, 28.3905272 ], [ -16.6789352, 28.390461 ], [ -16.6789808, 28.390398 ], [ -16.6790322, 28.3903385 ], [ -16.679089, 28.390283 ], [ -16.6791508, 28.3902318 ], [ -16.6792171, 28.3901853 ], [ -16.6793375, 28.3901079 ], [ -16.6794144, 28.3899867 ], [ -16.6794561, 28.3899264 ], [ -16.6795031, 28.3898692 ], [ -16.6795551, 28.3898154 ], [ -16.6796116, 28.3897654 ], [ -16.6796724, 28.3897195 ], [ -16.679737, 28.3896779 ], [ -16.6798052, 28.3896409 ], [ -16.6798764, 28.3896087 ], [ -16.680027, 28.3895471 ], [ -16.6801, 28.3895203 ], [ -16.6801751, 28.3894985 ], [ -16.6802519, 28.3894819 ], [ -16.6803299, 28.3894706 ], [ -16.6810207, 28.3893951 ], [ -16.6810957, 28.3893893 ], [ -16.681171, 28.3893885 ], [ -16.6812462, 28.3893926 ], [ -16.6820252, 28.3894606 ], [ -16.6824669, 28.3895064 ], [ -16.6825363, 28.3895158 ], [ -16.6826049, 28.3895293 ], [ -16.6826722, 28.389547 ], [ -16.682738, 28.3895688 ], [ -16.6829502, 28.3896464 ], [ -16.6833274, 28.3896854 ], [ -16.6834086, 28.3896967 ], [ -16.6834885, 28.3897138 ], [ -16.6838891, 28.3898147 ], [ -16.6839534, 28.3898329 ], [ -16.6840163, 28.3898549 ], [ -16.6840774, 28.3898806 ], [ -16.6841382, 28.3899083 ], [ -16.6846278, 28.3900889 ] ] } },
{ "type": "Feature", "properties": { "Layer": "0805DPMT", "IDTRAMO": 38080.0, "Provincia": "Santa Cruz de Tenerife", "Referencia": "DL-182-TF", "TM": "Icod de los Vinos (Tenerife)", "Estado": "A", "OM": "2001-12-14", "Sit_Admin": "Aprobado (O.M. 14/12/2001)", "Tipo_Linea": "Límite SP aprobada", "Label": "DL-182-TF (O.M. 14/12/2001)", "ID_SEGMENT": "38080002", "FIGURA": null, "Shape_Leng": 0.0, "VERTICES": "SI" }, "geometry": { "type": "LineString", "coordinates": [ [ -16.6846278, 28.3900889 ], [ -16.6846962, 28.390127 ], [ -16.684761, 28.3901697 ], [ -16.6848218, 28.3902168 ], [ -16.6848781, 28.390268 ], [ -16.6849298, 28.390323 ], [ -16.6850735, 28.3904893 ], [ -16.6856316, 28.390655 ], [ -16.6856986, 28.3906772 ], [ -16.6857636, 28.3907035 ], [ -16.6858264, 28.3907338 ], [ -16.6858867, 28.3907679 ], [ -16.6861067, 28.3909023 ], [ -16.6861719, 28.3909456 ], [ -16.686233, 28.3909933 ], [ -16.6863646, 28.3911049 ], [ -16.6864472, 28.391144 ], [ -16.6866195, 28.3909839 ], [ -16.6866849, 28.3909282 ], [ -16.6867557, 28.3908779 ], [ -16.6868313, 28.3908334 ], [ -16.686911, 28.390795 ], [ -16.6869943, 28.390763 ], [ -16.6870805, 28.3907377 ], [ -16.6871689, 28.3907192 ], [ -16.6872588, 28.3907078 ], [ -16.6873495, 28.3907035 ], [ -16.6874402, 28.3907064 ], [ -16.6875303, 28.3907163 ], [ -16.6876791, 28.3907388 ], [ -16.6877663, 28.3907554 ], [ -16.6878516, 28.3907787 ], [ -16.6879342, 28.3908086 ], [ -16.6880168, 28.3908273 ], [ -16.6880973, 28.390852 ], [ -16.6881753, 28.3908826 ], [ -16.6882501, 28.3909189 ], [ -16.6883212, 28.3909605 ], [ -16.6883881, 28.3910073 ], [ -16.6884504, 28.3910588 ], [ -16.6885075, 28.3911148 ], [ -16.6885592, 28.3911748 ], [ -16.6886008, 28.3912274 ], [ -16.6886645, 28.3912423 ], [ -16.688727, 28.3912607 ], [ -16.688788, 28.3912827 ], [ -16.6888497, 28.3913071 ], [ -16.6888891, 28.3913094 ], [ -16.6889711, 28.3913171 ], [ -16.6890521, 28.3913307 ], [ -16.6891317, 28.39135 ], [ -16.6892091, 28.391375 ], [ -16.6892841, 28.3914054 ], [ -16.689356, 28.391441 ], [ -16.6895226, 28.3915315 ], [ -16.6895954, 28.391575 ], [ -16.6896637, 28.3916239 ], [ -16.689727, 28.3916778 ], [ -16.6898064, 28.3917515 ], [ -16.6900086, 28.3918812 ], [ -16.6903013, 28.3919974 ], [ -16.6903806, 28.3919629 ], [ -16.690463, 28.3919346 ], [ -16.6905478, 28.3919127 ], [ -16.6906344, 28.3918975 ], [ -16.6907223, 28.3918888 ], [ -16.6911719, 28.3918622 ], [ -16.691259, 28.3918603 ], [ -16.6913461, 28.391865 ], [ -16.6914323, 28.3918762 ], [ -16.6915171, 28.391894 ], [ -16.6916, 28.391918 ], [ -16.6916802, 28.3919483 ], [ -16.6917571, 28.3919844 ], [ -16.6918304, 28.3920263 ], [ -16.6924168, 28.3918269 ], [ -16.6924886, 28.391782 ], [ -16.6925644, 28.3917428 ], [ -16.6926438, 28.3917094 ], [ -16.6927261, 28.3916822 ], [ -16.6928108, 28.3916614 ], [ -16.6928971, 28.391647 ], [ -16.6929846, 28.3916394 ], [ -16.6930725, 28.3916383 ], [ -16.6930841, 28.3911101 ], [ -16.6929718, 28.3904824 ], [ -16.6928753, 28.3901575 ], [ -16.6928575, 28.3900863 ], [ -16.6928464, 28.3900139 ], [ -16.6928419, 28.3899411 ], [ -16.692844, 28.3898681 ], [ -16.6928504, 28.3897835 ], [ -16.6928387, 28.3897336 ], [ -16.692825, 28.3896593 ], [ -16.6928184, 28.3895843 ], [ -16.6928188, 28.389509 ], [ -16.6928264, 28.389434 ], [ -16.6928409, 28.3893599 ], [ -16.6928624, 28.389287 ], [ -16.6928907, 28.3892161 ], [ -16.6930165, 28.3889382 ], [ -16.6930398, 28.3888388 ], [ -16.6930135, 28.3884755 ], [ -16.6930117, 28.3883985 ], [ -16.6930173, 28.3883215 ], [ -16.6930303, 28.3882453 ], [ -16.6930506, 28.3881704 ], [ -16.6930781, 28.3880972 ], [ -16.6931125, 28.3880264 ], [ -16.6931437, 28.3879692 ], [ -16.6931041, 28.3877657 ], [ -16.6930934, 28.387694 ], [ -16.6930893, 28.3876219 ], [ -16.6930918, 28.3875497 ], [ -16.6931007, 28.3874779 ], [ -16.6931161, 28.387407 ], [ -16.6931379, 28.3873374 ], [ -16.6931659, 28.3872696 ], [ -16.6933258, 28.3869255 ], [ -16.6934311, 28.3866784 ], [ -16.6935512, 28.3862783 ], [ -16.6935785, 28.3862014 ], [ -16.6936135, 28.3861269 ], [ -16.6936558, 28.3860555 ], [ -16.6937052, 28.3859877 ], [ -16.6937612, 28.3859241 ], [ -16.6938234, 28.3858652 ], [ -16.6942579, 28.3854887 ], [ -16.6943189, 28.38544 ], [ -16.694384, 28.3853958 ], [ -16.694453, 28.3853564 ], [ -16.6945253, 28.385322 ], [ -16.6946006, 28.3852928 ], [ -16.6946782, 28.3852691 ], [ -16.6947578, 28.385251 ], [ -16.6948387, 28.3852387 ], [ -16.6949205, 28.3852321 ], [ -16.6950026, 28.3852313 ], [ -16.6959544, 28.3852566 ], [ -16.6969101, 28.3852969 ], [ -16.6974996, 28.3853251 ], [ -16.6976439, 28.3852425 ], [ -16.6981545, 28.3848992 ], [ -16.6985355, 28.3846066 ], [ -16.6986337, 28.384314 ], [ -16.6986533, 28.3842618 ], [ -16.6986764, 28.3842107 ], [ -16.6987029, 28.3841609 ], [ -16.6990827, 28.3835025 ], [ -16.6991245, 28.3834369 ], [ -16.6991724, 28.3833746 ], [ -16.699226, 28.383316 ], [ -16.6992849, 28.3832616 ], [ -16.6993488, 28.3832118 ], [ -16.6994171, 28.3831668 ], [ -16.7001168, 28.3827452 ], [ -16.7001888, 28.3827056 ], [ -16.7002643, 28.3826714 ], [ -16.7003427, 28.3826429 ], [ -16.7009556, 28.3824458 ], [ -16.7010415, 28.3824219 ], [ -16.7011295, 28.3824048 ], [ -16.7012189, 28.3823946 ], [ -16.7018959, 28.3823444 ], [ -16.7029981, 28.3823105 ], [ -16.7041543, 28.3822896 ], [ -16.7051808, 28.3821603 ], [ -16.7052574, 28.3821532 ], [ -16.7053345, 28.3821513 ], [ -16.7054115, 28.3821545 ], [ -16.705488, 28.3821629 ], [ -16.706016, 28.3822386 ], [ -16.7060878, 28.3822512 ], [ -16.7061584, 28.3822683 ], [ -16.7062273, 28.3822899 ], [ -16.7062944, 28.3823158 ], [ -16.7063592, 28.3823459 ], [ -16.706381, 28.3823569 ], [ -16.7065495, 28.3822977 ], [ -16.7066259, 28.3822739 ], [ -16.7067043, 28.3822555 ], [ -16.706784, 28.3822427 ], [ -16.7068647, 28.3822355 ], [ -16.7069457, 28.382234 ], [ -16.7070266, 28.3822382 ], [ -16.7079672, 28.3823203 ], [ -16.7083849, 28.3821915 ], [ -16.7084675, 28.3821695 ], [ -16.7085518, 28.3821536 ], [ -16.7086374, 28.3821442 ], [ -16.7087236, 28.3821412 ], [ -16.709002, 28.3821418 ], [ -16.7090797, 28.3821446 ], [ -16.7091569, 28.3821527 ], [ -16.7092331, 28.3821659 ], [ -16.709308, 28.3821841 ], [ -16.7099363, 28.3823605 ], [ -16.7100026, 28.3823814 ], [ -16.7100671, 28.3824063 ], [ -16.7101296, 28.382435 ], [ -16.7101896, 28.3824675 ], [ -16.7106537, 28.3827458 ], [ -16.7107345, 28.3827624 ], [ -16.7108135, 28.3827846 ], [ -16.7108902, 28.3828125 ], [ -16.710964, 28.3828458 ], [ -16.7110346, 28.3828843 ], [ -16.7111014, 28.3829278 ], [ -16.711164, 28.3829759 ], [ -16.7112464, 28.3829615 ], [ -16.7113298, 28.3829532 ], [ -16.7114138, 28.3829509 ], [ -16.7114976, 28.3829548 ], [ -16.7115808, 28.3829648 ], [ -16.7116628, 28.3829807 ], [ -16.7121997, 28.383106 ], [ -16.7122522, 28.3830401 ], [ -16.7123112, 28.3829785 ], [ -16.7123761, 28.3829219 ], [ -16.7124466, 28.3828706 ], [ -16.7125219, 28.382825 ], [ -16.7126015, 28.3827856 ], [ -16.7126848, 28.3827527 ], [ -16.712771, 28.3827264 ], [ -16.7128596, 28.3827071 ], [ -16.7129498, 28.3826949 ], [ -16.7130408, 28.3826898 ], [ -16.713132, 28.3826919 ], [ -16.7132226, 28.3827012 ], [ -16.713312, 28.3827177 ], [ -16.7133992, 28.3827411 ], [ -16.7134838, 28.3827714 ], [ -16.713565, 28.3828082 ], [ -16.7136422, 28.3828513 ], [ -16.7137146, 28.3829002 ], [ -16.7137819, 28.3829548 ], [ -16.7138434, 28.3830144 ], [ -16.7138986, 28.3830786 ], [ -16.7143629, 28.3836723 ], [ -16.7146274, 28.3838756 ], [ -16.7146832, 28.3839219 ], [ -16.7147349, 28.3839717 ], [ -16.7147823, 28.3840248 ], [ -16.714825, 28.3840809 ], [ -16.7148628, 28.3841396 ], [ -16.7148956, 28.3842007 ], [ -16.7149083, 28.384227 ], [ -16.7150121, 28.3843012 ], [ -16.7153166, 28.3843091 ], [ -16.7158171, 28.384422 ], [ -16.7158988, 28.3844437 ], [ -16.7159783, 28.3844713 ], [ -16.7160548, 28.3845048 ], [ -16.7161279, 28.3845438 ], [ -16.7161971, 28.384588 ], [ -16.7162605, 28.3845384 ], [ -16.7163283, 28.3844937 ], [ -16.7164001, 28.3844541 ], [ -16.7164754, 28.3844198 ], [ -16.7165536, 28.3843912 ], [ -16.7166342, 28.3843684 ], [ -16.7167167, 28.3843517 ], [ -16.7168005, 28.384341 ], [ -16.7168849, 28.3843365 ], [ -16.7169695, 28.3843382 ], [ -16.7170537, 28.3843461 ], [ -16.7171368, 28.3843601 ], [ -16.7172184, 28.3843802 ], [ -16.7175468, 28.3844742 ], [ -16.7176282, 28.384501 ], [ -16.7177068, 28.3845338 ], [ -16.7177819, 28.3845723 ], [ -16.717853, 28.3846164 ], [ -16.7179197, 28.3846657 ], [ -16.7179813, 28.3847198 ], [ -16.7180376, 28.3847783 ], [ -16.718088, 28.3848409 ], [ -16.7181322, 28.384907 ], [ -16.7181699, 28.3849762 ], [ -16.7182008, 28.385048 ], [ -16.7182246, 28.3851218 ], [ -16.7182413, 28.3851972 ], [ -16.718304, 28.385562 ], [ -16.7183032, 28.3855646 ], [ -16.7191751, 28.385802 ], [ -16.7192092, 28.385643 ], [ -16.719202, 28.3854813 ], [ -16.7191822, 28.3853392 ], [ -16.7189436, 28.3850892 ], [ -16.7188894, 28.3850271 ], [ -16.7188415, 28.3849611 ], [ -16.7188003, 28.3848917 ], [ -16.718766, 28.3848194 ], [ -16.718739, 28.3847447 ], [ -16.7187194, 28.3846682 ], [ -16.7187073, 28.3845905 ], [ -16.718703, 28.3845122 ], [ -16.7187064, 28.3844338 ], [ -16.7187174, 28.384356 ], [ -16.718736, 28.3842793 ], [ -16.7188498, 28.3838938 ], [ -16.7189355, 28.38365 ], [ -16.7189624, 28.383583 ], [ -16.7189952, 28.3835181 ], [ -16.7190336, 28.3834556 ], [ -16.7190774, 28.3833961 ], [ -16.7191264, 28.3833398 ], [ -16.7193917, 28.3830587 ], [ -16.7194477, 28.383004 ], [ -16.7195086, 28.3829536 ], [ -16.719574, 28.3829077 ], [ -16.7196433, 28.3828667 ], [ -16.7197162, 28.3828309 ], [ -16.7197922, 28.3828004 ], [ -16.7198707, 28.3827755 ], [ -16.7201722, 28.3826922 ], [ -16.7202563, 28.3826724 ], [ -16.7203421, 28.382659 ], [ -16.7204288, 28.3826521 ], [ -16.7205159, 28.3826518 ], [ -16.7206027, 28.3826581 ], [ -16.7206886, 28.3826708 ], [ -16.720773, 28.38269 ], [ -16.7208551, 28.3827155 ], [ -16.7209346, 28.3827472 ], [ -16.7210106, 28.3827846 ], [ -16.7210828, 28.3828277 ], [ -16.7218682, 28.38279 ], [ -16.7217818, 28.3827259 ], [ -16.7212788, 28.3823421 ], [ -16.7212142, 28.3822883 ], [ -16.7211551, 28.3822297 ], [ -16.721102, 28.3821668 ], [ -16.7210553, 28.3821 ], [ -16.7210153, 28.38203 ], [ -16.7209823, 28.3819571 ], [ -16.7209567, 28.3818819 ], [ -16.7209385, 28.3818051 ], [ -16.720928, 28.3817271 ], [ -16.7209251, 28.3816486 ], [ -16.72093, 28.3815702 ], [ -16.7209425, 28.3814925 ], [ -16.7209627, 28.3814161 ], [ -16.7209903, 28.3813414 ], [ -16.7210251, 28.3812692 ], [ -16.7210669, 28.3812 ], [ -16.7209298, 28.3807778 ], [ -16.7216142, 28.3803323 ], [ -16.7217414, 28.3803081 ], [ -16.7219199, 28.3803058 ], [ -16.7220682, 28.3803265 ], [ -16.7222663, 28.3803739 ], [ -16.7223268, 28.3803645 ], [ -16.7225546, 28.3803081 ], [ -16.7225618, 28.3802795 ], [ -16.7225741, 28.3802523 ], [ -16.7225912, 28.3802272 ], [ -16.7226127, 28.3802049 ], [ -16.7226379, 28.380186 ], [ -16.7226663, 28.3801709 ], [ -16.7230934, 28.3799841 ], [ -16.7231253, 28.3799729 ], [ -16.7231588, 28.3799667 ], [ -16.7231931, 28.3799655 ], [ -16.7232271, 28.3799694 ], [ -16.7232598, 28.3799783 ], [ -16.7232905, 28.3799919 ], [ -16.7233181, 28.3800099 ], [ -16.7233959, 28.38007 ], [ -16.7238159, 28.3802125 ], [ -16.7238446, 28.3802246 ], [ -16.7238709, 28.3802405 ], [ -16.7238941, 28.3802599 ], [ -16.7242935, 28.38021 ], [ -16.7245041, 28.3801801 ], [ -16.724515, 28.3799348 ], [ -16.7245192, 28.379905 ], [ -16.7245289, 28.3798762 ], [ -16.7245439, 28.3798492 ], [ -16.7245637, 28.3798248 ], [ -16.7246403, 28.3797454 ], [ -16.7246613, 28.3797266 ], [ -16.7246852, 28.3797107 ], [ -16.7247115, 28.3796981 ], [ -16.7247396, 28.379689 ], [ -16.7247689, 28.3796836 ], [ -16.7247988, 28.3796821 ], [ -16.7251891, 28.3796876 ], [ -16.7251924, 28.3796852 ], [ -16.7251306, 28.3796115 ], [ -16.7250048, 28.3795541 ], [ -16.7249836, 28.3795429 ], [ -16.724917, 28.3795029 ], [ -16.7248907, 28.379484 ], [ -16.7248682, 28.3794616 ], [ -16.7248503, 28.3794362 ], [ -16.7241925, 28.3793013 ], [ -16.7241645, 28.3792937 ], [ -16.7240711, 28.3792614 ], [ -16.7240402, 28.379248 ], [ -16.7240123, 28.3792302 ], [ -16.7239882, 28.3792086 ], [ -16.7239685, 28.3791836 ], [ -16.7239539, 28.3791561 ], [ -16.7239447, 28.3791267 ], [ -16.7239399, 28.3791043 ], [ -16.7237012, 28.3787536 ], [ -16.7236924, 28.3787392 ], [ -16.7236851, 28.3787242 ], [ -16.7236473, 28.3786354 ], [ -16.7235353, 28.378534 ] ] } },
{ "type": "Feature", "properties": { "Layer": "0805DPMT", "IDTRAMO": 38079.0, "Provincia": "Santa Cruz de Tenerife", "Referencia": "DL-183-TF", "TM": "Icod de los Vinos (Tenerife)", "Estado": "A", "OM": "2006-09-21", "Sit_Admin": "Aprobado (O.M. 21/09/2006)", "Tipo_Linea": "Límite SP aprobada", "Label": "DL-183-TF (O.M. 21/09/2006)", "ID_SEGMENT": "38079001", "FIGURA": null, "Shape_Leng": 0.0, "VERTICES": "SI" }, "geometry": { "type": "LineString", "coordinates": [ [ -16.7389802, 28.3782841 ], [ -16.7388973, 28.3782889 ], [ -16.7388152, 28.3783008 ], [ -16.7387349, 28.3783196 ], [ -16.7386569, 28.3783451 ], [ -16.738582, 28.3783771 ], [ -16.738511, 28.3784153 ], [ -16.7384444, 28.3784594 ], [ -16.738383, 28.3785089 ], [ -16.7383271, 28.3785633 ], [ -16.7382774, 28.3786223 ], [ -16.7382343, 28.3786852 ], [ -16.7381983, 28.3787514 ], [ -16.7381696, 28.3788204 ], [ -16.7381484, 28.3788915 ], [ -16.7381351, 28.3789641 ], [ -16.7381297, 28.3790374 ], [ -16.7381323, 28.3791109 ], [ -16.7381428, 28.3791839 ], [ -16.7381612, 28.3792556 ], [ -16.7381873, 28.3793254 ], [ -16.7378183, 28.3793163 ], [ -16.7376454, 28.3793347 ], [ -16.7375696, 28.3793026 ], [ -16.737469, 28.3792286 ], [ -16.7373836, 28.3791461 ], [ -16.737319, 28.3790892 ], [ -16.737249, 28.3790375 ], [ -16.737174, 28.3789916 ], [ -16.7370947, 28.3789517 ], [ -16.7370117, 28.3789183 ], [ -16.7366305, 28.3787829 ], [ -16.7365816, 28.378721 ], [ -16.7365271, 28.378663 ], [ -16.7364673, 28.3786093 ], [ -16.7364026, 28.3785601 ], [ -16.7363335, 28.3785159 ], [ -16.7362604, 28.378477 ], [ -16.736184, 28.3784435 ], [ -16.7361046, 28.3784159 ], [ -16.7360229, 28.3783942 ], [ -16.7359395, 28.3783786 ], [ -16.7358548, 28.3783692 ], [ -16.7357696, 28.3783662 ], [ -16.7356844, 28.3783694 ], [ -16.7356264, 28.3783737 ], [ -16.7355422, 28.3783832 ], [ -16.7354591, 28.3783988 ], [ -16.7353778, 28.3784205 ], [ -16.7352989, 28.378448 ], [ -16.7352228, 28.3784813 ], [ -16.735133, 28.3785248 ], [ -16.735061, 28.3785631 ], [ -16.7349928, 28.3786065 ], [ -16.7349289, 28.3786548 ], [ -16.7348697, 28.3787075 ], [ -16.7348157, 28.3787644 ], [ -16.734767, 28.378825 ], [ -16.7347242, 28.3788889 ], [ -16.7346875, 28.3789557 ], [ -16.7346571, 28.379025 ], [ -16.7346333, 28.3790963 ], [ -16.7346162, 28.379169 ], [ -16.7346059, 28.3792428 ], [ -16.7343139, 28.3799026 ], [ -16.7342763, 28.3799674 ], [ -16.7342447, 28.3800347 ], [ -16.7342193, 28.380104 ], [ -16.7342004, 28.3801748 ], [ -16.734188, 28.3802468 ], [ -16.7340085, 28.3808268 ], [ -16.7338657, 28.3808614 ], [ -16.7337907, 28.3808824 ], [ -16.7337177, 28.3809084 ], [ -16.7336472, 28.3809393 ], [ -16.7333386, 28.3810879 ], [ -16.7333347, 28.3810836 ], [ -16.7329974, 28.3809841 ], [ -16.7330102, 28.380889 ], [ -16.733031, 28.3808439 ], [ -16.7331166, 28.3807627 ], [ -16.7331751, 28.3807021 ], [ -16.7332273, 28.3806371 ], [ -16.7332729, 28.3805683 ], [ -16.7333114, 28.3804963 ], [ -16.7333425, 28.3804215 ], [ -16.7333661, 28.3803445 ], [ -16.7333819, 28.3802661 ], [ -16.7333898, 28.3801867 ], [ -16.7333898, 28.380107 ], [ -16.7333818, 28.3800276 ], [ -16.7333659, 28.3799491 ], [ -16.7333735, 28.379878 ], [ -16.7333747, 28.3798065 ], [ -16.7333695, 28.3797352 ], [ -16.7333579, 28.3796644 ], [ -16.7333401, 28.3795947 ], [ -16.733316, 28.3795265 ], [ -16.733286, 28.3794602 ], [ -16.73325, 28.3793961 ], [ -16.733222, 28.3793507 ], [ -16.7332507, 28.3792831 ], [ -16.7332732, 28.3792136 ], [ -16.7332894, 28.3791428 ], [ -16.7332991, 28.379071 ], [ -16.7333023, 28.3789988 ], [ -16.7332989, 28.3789266 ], [ -16.733289, 28.3788548 ], [ -16.7332727, 28.378784 ], [ -16.7332146, 28.3785755 ], [ -16.7331914, 28.3785048 ], [ -16.7331618, 28.378436 ], [ -16.7331259, 28.3783696 ], [ -16.733084, 28.378306 ], [ -16.7330365, 28.3782456 ], [ -16.7329835, 28.3781888 ], [ -16.7329254, 28.3781361 ], [ -16.7328627, 28.3780877 ], [ -16.7327958, 28.378044 ], [ -16.732763, 28.3779834 ], [ -16.7327253, 28.377925 ], [ -16.7326828, 28.3778694 ], [ -16.7326357, 28.3778166 ], [ -16.7321582, 28.3769626 ], [ -16.7321465, 28.3768932 ], [ -16.7321289, 28.3768249 ], [ -16.7321052, 28.376758 ], [ -16.7320758, 28.3766928 ], [ -16.7320408, 28.3766299 ], [ -16.7320003, 28.3765696 ], [ -16.7319547, 28.3765123 ], [ -16.7318945, 28.3764426 ], [ -16.7317552, 28.376179 ], [ -16.7317137, 28.3761086 ], [ -16.7316653, 28.3760417 ], [ -16.7316105, 28.3759788 ], [ -16.7315496, 28.3759205 ], [ -16.7314831, 28.3758671 ], [ -16.7314116, 28.375819 ], [ -16.7313356, 28.3757767 ], [ -16.7312557, 28.3757405 ], [ -16.7311725, 28.3757107 ], [ -16.7310867, 28.3756874 ], [ -16.7309989, 28.3756709 ], [ -16.7309097, 28.3756613 ], [ -16.73082, 28.3756586 ], [ -16.7307304, 28.3756629 ], [ -16.7306415, 28.3756742 ], [ -16.7305541, 28.3756924 ], [ -16.7304688, 28.3757173 ], [ -16.7303863, 28.3757487 ], [ -16.7301734, 28.3758398 ], [ -16.730103, 28.3758731 ], [ -16.7300356, 28.3759111 ], [ -16.7299719, 28.3759537 ], [ -16.7296358, 28.3761969 ], [ -16.7295986, 28.3762251 ], [ -16.7295631, 28.3762548 ], [ -16.7292948, 28.3764903 ], [ -16.7292466, 28.3764108 ], [ -16.7292044, 28.3763476 ], [ -16.7291566, 28.3762877 ], [ -16.7291033, 28.3762313 ], [ -16.7290451, 28.376179 ], [ -16.7289823, 28.3761311 ], [ -16.7289153, 28.3760878 ], [ -16.7288445, 28.3760495 ], [ -16.7287704, 28.3760164 ], [ -16.7286936, 28.3759887 ], [ -16.7286144, 28.3759667 ], [ -16.7285335, 28.3759504 ], [ -16.728526, 28.3759401 ], [ -16.7284842, 28.3758876 ], [ -16.7284383, 28.3758379 ], [ -16.7283886, 28.3757911 ], [ -16.7283352, 28.3757476 ], [ -16.7280152, 28.375505 ], [ -16.7279564, 28.3754637 ], [ -16.7278943, 28.3754262 ], [ -16.7278292, 28.3753929 ], [ -16.7277615, 28.375364 ], [ -16.7276916, 28.3753395 ], [ -16.7270146, 28.3751275 ], [ -16.7269305, 28.3751047 ], [ -16.7268446, 28.3750885 ], [ -16.7267573, 28.3750788 ], [ -16.7266695, 28.3750758 ], [ -16.7265817, 28.3750795 ], [ -16.7264946, 28.3750899 ], [ -16.725894, 28.3751848 ], [ -16.7258185, 28.3751994 ], [ -16.7257445, 28.375219 ], [ -16.7256724, 28.3752434 ], [ -16.7256026, 28.3752726 ], [ -16.7248172, 28.3756341 ], [ -16.7247534, 28.3756661 ], [ -16.7246923, 28.3757021 ], [ -16.7246344, 28.3757418 ], [ -16.7240646, 28.3761625 ], [ -16.7235586, 28.3766065 ], [ -16.7234653, 28.3766814 ], [ -16.7238432, 28.3770162 ], [ -16.7243125, 28.37665 ], [ -16.7246353, 28.3766759 ], [ -16.7239407, 28.3772747 ], [ -16.7237414, 28.3774346 ], [ -16.7237188, 28.377456 ], [ -16.7237004, 28.3774803 ], [ -16.7236866, 28.3775069 ], [ -16.7236779, 28.3775351 ], [ -16.7236745, 28.3775642 ], [ -16.7236741, 28.3775787 ], [ -16.723409, 28.3777994 ], [ -16.7233874, 28.3778205 ], [ -16.7233698, 28.3778443 ], [ -16.7233566, 28.3778703 ], [ -16.7233483, 28.3778978 ], [ -16.7233449, 28.3779261 ], [ -16.7233466, 28.3779545 ], [ -16.723342, 28.3779627 ], [ -16.7233323, 28.377983 ], [ -16.7233254, 28.3780041 ], [ -16.7233216, 28.3780258 ], [ -16.7233146, 28.3780893 ], [ -16.7233137, 28.3781105 ], [ -16.7233156, 28.3781316 ], [ -16.7233203, 28.3781523 ], [ -16.7233369, 28.3782085 ], [ -16.7233482, 28.3782367 ], [ -16.7233645, 28.3782628 ], [ -16.7233609, 28.3782909 ], [ -16.7233623, 28.3783192 ], [ -16.7233686, 28.3783469 ], [ -16.7233798, 28.3783734 ], [ -16.7233955, 28.378398 ], [ -16.7234154, 28.3784201 ], [ -16.7235319, 28.3785308 ], [ -16.7235353, 28.378534 ] ] } },
{ "type": "Feature", "properties": { "Layer": "0805DPMT", "IDTRAMO": 38093.0, "Provincia": "Santa Cruz de Tenerife", "Referencia": "DL-184-TF", "TM": "Santa Úrsula (Tenerife)", "Estado": "A", "OM": "2002-01-28", "Sit_Admin": "Aprobado (O.M. 28/01/2002)", "Tipo_Linea": "Límite SP aprobada", "Label": "DL-184-TF (O.M. 28/01/2002)", "ID_SEGMENT": "38093003", "FIGURA": null, "Shape_Leng": 0.0, "VERTICES": "SI" }, "geometry": { "type": "LineString", "coordinates": [ [ -16.4888565, 28.4359211 ], [ -16.4889094, 28.4359839 ], [ -16.4889558, 28.4360506 ], [ -16.4889956, 28.4361206 ], [ -16.4890283, 28.4361934 ], [ -16.4890538, 28.4362684 ], [ -16.4890718, 28.4363451 ], [ -16.4890822, 28.4364229 ], [ -16.489085, 28.4365011 ], [ -16.4890801, 28.4365793 ], [ -16.4890377, 28.4369562 ], [ -16.4893866, 28.4375095 ], [ -16.489424, 28.4375752 ], [ -16.4894554, 28.4376433 ], [ -16.4894803, 28.4377134 ], [ -16.4894987, 28.4377851 ], [ -16.4895105, 28.4378578 ], [ -16.4895155, 28.4379312 ], [ -16.4895137, 28.4380047 ], [ -16.4895052, 28.4380778 ], [ -16.4894899, 28.4381501 ], [ -16.4894446, 28.4383253 ], [ -16.4897238, 28.4384225 ], [ -16.4900556, 28.4383562 ], [ -16.4900619, 28.4383402 ], [ -16.4900936, 28.4382704 ], [ -16.4901316, 28.4382032 ], [ -16.4901757, 28.4381388 ], [ -16.4902255, 28.4380779 ], [ -16.4902809, 28.4380208 ], [ -16.4903413, 28.4379679 ], [ -16.4904064, 28.4379195 ], [ -16.4904758, 28.4378759 ], [ -16.490549, 28.4378376 ], [ -16.4906254, 28.4378046 ], [ -16.4907047, 28.4377772 ], [ -16.4907862, 28.4377557 ] ] } },
{ "type": "Feature", "properties": { "Layer": "0805DPMT", "IDTRAMO": 38096.0, "Provincia": "Santa Cruz de Tenerife", "Referencia": "DL-186-TF", "TM": "El Sauzal (Tenerife)", "Estado": "A", "OM": "2002-07-18", "Sit_Admin": "Aprobado (O.M. 18/07/2002)", "Tipo_Linea": "Límite SP aprobada", "Label": "DL-186-TF (O.M. 18/07/2002)", "ID_SEGMENT": "38096002", "FIGURA": null, "Shape_Leng": 0.0, "VERTICES": "NO" }, "geometry": { "type": "LineString", "coordinates": [ [ -16.4481825, 28.4731523 ], [ -16.448233, 28.4730703 ], [ -16.4482134, 28.4729931 ], [ -16.4482016, 28.4729147 ], [ -16.4481977, 28.4728356 ], [ -16.4482015, 28.4727566 ], [ -16.4482132, 28.4726781 ], [ -16.4482327, 28.4726009 ], [ -16.4482597, 28.4725255 ], [ -16.448294, 28.4724524 ], [ -16.4483355, 28.4723823 ], [ -16.4483838, 28.4723156 ], [ -16.4484385, 28.472253 ], [ -16.4484992, 28.4721948 ], [ -16.4485655, 28.4721416 ], [ -16.4486367, 28.4720937 ], [ -16.4487125, 28.4720515 ], [ -16.4487921, 28.4720153 ], [ -16.448875, 28.4719854 ], [ -16.4489605, 28.471962 ], [ -16.4490074, 28.4719123 ], [ -16.4490582, 28.4718656 ], [ -16.4491127, 28.4718223 ], [ -16.4491705, 28.4717825 ], [ -16.4492552, 28.4717285 ], [ -16.4492824, 28.4716537 ], [ -16.4493168, 28.4715813 ], [ -16.4493582, 28.4715118 ], [ -16.4494063, 28.4714458 ], [ -16.4495024, 28.4713256 ], [ -16.4495529, 28.4712677 ], [ -16.4496084, 28.4712136 ], [ -16.4496688, 28.4711636 ], [ -16.4497335, 28.4711181 ], [ -16.4497616, 28.471042 ], [ -16.4497973, 28.4709684 ], [ -16.4498401, 28.4708979 ], [ -16.4498899, 28.4708311 ], [ -16.4499462, 28.4707684 ], [ -16.4500085, 28.4707103 ], [ -16.4500764, 28.4706574 ], [ -16.4501493, 28.4706099 ], [ -16.4502283, 28.4705633 ], [ -16.450302, 28.4705235 ], [ -16.4503792, 28.4704895 ], [ -16.4504594, 28.4704613 ], [ -16.450542, 28.4704392 ], [ -16.4506264, 28.4704233 ], [ -16.450712, 28.4704138 ], [ -16.4507983, 28.4704107 ], [ -16.4508845, 28.4704141 ], [ -16.4511288, 28.4704328 ], [ -16.4511939, 28.4704396 ], [ -16.4512583, 28.4704501 ], [ -16.4513218, 28.4704643 ], [ -16.4513466, 28.4704705 ], [ -16.4514158, 28.4704677 ], [ -16.451485, 28.470469 ], [ -16.4515336, 28.4704543 ], [ -16.4515777, 28.4703917 ], [ -16.4516274, 28.4703324 ], [ -16.4516496, 28.4702677 ], [ -16.4516772, 28.4702045 ], [ -16.4517101, 28.4701434 ], [ -16.4517481, 28.4700847 ], [ -16.4517909, 28.4700286 ], [ -16.4519371, 28.4698519 ], [ -16.4519906, 28.4697927 ], [ -16.4520496, 28.4697376 ], [ -16.4521135, 28.4696871 ], [ -16.4521821, 28.4696415 ], [ -16.4522547, 28.4696011 ], [ -16.4523309, 28.4695663 ], [ -16.4524102, 28.4695373 ], [ -16.4524919, 28.4695142 ], [ -16.4525755, 28.4694973 ], [ -16.4526434, 28.4694862 ], [ -16.4527242, 28.4694759 ], [ -16.4528058, 28.4694713 ], [ -16.4528874, 28.4694725 ], [ -16.4529687, 28.4694795 ], [ -16.4529851, 28.4694033 ], [ -16.4530088, 28.4693287 ], [ -16.4530398, 28.4692561 ], [ -16.4530776, 28.4691861 ], [ -16.4531221, 28.4691193 ], [ -16.4531729, 28.4690561 ], [ -16.4532297, 28.4689969 ], [ -16.4534836, 28.4687546 ], [ -16.4535467, 28.4686994 ], [ -16.453615, 28.4686492 ], [ -16.4536879, 28.4686045 ], [ -16.453765, 28.4685655 ], [ -16.4543913, 28.4682801 ], [ -16.4544638, 28.4682502 ], [ -16.4545388, 28.4682253 ], [ -16.4546157, 28.4682058 ], [ -16.4546942, 28.4681916 ], [ -16.4547508, 28.468137 ], [ -16.4548115, 28.468086 ], [ -16.4548761, 28.4680388 ], [ -16.4549442, 28.4679957 ], [ -16.4550338, 28.467926 ], [ -16.4550492, 28.4676697 ], [ -16.4550244, 28.4676578 ], [ -16.4550076, 28.4676064 ], [ -16.4546136, 28.4674683 ], [ -16.4545331, 28.4674365 ], [ -16.454456, 28.4673986 ], [ -16.4543829, 28.467355 ], [ -16.4543143, 28.467306 ], [ -16.4542507, 28.4672519 ], [ -16.4541927, 28.4671932 ], [ -16.4541406, 28.4671303 ], [ -16.4540949, 28.4670636 ], [ -16.4540558, 28.4669937 ], [ -16.4540237, 28.4669211 ], [ -16.4539989, 28.4668464 ], [ -16.4539814, 28.4667699 ], [ -16.4539714, 28.4666925 ], [ -16.4539691, 28.4666146 ], [ -16.4539787, 28.4661005 ], [ -16.4539816, 28.4660452 ], [ -16.4539884, 28.4659901 ], [ -16.453999, 28.4659356 ], [ -16.4540715, 28.4656205 ] ] } },
{ "type": "Feature", "properties": { "Layer": "0805DPMT", "IDTRAMO": 38097.0, "Provincia": "Santa Cruz de Tenerife", "Referencia": "DL-187-TF", "TM": "El Sauzal (Tenerife)", "Estado": "A", "OM": "2003-06-25", "Sit_Admin": "Aprobado (O.M. 25/06/2003)", "Tipo_Linea": "Límite SP aprobada", "Label": "DL-187-TF (O.M. 25/06/2003)", "ID_SEGMENT": "38097005", "FIGURA": null, "Shape_Leng": 0.0, "VERTICES": "SI" }, "geometry": { "type": "LineString", "coordinates": [ [ -16.4295986, 28.4863749 ], [ -16.4298261, 28.4861236 ], [ -16.4298757, 28.4860729 ], [ -16.4299294, 28.4860255 ], [ -16.4299869, 28.4859818 ], [ -16.4302146, 28.4858214 ], [ -16.4304194, 28.4856775 ], [ -16.4311391, 28.4851977 ], [ -16.4314522, 28.4849273 ] ] } },
{ "type": "Feature", "properties": { "Layer": "0805DPMT", "IDTRAMO": 38097.0, "Provincia": "Santa Cruz de Tenerife", "Referencia": "DL-187-TF", "TM": "El Sauzal (Tenerife)", "Estado": "A", "OM": "2003-06-25", "Sit_Admin": "Aprobado (O.M. 25/06/2003)", "Tipo_Linea": "Límite SP aprobada", "Label": "DL-187-TF (O.M. 25/06/2003)", "ID_SEGMENT": "38097006", "FIGURA": null, "Shape_Leng": 0.0, "VERTICES": "SI" }, "geometry": { "type": "LineString", "coordinates": [ [ -16.4368456, 28.4810089 ], [ -16.4369657, 28.4808887 ], [ -16.4370191, 28.4808393 ], [ -16.4370765, 28.4807935 ], [ -16.4371377, 28.4807517 ], [ -16.4372023, 28.4807141 ], [ -16.4378102, 28.4803891 ], [ -16.4378903, 28.4803505 ], [ -16.4379739, 28.4803184 ], [ -16.4380605, 28.480293 ], [ -16.4381493, 28.4802745 ], [ -16.4382396, 28.480263 ], [ -16.439135, 28.4801857 ], [ -16.4398694, 28.4801085 ], [ -16.4399395, 28.4801032 ], [ -16.44001, 28.4801023 ], [ -16.4410564, 28.4801203 ], [ -16.4415729, 28.4800152 ], [ -16.4418663, 28.4796497 ], [ -16.4419064, 28.479603 ], [ -16.4419499, 28.4795586 ], [ -16.4419966, 28.4795169 ], [ -16.4423126, 28.4792521 ], [ -16.442106, 28.4782205 ], [ -16.4424974, 28.4783663 ], [ -16.4427126, 28.4784182 ], [ -16.4426379, 28.4781843 ], [ -16.4425942, 28.4779772 ], [ -16.4425886, 28.4775621 ], [ -16.4424145, 28.4775279 ], [ -16.4422597, 28.4774122 ], [ -16.4424412, 28.4772388 ], [ -16.4424294, 28.4771216 ], [ -16.4421505, 28.4768899 ], [ -16.4421495, 28.4768177 ], [ -16.4421998, 28.476763 ], [ -16.4423086, 28.4765001 ], [ -16.442398, 28.4763187 ], [ -16.4422953, 28.4762746 ], [ -16.4421533, 28.4763483 ], [ -16.4420304, 28.4763587 ], [ -16.4420626, 28.4761006 ], [ -16.4420752, 28.4760271 ], [ -16.4420947, 28.4759548 ], [ -16.4421208, 28.4758841 ], [ -16.4421534, 28.4758156 ], [ -16.4421923, 28.4757497 ], [ -16.4422372, 28.4756868 ], [ -16.4422878, 28.4756275 ], [ -16.4426397, 28.4752482 ], [ -16.44311, 28.4747063 ], [ -16.4431535, 28.4746596 ], [ -16.4433686, 28.4744435 ], [ -16.4437466, 28.4740724 ], [ -16.4441695, 28.4736523 ] ] } },
{ "type": "Feature", "properties": { "Layer": "0805DPMT", "IDTRAMO": 38097.0, "Provincia": "Santa Cruz de Tenerife", "Referencia": "DL-187-TF", "TM": "El Sauzal (Tenerife)", "Estado": "A", "OM": "2003-06-25", "Sit_Admin": "Aprobado (O.M. 25/06/2003)", "Tipo_Linea": "Límite SP aprobada", "Label": "DL-187-TF (O.M. 25/06/2003)", "ID_SEGMENT": "38097007", "FIGURA": null, "Shape_Leng": 0.0, "VERTICES": "SI" }, "geometry": { "type": "LineString", "coordinates": [ [ -16.4443466, 28.4734763 ], [ -16.44462, 28.473315 ], [ -16.4449497, 28.4733128 ], [ -16.4451103, 28.4732379 ], [ -16.4452852, 28.4732395 ], [ -16.445471, 28.4732085 ], [ -16.4454804, 28.4731452 ], [ -16.4453262, 28.4730746 ], [ -16.4452721, 28.4730436 ], [ -16.4453585, 28.4730174 ], [ -16.4454428, 28.4729953 ], [ -16.445529, 28.4729798 ], [ -16.4456163, 28.4729708 ], [ -16.4457042, 28.4729686 ], [ -16.4462908, 28.4729758 ], [ -16.4463702, 28.4729795 ], [ -16.446449, 28.4729886 ], [ -16.4465267, 28.4730032 ], [ -16.446603, 28.473023 ], [ -16.4466773, 28.473048 ], [ -16.4467491, 28.4730781 ], [ -16.447144, 28.4732602 ], [ -16.447169, 28.4732465 ], [ -16.4472477, 28.4732074 ], [ -16.4473299, 28.4731746 ], [ -16.4474151, 28.4731484 ], [ -16.4475026, 28.4731289 ], [ -16.4475917, 28.4731163 ], [ -16.4476817, 28.4731107 ], [ -16.4477719, 28.4731121 ], [ -16.4479834, 28.4731238 ], [ -16.4480505, 28.4731294 ], [ -16.4481169, 28.473139 ], [ -16.4481825, 28.4731523 ] ] } },
{ "type": "Feature", "properties": { "Layer": "0805DPMT", "IDTRAMO": 38009.0, "Provincia": "Santa Cruz de Tenerife", "Referencia": "DL-188-TF", "TM": "Santa Cruz de Tenerife (Tenerife)", "Estado": "A", "OM": "2010-05-07", "Sit_Admin": "Aprobado (O.M. 07/05/2010)", "Tipo_Linea": "Límite SP aprobada", "Label": "DL-188-TF (O.M. 07/05/2010)", "ID_SEGMENT": "38009003", "FIGURA": null, "Shape_Leng": 0.0, "VERTICES": "SI" }, "geometry": { "type": "LineString", "coordinates": [ [ -16.2915358, 28.4278394 ], [ -16.2916111, 28.4278824 ], [ -16.2916904, 28.4279194 ], [ -16.2917731, 28.4279501 ], [ -16.2918584, 28.4279742 ], [ -16.2919459, 28.4279916 ], [ -16.2920347, 28.4280022 ], [ -16.2921243, 28.4280059 ], [ -16.2922138, 28.4280026 ], [ -16.2923027, 28.4279924 ], [ -16.2923902, 28.4279753 ], [ -16.2924757, 28.4279515 ], [ -16.2925585, 28.4279211 ], [ -16.292638, 28.4278845 ], [ -16.2931224, 28.4276414 ], [ -16.2931982, 28.4275994 ], [ -16.2932696, 28.4275516 ], [ -16.2933359, 28.4274986 ], [ -16.2933967, 28.4274405 ], [ -16.2934516, 28.4273781 ], [ -16.2935, 28.4273116 ], [ -16.2935417, 28.4272416 ], [ -16.2935763, 28.4271686 ], [ -16.2936035, 28.4270932 ], [ -16.2936232, 28.4270161 ], [ -16.2936351, 28.4269377 ], [ -16.2936392, 28.4268587 ], [ -16.2936355, 28.4267796 ], [ -16.293624, 28.4267012 ], [ -16.2936047, 28.4266239 ], [ -16.2935779, 28.4265485 ], [ -16.2934454, 28.4262291 ], [ -16.2934267, 28.4261806 ], [ -16.2934049, 28.4261331 ], [ -16.293467, 28.4260755 ], [ -16.2935231, 28.4260132 ], [ -16.2935728, 28.4259468 ], [ -16.2936156, 28.4258768 ], [ -16.2936513, 28.4258038 ], [ -16.2936796, 28.4257282 ], [ -16.2937003, 28.4256508 ], [ -16.2937131, 28.425572 ], [ -16.2937365, 28.425547 ], [ -16.2935238, 28.4254703 ], [ -16.2936559, 28.4252104 ], [ -16.2944542, 28.4248129 ], [ -16.2944277, 28.424431 ], [ -16.2944742, 28.424307 ], [ -16.2947633, 28.4244008 ], [ -16.2948361, 28.4242685 ], [ -16.2948383, 28.4241904 ], [ -16.2948329, 28.4241124 ], [ -16.2948199, 28.4240352 ], [ -16.2947994, 28.4239592 ], [ -16.2947715, 28.4238851 ], [ -16.2947365, 28.4238134 ], [ -16.2947212, 28.4237364 ], [ -16.2946984, 28.4236608 ], [ -16.2945354, 28.4236094 ], [ -16.2944954, 28.423548 ], [ -16.2945607, 28.4234133 ], [ -16.2945275, 28.4233737 ], [ -16.294525, 28.4233755 ], [ -16.2945055, 28.4231722 ], [ -16.294506, 28.4231722 ], [ -16.2946247, 28.4228098 ], [ -16.2946454, 28.4227346 ], [ -16.2946588, 28.4226582 ], [ -16.2946647, 28.422581 ], [ -16.2946631, 28.4225036 ], [ -16.294654, 28.4224267 ], [ -16.2946375, 28.4223507 ], [ -16.2946137, 28.4222762 ], [ -16.2945828, 28.4222039 ], [ -16.2945449, 28.4221341 ], [ -16.2948862, 28.4215534 ], [ -16.2949191, 28.4214918 ], [ -16.2949466, 28.4214283 ], [ -16.2949687, 28.4213631 ], [ -16.2949851, 28.4212967 ], [ -16.2949958, 28.4212293 ], [ -16.2950921, 28.4211784 ], [ -16.2951621, 28.4212154 ], [ -16.2952351, 28.4212473 ], [ -16.2953108, 28.421274 ], [ -16.2953887, 28.4212952 ], [ -16.2954682, 28.4213109 ], [ -16.2955489, 28.4213209 ], [ -16.2961081, 28.4213702 ], [ -16.2961941, 28.4213746 ], [ -16.2962803, 28.4213725 ], [ -16.2963659, 28.4213641 ], [ -16.2964505, 28.4213492 ], [ -16.2965333, 28.4213281 ], [ -16.2966138, 28.4213009 ], [ -16.2966914, 28.4212678 ], [ -16.2967656, 28.421229 ], [ -16.2972529, 28.4209457 ], [ -16.2972292, 28.4207714 ], [ -16.2973406, 28.4205966 ], [ -16.2980701, 28.419972 ], [ -16.2982169, 28.4194548 ], [ -16.298255, 28.4193067 ], [ -16.2982909, 28.4191581 ], [ -16.298366, 28.4191222 ], [ -16.2984374, 28.4190808 ], [ -16.2985047, 28.4190344 ], [ -16.2985673, 28.4189831 ], [ -16.2986249, 28.4189274 ], [ -16.298677, 28.4188676 ], [ -16.2987232, 28.4188042 ], [ -16.2987634, 28.4187375 ], [ -16.2988441, 28.4187023 ], [ -16.2989211, 28.4186609 ], [ -16.2989936, 28.4186137 ], [ -16.2990611, 28.418561 ], [ -16.2991231, 28.4185032 ], [ -16.2991791, 28.4184408 ], [ -16.2992287, 28.4183744 ], [ -16.2992714, 28.4183043 ], [ -16.299307, 28.4182311 ], [ -16.2993352, 28.4181555 ], [ -16.2993557, 28.4180779 ], [ -16.2993684, 28.4179991 ], [ -16.2993732, 28.4179196 ], [ -16.29937, 28.41784 ], [ -16.2993589, 28.417761 ], [ -16.299436, 28.4177212 ], [ -16.2995088, 28.4176755 ], [ -16.2995768, 28.4176245 ], [ -16.2996395, 28.4175684 ], [ -16.2996964, 28.4175076 ], [ -16.2997471, 28.4174427 ], [ -16.2997913, 28.4173742 ], [ -16.3000469, 28.416905 ], [ -16.3004907, 28.416414 ], [ -16.30054, 28.4163568 ], [ -16.300584, 28.4162964 ], [ -16.3006224, 28.416233 ], [ -16.300655, 28.4161672 ], [ -16.3006801, 28.4161063 ], [ -16.3010442, 28.415923 ], [ -16.3010973, 28.4158936 ], [ -16.3011667, 28.4158496 ], [ -16.3012317, 28.4158005 ], [ -16.3012919, 28.4157469 ], [ -16.3013467, 28.415689 ], [ -16.3013959, 28.4156272 ], [ -16.3014391, 28.415562 ], [ -16.3014759, 28.4154939 ], [ -16.3015062, 28.4154232 ], [ -16.3015297, 28.4153506 ], [ -16.3017244, 28.4152771 ], [ -16.301918, 28.4152015 ], [ -16.3019976, 28.415201 ], [ -16.302077, 28.4151951 ], [ -16.3021555, 28.4151837 ], [ -16.3022329, 28.415167 ], [ -16.3023085, 28.415145 ], [ -16.302382, 28.4151179 ], [ -16.3024754, 28.4149898 ], [ -16.3026023, 28.41483 ], [ -16.3027403, 28.4147899 ], [ -16.3028716, 28.4147723 ], [ -16.3030464, 28.4147278 ], [ -16.3031946, 28.4147363 ], [ -16.3035092, 28.4145885 ], [ -16.3035433, 28.4145031 ], [ -16.3035979, 28.4142575 ], [ -16.3038325, 28.4141879 ], [ -16.3039818, 28.4140117 ], [ -16.3040778, 28.4139312 ], [ -16.3042022, 28.4139054 ], [ -16.3042488, 28.4139458 ], [ -16.3042885, 28.4139863 ], [ -16.3042753, 28.4140415 ], [ -16.3042141, 28.4141319 ], [ -16.3041548, 28.4141897 ], [ -16.3040887, 28.4142515 ], [ -16.3040973, 28.4143088 ], [ -16.3041745, 28.4142999 ], [ -16.3042508, 28.4142858 ], [ -16.3043257, 28.4142667 ], [ -16.3043987, 28.4142426 ], [ -16.3044199, 28.4142345 ], [ -16.3044253, 28.4142259 ], [ -16.3044586, 28.4141235 ], [ -16.3044804, 28.4140171 ], [ -16.3045512, 28.4139572 ], [ -16.3046751, 28.4138968 ], [ -16.3048848, 28.4138765 ], [ -16.3050958, 28.4138583 ], [ -16.3051736, 28.4138024 ], [ -16.3052259, 28.4137427 ], [ -16.3052501, 28.4136446 ], [ -16.305276, 28.4134952 ], [ -16.3053234, 28.4134131 ], [ -16.3054036, 28.4133694 ], [ -16.3054775, 28.4133687 ], [ -16.3056398, 28.4134325 ], [ -16.3057423, 28.4135051 ], [ -16.3058425, 28.4136572 ], [ -16.3059111, 28.4136171 ], [ -16.3059758, 28.4135723 ], [ -16.3060362, 28.413523 ], [ -16.306092, 28.4134696 ], [ -16.3061427, 28.4134124 ], [ -16.3061881, 28.4133517 ], [ -16.3062278, 28.4132881 ], [ -16.3062615, 28.4132218 ], [ -16.3063256, 28.4131689 ], [ -16.3063844, 28.4131114 ], [ -16.3064373, 28.4130496 ], [ -16.306484, 28.4129841 ], [ -16.3065243, 28.4129152 ], [ -16.3065577, 28.4128436 ], [ -16.306584, 28.4127696 ], [ -16.306603, 28.412694 ], [ -16.3066146, 28.4126172 ], [ -16.3066546, 28.4122263 ], [ -16.3067982, 28.4120109 ], [ -16.3069233, 28.4118506 ], [ -16.3069655, 28.4117918 ], [ -16.3070025, 28.4117303 ], [ -16.307034, 28.4116665 ], [ -16.3070598, 28.4116007 ], [ -16.3071558, 28.4113221 ], [ -16.3072529, 28.4112016 ], [ -16.3073354, 28.4111279 ], [ -16.3079845, 28.4106546 ], [ -16.3082621, 28.4105039 ] ] } },
{ "type": "Feature", "properties": { "Layer": "0805DPMT", "IDTRAMO": 38008.0, "Provincia": "Santa Cruz de Tenerife", "Referencia": "DL-189-TF", "TM": "Santa Cruz de Tenerife (Tenerife)", "Estado": "A", "OM": "2005-06-27", "Sit_Admin": "Aprobado (O.M. 27/06/2005)", "Tipo_Linea": "Límite SP aprobada", "Label": "DL-189-TF (O.M. 27/06/2005)", "ID_SEGMENT": "38008003", "FIGURA": null, "Shape_Leng": 0.0, "VERTICES": "SI" }, "geometry": { "type": "LineString", "coordinates": [ [ -16.2915358, 28.4278394 ], [ -16.2913994, 28.4278558 ], [ -16.2913113, 28.4279276 ], [ -16.2912575, 28.4279835 ], [ -16.2912119, 28.4280277 ], [ -16.2911631, 28.4280692 ], [ -16.2910761, 28.4281383 ], [ -16.2910127, 28.4281848 ], [ -16.2909451, 28.4282267 ], [ -16.2905141, 28.4284714 ], [ -16.2904383, 28.4285201 ], [ -16.2902237, 28.4288039 ], [ -16.2901727, 28.4288655 ], [ -16.2901159, 28.4289232 ], [ -16.2897921, 28.4292251 ], [ -16.2897535, 28.4292902 ], [ -16.289713, 28.4293523 ], [ -16.289667, 28.4294115 ], [ -16.2896158, 28.4294672 ], [ -16.2895598, 28.4295191 ], [ -16.2894993, 28.429567 ], [ -16.2894347, 28.4296104 ], [ -16.2893663, 28.4296492 ], [ -16.2892948, 28.429683 ], [ -16.2892204, 28.4297117 ], [ -16.2885803, 28.4301099 ], [ -16.2880851, 28.430658 ], [ -16.2880321, 28.4307121 ], [ -16.2879745, 28.4307623 ], [ -16.2879126, 28.4308083 ], [ -16.2878467, 28.4308498 ], [ -16.2877774, 28.4308866 ], [ -16.2877049, 28.4309184 ], [ -16.2876299, 28.430945 ], [ -16.2875526, 28.4309663 ], [ -16.2868444, 28.4311348 ], [ -16.2867592, 28.4311582 ], [ -16.2865782, 28.4313033 ], [ -16.2864716, 28.4313888 ], [ -16.286467, 28.4313924 ], [ -16.2864444, 28.4314098 ], [ -16.2858421, 28.4318594 ], [ -16.285831, 28.4318676 ], [ -16.2850394, 28.4324417 ], [ -16.2848632, 28.4325756 ], [ -16.2846338, 28.4327499 ], [ -16.2844344, 28.4329373 ], [ -16.2843784, 28.4329861 ], [ -16.2843183, 28.4330309 ], [ -16.2842545, 28.4330714 ], [ -16.283566, 28.4334747 ], [ -16.2833455, 28.4337116 ], [ -16.2832929, 28.4337639 ], [ -16.2832359, 28.4338124 ], [ -16.2831748, 28.4338569 ], [ -16.28311, 28.433897 ], [ -16.2830418, 28.4339326 ], [ -16.2829708, 28.4339634 ], [ -16.2828972, 28.4339893 ], [ -16.2821716, 28.434216 ], [ -16.2817596, 28.4345154 ], [ -16.2814066, 28.4347666 ], [ -16.2811374, 28.4350432 ], [ -16.2810879, 28.4351189 ], [ -16.2810472, 28.4351761 ], [ -16.2810018, 28.4352304 ], [ -16.280952, 28.4352816 ], [ -16.2808979, 28.4353293 ], [ -16.2808457, 28.4353721 ], [ -16.2803743, 28.435988 ], [ -16.280321, 28.4360514 ], [ -16.2802617, 28.4361105 ], [ -16.2801968, 28.4361647 ], [ -16.2801268, 28.4362138 ], [ -16.2800521, 28.4362572 ], [ -16.2800093, 28.4363204 ], [ -16.2799609, 28.4363803 ], [ -16.279907, 28.4364365 ], [ -16.2798481, 28.4364886 ], [ -16.2797847, 28.4365363 ], [ -16.279717, 28.4365793 ], [ -16.2796456, 28.4366173 ], [ -16.2795709, 28.43665 ], [ -16.2794269, 28.4367067 ], [ -16.2791146, 28.436989 ], [ -16.2791102, 28.4370583 ], [ -16.2790998, 28.4371272 ], [ -16.2790835, 28.4371951 ], [ -16.2790639, 28.4372635 ], [ -16.2790415, 28.4373304 ], [ -16.2790134, 28.4373955 ], [ -16.2789797, 28.4374586 ], [ -16.2789406, 28.4375192 ], [ -16.2788963, 28.4375769 ] ] } },
{ "type": "Feature", "properties": { "Layer": "0805DPMT", "IDTRAMO": 38007.0, "Provincia": "Santa Cruz de Tenerife", "Referencia": "DL-191-TF", "TM": "Santa Cruz de Tenerife (Tenerife)", "Estado": "A", "OM": "2008-12-12", "Sit_Admin": "Aprobado (O.M. 12/12/2008)", "Tipo_Linea": "Límite SP aprobada", "Label": "DL-191-TF (O.M. 12/12/2008)", "ID_SEGMENT": "38007006", "FIGURA": null, "Shape_Leng": 0.0, "VERTICES": "SI" }, "geometry": { "type": "LineString", "coordinates": [ [ -16.2359245, 28.4875057 ], [ -16.2360086, 28.4874974 ], [ -16.2360916, 28.487483 ], [ -16.236173, 28.4874626 ], [ -16.2365753, 28.4873454 ], [ -16.2366379, 28.4873252 ], [ -16.2366989, 28.4873014 ], [ -16.2369114, 28.4872109 ], [ -16.2366943, 28.4867701 ], [ -16.2366069, 28.4865349 ], [ -16.2366313, 28.4865155 ], [ -16.2366519, 28.4864928 ], [ -16.2366681, 28.4864675 ], [ -16.2366794, 28.4864402 ], [ -16.2366857, 28.4864117 ] ] } },
{ "type": "Feature", "properties": { "Layer": "0805DPMT", "IDTRAMO": 38007.0, "Provincia": "Santa Cruz de Tenerife", "Referencia": "DL-191-TF", "TM": "Santa Cruz de Tenerife (Tenerife)", "Estado": "A", "OM": "2008-12-12", "Sit_Admin": "Aprobado (O.M. 12/12/2008)", "Tipo_Linea": "Límite SP aprobada", "Label": "DL-191-TF (O.M. 12/12/2008)", "ID_SEGMENT": "38007008", "FIGURA": null, "Shape_Leng": 0.0, "VERTICES": "SI" }, "geometry": { "type": "LineString", "coordinates": [ [ -16.275711, 28.4417922 ], [ -16.2756612, 28.4418573 ], [ -16.2756051, 28.4419183 ], [ -16.2755433, 28.4419748 ], [ -16.2754762, 28.4420263 ], [ -16.2754042, 28.4420725 ], [ -16.275328, 28.4421129 ], [ -16.2752481, 28.4421473 ], [ -16.2751651, 28.4421755 ], [ -16.2751497, 28.4422383 ], [ -16.2751293, 28.4423 ], [ -16.2751039, 28.4423602 ], [ -16.2750107, 28.44256 ], [ -16.2747071, 28.4432156 ], [ -16.27467, 28.4432867 ], [ -16.2746261, 28.4433548 ], [ -16.2745756, 28.4434192 ], [ -16.274519, 28.4434794 ], [ -16.2744568, 28.4435352 ], [ -16.2742751, 28.4436842 ], [ -16.2741357, 28.4438293 ], [ -16.2741098, 28.443872 ], [ -16.2739486, 28.4441496 ], [ -16.2739261, 28.4441864 ], [ -16.2736916, 28.444548 ], [ -16.2736515, 28.4446047 ], [ -16.2736068, 28.4446587 ], [ -16.2735577, 28.4447097 ], [ -16.2735044, 28.4447572 ], [ -16.2734474, 28.4448012 ], [ -16.2733361, 28.4448806 ], [ -16.2733065, 28.4449211 ], [ -16.273298, 28.4450002 ], [ -16.2732818, 28.4450783 ], [ -16.2732578, 28.4451549 ], [ -16.2732263, 28.4452293 ], [ -16.2731875, 28.445301 ], [ -16.2731417, 28.4453694 ], [ -16.2730893, 28.4454339 ], [ -16.2730306, 28.4454942 ], [ -16.2725114, 28.4459824 ], [ -16.2724498, 28.4460356 ], [ -16.2723833, 28.4460841 ], [ -16.2723124, 28.4461274 ], [ -16.2722923, 28.4461386 ], [ -16.2722676, 28.4462041 ], [ -16.2722372, 28.4462678 ], [ -16.2722015, 28.4463292 ], [ -16.2721605, 28.446388 ], [ -16.2717128, 28.4469788 ], [ -16.2716379, 28.4471052 ], [ -16.2710052, 28.4474234 ], [ -16.270381, 28.4477284 ], [ -16.2698323, 28.4481091 ], [ -16.2697452, 28.4481927 ], [ -16.2693687, 28.4485057 ], [ -16.2691876, 28.4486587 ], [ -16.2687383, 28.4488843 ], [ -16.2686656, 28.4489175 ], [ -16.2685901, 28.4489454 ], [ -16.2685123, 28.4489679 ], [ -16.2684327, 28.4489848 ], [ -16.2683827, 28.4489936 ], [ -16.2683345, 28.4492522 ], [ -16.2683182, 28.4493221 ], [ -16.2682958, 28.4493907 ], [ -16.2682673, 28.4494575 ], [ -16.2682329, 28.449522 ], [ -16.2680793, 28.4496618 ], [ -16.2679578, 28.4497658 ], [ -16.2677322, 28.4499094 ], [ -16.2670909, 28.4503178 ], [ -16.2668867, 28.4504707 ], [ -16.2667148, 28.4505525 ], [ -16.2659612, 28.4507673 ], [ -16.2649385, 28.4509268 ], [ -16.2642614, 28.4510371 ], [ -16.2639576, 28.4511707 ], [ -16.2637012, 28.4512152 ], [ -16.2635783, 28.4512378 ], [ -16.2634833, 28.4512547 ], [ -16.2632493, 28.4513472 ], [ -16.2629736, 28.4515793 ], [ -16.2624814, 28.4518061 ], [ -16.2624173, 28.4518403 ], [ -16.2624109, 28.4513066 ] ] } },
{ "type": "Feature", "properties": { "Layer": "0805DPMT", "IDTRAMO": 38007.0, "Provincia": "Santa Cruz de Tenerife", "Referencia": "DL-191-TF", "TM": "Santa Cruz de Tenerife (Tenerife)", "Estado": "A", "OM": "2008-12-12", "Sit_Admin": "Aprobado (O.M. 12/12/2008)", "Tipo_Linea": "Límite SP aprobada", "Label": "DL-191-TF (O.M. 12/12/2008)", "ID_SEGMENT": "38007009", "FIGURA": null, "Shape_Leng": 0.0, "VERTICES": "SI" }, "geometry": { "type": "LineString", "coordinates": [ [ -16.2616899, 28.4515925 ], [ -16.2616562, 28.4516125 ], [ -16.2616351, 28.4516235 ], [ -16.2616113, 28.4516342 ] ] } },
{ "type": "Feature", "properties": { "Layer": "0805DPMT", "IDTRAMO": 38007.0, "Provincia": "Santa Cruz de Tenerife", "Referencia": "DL-191-TF", "TM": "Santa Cruz de Tenerife (Tenerife)", "Estado": "A", "OM": "2008-12-12", "Sit_Admin": "Aprobado (O.M. 12/12/2008)", "Tipo_Linea": "Límite SP aprobada", "Label": "DL-191-TF (O.M. 12/12/2008)", "ID_SEGMENT": "38007010", "FIGURA": null, "Shape_Leng": 0.0, "VERTICES": "SI" }, "geometry": { "type": "LineString", "coordinates": [ [ -16.2608649, 28.4519688 ], [ -16.2608356, 28.4519756 ], [ -16.2603948, 28.4520477 ] ] } },
{ "type": "Feature", "properties": { "Layer": "0805DPMT", "IDTRAMO": 38007.0, "Provincia": "Santa Cruz de Tenerife", "Referencia": "DL-191-TF", "TM": "Santa Cruz de Tenerife (Tenerife)", "Estado": "A", "OM": "2008-12-12", "Sit_Admin": "Aprobado (O.M. 12/12/2008)", "Tipo_Linea": "Límite SP aprobada", "Label": "DL-191-TF (O.M. 12/12/2008)", "ID_SEGMENT": "38007011", "FIGURA": null, "Shape_Leng": 0.0, "VERTICES": "SI" }, "geometry": { "type": "LineString", "coordinates": [ [ -16.2477376, 28.4632837 ], [ -16.2477414, 28.4632853 ], [ -16.2477715, 28.4633014 ], [ -16.247798, 28.4633218 ], [ -16.2478202, 28.4633459 ], [ -16.2478374, 28.4633731 ], [ -16.247849, 28.4634024 ], [ -16.2478548, 28.4634331 ], [ -16.2478545, 28.4634641 ], [ -16.2478482, 28.4634947 ], [ -16.2478361, 28.4635239 ], [ -16.2476331, 28.4639063 ], [ -16.2476161, 28.4639324 ], [ -16.2475945, 28.4639557 ], [ -16.2475688, 28.4639754 ], [ -16.2475397, 28.4639911 ], [ -16.2475081, 28.4640023 ], [ -16.2474748, 28.4640087 ], [ -16.2474407, 28.4640101 ], [ -16.2474069, 28.4640065 ], [ -16.2473743, 28.463998 ], [ -16.247353, 28.4639907 ] ] } },
{ "type": "Feature", "properties": { "Layer": "0805DPMT", "IDTRAMO": 38007.0, "Provincia": "Santa Cruz de Tenerife", "Referencia": "DL-191-TF", "TM": "Santa Cruz de Tenerife (Tenerife)", "Estado": "A", "OM": "2008-12-12", "Sit_Admin": "Aprobado (O.M. 12/12/2008)", "Tipo_Linea": "Límite SP aprobada", "Label": "DL-191-TF (O.M. 12/12/2008)", "ID_SEGMENT": "38007012", "FIGURA": null, "Shape_Leng": 0.0, "VERTICES": "SI" }, "geometry": { "type": "LineString", "coordinates": [ [ -16.2378008, 28.484651 ], [ -16.2378542, 28.4847495 ], [ -16.2378661, 28.4847768 ], [ -16.2378727, 28.4848055 ], [ -16.2378741, 28.4848347 ], [ -16.2378701, 28.4848637 ], [ -16.2378608, 28.4848918 ], [ -16.2378465, 28.4849182 ], [ -16.2375764, 28.4853285 ], [ -16.2374378, 28.4855725 ], [ -16.2374224, 28.4855953 ], [ -16.2374034, 28.4856159 ], [ -16.2373811, 28.4856337 ], [ -16.2370891, 28.4858357 ] ] } },
{ "type": "Feature", "properties": { "Layer": "0805DPMT", "IDTRAMO": 38007.0, "Provincia": "Santa Cruz de Tenerife", "Referencia": "DL-191-TF", "TM": "Santa Cruz de Tenerife (Tenerife)", "Estado": "A", "OM": "2008-12-12", "Sit_Admin": "Aprobado (O.M. 12/12/2008)", "Tipo_Linea": "Límite SP aprobada", "Label": "DL-191-TF (O.M. 12/12/2008)", "ID_SEGMENT": "38007013", "FIGURA": null, "Shape_Leng": 0.0, "VERTICES": "SI" }, "geometry": { "type": "LineString", "coordinates": [ [ -16.2267277, 28.4912288 ], [ -16.226733, 28.4913051 ], [ -16.226731, 28.4913814 ], [ -16.2267217, 28.4914573 ], [ -16.2267052, 28.4915323 ], [ -16.2266816, 28.4916058 ], [ -16.226651, 28.4916772 ], [ -16.2266137, 28.4917461 ], [ -16.2265699, 28.491812 ], [ -16.22652, 28.4918744 ], [ -16.2264643, 28.4919328 ], [ -16.2264032, 28.4919868 ], [ -16.2263371, 28.4920361 ], [ -16.2262666, 28.4920802 ], [ -16.2261921, 28.492119 ], [ -16.2261141, 28.492152 ], [ -16.2260333, 28.4921791 ], [ -16.2259501, 28.4922001 ], [ -16.2256728, 28.4922589 ], [ -16.2255866, 28.4922738 ], [ -16.2254991, 28.492282 ], [ -16.2254112, 28.4922836 ], [ -16.2253235, 28.4922785 ], [ -16.2252366, 28.4922668 ], [ -16.2251512, 28.4922485 ], [ -16.2250678, 28.4922238 ], [ -16.2249872, 28.4921928 ], [ -16.2249099, 28.4921558 ], [ -16.2248365, 28.4921131 ], [ -16.2247675, 28.492065 ], [ -16.2247034, 28.4920118 ], [ -16.2246448, 28.4919539 ], [ -16.2245919, 28.4918919 ], [ -16.2244676, 28.4917317 ] ] } },
{ "type": "Feature", "properties": { "Layer": "0805DPMT", "IDTRAMO": 38007.0, "Provincia": "Santa Cruz de Tenerife", "Referencia": "DL-191-TF", "TM": "Santa Cruz de Tenerife (Tenerife)", "Estado": "A", "OM": "2008-12-12", "Sit_Admin": "Aprobado (O.M. 12/12/2008)", "Tipo_Linea": "Límite SP aprobada", "Label": "DL-191-TF (O.M. 12/12/2008)", "ID_SEGMENT": "38007014", "FIGURA": null, "Shape_Leng": 0.0, "VERTICES": "SI" }, "geometry": { "type": "LineString", "coordinates": [ [ -16.2133358, 28.495 ], [ -16.2129133, 28.4952656 ], [ -16.2129118, 28.4952665 ], [ -16.2124724, 28.4955416 ], [ -16.2124043, 28.4955808 ], [ -16.2119491, 28.4958201 ], [ -16.2119268, 28.4958315 ], [ -16.2112222, 28.4961811 ], [ -16.2106752, 28.4964424 ], [ -16.2106208, 28.4964665 ], [ -16.2105648, 28.4964878 ], [ -16.2105075, 28.4965061 ], [ -16.2104554, 28.4965434 ], [ -16.2104006, 28.4965777 ], [ -16.2103434, 28.4966087 ], [ -16.2096237, 28.4969703 ], [ -16.2095438, 28.4970065 ], [ -16.2094607, 28.4970363 ], [ -16.2093749, 28.4970595 ], [ -16.2090345, 28.4971375 ], [ -16.2089747, 28.4971665 ], [ -16.2087906, 28.4972491 ], [ -16.2087196, 28.497278 ], [ -16.2086463, 28.497302 ], [ -16.2085712, 28.497321 ], [ -16.2084946, 28.4973349 ], [ -16.208417, 28.4973435 ], [ -16.2083389, 28.4973469 ] ] } },
{ "type": "Feature", "properties": { "Layer": "0805DPMT", "IDTRAMO": 38007.0, "Provincia": "Santa Cruz de Tenerife", "Referencia": "DL-191-TF", "TM": "Santa Cruz de Tenerife (Tenerife)", "Estado": "A", "OM": "2008-12-12", "Sit_Admin": "Aprobado (O.M. 12/12/2008)", "Tipo_Linea": "Límite SP aprobada", "Label": "DL-191-TF (O.M. 12/12/2008)", "ID_SEGMENT": "38007015", "FIGURA": null, "Shape_Leng": 0.0, "VERTICES": "SI" }, "geometry": { "type": "LineString", "coordinates": [ [ -16.1954774, 28.5009336 ], [ -16.1956896, 28.500892 ], [ -16.1957767, 28.5008713 ], [ -16.1958613, 28.500844 ], [ -16.1959429, 28.5008101 ], [ -16.1960208, 28.5007701 ], [ -16.1960944, 28.5007241 ], [ -16.1961632, 28.5006725 ], [ -16.1962265, 28.5006159 ], [ -16.1962839, 28.5005545 ], [ -16.196335, 28.5004888 ], [ -16.1963793, 28.5004195 ], [ -16.1964165, 28.500347 ], [ -16.1964464, 28.5002718 ], [ -16.1964686, 28.5001946 ], [ -16.196483, 28.500116 ] ] } },
{ "type": "Feature", "properties": { "Layer": "0805DPMT", "IDTRAMO": 38001.0, "Provincia": "Santa Cruz de Tenerife", "Referencia": "DL-196-TF", "TM": "Santa Cruz de Tenerife (Tenerife)", "Estado": "A", "OM": "2006-09-22", "Sit_Admin": "Aprobado (O.M. 22/09/2006)", "Tipo_Linea": "Límite SP aprobada", "Label": "DL-196-TF (O.M. 22/09/2006)", "ID_SEGMENT": "38001003", "FIGURA": null, "Shape_Leng": 0.0, "VERTICES": "SI" }, "geometry": { "type": "LineString", "coordinates": [ [ -16.2731929, 28.5718456 ], [ -16.273211, 28.5719146 ], [ -16.2731789, 28.5719836 ], [ -16.2731534, 28.5720548 ], [ -16.2731347, 28.5721276 ], [ -16.2731228, 28.5722016 ], [ -16.2731179, 28.5722761 ], [ -16.27312, 28.5723508 ], [ -16.2731291, 28.572425 ], [ -16.2731451, 28.5724983 ], [ -16.2731679, 28.5725702 ], [ -16.2731974, 28.5726402 ], [ -16.2732333, 28.5727078 ], [ -16.2732754, 28.5727726 ], [ -16.2728598, 28.5727554 ], [ -16.2720489, 28.5731885 ], [ -16.2719756, 28.5732316 ], [ -16.2719067, 28.5732801 ], [ -16.2718428, 28.5733336 ], [ -16.2717844, 28.5733918 ], [ -16.2717319, 28.5734542 ], [ -16.2716856, 28.5735204 ], [ -16.271646, 28.5735899 ], [ -16.2716133, 28.5736621 ], [ -16.2714379, 28.5741036 ], [ -16.2711486, 28.5747274 ], [ -16.2710572, 28.5749672 ], [ -16.2710296, 28.5749248 ], [ -16.2709812, 28.5748577 ], [ -16.2709263, 28.5747945 ], [ -16.2708653, 28.5747359 ], [ -16.2707987, 28.5746823 ], [ -16.2707271, 28.5746341 ], [ -16.2702545, 28.5743442 ], [ -16.2701802, 28.5743027 ], [ -16.2701022, 28.574267 ], [ -16.270021, 28.5742373 ], [ -16.2699372, 28.5742139 ], [ -16.2698514, 28.574197 ], [ -16.2695567, 28.5741503 ], [ -16.2694577, 28.5741287 ], [ -16.269286, 28.5738601 ], [ -16.2692444, 28.5738006 ], [ -16.2691978, 28.5737442 ], [ -16.2691464, 28.5736911 ], [ -16.2690905, 28.5736417 ], [ -16.2690304, 28.5735962 ], [ -16.2689665, 28.573555 ], [ -16.268372, 28.573244 ], [ -16.2679833, 28.5730896 ], [ -16.2679118, 28.573064 ], [ -16.2678382, 28.5730433 ], [ -16.2677631, 28.5730275 ], [ -16.2676868, 28.5730167 ], [ -16.2676099, 28.5730111 ], [ -16.2675327, 28.5730106 ], [ -16.2675279, 28.5730107 ], [ -16.2673952, 28.5729274 ], [ -16.2673251, 28.572887 ], [ -16.2672515, 28.5728519 ], [ -16.2671749, 28.5728222 ], [ -16.2670957, 28.5727981 ], [ -16.2670146, 28.5727799 ], [ -16.2669321, 28.5727675 ], [ -16.2663438, 28.5727012 ], [ -16.2662739, 28.5726954 ], [ -16.2662037, 28.5726939 ], [ -16.2661336, 28.5726967 ], [ -16.2660639, 28.5727037 ], [ -16.2656623, 28.5727564 ], [ -16.2653403, 28.5724231 ], [ -16.2652819, 28.5723675 ], [ -16.2652183, 28.5723164 ], [ -16.2651501, 28.5722702 ], [ -16.2650778, 28.5722293 ], [ -16.2650018, 28.5721938 ], [ -16.2649227, 28.5721641 ], [ -16.2648411, 28.5721404 ], [ -16.2647575, 28.5721228 ], [ -16.2646726, 28.5721115 ], [ -16.2646077, 28.5720698 ], [ -16.2645393, 28.5720328 ], [ -16.2644678, 28.5720006 ], [ -16.2643937, 28.5719734 ], [ -16.2643174, 28.5719515 ], [ -16.2642394, 28.5719349 ], [ -16.2641601, 28.5719238 ], [ -16.263855, 28.5718917 ], [ -16.2637782, 28.5718862 ], [ -16.2637012, 28.5718858 ], [ -16.2636244, 28.5718905 ], [ -16.2634079, 28.5719111 ], [ -16.2633308, 28.5719211 ], [ -16.2632548, 28.5719363 ], [ -16.2631803, 28.5719565 ], [ -16.2621982, 28.5722594 ], [ -16.2621607, 28.5722822 ], [ -16.2619506, 28.5718435 ], [ -16.2619152, 28.5717772 ], [ -16.2618738, 28.5717136 ], [ -16.2618267, 28.5716533 ], [ -16.2617742, 28.5715965 ], [ -16.2617166, 28.5715436 ], [ -16.2616544, 28.571495 ], [ -16.2615879, 28.5714511 ], [ -16.2615176, 28.5714121 ], [ -16.2614439, 28.5713782 ], [ -16.2609489, 28.5711728 ], [ -16.2605015, 28.5709618 ], [ -16.2600091, 28.5704331 ], [ -16.2598169, 28.570181 ], [ -16.2598016, 28.5701088 ], [ -16.2597796, 28.570038 ], [ -16.2597512, 28.5699689 ], [ -16.2597165, 28.5699021 ], [ -16.2596758, 28.5698381 ], [ -16.2596293, 28.5697771 ], [ -16.2595774, 28.5697197 ], [ -16.2595203, 28.5696662 ], [ -16.2594585, 28.569617 ], [ -16.2593924, 28.5695724 ], [ -16.2593224, 28.5695327 ], [ -16.2591407, 28.5692945 ], [ -16.2590918, 28.5692357 ], [ -16.2590377, 28.5691806 ], [ -16.2589788, 28.5691295 ], [ -16.2589154, 28.5690828 ], [ -16.2588479, 28.5690407 ], [ -16.2587767, 28.5690036 ], [ -16.2584513, 28.5688492 ], [ -16.2583763, 28.5688175 ], [ -16.2582986, 28.5687913 ], [ -16.2582187, 28.5687708 ], [ -16.2581373, 28.5687561 ], [ -16.2580547, 28.5687472 ], [ -16.2579996, 28.5686873 ], [ -16.2579389, 28.5686318 ], [ -16.257873, 28.568581 ], [ -16.2578025, 28.5685354 ], [ -16.2577278, 28.5684953 ], [ -16.2576495, 28.568461 ], [ -16.2575682, 28.5684327 ], [ -16.2575338, 28.5684222 ], [ -16.2571346, 28.5683004 ], [ -16.2570488, 28.5682779 ], [ -16.2569612, 28.5682621 ], [ -16.2568723, 28.5682532 ], [ -16.2567829, 28.5682511 ], [ -16.2566936, 28.5682559 ], [ -16.2566051, 28.5682676 ], [ -16.2565181, 28.5682861 ], [ -16.256168, 28.568375 ], [ -16.256097, 28.5683955 ], [ -16.2560279, 28.5684206 ], [ -16.255961, 28.5684501 ], [ -16.2558968, 28.5684838 ], [ -16.255516, 28.5687004 ], [ -16.2548774, 28.5690502 ], [ -16.254358, 28.5688735 ], [ -16.2542721, 28.5688481 ], [ -16.2541839, 28.5688294 ], [ -16.2540942, 28.5688178 ], [ -16.2540037, 28.5688132 ], [ -16.253913, 28.5688157 ], [ -16.253823, 28.5688253 ], [ -16.2537343, 28.5688419 ], [ -16.2536476, 28.5688654 ], [ -16.2535637, 28.5688956 ], [ -16.253064, 28.5690983 ], [ -16.2530423, 28.5690862 ], [ -16.2529641, 28.569047 ], [ -16.2528824, 28.5690141 ], [ -16.2527976, 28.5689875 ], [ -16.2527105, 28.5689677 ], [ -16.2526218, 28.5689547 ], [ -16.2525322, 28.5689486 ], [ -16.2524423, 28.5689495 ], [ -16.2523528, 28.5689574 ], [ -16.2522645, 28.5689722 ], [ -16.252178, 28.5689938 ], [ -16.2520939, 28.569022 ], [ -16.252013, 28.5690566 ], [ -16.2519358, 28.5690973 ], [ -16.251863, 28.5691439 ], [ -16.2517952, 28.569196 ], [ -16.2517327, 28.5692531 ], [ -16.2516762, 28.5693148 ], [ -16.2516261, 28.5693807 ], [ -16.2515827, 28.5694502 ], [ -16.2515464, 28.5695228 ], [ -16.2515174, 28.569598 ], [ -16.2514961, 28.5696751 ], [ -16.251429, 28.5699736 ], [ -16.2513196, 28.5700535 ], [ -16.2511589, 28.5701981 ], [ -16.2509939, 28.5701598 ], [ -16.2501887, 28.5699722 ], [ -16.2501529, 28.5699166 ], [ -16.2490736, 28.5697469 ], [ -16.2487011, 28.5695796 ], [ -16.2486263, 28.5695493 ], [ -16.2485489, 28.5695243 ], [ -16.2484696, 28.569505 ], [ -16.2483887, 28.5694914 ], [ -16.2483068, 28.5694835 ], [ -16.2482245, 28.5694815 ], [ -16.2481423, 28.5694854 ], [ -16.2478839, 28.5695067 ], [ -16.247802, 28.5695164 ], [ -16.2477213, 28.569532 ], [ -16.2476422, 28.5695532 ], [ -16.2475654, 28.56958 ], [ -16.2472051, 28.5697208 ], [ -16.2466707, 28.5696723 ], [ -16.2461392, 28.5696264 ], [ -16.2460523, 28.5696222 ], [ -16.2459653, 28.5696245 ], [ -16.2458789, 28.5696334 ], [ -16.2457936, 28.5696487 ], [ -16.2457102, 28.5696703 ], [ -16.2452806, 28.5697994 ], [ -16.2452087, 28.5698237 ], [ -16.2451391, 28.5698527 ], [ -16.2450722, 28.5698863 ], [ -16.2450083, 28.5699242 ], [ -16.2449478, 28.5699662 ], [ -16.2446033, 28.5702248 ], [ -16.2443748, 28.5702511 ], [ -16.2442944, 28.5702632 ], [ -16.2442153, 28.5702809 ], [ -16.2441381, 28.5703041 ], [ -16.2440633, 28.5703327 ], [ -16.2439912, 28.5703665 ], [ -16.2439225, 28.5704053 ], [ -16.2438361, 28.5703004 ], [ -16.2429441, 28.5698002 ], [ -16.2428748, 28.569762 ], [ -16.2428024, 28.5697287 ], [ -16.2427272, 28.5697006 ], [ -16.2426497, 28.5696778 ], [ -16.2425704, 28.5696605 ], [ -16.2424898, 28.5696487 ], [ -16.2424356, 28.5695933 ], [ -16.2423765, 28.5695419 ], [ -16.2423128, 28.5694949 ], [ -16.2422451, 28.5694527 ], [ -16.2421737, 28.5694154 ], [ -16.2418075, 28.5692415 ], [ -16.2413527, 28.5689056 ], [ -16.2412865, 28.5688606 ], [ -16.2412164, 28.5688206 ], [ -16.2411428, 28.5687857 ], [ -16.2410662, 28.5687563 ], [ -16.2409871, 28.5687324 ], [ -16.2404959, 28.568604 ], [ -16.2404121, 28.5685785 ], [ -16.2403312, 28.5685468 ], [ -16.2402537, 28.568509 ], [ -16.2401802, 28.5684655 ], [ -16.2401112, 28.5684164 ], [ -16.2398135, 28.5681853 ], [ -16.2397487, 28.568138 ], [ -16.2396796, 28.5680956 ], [ -16.2396069, 28.5680583 ], [ -16.239531, 28.5680264 ], [ -16.2394523, 28.5680002 ], [ -16.2393715, 28.5679797 ], [ -16.239289, 28.5679652 ], [ -16.2392054, 28.5679567 ], [ -16.2391214, 28.5679543 ], [ -16.2390374, 28.567958 ], [ -16.238954, 28.5679678 ], [ -16.2388718, 28.5679836 ], [ -16.2379495, 28.5676343 ], [ -16.2373094, 28.5673663 ], [ -16.237271, 28.5673511 ], [ -16.2364971, 28.5670609 ], [ -16.2360594, 28.5668056 ], [ -16.2359834, 28.5667654 ], [ -16.2359036, 28.566731 ], [ -16.2358209, 28.566703 ], [ -16.2352687, 28.5665395 ], [ -16.2348151, 28.5660481 ], [ -16.2347579, 28.5659912 ], [ -16.2346954, 28.5659387 ], [ -16.2346281, 28.565891 ], [ -16.2345566, 28.5658486 ], [ -16.2344812, 28.5658116 ], [ -16.2344026, 28.5657803 ], [ -16.2343213, 28.565755 ], [ -16.2337081, 28.5655897 ], [ -16.233115, 28.565432 ], [ -16.2330321, 28.5654133 ], [ -16.2329476, 28.5654007 ], [ -16.2328623, 28.5653945 ], [ -16.2327766, 28.5653946 ], [ -16.2326913, 28.5654009 ], [ -16.2326069, 28.5654136 ], [ -16.2325239, 28.5654325 ], [ -16.2324431, 28.5654574 ], [ -16.2316216, 28.5652565 ], [ -16.231544, 28.5652404 ], [ -16.2314653, 28.5652297 ], [ -16.2313858, 28.5652244 ], [ -16.2313061, 28.5652246 ], [ -16.2312267, 28.5652302 ], [ -16.231148, 28.5652413 ], [ -16.230904, 28.5652845 ], [ -16.2303163, 28.5652353 ], [ -16.2297837, 28.5650434 ], [ -16.2296982, 28.5650164 ], [ -16.2296103, 28.5649962 ], [ -16.2284443, 28.5647769 ], [ -16.2283581, 28.564764 ], [ -16.228271, 28.5647578 ], [ -16.2281836, 28.5647581 ], [ -16.2280965, 28.564765 ], [ -16.2272191, 28.564868 ], [ -16.2271699, 28.5648749 ], [ -16.227121, 28.5648839 ], [ -16.2269364, 28.564922 ], [ -16.2268931, 28.5649054 ], [ -16.2260855, 28.5645164 ], [ -16.2260113, 28.5644841 ], [ -16.2259344, 28.5644571 ], [ -16.2258553, 28.5644357 ], [ -16.2257745, 28.56442 ], [ -16.2256925, 28.5644102 ], [ -16.2256098, 28.5644063 ], [ -16.2255271, 28.5644082 ], [ -16.2254529, 28.5643614 ], [ -16.2253742, 28.5643206 ], [ -16.2252917, 28.5642862 ], [ -16.225206, 28.5642584 ], [ -16.2251179, 28.5642374 ], [ -16.225028, 28.5642235 ], [ -16.2249371, 28.5642167 ], [ -16.2248458, 28.5642171 ], [ -16.224755, 28.5642247 ], [ -16.2246653, 28.5642394 ], [ -16.2245774, 28.5642611 ], [ -16.224492, 28.5642896 ], [ -16.2244099, 28.5643248 ], [ -16.2243317, 28.5643662 ], [ -16.224258, 28.5644137 ], [ -16.2233952, 28.5643422 ], [ -16.2233154, 28.5643384 ], [ -16.2232355, 28.56434 ], [ -16.223156, 28.5643472 ], [ -16.222392, 28.564443 ], [ -16.2223073, 28.5644568 ], [ -16.2222243, 28.5644769 ], [ -16.2221435, 28.5645031 ], [ -16.2220654, 28.5645352 ], [ -16.2219907, 28.564573 ], [ -16.2219199, 28.5646162 ], [ -16.2218534, 28.5646645 ], [ -16.2213195, 28.5650869 ], [ -16.2212641, 28.5651342 ], [ -16.2212129, 28.565185 ], [ -16.2211661, 28.5652391 ], [ -16.2211242, 28.5652962 ], [ -16.2210872, 28.5653559 ], [ -16.2210554, 28.5654179 ], [ -16.2209011, 28.5657516 ], [ -16.2207936, 28.5657976 ], [ -16.2204861, 28.5658723 ], [ -16.2201363, 28.565906 ], [ -16.2200646, 28.5659152 ], [ -16.2194951, 28.5660064 ], [ -16.2194266, 28.5660195 ], [ -16.2193593, 28.5660368 ], [ -16.2192935, 28.566058 ], [ -16.2190391, 28.5661491 ], [ -16.2183927, 28.5663836 ], [ -16.2176742, 28.5664967 ], [ -16.2175908, 28.566513 ], [ -16.2175092, 28.5665354 ], [ -16.2174301, 28.5665638 ], [ -16.2173539, 28.5665979 ], [ -16.2169129, 28.5668161 ], [ -16.2167914, 28.566772 ], [ -16.2162635, 28.5666599 ], [ -16.2158798, 28.5665427 ], [ -16.2157957, 28.5665205 ], [ -16.2157097, 28.5665048 ], [ -16.2156226, 28.5664957 ], [ -16.2155349, 28.5664931 ], [ -16.2154473, 28.5664972 ], [ -16.2153604, 28.566508 ], [ -16.2152748, 28.5665253 ], [ -16.2151913, 28.566549 ], [ -16.2151103, 28.5665789 ], [ -16.2149954, 28.5666266 ], [ -16.214799, 28.5666097 ], [ -16.2147125, 28.5666054 ], [ -16.2146258, 28.5666077 ], [ -16.2145397, 28.5666164 ], [ -16.2144548, 28.5666315 ], [ -16.2138691, 28.5667589 ], [ -16.2132169, 28.5668993 ], [ -16.2128317, 28.5670023 ], [ -16.2121723, 28.5670882 ], [ -16.2121004, 28.5670999 ], [ -16.2120296, 28.5671161 ], [ -16.2119604, 28.5671367 ], [ -16.2112806, 28.5673634 ], [ -16.2112046, 28.5673918 ], [ -16.2111316, 28.5674256 ], [ -16.2110618, 28.5674644 ], [ -16.2106633, 28.5677067 ], [ -16.2102536, 28.5677793 ], [ -16.2095691, 28.567773 ], [ -16.2094966, 28.5677746 ], [ -16.2094244, 28.5677807 ], [ -16.2093528, 28.5677914 ], [ -16.2091697, 28.5678246 ], [ -16.208762, 28.5677643 ], [ -16.2081493, 28.5676315 ], [ -16.2073784, 28.5674317 ], [ -16.2072963, 28.5674137 ], [ -16.2072127, 28.5674017 ], [ -16.2071283, 28.5673958 ], [ -16.2064195, 28.5673726 ], [ -16.2063417, 28.5673727 ], [ -16.2062642, 28.567378 ], [ -16.2061873, 28.5673884 ], [ -16.2061116, 28.567404 ], [ -16.2055395, 28.5675423 ], [ -16.2054617, 28.5675641 ], [ -16.2053861, 28.5675913 ], [ -16.2053132, 28.5676238 ], [ -16.2052435, 28.5676613 ], [ -16.2046312, 28.5680207 ], [ -16.2045773, 28.5680546 ], [ -16.2045259, 28.5680915 ], [ -16.2044774, 28.5681313 ], [ -16.2037582, 28.5687609 ], [ -16.2036965, 28.56882 ], [ -16.2036409, 28.5688837 ], [ -16.2035192, 28.5690371 ], [ -16.2033882, 28.5691703 ], [ -16.2033359, 28.5692282 ], [ -16.2032891, 28.5692896 ], [ -16.2032482, 28.5693543 ], [ -16.2032134, 28.5694217 ], [ -16.203185, 28.5694913 ], [ -16.2031025, 28.5697233 ], [ -16.203081, 28.5697936 ], [ -16.203066, 28.5698651 ], [ -16.2030575, 28.5699376 ], [ -16.2030557, 28.5700103 ], [ -16.2030574, 28.5700912 ], [ -16.2028778, 28.5702534 ], [ -16.2027922, 28.5702839 ], [ -16.2021652, 28.5703842 ], [ -16.2020844, 28.5704002 ], [ -16.2020053, 28.5704218 ], [ -16.2019285, 28.5704491 ], [ -16.2017407, 28.5705236 ], [ -16.201669, 28.5705551 ], [ -16.2016003, 28.5705914 ], [ -16.2010347, 28.5709179 ], [ -16.2003789, 28.5712012 ], [ -16.2001079, 28.5712917 ], [ -16.2000822, 28.5712684 ], [ -16.1999242, 28.5712161 ] ] } },
{ "type": "Feature", "properties": { "Layer": "0805DPMT", "IDTRAMO": 38078.0, "Provincia": "Santa Cruz de Tenerife", "Referencia": "DL-199-TF", "TM": "Garachico (Tenerife)", "Estado": "A", "OM": "2005-12-20", "Sit_Admin": "Aprobado (O.M. 20/12/2005)", "Tipo_Linea": "Límite SP aprobada", "Label": "DL-199-TF (O.M. 20/12/2005)", "ID_SEGMENT": "38078002", "FIGURA": null, "Shape_Leng": 0.0, "VERTICES": "SI" }, "geometry": { "type": "LineString", "coordinates": [ [ -16.7389802, 28.3782841 ], [ -16.7389824, 28.378206 ], [ -16.7389885, 28.3781269 ], [ -16.7390024, 28.3780486 ], [ -16.739024, 28.3779717 ], [ -16.7390532, 28.3778967 ], [ -16.7390898, 28.3778244 ], [ -16.7391333, 28.3777551 ], [ -16.7391836, 28.3776895 ], [ -16.7392402, 28.377628 ], [ -16.7393027, 28.3775711 ], [ -16.7393705, 28.3775194 ], [ -16.7394433, 28.3774731 ], [ -16.7395203, 28.3774326 ], [ -16.7400818, 28.3771664 ], [ -16.7401499, 28.377137 ], [ -16.7402203, 28.3771121 ], [ -16.7402925, 28.3770918 ], [ -16.7405658, 28.3770252 ], [ -16.7406487, 28.3770082 ], [ -16.740733, 28.3769974 ], [ -16.7408179, 28.3769929 ], [ -16.740903, 28.3769946 ], [ -16.7409876, 28.3770026 ], [ -16.7410712, 28.3770168 ], [ -16.7413832, 28.3770818 ], [ -16.7414652, 28.3771022 ], [ -16.7415449, 28.3771284 ], [ -16.741622, 28.3771605 ], [ -16.7417011, 28.3771971 ], [ -16.7418271, 28.3772254 ], [ -16.7421133, 28.3771097 ], [ -16.7420644, 28.3770439 ], [ -16.7420222, 28.3769745 ], [ -16.741987, 28.3769021 ], [ -16.741959, 28.3768273 ], [ -16.7419386, 28.3767506 ], [ -16.7419258, 28.3766726 ], [ -16.7419249, 28.3766652 ], [ -16.7418268, 28.3765971 ], [ -16.7417595, 28.376546 ], [ -16.7416974, 28.37649 ], [ -16.7416411, 28.3764294 ], [ -16.7415909, 28.3763647 ], [ -16.7415473, 28.3762964 ], [ -16.7415105, 28.376225 ], [ -16.7414809, 28.3761511 ], [ -16.7414587, 28.3760751 ], [ -16.741444, 28.3759978 ], [ -16.741437, 28.3759196 ], [ -16.7414376, 28.3758411 ], [ -16.741446, 28.375763 ], [ -16.741462, 28.3756859 ], [ -16.7414856, 28.3756102 ], [ -16.7415164, 28.3755367 ], [ -16.7415544, 28.3754658 ], [ -16.7415992, 28.3753981 ], [ -16.7416505, 28.3753341 ], [ -16.7417078, 28.3752742 ], [ -16.7417708, 28.375219 ], [ -16.741839, 28.3751689 ], [ -16.7419119, 28.3751241 ], [ -16.7419889, 28.3750852 ], [ -16.7420694, 28.3750523 ], [ -16.7424109, 28.3749284 ], [ -16.742465, 28.3749104 ], [ -16.7426343, 28.3748587 ], [ -16.7428723, 28.3747344 ], [ -16.7429499, 28.3746978 ], [ -16.7430308, 28.3746672 ], [ -16.7431144, 28.3746429 ], [ -16.7432001, 28.374625 ], [ -16.7432871, 28.3746138 ], [ -16.743375, 28.3746092 ], [ -16.743463, 28.3746113 ], [ -16.7435504, 28.3746202 ], [ -16.7436366, 28.3746356 ], [ -16.7437211, 28.3746576 ], [ -16.743803, 28.3746859 ], [ -16.7438819, 28.3747204 ], [ -16.7439572, 28.3747608 ], [ -16.7440416, 28.3747594 ], [ -16.7441259, 28.3747642 ], [ -16.7441772, 28.3746075 ], [ -16.7442644, 28.3741277 ], [ -16.7442808, 28.374056 ], [ -16.7443038, 28.3739858 ], [ -16.744333, 28.3739174 ], [ -16.7443685, 28.3738513 ], [ -16.7444099, 28.373788 ], [ -16.7444569, 28.3737279 ], [ -16.7445093, 28.3736713 ], [ -16.7445667, 28.3736187 ], [ -16.7446288, 28.3735703 ], [ -16.744695, 28.3735266 ], [ -16.74472, 28.3734583 ], [ -16.7447511, 28.3733921 ], [ -16.744788, 28.3733282 ], [ -16.7448306, 28.3732671 ], [ -16.7448784, 28.3732092 ], [ -16.7449314, 28.3731548 ], [ -16.745373, 28.3727364 ], [ -16.7460202, 28.3721376 ], [ -16.7460807, 28.3720861 ], [ -16.7461457, 28.3720391 ], [ -16.746215, 28.371997 ], [ -16.7462879, 28.3719601 ], [ -16.7468739, 28.3716913 ], [ -16.746954, 28.3716583 ], [ -16.747037, 28.3716317 ], [ -16.7471223, 28.3716114 ], [ -16.7472092, 28.3715978 ], [ -16.7472972, 28.3715909 ], [ -16.74747, 28.3715839 ], [ -16.7478768, 28.3711374 ], [ -16.7485319, 28.3704456 ], [ -16.7485915, 28.370388 ], [ -16.7486565, 28.3703351 ], [ -16.7487264, 28.3702875 ], [ -16.7488007, 28.3702453 ], [ -16.7493556, 28.3699595 ], [ -16.7494163, 28.3699306 ], [ -16.749479, 28.3699054 ], [ -16.7498129, 28.3697833 ], [ -16.7498897, 28.3697583 ], [ -16.7499685, 28.3697389 ], [ -16.7500488, 28.3697251 ], [ -16.7501301, 28.3697171 ], [ -16.7507697, 28.3696766 ], [ -16.7517392, 28.3696073 ], [ -16.7518119, 28.3696044 ], [ -16.7518847, 28.3696061 ], [ -16.7519571, 28.3696124 ], [ -16.7520289, 28.3696232 ], [ -16.7526576, 28.3697387 ], [ -16.7532458, 28.369858 ], [ -16.7533173, 28.3698749 ], [ -16.7533873, 28.3698964 ], [ -16.7534553, 28.3699223 ], [ -16.753521, 28.3699526 ], [ -16.753584, 28.3699869 ], [ -16.7545788, 28.3705739 ], [ -16.7546544, 28.3705896 ], [ -16.7547284, 28.3706104 ], [ -16.7548004, 28.370636 ], [ -16.75487, 28.3706664 ], [ -16.7554117, 28.3709263 ], [ -16.7554794, 28.3709619 ], [ -16.7555438, 28.3710019 ], [ -16.7556046, 28.3710463 ], [ -16.7556612, 28.3710946 ], [ -16.7557135, 28.3711467 ], [ -16.7560552, 28.3715145 ], [ -16.7566341, 28.3721294 ], [ -16.7569772, 28.3724154 ], [ -16.7570285, 28.3724613 ], [ -16.7570759, 28.3725103 ], [ -16.7571192, 28.3725622 ], [ -16.7571583, 28.3726167 ], [ -16.7573972, 28.3729781 ], [ -16.7575685, 28.3731931 ], [ -16.7576708, 28.373324 ], [ -16.7576464, 28.3733316 ], [ -16.7579174, 28.37368 ], [ -16.7582319, 28.3740488 ], [ -16.7582674, 28.3740378 ], [ -16.7582932, 28.3740314 ], [ -16.7583198, 28.3740281 ], [ -16.7583466, 28.3740279 ], [ -16.7589073, 28.3740561 ], [ -16.7595444, 28.3739306 ], [ -16.7598612, 28.3738646 ], [ -16.7598652, 28.3738599 ], [ -16.7598848, 28.37384 ], [ -16.7599075, 28.3738228 ], [ -16.7599328, 28.3738088 ], [ -16.7599601, 28.3737982 ], [ -16.7599889, 28.3737912 ], [ -16.7603158, 28.3737342 ], [ -16.7603503, 28.3737308 ], [ -16.7603849, 28.3737327 ], [ -16.7605342, 28.3737521 ], [ -16.7606423, 28.3737233 ], [ -16.7606708, 28.3737177 ], [ -16.7606999, 28.3737157 ], [ -16.760729, 28.3737173 ], [ -16.7608456, 28.3737315 ], [ -16.7608641, 28.3737346 ], [ -16.7608823, 28.3737391 ], [ -16.761084, 28.3737986 ], [ -16.7611141, 28.3738099 ], [ -16.7611418, 28.3738254 ], [ -16.7613464, 28.373961 ], [ -16.7613727, 28.3739817 ], [ -16.7613945, 28.3740061 ], [ -16.7614112, 28.3740335 ], [ -16.7614224, 28.374063 ], [ -16.7614277, 28.3740937 ], [ -16.761427, 28.3741248 ], [ -16.7614202, 28.3741554 ], [ -16.7615196, 28.3742085 ], [ -16.7615461, 28.3742253 ], [ -16.7615693, 28.3742457 ], [ -16.7615884, 28.3742691 ], [ -16.7616031, 28.3742948 ], [ -16.7616573, 28.3744125 ], [ -16.7618026, 28.3744673 ], [ -16.761985, 28.3745318 ], [ -16.7620065, 28.3745408 ], [ -16.7620267, 28.3745518 ], [ -16.7622264, 28.3746762 ], [ -16.7622501, 28.3746935 ], [ -16.76237, 28.3747952 ], [ -16.7628035, 28.3748352 ], [ -16.7628961, 28.3748791 ], [ -16.7628824, 28.3746717 ], [ -16.7629947, 28.3746703 ], [ -16.7639113, 28.3745682 ], [ -16.7639974, 28.3748378 ], [ -16.7640116, 28.3750813 ], [ -16.7642966, 28.3750415 ], [ -16.7653402, 28.3742935 ], [ -16.7653373, 28.3742747 ], [ -16.7653355, 28.3742475 ], [ -16.7653383, 28.3742203 ], [ -16.7653457, 28.3741938 ], [ -16.7653575, 28.3741686 ], [ -16.7653735, 28.3741453 ], [ -16.7658603, 28.3735434 ], [ -16.765872, 28.3733592 ], [ -16.7658753, 28.3733356 ], [ -16.7658821, 28.3733126 ], [ -16.7658922, 28.3732905 ], [ -16.7659055, 28.3732699 ], [ -16.7659551, 28.3732034 ], [ -16.7659446, 28.3731382 ], [ -16.7658758, 28.3726707 ], [ -16.7658741, 28.3726416 ], [ -16.7658779, 28.3726126 ], [ -16.7658868, 28.3725845 ], [ -16.7659008, 28.372558 ], [ -16.7659194, 28.3725339 ], [ -16.7659422, 28.3725128 ], [ -16.7661418, 28.3723552 ], [ -16.766169, 28.3723371 ], [ -16.7661992, 28.3723232 ], [ -16.7664091, 28.3722458 ], [ -16.7664415, 28.3722366 ], [ -16.7664751, 28.3722322 ], [ -16.7665092, 28.3722329 ], [ -16.7665426, 28.3722385 ], [ -16.7665745, 28.372249 ], [ -16.7666039, 28.3722641 ], [ -16.7667131, 28.3723311 ], [ -16.7672585, 28.3720879 ], [ -16.7672565, 28.3720496 ], [ -16.7672577, 28.3720209 ], [ -16.7672639, 28.3719928 ], [ -16.7672751, 28.3719658 ], [ -16.767291, 28.3719408 ], [ -16.7673112, 28.3719183 ], [ -16.7673352, 28.3718989 ], [ -16.7673624, 28.3718832 ], [ -16.767392, 28.3718714 ], [ -16.7675619, 28.371818 ], [ -16.7675933, 28.3718105 ], [ -16.7679038, 28.3715732 ], [ -16.7678176, 28.3714608 ], [ -16.7677462, 28.371415 ], [ -16.767727, 28.371401 ], [ -16.7677099, 28.371385 ], [ -16.7674736, 28.3711362 ], [ -16.7674543, 28.3711122 ], [ -16.7674397, 28.3710857 ], [ -16.7674302, 28.3710574 ], [ -16.767426, 28.3710282 ], [ -16.7674273, 28.3709987 ], [ -16.7674339, 28.3709699 ], [ -16.7674894, 28.3708007 ], [ -16.7674894, 28.3708007 ], [ -16.7674601, 28.370759 ], [ -16.7673995, 28.3707959 ], [ -16.7673395, 28.3708689 ], [ -16.7673098, 28.3709234 ], [ -16.767135, 28.3708444 ], [ -16.766661, 28.3707355 ], [ -16.7667012, 28.3706126 ], [ -16.7667217, 28.3705403 ], [ -16.7667445, 28.3704715 ], [ -16.7667733, 28.3704045 ], [ -16.7668081, 28.3703397 ], [ -16.7668486, 28.3702776 ], [ -16.7668945, 28.3702185 ], [ -16.7669654, 28.3701348 ], [ -16.7670148, 28.3700808 ], [ -16.7670687, 28.3700304 ], [ -16.7671269, 28.3699838 ], [ -16.7671889, 28.3699413 ], [ -16.7672545, 28.3699031 ], [ -16.7673231, 28.3698695 ], [ -16.7674297, 28.369822 ], [ -16.7674929, 28.3697962 ], [ -16.7675579, 28.3697743 ], [ -16.7676245, 28.3697563 ], [ -16.7676924, 28.3697424 ], [ -16.7678503, 28.369715 ], [ -16.7679373, 28.3697033 ], [ -16.7680251, 28.3696983 ], [ -16.7681131, 28.3697 ], [ -16.7682701, 28.369709 ], [ -16.7683992, 28.3697281 ], [ -16.7684835, 28.3697438 ], [ -16.768566, 28.3697657 ], [ -16.7686461, 28.3697937 ], [ -16.7687232, 28.3698275 ], [ -16.7687969, 28.369867 ], [ -16.7688665, 28.3699119 ], [ -16.7689316, 28.3699618 ], [ -16.769541, 28.3699647 ], [ -16.7696302, 28.3699686 ], [ -16.7697186, 28.3699794 ], [ -16.7698056, 28.369997 ], [ -16.7698905, 28.3700212 ], [ -16.7699728, 28.3700519 ], [ -16.7700517, 28.3700888 ], [ -16.7701266, 28.3701317 ], [ -16.770197, 28.3701802 ], [ -16.7702623, 28.370234 ], [ -16.7706158, 28.370321 ], [ -16.7708326, 28.3704716 ], [ -16.770898, 28.3707234 ], [ -16.770818, 28.3708237 ], [ -16.7708246, 28.3712207 ], [ -16.7707259, 28.3714205 ], [ -16.7705552, 28.3715852 ], [ -16.7703761, 28.3718582 ], [ -16.7702341, 28.3719142 ], [ -16.7702466, 28.3720494 ], [ -16.7705627, 28.3720363 ], [ -16.7708084, 28.3720873 ], [ -16.7714878, 28.3724484 ], [ -16.7717875, 28.3726792 ], [ -16.7718976, 28.3725514 ], [ -16.7718249, 28.3724711 ], [ -16.7717191, 28.3722469 ], [ -16.7716149, 28.3721129 ], [ -16.7715668, 28.3720359 ], [ -16.7715243, 28.3719565 ], [ -16.7714876, 28.3718748 ], [ -16.7714568, 28.3717912 ], [ -16.7715354, 28.3718221 ], [ -16.7716108, 28.3718586 ], [ -16.7716824, 28.3719007 ], [ -16.7717498, 28.3719479 ], [ -16.7718124, 28.372 ], [ -16.7718698, 28.3720566 ], [ -16.7719217, 28.3721172 ], [ -16.7723037, 28.3726053 ], [ -16.7724058, 28.3727417 ], [ -16.7724362, 28.3727642 ], [ -16.7725001, 28.3728159 ], [ -16.7725589, 28.3728722 ], [ -16.772612, 28.3729326 ], [ -16.7726592, 28.3729969 ], [ -16.7727, 28.3730644 ], [ -16.7727038, 28.3730714 ], [ -16.7728405, 28.3731038 ], [ -16.7729233, 28.3730903 ], [ -16.773007, 28.3730829 ], [ -16.7730912, 28.3730816 ], [ -16.7731752, 28.3730865 ], [ -16.7732585, 28.3730975 ], [ -16.7733404, 28.3731145 ], [ -16.7737272, 28.3732098 ], [ -16.7738069, 28.3732326 ], [ -16.7738842, 28.3732611 ], [ -16.7739586, 28.3732951 ], [ -16.7739613, 28.3732942 ], [ -16.7740368, 28.3732707 ], [ -16.774114, 28.3732526 ], [ -16.7741927, 28.3732399 ], [ -16.7742723, 28.3732326 ], [ -16.7743522, 28.3732309 ], [ -16.774432, 28.3732347 ], [ -16.774537, 28.3732434 ], [ -16.7746173, 28.3732218 ], [ -16.7746993, 28.373206 ], [ -16.7747825, 28.3731963 ], [ -16.7752757, 28.3731569 ], [ -16.7755418, 28.3731215 ], [ -16.7755918, 28.3730609 ], [ -16.7756473, 28.3730041 ], [ -16.775708, 28.3729516 ], [ -16.7757734, 28.3729038 ], [ -16.775843, 28.3728609 ], [ -16.7759165, 28.3728233 ], [ -16.7759932, 28.3727912 ], [ -16.7760726, 28.3727649 ], [ -16.7761543, 28.3727445 ], [ -16.7762304, 28.3727078 ], [ -16.7763096, 28.3726769 ], [ -16.7763916, 28.3726521 ], [ -16.7764757, 28.3726335 ], [ -16.7765612, 28.3726213 ], [ -16.7766476, 28.3726156 ], [ -16.7767342, 28.3726163 ], [ -16.7768204, 28.3726236 ], [ -16.7769057, 28.3726373 ], [ -16.7769893, 28.3726574 ], [ -16.7770707, 28.3726836 ], [ -16.777195, 28.3727291 ], [ -16.7772744, 28.3727618 ], [ -16.7773504, 28.3728003 ], [ -16.7774223, 28.3728445 ], [ -16.7774897, 28.372894 ], [ -16.7775237, 28.3729212 ], [ -16.7778145, 28.3729179 ], [ -16.7778385, 28.3729127 ], [ -16.7778551, 28.3728362 ], [ -16.7778791, 28.3727613 ], [ -16.7779103, 28.3726885 ], [ -16.7779484, 28.3726184 ], [ -16.7779933, 28.3725514 ], [ -16.7781541, 28.3723332 ], [ -16.778205, 28.3722703 ], [ -16.7782618, 28.3722114 ], [ -16.7783241, 28.3721571 ], [ -16.7783914, 28.3721077 ], [ -16.7784633, 28.3720635 ], [ -16.7785392, 28.372025 ], [ -16.7786185, 28.3719924 ], [ -16.7787007, 28.3719659 ], [ -16.7787852, 28.3719457 ], [ -16.7788713, 28.371932 ], [ -16.7789585, 28.3719249 ], [ -16.7790459, 28.3719244 ], [ -16.7796005, 28.3719423 ], [ -16.7796849, 28.3719482 ], [ -16.7797686, 28.3719602 ], [ -16.7798508, 28.3719783 ], [ -16.779931, 28.3720024 ], [ -16.7800087, 28.3720323 ], [ -16.7800833, 28.3720678 ], [ -16.7801543, 28.3721086 ], [ -16.7802212, 28.3721545 ], [ -16.7802836, 28.3722052 ], [ -16.7803411, 28.3722602 ], [ -16.7804057, 28.372219 ], [ -16.7804738, 28.3721824 ], [ -16.7805449, 28.3721505 ], [ -16.7806186, 28.3721237 ], [ -16.7806945, 28.372102 ], [ -16.780772, 28.3720857 ], [ -16.7808507, 28.3720747 ], [ -16.7810123, 28.3721348 ], [ -16.7813523, 28.3723289 ], [ -16.7811508, 28.3724849 ], [ -16.7812446, 28.372601 ], [ -16.7812884, 28.3727809 ], [ -16.7813703, 28.3727979 ], [ -16.7813831, 28.3729511 ], [ -16.7814748, 28.3729409 ], [ -16.7814991, 28.3731752 ], [ -16.781387, 28.3731857 ], [ -16.7814299, 28.3733115 ], [ -16.7814538, 28.3735188 ], [ -16.7814369, 28.3737265 ], [ -16.7815389, 28.3737252 ], [ -16.781511, 28.373888 ], [ -16.7813992, 28.3739165 ], [ -16.7813341, 28.3739759 ], [ -16.7814951, 28.3742723 ], [ -16.782049, 28.3744088 ], [ -16.7822793, 28.3744591 ], [ -16.7823458, 28.3744013 ], [ -16.782511, 28.373893 ], [ -16.7833238, 28.3736838 ], [ -16.7832462, 28.3733569 ], [ -16.7833277, 28.373355 ], [ -16.7834091, 28.3733589 ], [ -16.7834899, 28.3733685 ], [ -16.7835696, 28.3733838 ], [ -16.7836477, 28.3734046 ], [ -16.7837236, 28.3734309 ], [ -16.7837969, 28.3734625 ], [ -16.7838594, 28.3734697 ], [ -16.7839477, 28.3734834 ], [ -16.7840343, 28.3735039 ], [ -16.7843961, 28.3736049 ], [ -16.78446, 28.3736248 ], [ -16.7845223, 28.3736485 ], [ -16.7845827, 28.3736757 ], [ -16.7846831, 28.3737248 ], [ -16.7850652, 28.3736773 ], [ -16.7851508, 28.3736699 ], [ -16.7856038, 28.3736477 ], [ -16.7856945, 28.3736469 ], [ -16.7857849, 28.3736531 ], [ -16.7858743, 28.3736665 ], [ -16.785962, 28.3736868 ], [ -16.7860474, 28.3737139 ], [ -16.7861296, 28.3737476 ], [ -16.7862082, 28.3737876 ], [ -16.7862825, 28.3738336 ], [ -16.7863518, 28.3738853 ], [ -16.7864156, 28.3739422 ], [ -16.7864735, 28.374004 ], [ -16.786525, 28.37407 ], [ -16.7865697, 28.3741398 ], [ -16.7866071, 28.3742128 ], [ -16.7866371, 28.3742885 ], [ -16.7866594, 28.3743662 ], [ -16.787327, 28.3743454 ], [ -16.7878203, 28.3742967 ], [ -16.7882192, 28.3742174 ], [ -16.7885936, 28.374088 ], [ -16.7886617, 28.3740669 ], [ -16.7887313, 28.3740501 ], [ -16.7890024, 28.3739936 ], [ -16.7890201, 28.373918 ], [ -16.7890451, 28.373844 ], [ -16.7890771, 28.3737722 ], [ -16.7891159, 28.373703 ], [ -16.7891613, 28.3736371 ], [ -16.7892129, 28.3735748 ], [ -16.7896319, 28.3731118 ], [ -16.7896776, 28.3730648 ], [ -16.7897267, 28.3730207 ], [ -16.7897792, 28.3729796 ], [ -16.7900475, 28.3727839 ], [ -16.7901107, 28.3727413 ], [ -16.79034, 28.3726004 ], [ -16.7903851, 28.3726554 ], [ -16.7904434, 28.3727489 ], [ -16.7905071, 28.3728515 ], [ -16.7905872, 28.3729805 ], [ -16.7907117, 28.3732503 ], [ -16.790947, 28.3731042 ], [ -16.7914119, 28.3728716 ], [ -16.7916697, 28.3728099 ], [ -16.7919578, 28.3728198 ], [ -16.7928568, 28.3729594 ], [ -16.7929454, 28.3732734 ], [ -16.793043, 28.3735485 ], [ -16.7930755, 28.3735288 ], [ -16.7930974, 28.3736187 ], [ -16.7931684, 28.3735907 ], [ -16.793302, 28.3736521 ], [ -16.7932822, 28.3736885 ], [ -16.7933439, 28.3737148 ], [ -16.793334, 28.3737329 ], [ -16.7932629, 28.3737519 ], [ -16.7933054, 28.3738506 ], [ -16.7934068, 28.3738132 ], [ -16.7933648, 28.3737416 ], [ -16.7933748, 28.3737324 ], [ -16.7934266, 28.3737768 ], [ -16.7935593, 28.3737841 ], [ -16.7936018, 28.3738828 ], [ -16.793582, 28.3739192 ], [ -16.7936242, 28.3739998 ], [ -16.7936884, 28.3741795 ], [ -16.7934218, 28.3743295 ], [ -16.7934494, 28.3743872 ], [ -16.7935011, 28.3744558 ], [ -16.7935604, 28.3745056 ], [ -16.7936891, 28.3744743 ], [ -16.7937195, 28.374469 ], [ -16.7937506, 28.374468 ], [ -16.7937814, 28.374471 ], [ -16.7938114, 28.3744782 ], [ -16.7938398, 28.3744894 ] ] } },
{ "type": "Feature", "properties": { "Layer": "0805DPMT", "IDTRAMO": 38077.0, "Provincia": "Santa Cruz de Tenerife", "Referencia": "DL-200-TF", "TM": "Los Silos (Tenerife)", "Estado": "A", "OM": "2005-07-11", "Sit_Admin": "Aprobado (O.M. 11/07/2005)", "Tipo_Linea": "Límite SP aprobada", "Label": "DL-200-TF (O.M. 11/07/2005)", "ID_SEGMENT": "38077002", "FIGURA": null, "Shape_Leng": 0.0, "VERTICES": "SI" }, "geometry": { "type": "LineString", "coordinates": [ [ -16.7938398, 28.3744894 ], [ -16.7938659, 28.3745042 ], [ -16.7938892, 28.3745223 ], [ -16.7939092, 28.3745434 ], [ -16.7939253, 28.3745669 ], [ -16.7939371, 28.3745923 ], [ -16.7941824, 28.3752564 ], [ -16.7944785, 28.3754141 ], [ -16.7945032, 28.3754296 ], [ -16.794525, 28.3754481 ], [ -16.7945435, 28.3754693 ], [ -16.7945582, 28.3754927 ], [ -16.7946793, 28.375723 ], [ -16.79483, 28.3759323 ], [ -16.7950335, 28.3760909 ], [ -16.7952719, 28.3762101 ], [ -16.7957151, 28.3761748 ], [ -16.7957466, 28.3761745 ], [ -16.7962569, 28.3762037 ], [ -16.796286, 28.3762072 ], [ -16.7964548, 28.3762388 ], [ -16.7964758, 28.3762438 ], [ -16.7964961, 28.3762508 ], [ -16.7967576, 28.3763546 ], [ -16.796782, 28.3763661 ], [ -16.797132, 28.3765591 ], [ -16.7972459, 28.3765866 ], [ -16.7974569, 28.3765598 ], [ -16.7974908, 28.3765581 ], [ -16.7975246, 28.3765613 ], [ -16.7975573, 28.3765695 ], [ -16.797588, 28.3765823 ], [ -16.7978599, 28.3767215 ], [ -16.7985982, 28.3767907 ], [ -16.7986135, 28.3767927 ], [ -16.7986265, 28.3767952 ], [ -16.7986394, 28.3767984 ], [ -16.7986519, 28.3768024 ], [ -16.7986642, 28.3768071 ], [ -16.7986767, 28.3768129 ], [ -16.7988806, 28.376914 ], [ -16.79905, 28.3768562 ], [ -16.7976764, 28.3765094 ], [ -16.7976029, 28.376384 ], [ -16.797391, 28.37584 ], [ -16.7974809, 28.3758362 ], [ -16.7975708, 28.3758393 ], [ -16.7976601, 28.3758494 ], [ -16.797748, 28.3758665 ], [ -16.7978339, 28.3758903 ], [ -16.7979171, 28.3759207 ], [ -16.7979969, 28.3759575 ], [ -16.7981186, 28.3760198 ], [ -16.7986842, 28.3760729 ], [ -16.7987689, 28.376084 ], [ -16.7988523, 28.3761014 ], [ -16.7989337, 28.3761249 ], [ -16.7993557, 28.3758933 ], [ -16.7994252, 28.3758584 ], [ -16.7994976, 28.3758285 ], [ -16.7995724, 28.3758036 ], [ -16.7996492, 28.375784 ], [ -16.7997275, 28.3757697 ], [ -16.8005575, 28.3756486 ], [ -16.8012095, 28.3755693 ], [ -16.8018734, 28.3754961 ], [ -16.8021916, 28.3754529 ], [ -16.8022622, 28.3754455 ], [ -16.8023333, 28.3754425 ], [ -16.8024043, 28.3754439 ], [ -16.8024751, 28.3754497 ], [ -16.8028066, 28.375487 ], [ -16.8028927, 28.3755 ], [ -16.8029772, 28.3755195 ], [ -16.8030596, 28.3755453 ], [ -16.8031391, 28.3755773 ], [ -16.803956, 28.3759436 ], [ -16.8040352, 28.3759832 ], [ -16.8041102, 28.3760289 ], [ -16.8041803, 28.3760802 ], [ -16.8042449, 28.3761369 ], [ -16.8043035, 28.3761985 ], [ -16.8044507, 28.3763679 ], [ -16.8044959, 28.3764242 ], [ -16.804536, 28.3764833 ], [ -16.8045709, 28.376545 ], [ -16.8048103, 28.3770117 ], [ -16.8048389, 28.3769367 ], [ -16.8048749, 28.3768643 ], [ -16.8049178, 28.3767949 ], [ -16.8049675, 28.3767291 ], [ -16.8050235, 28.3766674 ], [ -16.8053208, 28.3763677 ], [ -16.805326, 28.3763012 ], [ -16.8053368, 28.3762352 ], [ -16.805353, 28.3761701 ], [ -16.8053746, 28.3761062 ], [ -16.8054015, 28.3760439 ], [ -16.8055488, 28.375737 ], [ -16.8055865, 28.375667 ], [ -16.8056308, 28.3756002 ], [ -16.8056815, 28.3755369 ], [ -16.8057381, 28.3754778 ], [ -16.8058003, 28.3754231 ], [ -16.8058675, 28.3753734 ], [ -16.8059393, 28.3753289 ], [ -16.8060151, 28.3752901 ], [ -16.8060944, 28.3752572 ], [ -16.8061767, 28.3752304 ], [ -16.80639, 28.3751699 ], [ -16.8068908, 28.3749965 ], [ -16.8069708, 28.3749721 ], [ -16.8070529, 28.3749537 ], [ -16.8071364, 28.3749413 ], [ -16.8072208, 28.3749351 ], [ -16.8073752, 28.3749295 ], [ -16.8076455, 28.37491 ], [ -16.8079772, 28.3748966 ], [ -16.808213, 28.3749045 ], [ -16.8082816, 28.3749088 ], [ -16.8083497, 28.3749172 ], [ -16.808417, 28.3749297 ], [ -16.8085555, 28.3749597 ], [ -16.8086718, 28.3749825 ], [ -16.8087218, 28.3749935 ], [ -16.8087712, 28.3750067 ], [ -16.8091644, 28.3751217 ], [ -16.8092413, 28.3751472 ], [ -16.8093156, 28.3751781 ], [ -16.8093868, 28.3752142 ], [ -16.8099419, 28.3755225 ], [ -16.8100897, 28.3755617 ], [ -16.8101697, 28.375586 ], [ -16.8102471, 28.3756162 ], [ -16.8103214, 28.3756519 ], [ -16.8104411, 28.3757153 ], [ -16.8104668, 28.3757294 ], [ -16.8100957, 28.3764021 ], [ -16.8100991, 28.3764078 ], [ -16.810373, 28.3768846 ], [ -16.8103835, 28.3769062 ], [ -16.8103907, 28.3769289 ], [ -16.8104153, 28.3770312 ], [ -16.8104194, 28.3770583 ], [ -16.8104188, 28.3770856 ], [ -16.8103891, 28.3773652 ], [ -16.810398, 28.3773983 ], [ -16.8110779, 28.3772245 ], [ -16.8111083, 28.3772189 ], [ -16.8111393, 28.3772175 ], [ -16.8111702, 28.3772202 ], [ -16.8112002, 28.3772271 ], [ -16.8114267, 28.3772952 ], [ -16.8121529, 28.3775014 ], [ -16.8121782, 28.3775103 ], [ -16.812202, 28.3775221 ], [ -16.8122237, 28.3775366 ], [ -16.8122431, 28.3775535 ], [ -16.8123326, 28.3776428 ], [ -16.8123497, 28.3776624 ], [ -16.812637, 28.3780434 ], [ -16.8127333, 28.378062 ], [ -16.8127648, 28.3780706 ], [ -16.8127944, 28.3780835 ], [ -16.8128213, 28.3781005 ], [ -16.8128447, 28.378121 ], [ -16.8128641, 28.3781447 ], [ -16.8128789, 28.3781708 ], [ -16.8129312, 28.3782855 ], [ -16.813059, 28.3782768 ], [ -16.8130883, 28.3782767 ], [ -16.8131174, 28.3782803 ], [ -16.8131455, 28.3782875 ], [ -16.8131722, 28.3782983 ], [ -16.8131969, 28.3783123 ], [ -16.8130952, 28.3777851 ], [ -16.8130037, 28.3772302 ], [ -16.8130288, 28.3772619 ], [ -16.813162, 28.3774385 ], [ -16.8132321, 28.3774741 ], [ -16.8132989, 28.3775146 ], [ -16.8133618, 28.3775595 ], [ -16.8134205, 28.3776088 ], [ -16.8134747, 28.377662 ], [ -16.8135557, 28.3776882 ], [ -16.813634, 28.3777203 ], [ -16.8137089, 28.3777582 ], [ -16.8137799, 28.3778015 ], [ -16.8138465, 28.37785 ], [ -16.8139083, 28.3779032 ], [ -16.8139648, 28.377961 ], [ -16.8140155, 28.3780227 ], [ -16.8140602, 28.378088 ], [ -16.8140984, 28.3781564 ], [ -16.81413, 28.3782274 ], [ -16.8141547, 28.3783005 ], [ -16.8141723, 28.3783752 ], [ -16.8141828, 28.3784509 ], [ -16.8141859, 28.3785272 ], [ -16.8141856, 28.3785429 ], [ -16.8142681, 28.378601 ], [ -16.8144554, 28.3785959 ], [ -16.8145374, 28.3785965 ], [ -16.8146192, 28.378603 ], [ -16.8147001, 28.3786153 ], [ -16.8151268, 28.3786958 ], [ -16.8152108, 28.378715 ], [ -16.8152927, 28.3787404 ], [ -16.8153719, 28.3787719 ], [ -16.8154477, 28.3788093 ], [ -16.8155197, 28.3788522 ], [ -16.8155873, 28.3789004 ], [ -16.81565, 28.3789535 ], [ -16.8158337, 28.3791228 ], [ -16.8158917, 28.3791811 ], [ -16.8159439, 28.3792436 ], [ -16.8159898, 28.3793099 ], [ -16.816029, 28.3793794 ], [ -16.8160614, 28.3794516 ], [ -16.8160866, 28.379526 ], [ -16.8161337, 28.3796904 ], [ -16.8161492, 28.3797541 ], [ -16.8161595, 28.3798186 ], [ -16.8161644, 28.3798836 ], [ -16.8161641, 28.3799487 ], [ -16.8161531, 28.380188 ], [ -16.8161484, 28.3802447 ], [ -16.8161398, 28.380301 ], [ -16.8161271, 28.3803567 ], [ -16.8160805, 28.3805329 ], [ -16.8160578, 28.3806053 ], [ -16.8160283, 28.3806758 ], [ -16.8160111, 28.3807121 ], [ -16.816058, 28.3806815 ], [ -16.8161273, 28.3806402 ], [ -16.8162002, 28.380604 ], [ -16.8162762, 28.3805732 ], [ -16.8163548, 28.380548 ], [ -16.8164354, 28.3805286 ], [ -16.8165176, 28.380515 ], [ -16.8166008, 28.3805075 ], [ -16.8166844, 28.380506 ], [ -16.8167678, 28.3805106 ], [ -16.8168506, 28.3805212 ], [ -16.8169321, 28.3805378 ], [ -16.8173846, 28.3806473 ], [ -16.8174686, 28.3806711 ], [ -16.8175499, 28.3807012 ], [ -16.8176279, 28.3807374 ], [ -16.8177022, 28.3807794 ], [ -16.8180269, 28.3809813 ], [ -16.8180946, 28.3810272 ], [ -16.8181578, 28.381078 ], [ -16.8182159, 28.3811333 ], [ -16.8182686, 28.3811927 ], [ -16.8183154, 28.3812558 ], [ -16.8183562, 28.3813221 ], [ -16.8186554, 28.3818615 ], [ -16.8186909, 28.3819332 ], [ -16.8187193, 28.3820073 ], [ -16.8187402, 28.3820834 ], [ -16.8187537, 28.3821607 ], [ -16.8187595, 28.3822389 ], [ -16.8187576, 28.3823171 ], [ -16.818748, 28.3823949 ], [ -16.8192289, 28.3827732 ], [ -16.819294, 28.3828293 ], [ -16.8193533, 28.3828903 ], [ -16.8194062, 28.3829557 ], [ -16.8194523, 28.383025 ], [ -16.8194913, 28.3830977 ], [ -16.8196548, 28.3832239 ], [ -16.8197027, 28.3832633 ], [ -16.8197476, 28.3833053 ], [ -16.8199854, 28.3833147 ], [ -16.8208476, 28.3833752 ], [ -16.8209238, 28.3833831 ], [ -16.820999, 28.3833961 ], [ -16.8210729, 28.3834139 ], [ -16.8211451, 28.3834367 ], [ -16.821605, 28.383599 ], [ -16.8216814, 28.3836293 ], [ -16.8217548, 28.3836649 ], [ -16.8218245, 28.3837058 ], [ -16.8218903, 28.3837516 ], [ -16.8219516, 28.383802 ], [ -16.822008, 28.3838566 ], [ -16.8220592, 28.3839152 ], [ -16.8221048, 28.3839773 ], [ -16.8222093, 28.3841334 ], [ -16.8222474, 28.3841957 ], [ -16.8222798, 28.3842606 ], [ -16.8223064, 28.3843274 ], [ -16.822327, 28.3843959 ], [ -16.8223414, 28.3844656 ], [ -16.8223496, 28.3845361 ], [ -16.8223515, 28.384607 ], [ -16.8225223, 28.3853497 ], [ -16.8225264, 28.3853801 ], [ -16.8226393, 28.385449 ], [ -16.8227033, 28.3854914 ], [ -16.8227633, 28.3855381 ], [ -16.8228189, 28.3855888 ], [ -16.82287, 28.3856432 ], [ -16.8231257, 28.3859388 ], [ -16.8234926, 28.3861686 ], [ -16.8235236, 28.3861077 ], [ -16.8235639, 28.3860371 ], [ -16.8236109, 28.38597 ], [ -16.8236644, 28.3859067 ], [ -16.823724, 28.3858478 ], [ -16.8237891, 28.3857938 ], [ -16.8238594, 28.3857449 ], [ -16.8239342, 28.3857018 ], [ -16.824013, 28.3856645 ], [ -16.8240952, 28.3856335 ], [ -16.8241801, 28.385609 ], [ -16.8242671, 28.3855912 ], [ -16.8243556, 28.3855801 ], [ -16.8244448, 28.3855759 ], [ -16.8245341, 28.3855787 ], [ -16.8246227, 28.3855883 ], [ -16.8247101, 28.3856048 ], [ -16.8251424, 28.385704 ], [ -16.8252249, 28.3857262 ], [ -16.8259023, 28.385937 ], [ -16.8259846, 28.3859662 ], [ -16.8260638, 28.3860016 ], [ -16.8261392, 28.386043 ], [ -16.8262102, 28.3860901 ], [ -16.8262763, 28.3861424 ], [ -16.8263371, 28.3861995 ], [ -16.8266751, 28.3865469 ], [ -16.8267301, 28.3866086 ], [ -16.8267788, 28.3866744 ], [ -16.8268208, 28.3867437 ], [ -16.8268559, 28.386816 ], [ -16.8268837, 28.3868906 ], [ -16.8269041, 28.3869672 ], [ -16.8269169, 28.387045 ], [ -16.826992, 28.3877038 ], [ -16.826996, 28.3877532 ], [ -16.8269971, 28.3878027 ], [ -16.8269898, 28.3884911 ], [ -16.8269829, 28.3891834 ], [ -16.8270378, 28.3894512 ], [ -16.8270484, 28.3895161 ], [ -16.8270536, 28.3895816 ], [ -16.8270534, 28.3896472 ], [ -16.8270478, 28.3897127 ], [ -16.8269957, 28.3901238 ], [ -16.8270719, 28.3903965 ], [ -16.8270861, 28.3904558 ], [ -16.8270957, 28.3905158 ], [ -16.8271008, 28.3905762 ], [ -16.8271013, 28.3906368 ], [ -16.8270919, 28.3909518 ], [ -16.8271735, 28.3909425 ], [ -16.8272556, 28.3909391 ], [ -16.8273378, 28.3909416 ], [ -16.8274196, 28.3909499 ], [ -16.8275003, 28.390964 ], [ -16.8275794, 28.3909838 ], [ -16.8276565, 28.3910092 ], [ -16.827731, 28.39104 ], [ -16.8278025, 28.391076 ], [ -16.8278705, 28.3911169 ], [ -16.8284016, 28.3914656 ], [ -16.8284227, 28.3914355 ], [ -16.8284653, 28.3913793 ], [ -16.8285125, 28.3913262 ], [ -16.8285641, 28.3912762 ], [ -16.8286199, 28.3912299 ], [ -16.8286793, 28.3911874 ], [ -16.8287422, 28.3911489 ], [ -16.8289303, 28.3910429 ], [ -16.8290081, 28.3910032 ], [ -16.8290895, 28.3909697 ], [ -16.829174, 28.3909426 ], [ -16.8292608, 28.3909222 ], [ -16.8293492, 28.3909087 ], [ -16.8294387, 28.3909021 ], [ -16.8295285, 28.3909025 ], [ -16.8296179, 28.3909098 ], [ -16.8297063, 28.3909241 ], [ -16.8297929, 28.3909452 ], [ -16.829877, 28.3909729 ], [ -16.8301273, 28.3910667 ], [ -16.8303463, 28.3910874 ], [ -16.830426, 28.3910978 ], [ -16.8305032, 28.3911106 ] ] } },
{ "type": "Feature", "properties": { "Layer": "0805DPMT", "IDTRAMO": 38076.0, "Provincia": "Santa Cruz de Tenerife", "Referencia": "DL-201-TF", "TM": "Buenavista del Norte (Tenerife)", "Estado": "A", "OM": "2005-12-30", "Sit_Admin": "Aprobado (O.M. 30/12/2005)", "Tipo_Linea": "Límite SP aprobada", "Label": "DL-201-TF (O.M. 30/12/2005)", "ID_SEGMENT": "38076002", "FIGURA": null, "Shape_Leng": 0.0, "VERTICES": "SI" }, "geometry": { "type": "LineString", "coordinates": [ [ -16.8305032, 28.3911106 ], [ -16.8310305, 28.3911981 ], [ -16.8311166, 28.3912158 ], [ -16.8312008, 28.3912401 ], [ -16.8312822, 28.3912707 ], [ -16.8313603, 28.3913075 ], [ -16.8314345, 28.3913501 ], [ -16.8315043, 28.3913983 ], [ -16.8316551, 28.391512 ], [ -16.8318584, 28.3914017 ], [ -16.831932, 28.3913654 ], [ -16.8320088, 28.3913346 ], [ -16.8320882, 28.3913096 ], [ -16.8321696, 28.3912903 ], [ -16.8322526, 28.3912771 ], [ -16.8323365, 28.39127 ], [ -16.8324207, 28.3912691 ], [ -16.8325048, 28.3912743 ], [ -16.8326779, 28.3912913 ], [ -16.8327513, 28.391301 ], [ -16.8328238, 28.3913153 ], [ -16.8328949, 28.3913343 ], [ -16.8329642, 28.3913578 ], [ -16.8330327, 28.3913287 ], [ -16.8331034, 28.3913042 ], [ -16.8331759, 28.3912844 ], [ -16.8335982, 28.3911844 ], [ -16.833877, 28.391107 ], [ -16.8341578, 28.3910036 ], [ -16.8342344, 28.3909785 ], [ -16.8343131, 28.3909589 ], [ -16.8343933, 28.390945 ], [ -16.8347881, 28.3908907 ], [ -16.8348618, 28.3908513 ], [ -16.834939, 28.3908175 ], [ -16.8350191, 28.3907896 ], [ -16.8351016, 28.3907678 ], [ -16.8352901, 28.3907255 ], [ -16.8353746, 28.3906617 ], [ -16.8354402, 28.3906161 ], [ -16.835501, 28.3905806 ], [ -16.8355156, 28.390566 ], [ -16.8355637, 28.390525 ], [ -16.8356146, 28.3904869 ], [ -16.8356683, 28.3904518 ], [ -16.8357244, 28.3904198 ], [ -16.8357828, 28.3903912 ], [ -16.8358432, 28.390366 ], [ -16.8359054, 28.3903444 ], [ -16.835969, 28.3903264 ], [ -16.8360337, 28.3903121 ], [ -16.8360994, 28.3903016 ], [ -16.8361658, 28.3902949 ], [ -16.8362325, 28.3902921 ], [ -16.8362992, 28.3902931 ], [ -16.8363545, 28.3902969 ], [ -16.8363547, 28.3902968 ], [ -16.8364109, 28.3902648 ], [ -16.8364693, 28.3902362 ], [ -16.8365102, 28.3902191 ], [ -16.8365541, 28.3901495 ], [ -16.8365867, 28.3900939 ], [ -16.8366235, 28.3900403 ], [ -16.8366645, 28.3899892 ], [ -16.8367094, 28.3899407 ], [ -16.8370859, 28.3895615 ], [ -16.8371446, 28.3895071 ], [ -16.8372083, 28.3894572 ], [ -16.8372765, 28.3894121 ], [ -16.8375173, 28.3892665 ], [ -16.83759, 28.3892264 ], [ -16.8376662, 28.3891918 ], [ -16.8377455, 28.389163 ], [ -16.8378272, 28.3891401 ], [ -16.8379108, 28.3891235 ], [ -16.8379957, 28.3891131 ], [ -16.8380813, 28.389109 ], [ -16.8381669, 28.3891113 ], [ -16.8382521, 28.3891199 ], [ -16.8383361, 28.3891348 ], [ -16.8383362, 28.3891348 ], [ -16.8385512, 28.3890847 ], [ -16.8394465, 28.3889167 ], [ -16.8397578, 28.3888602 ], [ -16.839773, 28.3887964 ], [ -16.8397935, 28.3887337 ], [ -16.839819, 28.3886725 ], [ -16.8398495, 28.3886131 ], [ -16.8398847, 28.3885557 ], [ -16.8398293, 28.3883851 ], [ -16.8398096, 28.3883136 ], [ -16.8397966, 28.3882408 ], [ -16.8397903, 28.3881674 ], [ -16.8397908, 28.3880938 ], [ -16.8397981, 28.3880204 ], [ -16.8398121, 28.3879479 ], [ -16.8398328, 28.3878765 ], [ -16.83986, 28.3878069 ], [ -16.8400502, 28.3873776 ], [ -16.8403015, 28.3868991 ], [ -16.8403377, 28.3868365 ], [ -16.8403794, 28.3867767 ], [ -16.8404261, 28.3867199 ], [ -16.8404778, 28.3866665 ], [ -16.840628, 28.3865229 ], [ -16.8406668, 28.3863573 ], [ -16.8406885, 28.3862817 ], [ -16.8407175, 28.3862079 ], [ -16.8407536, 28.3861367 ], [ -16.8407965, 28.3860685 ], [ -16.8408459, 28.3860038 ], [ -16.8409014, 28.3859431 ], [ -16.8409627, 28.385887 ], [ -16.8410293, 28.3858357 ], [ -16.8411005, 28.3857896 ], [ -16.8411761, 28.3857492 ], [ -16.8412553, 28.3857148 ], [ -16.8413375, 28.3856865 ], [ -16.8414223, 28.3856646 ], [ -16.8415088, 28.3856492 ], [ -16.8415965, 28.3856406 ], [ -16.8416848, 28.3856387 ], [ -16.8417729, 28.3856435 ], [ -16.8418602, 28.385655 ], [ -16.841946, 28.3856732 ], [ -16.8420298, 28.3856979 ], [ -16.8421108, 28.3857288 ], [ -16.8421885, 28.3857659 ], [ -16.8422623, 28.3858087 ], [ -16.8423449, 28.3857745 ], [ -16.8424306, 28.385747 ], [ -16.8425187, 28.3857263 ], [ -16.8426086, 28.3857127 ], [ -16.8426996, 28.3857062 ], [ -16.8427908, 28.3857069 ], [ -16.8428815, 28.3857148 ], [ -16.8429711, 28.3857299 ], [ -16.8430589, 28.385752 ], [ -16.8431404, 28.3857482 ], [ -16.8432221, 28.3857502 ], [ -16.8433033, 28.385758 ], [ -16.8433836, 28.3857715 ], [ -16.8435301, 28.3858015 ], [ -16.8435967, 28.3858173 ], [ -16.8436619, 28.385837 ], [ -16.8437254, 28.3858605 ], [ -16.8441429, 28.3857869 ], [ -16.8442316, 28.3857749 ], [ -16.8443211, 28.3857697 ], [ -16.8444108, 28.3857715 ], [ -16.8445, 28.3857803 ], [ -16.8445879, 28.385796 ], [ -16.8446739, 28.3858185 ], [ -16.8447574, 28.3858475 ], [ -16.8448377, 28.3858829 ], [ -16.8449141, 28.3859244 ], [ -16.8449861, 28.3859717 ], [ -16.8450532, 28.3860244 ], [ -16.8451148, 28.3860822 ], [ -16.8451703, 28.3861444 ], [ -16.8452195, 28.3862108 ], [ -16.8452619, 28.3862807 ], [ -16.8452972, 28.3863536 ], [ -16.8453251, 28.386429 ], [ -16.8453454, 28.3865063 ], [ -16.845358, 28.3865849 ], [ -16.8453627, 28.3866641 ], [ -16.8453596, 28.3867434 ], [ -16.8453622, 28.3867387 ], [ -16.845405, 28.3866716 ], [ -16.845454, 28.3866079 ], [ -16.845509, 28.3865482 ], [ -16.8455696, 28.3864929 ], [ -16.8456353, 28.3864423 ], [ -16.8457056, 28.3863968 ], [ -16.8457801, 28.3863568 ], [ -16.8458581, 28.3863226 ], [ -16.8459392, 28.3862944 ], [ -16.8460227, 28.3862724 ], [ -16.846108, 28.3862568 ], [ -16.8461945, 28.3862477 ], [ -16.8462815, 28.3862452 ], [ -16.8463685, 28.3862492 ], [ -16.8464548, 28.3862597 ], [ -16.8465398, 28.3862768 ], [ -16.8466228, 28.3863002 ], [ -16.8467032, 28.3863297 ], [ -16.8467805, 28.3863652 ], [ -16.8471621, 28.3865593 ], [ -16.8474243, 28.3865151 ], [ -16.847511, 28.3865039 ], [ -16.8475984, 28.3864993 ], [ -16.847686, 28.3865013 ], [ -16.8477731, 28.38651 ], [ -16.847859, 28.3865253 ], [ -16.8479431, 28.386547 ], [ -16.8480248, 28.3865751 ], [ -16.8480821, 28.3865632 ], [ -16.8486678, 28.3859932 ], [ -16.8487318, 28.3859363 ], [ -16.8488012, 28.3858847 ], [ -16.8488755, 28.3858387 ], [ -16.848879, 28.3857715 ], [ -16.8488883, 28.3857048 ], [ -16.8489031, 28.3856389 ], [ -16.8489278, 28.3855469 ], [ -16.8489497, 28.3854778 ], [ -16.8489777, 28.3854104 ], [ -16.8490117, 28.3853453 ], [ -16.8490514, 28.3852827 ], [ -16.8490967, 28.3852231 ], [ -16.849262, 28.3850231 ], [ -16.8493008, 28.3849791 ], [ -16.8493426, 28.3849372 ], [ -16.8493872, 28.3848978 ], [ -16.8495362, 28.384774 ], [ -16.8495894, 28.3847328 ], [ -16.8496456, 28.384695 ], [ -16.8497047, 28.3846607 ], [ -16.8497664, 28.38463 ], [ -16.8497853, 28.3845547 ], [ -16.8498114, 28.3844811 ], [ -16.8498445, 28.3844097 ], [ -16.8498844, 28.3843411 ], [ -16.8499308, 28.3842757 ], [ -16.8499834, 28.3842141 ], [ -16.8500416, 28.3841567 ], [ -16.8505535, 28.3836939 ], [ -16.8506184, 28.3836402 ], [ -16.8506883, 28.3835916 ], [ -16.8507627, 28.3835486 ], [ -16.8508411, 28.3835116 ], [ -16.8509228, 28.3834806 ], [ -16.8510072, 28.3834561 ], [ -16.8510938, 28.3834382 ], [ -16.8511818, 28.383427 ], [ -16.8512705, 28.3834226 ], [ -16.8513594, 28.3834251 ], [ -16.8514476, 28.3834344 ], [ -16.8515346, 28.3834505 ], [ -16.8520787, 28.383573 ], [ -16.852151, 28.3835424 ], [ -16.8522259, 28.383517 ], [ -16.8523028, 28.3834968 ], [ -16.8523812, 28.3834821 ], [ -16.8531104, 28.3826094 ], [ -16.8531253, 28.3825313 ], [ -16.8531479, 28.3824547 ], [ -16.853178, 28.3823801 ], [ -16.8532153, 28.3823081 ], [ -16.8532597, 28.3822393 ], [ -16.8533107, 28.3821742 ], [ -16.8533679, 28.3821133 ], [ -16.853431, 28.3820571 ], [ -16.8537217, 28.3818198 ], [ -16.8537303, 28.3815672 ], [ -16.8537352, 28.3815024 ], [ -16.8537453, 28.381438 ], [ -16.8538368, 28.3809785 ], [ -16.8538542, 28.380908 ], [ -16.8538778, 28.3808389 ], [ -16.8539077, 28.3807718 ], [ -16.8539435, 28.380707 ], [ -16.853985, 28.3806449 ], [ -16.854157, 28.3804097 ], [ -16.8542032, 28.3803518 ], [ -16.8542543, 28.3802972 ], [ -16.8547041, 28.3798539 ], [ -16.854762, 28.3798013 ], [ -16.8548245, 28.379753 ], [ -16.8548913, 28.3797094 ], [ -16.8549618, 28.3796708 ], [ -16.855573, 28.3793655 ], [ -16.855648, 28.3793316 ], [ -16.8557258, 28.3793033 ], [ -16.855806, 28.3792808 ], [ -16.855888, 28.3792642 ], [ -16.8559713, 28.3792536 ], [ -16.8560553, 28.3792491 ], [ -16.8561334, 28.3792478 ], [ -16.8561884, 28.3792082 ], [ -16.8565641, 28.3789478 ], [ -16.8565915, 28.3788737 ], [ -16.856626, 28.3788021 ], [ -16.8566674, 28.3787333 ], [ -16.8567153, 28.3786679 ], [ -16.8567694, 28.3786065 ], [ -16.8568293, 28.3785494 ], [ -16.8568945, 28.378497 ], [ -16.8569647, 28.3784499 ], [ -16.8570391, 28.3784083 ], [ -16.8571173, 28.3783725 ], [ -16.8573823, 28.3782638 ], [ -16.8574569, 28.3782363 ], [ -16.8575338, 28.3782142 ], [ -16.8576124, 28.3781974 ], [ -16.8576922, 28.3781863 ], [ -16.8577728, 28.3781807 ], [ -16.8578537, 28.3781809 ], [ -16.8579343, 28.3781866 ], [ -16.8583912, 28.3782356 ], [ -16.8587385, 28.378237 ], [ -16.8586981, 28.3781774 ], [ -16.8586558, 28.3781082 ], [ -16.8586204, 28.378036 ], [ -16.8585923, 28.3779614 ], [ -16.8585716, 28.3778849 ], [ -16.8585586, 28.3778071 ], [ -16.8585447, 28.3776891 ], [ -16.8585394, 28.3776146 ], [ -16.8585412, 28.3775399 ], [ -16.8585498, 28.3774656 ], [ -16.8585655, 28.3773923 ], [ -16.8585879, 28.3773203 ], [ -16.8586169, 28.3772502 ], [ -16.8586525, 28.3771824 ], [ -16.8586942, 28.3771175 ], [ -16.8587419, 28.3770559 ], [ -16.8587951, 28.376998 ], [ -16.8589605, 28.3768325 ], [ -16.8590084, 28.3767878 ], [ -16.8590596, 28.3767461 ], [ -16.8590192, 28.3766901 ], [ -16.8589835, 28.3766317 ], [ -16.8589527, 28.3765711 ], [ -16.8589271, 28.3765087 ], [ -16.858824, 28.3762255 ], [ -16.8588008, 28.376151 ], [ -16.8587849, 28.376075 ], [ -16.8587764, 28.375998 ], [ -16.8587754, 28.3759207 ], [ -16.8587818, 28.3758436 ], [ -16.858842, 28.3753912 ], [ -16.8588426, 28.3753686 ], [ -16.8588488, 28.3752901 ], [ -16.8588626, 28.3752124 ], [ -16.8588841, 28.3751361 ], [ -16.8589129, 28.3750617 ], [ -16.8589491, 28.3749898 ], [ -16.8589921, 28.374921 ], [ -16.8590418, 28.3748557 ], [ -16.8590977, 28.3747945 ], [ -16.8591594, 28.3747379 ], [ -16.8592264, 28.3746862 ], [ -16.8592983, 28.3746399 ], [ -16.8593745, 28.3745993 ], [ -16.8594544, 28.3745647 ], [ -16.8595374, 28.3745364 ], [ -16.8596228, 28.3745146 ], [ -16.8597101, 28.3744995 ], [ -16.8597986, 28.3744911 ], [ -16.8605688, 28.3744484 ], [ -16.8607173, 28.3744019 ], [ -16.8610086, 28.374258 ], [ -16.8610832, 28.3742246 ], [ -16.8611607, 28.3741967 ], [ -16.8612404, 28.3741745 ], [ -16.861322, 28.3741582 ], [ -16.8614048, 28.3741479 ], [ -16.8614883, 28.3741436 ], [ -16.8615451, 28.3741427 ], [ -16.861606, 28.3741417 ], [ -16.861988, 28.3741358 ], [ -16.8620617, 28.374137 ], [ -16.8621351, 28.374143 ], [ -16.8622078, 28.3741535 ], [ -16.8622795, 28.3741688 ], [ -16.8623497, 28.3741885 ], [ -16.8625295, 28.3742454 ], [ -16.862597, 28.3742082 ], [ -16.8626677, 28.3741757 ], [ -16.8627409, 28.3741482 ], [ -16.8628164, 28.3741259 ], [ -16.8628935, 28.3741088 ], [ -16.8632451, 28.3740437 ], [ -16.8633311, 28.3740311 ], [ -16.863418, 28.3740251 ], [ -16.8635051, 28.3740257 ], [ -16.8635918, 28.3740328 ], [ -16.8636776, 28.3740465 ], [ -16.8637617, 28.3740665 ], [ -16.8638436, 28.3740929 ], [ -16.8639226, 28.3741253 ], [ -16.8639982, 28.3741636 ], [ -16.8640699, 28.3742074 ], [ -16.864137, 28.3742565 ], [ -16.8641992, 28.3743105 ], [ -16.864256, 28.374369 ], [ -16.8642654, 28.3743795 ], [ -16.8643415, 28.3743983 ], [ -16.8644158, 28.3744221 ], [ -16.8644878, 28.374451 ], [ -16.8645571, 28.3744847 ], [ -16.8646231, 28.3745231 ], [ -16.8646857, 28.3745659 ], [ -16.8650684, 28.3744923 ], [ -16.8651511, 28.3744795 ], [ -16.8652348, 28.3744728 ], [ -16.8653188, 28.3744721 ], [ -16.8654025, 28.3744776 ], [ -16.8659487, 28.3745336 ], [ -16.8659678, 28.3744618 ], [ -16.8659934, 28.3743915 ], [ -16.8660254, 28.3743234 ], [ -16.8660637, 28.3742579 ], [ -16.8661078, 28.3741953 ], [ -16.8661576, 28.3741361 ], [ -16.8662127, 28.3740807 ], [ -16.8662727, 28.3740295 ], [ -16.8663373, 28.3739827 ], [ -16.866406, 28.3739408 ], [ -16.8664783, 28.3739041 ], [ -16.866684, 28.373809 ], [ -16.8667499, 28.3737812 ], [ -16.8668179, 28.3737576 ], [ -16.8668876, 28.3737384 ], [ -16.8669586, 28.3737236 ], [ -16.8670895, 28.3737007 ], [ -16.8672151, 28.3736735 ], [ -16.8672944, 28.3736593 ], [ -16.8673747, 28.3736506 ], [ -16.8674555, 28.3736476 ], [ -16.8675364, 28.3736503 ], [ -16.8676168, 28.3736586 ], [ -16.8676961, 28.3736725 ], [ -16.867774, 28.373692 ], [ -16.867816, 28.3737041 ], [ -16.8678953, 28.3736706 ], [ -16.8679775, 28.3736433 ], [ -16.8680621, 28.3736224 ], [ -16.8681483, 28.3736079 ], [ -16.8682357, 28.3736001 ], [ -16.8683235, 28.3735989 ], [ -16.8684111, 28.3736045 ], [ -16.8684979, 28.3736166 ], [ -16.8685831, 28.3736354 ], [ -16.8686662, 28.3736605 ], [ -16.8687465, 28.3736919 ], [ -16.8688281, 28.3737275 ], [ -16.8688019, 28.3736512 ], [ -16.8687834, 28.3735731 ], [ -16.8687727, 28.3734939 ], [ -16.86877, 28.3734141 ], [ -16.8687753, 28.3733345 ], [ -16.8687886, 28.3732556 ], [ -16.8688096, 28.373178 ], [ -16.8688383, 28.3731024 ], [ -16.8688745, 28.3730293 ], [ -16.8689806, 28.3728383 ], [ -16.8689967, 28.3726797 ], [ -16.8690061, 28.3726144 ], [ -16.8690209, 28.3725499 ], [ -16.8690409, 28.3724865 ], [ -16.8690661, 28.3724246 ], [ -16.8690963, 28.3723644 ], [ -16.8691848, 28.3722044 ], [ -16.8691842, 28.3721971 ], [ -16.8691807, 28.3721239 ], [ -16.869184, 28.3720506 ], [ -16.8691939, 28.3719778 ], [ -16.8692106, 28.371906 ], [ -16.8692337, 28.3718356 ], [ -16.8692633, 28.371767 ], [ -16.869299, 28.3717009 ], [ -16.8693407, 28.3716375 ], [ -16.8694831, 28.3714401 ], [ -16.8695538, 28.3712452 ], [ -16.869581, 28.3711792 ], [ -16.8696139, 28.3711152 ], [ -16.869759, 28.3708603 ], [ -16.8699175, 28.3705876 ], [ -16.8699769, 28.3704782 ], [ -16.8699902, 28.370399 ], [ -16.8700114, 28.3703212 ], [ -16.8700403, 28.3702454 ], [ -16.8700767, 28.3701721 ], [ -16.8701204, 28.3701019 ], [ -16.8701708, 28.3700355 ], [ -16.8702277, 28.3699732 ], [ -16.8702907, 28.3699157 ], [ -16.8703591, 28.3698633 ], [ -16.8704326, 28.3698166 ], [ -16.8705104, 28.3697757 ], [ -16.870592, 28.3697411 ], [ -16.8706768, 28.3697131 ], [ -16.870764, 28.3696917 ], [ -16.8708531, 28.3696774 ], [ -16.8709432, 28.36967 ], [ -16.8710337, 28.3696698 ], [ -16.8711239, 28.3696766 ], [ -16.871213, 28.3696905 ], [ -16.8713004, 28.3697113 ], [ -16.8713853, 28.3697389 ], [ -16.8715215, 28.3697893 ], [ -16.8716046, 28.3697623 ], [ -16.8716901, 28.3697418 ], [ -16.8717773, 28.3697279 ], [ -16.8718654, 28.3697208 ], [ -16.871954, 28.3697205 ], [ -16.8720422, 28.3697269 ], [ -16.8721295, 28.3697401 ], [ -16.8725427, 28.3695039 ], [ -16.8726157, 28.3694659 ], [ -16.872692, 28.3694333 ], [ -16.8727711, 28.3694065 ], [ -16.87311, 28.3693056 ], [ -16.8731169, 28.3693051 ], [ -16.8732729, 28.369192 ], [ -16.8733428, 28.3691457 ], [ -16.8734168, 28.3691048 ], [ -16.8739181, 28.3688538 ], [ -16.8739989, 28.3688174 ], [ -16.874083, 28.3687876 ], [ -16.8741698, 28.3687644 ], [ -16.8742586, 28.3687482 ], [ -16.8743487, 28.368739 ], [ -16.8744394, 28.3687369 ], [ -16.8745299, 28.3687419 ], [ -16.8746195, 28.368754 ], [ -16.8747076, 28.3687731 ], [ -16.8747934, 28.3687991 ], [ -16.8748762, 28.3688317 ], [ -16.8749555, 28.3688706 ], [ -16.8750305, 28.3689157 ], [ -16.8751007, 28.3689664 ], [ -16.8751655, 28.3690225 ], [ -16.8752245, 28.3690835 ], [ -16.8752771, 28.3691488 ], [ -16.8753229, 28.369218 ], [ -16.8753861, 28.3691617 ], [ -16.8754547, 28.3691105 ], [ -16.8755281, 28.3690649 ], [ -16.8756057, 28.3690251 ], [ -16.875687, 28.3689915 ], [ -16.8757713, 28.3689644 ], [ -16.8758579, 28.3689439 ], [ -16.8759463, 28.3689302 ], [ -16.8760357, 28.3689235 ], [ -16.8761254, 28.3689237 ], [ -16.8762147, 28.3689309 ], [ -16.8764297, 28.3689567 ], [ -16.8766478, 28.368923 ], [ -16.8772171, 28.3686411 ], [ -16.8773601, 28.3685447 ], [ -16.8774178, 28.3685086 ], [ -16.8774782, 28.368476 ], [ -16.877541, 28.3684473 ], [ -16.8776836, 28.3683221 ], [ -16.8777486, 28.3682698 ], [ -16.8778186, 28.3682225 ], [ -16.8778928, 28.3681808 ], [ -16.8779709, 28.3681449 ], [ -16.8780521, 28.3681151 ], [ -16.878136, 28.3680916 ], [ -16.8781615, 28.3680855 ], [ -16.8782372, 28.368016 ], [ -16.8782887, 28.3679718 ], [ -16.8783436, 28.367931 ], [ -16.8784016, 28.3678937 ], [ -16.8784624, 28.3678601 ], [ -16.8787635, 28.3677065 ], [ -16.8795372, 28.3672128 ], [ -16.8795891, 28.3671818 ], [ -16.879643, 28.3671536 ], [ -16.8800584, 28.3669519 ], [ -16.8805836, 28.3666728 ], [ -16.88064, 28.366611 ], [ -16.8807024, 28.3665538 ], [ -16.8807702, 28.3665016 ], [ -16.8808429, 28.366455 ], [ -16.88092, 28.3664142 ], [ -16.8810008, 28.3663795 ], [ -16.8810848, 28.3663513 ], [ -16.8811712, 28.3663297 ], [ -16.8814556, 28.3662706 ], [ -16.8815443, 28.3662557 ], [ -16.8816342, 28.3662479 ], [ -16.8817245, 28.3662471 ], [ -16.8818145, 28.3662534 ], [ -16.881987, 28.3662723 ], [ -16.8825068, 28.3662652 ], [ -16.8825873, 28.3662669 ], [ -16.8826675, 28.3662742 ], [ -16.8827467, 28.3662871 ], [ -16.8828246, 28.3663055 ], [ -16.8829006, 28.3663292 ], [ -16.8834723, 28.3665309 ], [ -16.8838498, 28.3666747 ], [ -16.8838478, 28.366608 ], [ -16.8838515, 28.3665413 ], [ -16.8838607, 28.366475 ], [ -16.8838754, 28.3664095 ], [ -16.88402, 28.3658709 ], [ -16.8840433, 28.365798 ], [ -16.8840734, 28.3657271 ], [ -16.8841102, 28.3656586 ], [ -16.8841533, 28.3655931 ], [ -16.8842024, 28.3655311 ], [ -16.8842573, 28.3654729 ], [ -16.8849375, 28.3648103 ], [ -16.8853927, 28.3644353 ], [ -16.8854567, 28.3643867 ], [ -16.885525, 28.3643431 ], [ -16.8855971, 28.3643045 ], [ -16.8860024, 28.3641078 ], [ -16.8860763, 28.3640752 ], [ -16.886153, 28.3640481 ], [ -16.886232, 28.3640265 ], [ -16.8869815, 28.3638509 ], [ -16.8870533, 28.3638365 ], [ -16.8871261, 28.3638268 ], [ -16.8871995, 28.3638216 ], [ -16.8876001, 28.3638066 ], [ -16.8876912, 28.3638068 ], [ -16.887782, 28.3638142 ], [ -16.8878717, 28.3638287 ], [ -16.8879596, 28.3638503 ], [ -16.8880449, 28.3638787 ], [ -16.888127, 28.3639137 ], [ -16.8886431, 28.3641596 ], [ -16.8887938, 28.3640996 ], [ -16.8888701, 28.3637575 ], [ -16.8888882, 28.3636902 ], [ -16.888912, 28.3636243 ], [ -16.8889415, 28.3635602 ], [ -16.8889764, 28.3634984 ], [ -16.8890166, 28.363439 ], [ -16.8890619, 28.3633826 ], [ -16.8894509, 28.3629345 ], [ -16.8894979, 28.3628842 ], [ -16.8895489, 28.362837 ], [ -16.8901189, 28.3623469 ], [ -16.8901806, 28.362298 ], [ -16.8902466, 28.3622537 ], [ -16.8903165, 28.3622143 ], [ -16.8903897, 28.36218 ], [ -16.8904659, 28.3621511 ], [ -16.8905444, 28.3621277 ], [ -16.8906248, 28.3621101 ], [ -16.8907066, 28.3620983 ], [ -16.8907892, 28.3620924 ], [ -16.8908721, 28.3620924 ], [ -16.8915283, 28.3621164 ], [ -16.8916161, 28.362123 ], [ -16.891703, 28.3621363 ], [ -16.8917882, 28.3621561 ], [ -16.8918712, 28.3621824 ], [ -16.8919513, 28.3622149 ], [ -16.8920279, 28.3622535 ], [ -16.8921005, 28.3622977 ], [ -16.8922195, 28.3623771 ], [ -16.8928203, 28.3621022 ], [ -16.8928955, 28.3620712 ], [ -16.8929733, 28.3620457 ], [ -16.8930532, 28.3620258 ], [ -16.8931347, 28.3620118 ], [ -16.8935746, 28.3619522 ], [ -16.8936262, 28.3619464 ], [ -16.893678, 28.361943 ], [ -16.8940476, 28.3619267 ], [ -16.8946229, 28.3616952 ], [ -16.8946833, 28.3616729 ], [ -16.8947453, 28.3616541 ], [ -16.8948085, 28.3616388 ], [ -16.8953807, 28.3615181 ], [ -16.8954255, 28.3615096 ], [ -16.8954706, 28.3615028 ], [ -16.8963217, 28.3613934 ], [ -16.8964017, 28.3613859 ], [ -16.8964822, 28.3613841 ], [ -16.8965625, 28.3613878 ], [ -16.8966423, 28.3613972 ], [ -16.8974241, 28.3615168 ], [ -16.897492, 28.3615293 ], [ -16.8975589, 28.3615459 ], [ -16.8976243, 28.3615664 ], [ -16.897688, 28.3615909 ], [ -16.8980209, 28.3615635 ], [ -16.8981113, 28.3615597 ], [ -16.8982017, 28.3615629 ], [ -16.8982914, 28.3615732 ], [ -16.8983797, 28.3615905 ], [ -16.898466, 28.3616147 ], [ -16.8985495, 28.3616455 ], [ -16.8986295, 28.3616828 ], [ -16.8987056, 28.3617261 ], [ -16.898777, 28.3617753 ], [ -16.8988431, 28.3618299 ], [ -16.8989036, 28.3618894 ], [ -16.8989578, 28.3619535 ], [ -16.8990055, 28.3620215 ], [ -16.8990461, 28.362093 ], [ -16.8990794, 28.3621674 ], [ -16.8993151, 28.3627712 ], [ -16.8994023, 28.3627713 ], [ -16.8994891, 28.3627781 ], [ -16.8995749, 28.3627913 ], [ -16.8996591, 28.362811 ], [ -16.8997412, 28.3628369 ], [ -16.9003157, 28.3630436 ], [ -16.9003836, 28.3629956 ], [ -16.900456, 28.362953 ], [ -16.9005322, 28.3629159 ], [ -16.9006116, 28.3628847 ], [ -16.9006938, 28.3628597 ], [ -16.9007782, 28.3628409 ], [ -16.900864, 28.3628285 ], [ -16.9009507, 28.3628226 ], [ -16.9010376, 28.3628233 ], [ -16.9011242, 28.3628305 ], [ -16.9012097, 28.3628443 ], [ -16.9012936, 28.3628644 ], [ -16.9013706, 28.3628313 ], [ -16.9014504, 28.3628041 ], [ -16.9015325, 28.3627829 ], [ -16.9016163, 28.3627679 ], [ -16.9017013, 28.3627591 ], [ -16.9017867, 28.3627566 ], [ -16.9018722, 28.3627605 ], [ -16.9019569, 28.3627707 ], [ -16.9020404, 28.3627871 ], [ -16.9021221, 28.3628097 ], [ -16.9022013, 28.3628382 ], [ -16.9028341, 28.3630941 ], [ -16.9029075, 28.3630466 ], [ -16.9029853, 28.3630051 ], [ -16.903067, 28.3629698 ], [ -16.903152, 28.3629411 ], [ -16.9032394, 28.3629193 ], [ -16.9033288, 28.3629044 ], [ -16.9034192, 28.3628966 ], [ -16.9035102, 28.3628959 ], [ -16.9036008, 28.3629024 ], [ -16.9036904, 28.3629161 ], [ -16.9037782, 28.3629367 ], [ -16.9038637, 28.3629642 ], [ -16.9042278, 28.3630977 ], [ -16.9047642, 28.3626456 ], [ -16.9047937, 28.3625697 ], [ -16.9048306, 28.3624964 ], [ -16.9048748, 28.3624262 ], [ -16.9049258, 28.3623599 ], [ -16.9049833, 28.3622978 ], [ -16.9050468, 28.3622405 ], [ -16.9051158, 28.3621884 ], [ -16.9051898, 28.3621419 ], [ -16.9052682, 28.3621014 ], [ -16.9053503, 28.3620673 ], [ -16.9054355, 28.3620397 ], [ -16.9055232, 28.3620189 ], [ -16.9056125, 28.3620051 ], [ -16.905703, 28.3619984 ], [ -16.9057937, 28.3619989 ], [ -16.905884, 28.3620064 ], [ -16.9059732, 28.3620211 ], [ -16.9060606, 28.3620426 ], [ -16.9061757, 28.362076 ], [ -16.9065384, 28.3619436 ], [ -16.9065628, 28.3618715 ], [ -16.9065919, 28.3617973 ], [ -16.9066283, 28.3617255 ], [ -16.9066715, 28.3616569 ], [ -16.9067214, 28.3615918 ], [ -16.9067775, 28.3615308 ], [ -16.9068393, 28.3614744 ], [ -16.9069065, 28.3614229 ], [ -16.9069785, 28.3613768 ], [ -16.9070547, 28.3613364 ], [ -16.9071346, 28.3613021 ], [ -16.9072176, 28.361274 ], [ -16.9073031, 28.3612524 ], [ -16.9073904, 28.3612375 ], [ -16.9074787, 28.3612294 ], [ -16.9075676, 28.3612281 ], [ -16.9076562, 28.3612336 ], [ -16.907744, 28.361246 ], [ -16.9078302, 28.361265 ], [ -16.9079142, 28.3612907 ], [ -16.9079954, 28.3613226 ], [ -16.9080731, 28.3613608 ], [ -16.9081468, 28.3614047 ], [ -16.9082158, 28.3614542 ], [ -16.9082798, 28.3615088 ], [ -16.9083381, 28.3615681 ], [ -16.9085621, 28.361817 ], [ -16.9086387, 28.3617872 ], [ -16.9087179, 28.3617631 ], [ -16.908799, 28.3617449 ], [ -16.9088815, 28.3617325 ], [ -16.9089648, 28.3617262 ], [ -16.9090485, 28.361726 ], [ -16.909132, 28.3617318 ], [ -16.9092146, 28.3617437 ], [ -16.9092958, 28.3617615 ], [ -16.9093751, 28.3617851 ], [ -16.9096829, 28.3616123 ], [ -16.9097155, 28.3615505 ], [ -16.9097533, 28.361491 ], [ -16.909796, 28.3614343 ], [ -16.9098435, 28.3613805 ], [ -16.9102416, 28.3609631 ], [ -16.9103014, 28.3609056 ], [ -16.9103666, 28.360853 ], [ -16.9104366, 28.3608055 ], [ -16.9105111, 28.3607636 ], [ -16.9105894, 28.3607275 ], [ -16.9106709, 28.3606975 ], [ -16.910755, 28.3606739 ], [ -16.9108411, 28.3606568 ], [ -16.9109286, 28.3606463 ], [ -16.9110168, 28.3606426 ], [ -16.9120653, 28.3606386 ], [ -16.9121377, 28.3606406 ], [ -16.9122097, 28.3606471 ], [ -16.912281, 28.3606581 ], [ -16.9129819, 28.3607893 ], [ -16.9130645, 28.360808 ], [ -16.9131451, 28.3608327 ], [ -16.913223, 28.3608634 ], [ -16.9132978, 28.3608996 ], [ -16.9133689, 28.3609413 ], [ -16.9133787, 28.3609335 ], [ -16.9134162, 28.360864 ], [ -16.9134603, 28.3607976 ], [ -16.9135107, 28.3607347 ], [ -16.9135669, 28.3606758 ], [ -16.9136286, 28.3606214 ], [ -16.9136953, 28.3605719 ], [ -16.9137666, 28.3605276 ], [ -16.9138419, 28.3604888 ], [ -16.9139206, 28.3604559 ], [ -16.9146087, 28.3601991 ], [ -16.914693, 28.3601715 ], [ -16.9147796, 28.3601505 ], [ -16.914868, 28.3601364 ], [ -16.9149575, 28.3601292 ], [ -16.9150474, 28.360129 ], [ -16.9157153, 28.3601534 ], [ -16.9159575, 28.3601436 ], [ -16.916038, 28.3597763 ], [ -16.9160592, 28.3596984 ], [ -16.9160881, 28.3596224 ], [ -16.9161245, 28.359549 ], [ -16.9161681, 28.3594788 ], [ -16.9162186, 28.3594123 ], [ -16.9163876, 28.3592096 ], [ -16.9169297, 28.3583783 ], [ -16.917163, 28.3580165 ], [ -16.9172084, 28.3579525 ], [ -16.9172598, 28.3578921 ], [ -16.9173166, 28.3578356 ], [ -16.9173786, 28.3577836 ], [ -16.9174453, 28.3577363 ], [ -16.9175163, 28.3576942 ], [ -16.9182045, 28.3573213 ], [ -16.9184779, 28.3568555 ], [ -16.918523, 28.3567864 ], [ -16.9185748, 28.3567211 ], [ -16.9186329, 28.3566601 ], [ -16.9186968, 28.3566039 ], [ -16.9187661, 28.3565528 ], [ -16.9188403, 28.3565074 ], [ -16.9189187, 28.356468 ], [ -16.9190007, 28.3564349 ], [ -16.9190257, 28.3562528 ], [ -16.919038, 28.3561852 ], [ -16.919056, 28.3561186 ], [ -16.9190797, 28.3560534 ], [ -16.9191089, 28.35599 ], [ -16.9191435, 28.3559287 ], [ -16.9194043, 28.3555071 ], [ -16.9194486, 28.3554421 ], [ -16.919499, 28.3553807 ], [ -16.919555, 28.3553231 ], [ -16.9196162, 28.35527 ], [ -16.9196823, 28.3552216 ], [ -16.9197528, 28.3551783 ], [ -16.9198271, 28.3551404 ], [ -16.9199048, 28.3551081 ], [ -16.9199852, 28.3550818 ], [ -16.9200679, 28.3550615 ], [ -16.920816, 28.3549074 ], [ -16.9210357, 28.3546022 ], [ -16.9210854, 28.3545393 ], [ -16.921141, 28.3544803 ], [ -16.921202, 28.3544257 ], [ -16.921268, 28.3543759 ], [ -16.9213386, 28.3543313 ], [ -16.9214132, 28.3542921 ], [ -16.9214913, 28.3542586 ], [ -16.9215723, 28.3542312 ], [ -16.9216557, 28.35421 ], [ -16.9217408, 28.3541951 ], [ -16.9218271, 28.3541866 ], [ -16.9219138, 28.3541847 ], [ -16.9220004, 28.3541893 ], [ -16.9219966, 28.3541698 ], [ -16.9219856, 28.3540979 ], [ -16.9219811, 28.3540255 ], [ -16.9219833, 28.353953 ], [ -16.921992, 28.3538809 ], [ -16.9220072, 28.3538097 ], [ -16.9220289, 28.3537398 ], [ -16.9221638, 28.353364 ], [ -16.9221937, 28.3532915 ], [ -16.9222306, 28.3532216 ], [ -16.922274, 28.3531547 ], [ -16.9223237, 28.3530913 ], [ -16.9223794, 28.3530319 ], [ -16.9223447, 28.3529596 ], [ -16.9223227, 28.3529098 ], [ -16.9223041, 28.352859 ], [ -16.9221229, 28.3523084 ], [ -16.922104, 28.3522415 ], [ -16.9220909, 28.3521735 ], [ -16.9220838, 28.3521049 ], [ -16.9220825, 28.352036 ], [ -16.9220872, 28.3519672 ], [ -16.9220979, 28.3518989 ], [ -16.9221853, 28.351462 ], [ -16.9222015, 28.3513957 ], [ -16.9222233, 28.3513306 ], [ -16.9222505, 28.3512672 ], [ -16.9224963, 28.3507542 ], [ -16.92255, 28.350408 ], [ -16.9224246, 28.3498205 ], [ -16.9223798, 28.3495617 ], [ -16.9221874, 28.3492002 ], [ -16.9221671, 28.3491593 ], [ -16.922149, 28.3491175 ], [ -16.9218941, 28.3484818 ], [ -16.9218698, 28.3484125 ], [ -16.9218519, 28.3483418 ], [ -16.9218404, 28.34827 ], [ -16.9218356, 28.3481976 ], [ -16.9218179, 28.3481844 ], [ -16.9217544, 28.3481327 ], [ -16.9216961, 28.3480763 ], [ -16.9216433, 28.3480158 ], [ -16.9215966, 28.3479516 ], [ -16.9215561, 28.3478841 ], [ -16.921187, 28.3471996 ], [ -16.9211522, 28.3471271 ], [ -16.9211247, 28.3470521 ], [ -16.9211047, 28.3469753 ], [ -16.9210923, 28.3468973 ], [ -16.9210876, 28.3468186 ], [ -16.9210908, 28.3467399 ], [ -16.9211017, 28.3466617 ], [ -16.9211203, 28.3465846 ], [ -16.9211464, 28.3465093 ], [ -16.9211798, 28.3464362 ], [ -16.9212643, 28.3462726 ], [ -16.9210975, 28.3461284 ], [ -16.9210388, 28.3460731 ], [ -16.9209855, 28.3460137 ], [ -16.9209381, 28.3459506 ], [ -16.9208968, 28.3458841 ], [ -16.920862, 28.3458148 ], [ -16.9208338, 28.3457432 ], [ -16.9207055, 28.3453659 ], [ -16.9206311, 28.3451907 ], [ -16.920605, 28.3451206 ], [ -16.9205855, 28.3450489 ], [ -16.9205727, 28.3449759 ], [ -16.9205464, 28.344772 ], [ -16.9203633, 28.3445566 ], [ -16.920165, 28.3443562 ], [ -16.9201128, 28.3442989 ], [ -16.9200661, 28.344238 ], [ -16.9200252, 28.3441739 ], [ -16.9199235, 28.3439987 ] ] } },
{ "type": "Feature", "properties": { "Layer": "0805DPMT", "IDTRAMO": 38075.0, "Provincia": "Santa Cruz de Tenerife", "Referencia": "DL-202-TF", "TM": "Buenavista del Norte (Tenerife)", "Estado": "A", "OM": "2006-08-07", "Sit_Admin": "Aprobado (O.M. 07/08/2006)", "Tipo_Linea": "Límite SP aprobada", "Label": "DL-202-TF (O.M. 07/08/2006)", "ID_SEGMENT": "38075002", "FIGURA": null, "Shape_Leng": 0.0, "VERTICES": "SI" }, "geometry": { "type": "LineString", "coordinates": [ [ -16.9199235, 28.3439987 ], [ -16.9198366, 28.3440217 ], [ -16.9197476, 28.3440377 ], [ -16.9196574, 28.3440467 ], [ -16.9195667, 28.3440485 ], [ -16.9194761, 28.3440432 ], [ -16.9189988, 28.3439962 ], [ -16.9179157, 28.3438837 ], [ -16.9178363, 28.3438726 ], [ -16.9177581, 28.343856 ], [ -16.9176816, 28.343834 ], [ -16.9176073, 28.3438068 ], [ -16.9174747, 28.3437527 ], [ -16.9173565, 28.3437729 ], [ -16.9172179, 28.3438148 ], [ -16.9171306, 28.3438374 ], [ -16.9170414, 28.3438531 ], [ -16.916951, 28.3438616 ], [ -16.9168601, 28.343863 ], [ -16.9167694, 28.3438573 ], [ -16.9166797, 28.3438444 ], [ -16.9165916, 28.3438244 ], [ -16.9165058, 28.3437976 ], [ -16.9164231, 28.3437642 ], [ -16.9163441, 28.3437244 ], [ -16.9162694, 28.3436785 ], [ -16.9161997, 28.3436269 ], [ -16.9159932, 28.3434598 ], [ -16.9159038, 28.3434745 ], [ -16.9158132, 28.343482 ], [ -16.9157223, 28.3434824 ], [ -16.9156317, 28.3434756 ], [ -16.9155422, 28.3434617 ], [ -16.9154544, 28.3434408 ], [ -16.9153691, 28.343413 ], [ -16.9152868, 28.3433787 ], [ -16.9152084, 28.343338 ], [ -16.9151344, 28.3432913 ], [ -16.9150654, 28.3432389 ], [ -16.9150019, 28.3431813 ], [ -16.9147243, 28.3429059 ], [ -16.9146682, 28.3428451 ], [ -16.9146182, 28.3427802 ], [ -16.9145748, 28.3427116 ], [ -16.9145383, 28.34264 ], [ -16.914509, 28.3425658 ], [ -16.9145038, 28.3425503 ], [ -16.9144053, 28.3425343 ], [ -16.9140992, 28.342471 ], [ -16.914015, 28.3424502 ], [ -16.9139331, 28.342423 ], [ -16.9138542, 28.3423898 ], [ -16.9137788, 28.3423507 ], [ -16.913279, 28.3420656 ], [ -16.9129712, 28.341867 ], [ -16.912642, 28.341634 ], [ -16.9121859, 28.3415139 ], [ -16.912138, 28.3415001 ], [ -16.9120909, 28.3414843 ], [ -16.9116832, 28.3413368 ], [ -16.9116191, 28.3413113 ], [ -16.9115571, 28.341282 ], [ -16.9106866, 28.340835 ], [ -16.9106229, 28.3407994 ], [ -16.9105624, 28.3407598 ], [ -16.9105054, 28.3407164 ], [ -16.9100463, 28.34034 ], [ -16.909813, 28.3404244 ], [ -16.9092537, 28.3405612 ], [ -16.9083017, 28.3407591 ], [ -16.9082162, 28.3407735 ], [ -16.9081296, 28.3407814 ], [ -16.9080425, 28.3407828 ], [ -16.9079557, 28.3407775 ], [ -16.9077848, 28.3407607 ], [ -16.9077186, 28.3408132 ], [ -16.9076476, 28.3408603 ], [ -16.9075721, 28.3409018 ], [ -16.9074929, 28.3409374 ], [ -16.9074104, 28.3409667 ], [ -16.9073254, 28.3409895 ], [ -16.9072385, 28.3410057 ], [ -16.9071503, 28.3410152 ], [ -16.9070615, 28.3410178 ], [ -16.9069728, 28.3410136 ], [ -16.9068848, 28.3410025 ], [ -16.9067983, 28.3409847 ], [ -16.9063876, 28.3408836 ], [ -16.9063027, 28.340859 ], [ -16.9062205, 28.3408281 ], [ -16.9061417, 28.3407908 ], [ -16.906067, 28.3407477 ], [ -16.9054657, 28.3403663 ], [ -16.9053963, 28.3403181 ], [ -16.9053318, 28.3402648 ], [ -16.9052728, 28.3402067 ], [ -16.9052196, 28.3401443 ], [ -16.9051728, 28.3400781 ], [ -16.9051326, 28.3400086 ], [ -16.9048859, 28.3395317 ], [ -16.9046591, 28.3394921 ], [ -16.9045816, 28.3394757 ], [ -16.9045057, 28.339454 ], [ -16.9044319, 28.3394272 ], [ -16.9043608, 28.3393953 ], [ -16.9042927, 28.3393586 ], [ -16.904228, 28.3393173 ], [ -16.9041672, 28.3392717 ], [ -16.9034783, 28.3387122 ], [ -16.9034169, 28.3386579 ], [ -16.9033609, 28.3385992 ], [ -16.9033108, 28.3385366 ], [ -16.903267, 28.3384703 ], [ -16.9032296, 28.338401 ], [ -16.903199, 28.3383292 ], [ -16.9031754, 28.3382553 ], [ -16.9031591, 28.3381799 ], [ -16.90315, 28.3381035 ], [ -16.9031194, 28.337669 ], [ -16.9029242, 28.3373433 ], [ -16.9028997, 28.3372996 ], [ -16.9028779, 28.3372547 ], [ -16.9027867, 28.3370523 ], [ -16.9025461, 28.3367927 ], [ -16.9022543, 28.3367312 ], [ -16.9021708, 28.3367102 ], [ -16.9020895, 28.336683 ], [ -16.9020112, 28.3366498 ], [ -16.9019363, 28.3366109 ], [ -16.9018655, 28.3365664 ], [ -16.9017992, 28.3365167 ], [ -16.9017379, 28.3364623 ], [ -16.9016821, 28.3364034 ], [ -16.9016322, 28.3363405 ], [ -16.9015884, 28.3362741 ], [ -16.9015512, 28.3362047 ], [ -16.9015209, 28.3361327 ], [ -16.9014975, 28.3360587 ], [ -16.9014814, 28.3359832 ], [ -16.9014726, 28.3359067 ], [ -16.9014711, 28.3358299 ], [ -16.9014771, 28.3357532 ], [ -16.9014904, 28.3356773 ], [ -16.901511, 28.3356026 ], [ -16.9014709, 28.3355368 ], [ -16.9014372, 28.3354682 ], [ -16.9014099, 28.3353974 ], [ -16.901252, 28.3352405 ], [ -16.9007468, 28.3350706 ], [ -16.9006775, 28.3350447 ], [ -16.8999795, 28.3347562 ], [ -16.8999451, 28.3347584 ], [ -16.899864, 28.3347607 ], [ -16.8997829, 28.3347573 ], [ -16.8997024, 28.3347483 ], [ -16.899623, 28.3347335 ], [ -16.8995451, 28.3347133 ], [ -16.8994693, 28.3346876 ], [ -16.899396, 28.3346567 ], [ -16.8993258, 28.3346207 ], [ -16.899259, 28.3345799 ], [ -16.8989328, 28.3343631 ], [ -16.8987446, 28.3343345 ], [ -16.8986616, 28.3343187 ], [ -16.8985803, 28.3342969 ], [ -16.8985014, 28.3342691 ], [ -16.8984254, 28.3342357 ], [ -16.8983528, 28.3341967 ], [ -16.8982841, 28.3341526 ], [ -16.8980442, 28.3339846 ], [ -16.8980423, 28.3339857 ], [ -16.8979689, 28.3340239 ], [ -16.8978921, 28.3340566 ], [ -16.8978125, 28.3340835 ], [ -16.8977307, 28.3341044 ], [ -16.8976471, 28.3341193 ], [ -16.8975625, 28.3341278 ], [ -16.8974773, 28.3341301 ], [ -16.896765, 28.3341231 ], [ -16.8966757, 28.3341187 ], [ -16.8965872, 28.3341075 ], [ -16.8965002, 28.3340894 ], [ -16.8964153, 28.3340647 ], [ -16.8963331, 28.3340334 ], [ -16.8962544, 28.333996 ], [ -16.8961797, 28.3339525 ], [ -16.8961095, 28.3339035 ], [ -16.8960445, 28.3338492 ], [ -16.8959851, 28.3337901 ], [ -16.8959318, 28.3337265 ], [ -16.895885, 28.3336592 ], [ -16.895845, 28.3335884 ], [ -16.8958122, 28.3335148 ], [ -16.8957869, 28.333439 ], [ -16.8957691, 28.3333614 ], [ -16.895759, 28.3332828 ], [ -16.8957568, 28.3332038 ], [ -16.8957624, 28.3331248 ], [ -16.8957758, 28.3330466 ], [ -16.8957969, 28.3329697 ], [ -16.8957219, 28.332925 ], [ -16.8956517, 28.3328746 ], [ -16.8955869, 28.3328189 ], [ -16.8955278, 28.3327583 ], [ -16.8954751, 28.3326934 ], [ -16.8954291, 28.3326245 ], [ -16.8953901, 28.3325524 ], [ -16.8953585, 28.3324774 ], [ -16.8953346, 28.3324003 ], [ -16.8953184, 28.3323216 ], [ -16.8952959, 28.3321749 ], [ -16.8949944, 28.3317024 ], [ -16.8949344, 28.3316489 ], [ -16.8948797, 28.331591 ], [ -16.8948306, 28.3315294 ], [ -16.8947875, 28.3314643 ], [ -16.8947507, 28.3313963 ], [ -16.8947204, 28.3313257 ], [ -16.8946969, 28.3312532 ], [ -16.8946804, 28.3311793 ], [ -16.8946709, 28.3311043 ], [ -16.8946684, 28.3310289 ], [ -16.8946731, 28.3309536 ], [ -16.8946849, 28.3308789 ], [ -16.8947038, 28.3308053 ], [ -16.8947294, 28.3307334 ], [ -16.8947618, 28.3306636 ], [ -16.8947621, 28.3304604 ], [ -16.8947649, 28.3303948 ], [ -16.894773, 28.3303297 ], [ -16.8947865, 28.3302652 ], [ -16.8949721, 28.3295281 ], [ -16.8949951, 28.3294524 ], [ -16.8950254, 28.3293788 ], [ -16.8950629, 28.3293077 ], [ -16.8951072, 28.3292398 ], [ -16.8951579, 28.3291756 ], [ -16.8952148, 28.3291155 ], [ -16.8952774, 28.32906 ], [ -16.8955784, 28.3288152 ], [ -16.8955217, 28.3287645 ], [ -16.8954696, 28.32871 ], [ -16.8954226, 28.3286521 ], [ -16.8953809, 28.328591 ], [ -16.8953448, 28.3285273 ], [ -16.8952724, 28.3283858 ], [ -16.8951963, 28.3283817 ], [ -16.8951207, 28.3283726 ], [ -16.8950461, 28.3283586 ], [ -16.894973, 28.3283396 ], [ -16.8949016, 28.3283158 ], [ -16.8948324, 28.3282874 ], [ -16.8941107, 28.3279615 ], [ -16.894067, 28.3279406 ], [ -16.8940246, 28.3279178 ], [ -16.8934898, 28.327615 ], [ -16.8934169, 28.3275696 ], [ -16.8933487, 28.3275188 ], [ -16.8932859, 28.3274629 ], [ -16.8932288, 28.3274023 ], [ -16.8931778, 28.3273376 ], [ -16.8931335, 28.3272692 ], [ -16.8930961, 28.3271976 ], [ -16.8930659, 28.3271234 ], [ -16.8930431, 28.3270471 ], [ -16.893028, 28.3269694 ], [ -16.8930205, 28.3268908 ], [ -16.8930209, 28.3268119 ], [ -16.8930291, 28.3267334 ], [ -16.8930449, 28.3266558 ], [ -16.8930684, 28.3265797 ], [ -16.8930993, 28.3265057 ], [ -16.8931373, 28.3264344 ], [ -16.8932506, 28.3262441 ], [ -16.8932295, 28.3261689 ], [ -16.8932158, 28.3260924 ], [ -16.8932096, 28.326015 ], [ -16.8932109, 28.3259376 ], [ -16.8932197, 28.3258604 ], [ -16.8933388, 28.3251318 ], [ -16.8933323, 28.3249418 ], [ -16.8931163, 28.3246661 ], [ -16.893068, 28.3245983 ], [ -16.8930267, 28.3245269 ], [ -16.8929927, 28.3244526 ], [ -16.8929664, 28.3243759 ], [ -16.8929478, 28.3242975 ], [ -16.8929371, 28.3242179 ], [ -16.8929345, 28.3241378 ], [ -16.89294, 28.3240578 ], [ -16.8929534, 28.3239785 ], [ -16.8929747, 28.3239006 ], [ -16.893023, 28.3237533 ], [ -16.8925338, 28.3234827 ], [ -16.8924632, 28.3234399 ], [ -16.8923969, 28.323392 ], [ -16.8923354, 28.3233394 ], [ -16.8922791, 28.3232823 ], [ -16.8922284, 28.3232214 ], [ -16.8921836, 28.3231568 ], [ -16.8921451, 28.3230892 ], [ -16.8921132, 28.323019 ], [ -16.892088, 28.3229466 ], [ -16.891876, 28.3222316 ], [ -16.891655, 28.32188 ], [ -16.8915679, 28.3217296 ], [ -16.8912201, 28.3217168 ], [ -16.8908902, 28.3218413 ], [ -16.8908079, 28.3218687 ], [ -16.8907232, 28.3218897 ], [ -16.8906368, 28.3219042 ], [ -16.8905493, 28.3219121 ], [ -16.8904613, 28.3219132 ], [ -16.8903736, 28.3219077 ], [ -16.8902867, 28.3218954 ], [ -16.8902013, 28.3218766 ], [ -16.8901181, 28.3218513 ], [ -16.8900377, 28.3218198 ], [ -16.8899606, 28.3217823 ], [ -16.8898875, 28.321739 ], [ -16.8898189, 28.3216904 ], [ -16.8897552, 28.3216366 ], [ -16.889697, 28.3215782 ], [ -16.8892293, 28.3210658 ], [ -16.8886771, 28.3203886 ], [ -16.8886271, 28.3203212 ], [ -16.8885842, 28.32025 ], [ -16.8885485, 28.3201758 ], [ -16.8885205, 28.320099 ], [ -16.8885004, 28.3200203 ], [ -16.888375, 28.319403 ], [ -16.8881135, 28.318972 ], [ -16.8878179, 28.3185518 ], [ -16.8875938, 28.3183287 ], [ -16.8875111, 28.3183556 ], [ -16.887426, 28.318376 ], [ -16.8873393, 28.3183899 ], [ -16.8872515, 28.3183971 ], [ -16.8871634, 28.3183976 ], [ -16.8868172, 28.3183861 ], [ -16.8867374, 28.3183807 ], [ -16.8866583, 28.3183697 ], [ -16.8865803, 28.3183533 ], [ -16.8865041, 28.3183315 ], [ -16.8864301, 28.3183045 ], [ -16.8863586, 28.3182724 ], [ -16.8862903, 28.3182355 ], [ -16.8862502, 28.3182119 ], [ -16.8858815, 28.3182115 ], [ -16.8857994, 28.3182084 ], [ -16.8857178, 28.3181996 ], [ -16.8856373, 28.3181849 ], [ -16.8855583, 28.3181646 ], [ -16.8854815, 28.3181387 ], [ -16.8854073, 28.3181074 ], [ -16.8853362, 28.3180709 ], [ -16.8852687, 28.3180295 ], [ -16.8852051, 28.3179833 ], [ -16.8847868, 28.317654 ], [ -16.8847228, 28.3175991 ], [ -16.8846645, 28.3175394 ], [ -16.8844853, 28.3173387 ], [ -16.8841898, 28.3168676 ], [ -16.8841509, 28.3167989 ], [ -16.8841188, 28.3167276 ], [ -16.8840936, 28.316654 ], [ -16.8840757, 28.3165789 ], [ -16.884065, 28.3165026 ], [ -16.8840573, 28.3164193 ], [ -16.8840051, 28.3163932 ], [ -16.8834355, 28.3161618 ], [ -16.8833762, 28.3161356 ], [ -16.883319, 28.316106 ], [ -16.8824539, 28.3156255 ], [ -16.8819739, 28.3153656 ], [ -16.8814749, 28.315195 ], [ -16.8813937, 28.3151636 ], [ -16.8813159, 28.315126 ], [ -16.881242, 28.3150826 ], [ -16.8811727, 28.3150337 ], [ -16.8811085, 28.3149797 ], [ -16.8810498, 28.3149209 ], [ -16.8809971, 28.3148579 ], [ -16.8809507, 28.314791 ], [ -16.8809111, 28.3147208 ], [ -16.8808786, 28.3146479 ], [ -16.8808533, 28.3145727 ], [ -16.8805593, 28.3144291 ], [ -16.8804739, 28.3144489 ], [ -16.8803868, 28.314462 ], [ -16.8802988, 28.3144685 ], [ -16.8802105, 28.3144681 ], [ -16.8801226, 28.3144611 ], [ -16.8800357, 28.3144473 ], [ -16.8799505, 28.3144269 ], [ -16.8798675, 28.3144001 ], [ -16.8797875, 28.314367 ], [ -16.8797111, 28.3143279 ], [ -16.8796387, 28.3142831 ], [ -16.879571, 28.3142329 ], [ -16.8795085, 28.3141778 ], [ -16.8794516, 28.314118 ], [ -16.8794007, 28.3140542 ], [ -16.8793563, 28.3139866 ], [ -16.8793187, 28.313916 ], [ -16.879288, 28.3138427 ], [ -16.8792647, 28.3137673 ], [ -16.8792489, 28.3136904 ], [ -16.8792406, 28.3136126 ], [ -16.8792399, 28.3135345 ], [ -16.8792469, 28.3134566 ], [ -16.8792615, 28.3133795 ], [ -16.8792835, 28.3133039 ], [ -16.8793129, 28.3132302 ], [ -16.8794659, 28.3128934 ], [ -16.8793059, 28.3126884 ], [ -16.8792615, 28.3126261 ], [ -16.8792229, 28.3125608 ], [ -16.8791904, 28.312493 ], [ -16.8791644, 28.312423 ], [ -16.8791448, 28.3123514 ], [ -16.8791319, 28.3122787 ], [ -16.8791258, 28.3122052 ], [ -16.8790969, 28.3114279 ], [ -16.8791002, 28.3108445 ], [ -16.8791042, 28.3107695 ], [ -16.8791151, 28.3106951 ], [ -16.8791331, 28.3106217 ], [ -16.8791578, 28.31055 ], [ -16.8791892, 28.3104802 ], [ -16.879227, 28.3104131 ], [ -16.8792711, 28.3103489 ], [ -16.8797228, 28.3097484 ], [ -16.8800931, 28.3090789 ], [ -16.8801266, 28.3090235 ], [ -16.8801643, 28.3089702 ], [ -16.8802061, 28.3089193 ], [ -16.8802519, 28.3088712 ], [ -16.8805337, 28.3085948 ], [ -16.880472, 28.3084451 ], [ -16.8802302, 28.3077498 ], [ -16.8798841, 28.3069937 ], [ -16.8796544, 28.3064074 ], [ -16.8796287, 28.3063313 ], [ -16.8796107, 28.3062534 ], [ -16.8796006, 28.3061744 ], [ -16.8795983, 28.3060949 ], [ -16.879608, 28.3056345 ], [ -16.8796117, 28.3055736 ], [ -16.8796199, 28.305513 ], [ -16.8796328, 28.3054531 ], [ -16.8796502, 28.305394 ], [ -16.8796897, 28.3052765 ], [ -16.87965, 28.305215 ], [ -16.8796158, 28.3051509 ], [ -16.8795874, 28.3050846 ], [ -16.879565, 28.3050165 ], [ -16.8795486, 28.3049471 ], [ -16.8793722, 28.304776 ], [ -16.8793299, 28.3047322 ], [ -16.8792908, 28.3046861 ], [ -16.8792551, 28.3046378 ], [ -16.8791643, 28.3045062 ], [ -16.8790349, 28.3044025 ], [ -16.8789731, 28.3043485 ], [ -16.8789167, 28.30429 ], [ -16.8788662, 28.3042276 ], [ -16.8788218, 28.3041615 ], [ -16.8787839, 28.3040923 ], [ -16.8787529, 28.3040206 ], [ -16.8786536, 28.3037584 ], [ -16.8783189, 28.3035428 ], [ -16.8783031, 28.3035329 ], [ -16.8778389, 28.3034893 ], [ -16.8773943, 28.303516 ], [ -16.8773077, 28.3035179 ], [ -16.8772213, 28.3035133 ], [ -16.8771356, 28.3035023 ], [ -16.8770513, 28.3034848 ], [ -16.876969, 28.3034611 ], [ -16.8768892, 28.3034313 ], [ -16.8768126, 28.3033956 ], [ -16.8767396, 28.3033543 ], [ -16.8766709, 28.3033076 ], [ -16.876607, 28.303256 ], [ -16.8765482, 28.3031997 ], [ -16.876495, 28.3031392 ], [ -16.8764478, 28.303075 ], [ -16.8764069, 28.3030074 ], [ -16.8763727, 28.302937 ], [ -16.8763453, 28.3028643 ], [ -16.8762677, 28.3028306 ], [ -16.8761936, 28.3027912 ], [ -16.8761235, 28.3027465 ], [ -16.876058, 28.3026966 ], [ -16.8759974, 28.302642 ], [ -16.8759159, 28.302612 ], [ -16.8758376, 28.3025759 ], [ -16.8757632, 28.3025339 ], [ -16.8756931, 28.3024864 ], [ -16.8756279, 28.3024337 ], [ -16.8755682, 28.3023762 ], [ -16.8755142, 28.3023144 ], [ -16.8754665, 28.3022486 ], [ -16.8754255, 28.3021795 ], [ -16.8753913, 28.3021074 ], [ -16.8753643, 28.302033 ], [ -16.8753447, 28.3019569 ], [ -16.8753326, 28.3018795 ], [ -16.8753281, 28.3018015 ], [ -16.8753312, 28.3017234 ], [ -16.8753496, 28.3015175 ], [ -16.8753227, 28.3014948 ], [ -16.8752523, 28.3014579 ], [ -16.8747231, 28.3013685 ], [ -16.874085, 28.3012616 ], [ -16.8732392, 28.3012136 ], [ -16.8730588, 28.3015898 ], [ -16.873021, 28.3016602 ], [ -16.8729764, 28.3017274 ], [ -16.8729254, 28.301791 ], [ -16.8728684, 28.3018504 ], [ -16.8728058, 28.3019052 ], [ -16.8727381, 28.3019551 ], [ -16.8726658, 28.3019996 ], [ -16.8725895, 28.3020384 ], [ -16.8725096, 28.3020713 ], [ -16.8724268, 28.3020979 ], [ -16.8723418, 28.3021181 ], [ -16.8722551, 28.3021317 ], [ -16.8721674, 28.3021387 ], [ -16.8720793, 28.3021389 ], [ -16.8719915, 28.3021324 ], [ -16.8719047, 28.3021192 ], [ -16.8718195, 28.3020995 ], [ -16.8717366, 28.3020733 ], [ -16.8716565, 28.3020408 ], [ -16.8715799, 28.3020024 ], [ -16.8715073, 28.3019583 ], [ -16.8714393, 28.3019087 ], [ -16.8713764, 28.3018542 ], [ -16.871319, 28.3017951 ], [ -16.8712676, 28.3017318 ], [ -16.8712225, 28.3016648 ], [ -16.8711842, 28.3015946 ], [ -16.8711529, 28.3015218 ], [ -16.8709849, 28.3010744 ], [ -16.8704907, 28.30087 ], [ -16.8704271, 28.3008413 ], [ -16.8703659, 28.3008086 ], [ -16.8703075, 28.3007723 ], [ -16.870252, 28.3007324 ], [ -16.8696201, 28.3002444 ], [ -16.8691856, 28.2999765 ], [ -16.8691139, 28.299928 ], [ -16.8690474, 28.2998742 ], [ -16.8689865, 28.2998153 ], [ -16.8689318, 28.2997519 ], [ -16.8688835, 28.2996844 ], [ -16.8688422, 28.2996135 ], [ -16.8688082, 28.2995396 ], [ -16.8687817, 28.2994633 ], [ -16.8687628, 28.2993852 ], [ -16.8687519, 28.299306 ], [ -16.8687489, 28.2992262 ], [ -16.8687539, 28.2991465 ], [ -16.8688506, 28.2982887 ], [ -16.8689812, 28.2975291 ], [ -16.8690347, 28.2973494 ], [ -16.8688238, 28.2971627 ], [ -16.8687651, 28.2971061 ], [ -16.8687121, 28.2970454 ], [ -16.8686651, 28.2969808 ], [ -16.8686244, 28.2969129 ], [ -16.8685905, 28.2968422 ], [ -16.8685634, 28.2967693 ], [ -16.8685435, 28.2966945 ], [ -16.8685308, 28.2966185 ], [ -16.8684881, 28.296257 ], [ -16.8684735, 28.2962501 ], [ -16.8684014, 28.2962126 ], [ -16.8683329, 28.2961699 ], [ -16.8682687, 28.2961224 ], [ -16.8682091, 28.2960704 ], [ -16.8681545, 28.2960142 ], [ -16.8681053, 28.2959543 ], [ -16.8680618, 28.295891 ], [ -16.8680244, 28.2958247 ], [ -16.8675948, 28.2956176 ], [ -16.8675213, 28.2955785 ], [ -16.8674517, 28.2955341 ], [ -16.8673866, 28.2954847 ], [ -16.8673265, 28.2954306 ], [ -16.8672717, 28.2953722 ], [ -16.8672226, 28.2953099 ], [ -16.8671796, 28.2952443 ], [ -16.8670725, 28.2950635 ], [ -16.8666735, 28.2948244 ], [ -16.8657614, 28.2943152 ], [ -16.8651697, 28.2940137 ], [ -16.8650958, 28.2939722 ], [ -16.8650263, 28.2939253 ], [ -16.8649615, 28.2938733 ], [ -16.864902, 28.2938165 ], [ -16.8648482, 28.2937554 ], [ -16.8648005, 28.2936905 ], [ -16.8647593, 28.2936222 ], [ -16.8647248, 28.293551 ], [ -16.8646974, 28.2934775 ], [ -16.8646772, 28.2934022 ], [ -16.8646644, 28.2933256 ], [ -16.864659, 28.2932483 ], [ -16.8646574, 28.2931708 ], [ -16.8644682, 28.2930094 ], [ -16.8644062, 28.2929516 ], [ -16.8643502, 28.2928892 ], [ -16.8643006, 28.2928226 ], [ -16.8642579, 28.2927525 ], [ -16.8642223, 28.2926793 ], [ -16.8641027, 28.2923998 ], [ -16.863747, 28.2921145 ], [ -16.8636908, 28.2920658 ], [ -16.863639, 28.2920134 ], [ -16.8635919, 28.2919576 ], [ -16.8635498, 28.2918988 ], [ -16.8630075, 28.2910719 ], [ -16.8627803, 28.2907184 ], [ -16.8622442, 28.2902905 ], [ -16.8622097, 28.2902506 ], [ -16.8621241, 28.290262 ], [ -16.8620366, 28.2902703 ], [ -16.8619486, 28.2902719 ], [ -16.8618607, 28.2902667 ], [ -16.8617737, 28.2902549 ], [ -16.8616882, 28.2902364 ], [ -16.8616048, 28.2902115 ], [ -16.8615241, 28.2901803 ], [ -16.8614468, 28.2901431 ], [ -16.8613734, 28.2901001 ], [ -16.8613044, 28.2900517 ], [ -16.8612404, 28.2899982 ], [ -16.8611819, 28.2899399 ], [ -16.8611293, 28.2898775 ], [ -16.861083, 28.2898112 ], [ -16.8610432, 28.2897417 ], [ -16.8610105, 28.2896694 ], [ -16.8609848, 28.2895948 ], [ -16.8609666, 28.2895186 ], [ -16.8609558, 28.2894413 ], [ -16.8609527, 28.2893634 ], [ -16.8609571, 28.2892856 ], [ -16.8609691, 28.2892084 ], [ -16.8609886, 28.2891324 ], [ -16.8608416, 28.2890095 ], [ -16.860789, 28.2889623 ], [ -16.8607405, 28.2889117 ], [ -16.8606964, 28.2888581 ], [ -16.8600305, 28.2879847 ], [ -16.8599847, 28.2879186 ], [ -16.8599454, 28.2878493 ], [ -16.859913, 28.2877772 ], [ -16.8598877, 28.2877029 ], [ -16.8598698, 28.287627 ], [ -16.8598592, 28.28755 ], [ -16.8598562, 28.2874725 ], [ -16.8598607, 28.2873951 ], [ -16.8598727, 28.2873182 ], [ -16.8598921, 28.2872426 ], [ -16.8600148, 28.2868442 ], [ -16.8601748, 28.286415 ], [ -16.8601401, 28.2862936 ], [ -16.8601224, 28.2862186 ], [ -16.860112, 28.2861426 ], [ -16.8601089, 28.2860661 ], [ -16.8601131, 28.2859896 ], [ -16.8601247, 28.2859137 ], [ -16.8602748, 28.285168 ], [ -16.8602878, 28.2851133 ], [ -16.8603046, 28.2850595 ], [ -16.8603251, 28.2850066 ], [ -16.8605779, 28.2844162 ], [ -16.8606076, 28.284354 ], [ -16.8606424, 28.2842939 ], [ -16.8606823, 28.2842363 ], [ -16.8609357, 28.283899 ], [ -16.8609575, 28.2837306 ], [ -16.8608764, 28.2837013 ], [ -16.8607984, 28.283666 ], [ -16.8607241, 28.2836248 ], [ -16.8606541, 28.2835782 ], [ -16.8605889, 28.2835264 ], [ -16.860529, 28.2834699 ], [ -16.8604747, 28.283409 ], [ -16.8604266, 28.2833442 ], [ -16.8603849, 28.283276 ], [ -16.86035, 28.2832048 ], [ -16.8603222, 28.2831313 ], [ -16.8601983, 28.2827512 ], [ -16.8601786, 28.2826797 ], [ -16.8601655, 28.282607 ], [ -16.8601591, 28.2825336 ], [ -16.8601334, 28.2819026 ], [ -16.8601336, 28.2818335 ], [ -16.8601398, 28.2817645 ], [ -16.8601519, 28.2816962 ], [ -16.8602725, 28.2811526 ], [ -16.8600454, 28.2808966 ], [ -16.8595524, 28.2804125 ], [ -16.8594952, 28.2803511 ], [ -16.8594444, 28.2802855 ], [ -16.8590515, 28.2797273 ], [ -16.8585466, 28.2790125 ], [ -16.8581914, 28.278494 ], [ -16.8578944, 28.2781858 ], [ -16.857499, 28.2779678 ], [ -16.8572284, 28.2779133 ], [ -16.8571463, 28.2778936 ], [ -16.8570663, 28.2778678 ], [ -16.8569891, 28.2778363 ], [ -16.8569151, 28.2777991 ], [ -16.8568448, 28.2777566 ], [ -16.8567788, 28.2777091 ], [ -16.8567175, 28.2776569 ], [ -16.8566614, 28.2776003 ], [ -16.8566108, 28.2775398 ], [ -16.856566, 28.2774757 ], [ -16.8565274, 28.2774086 ], [ -16.8564953, 28.2773388 ], [ -16.8564699, 28.277267 ], [ -16.8564513, 28.2771935 ], [ -16.8562906, 28.2764037 ], [ -16.8561367, 28.2759613 ], [ -16.8561168, 28.275895 ], [ -16.8561025, 28.2758276 ], [ -16.8559925, 28.2751679 ], [ -16.8559011, 28.2749418 ], [ -16.8556722, 28.2748291 ], [ -16.8556138, 28.2747981 ], [ -16.855558, 28.2747636 ], [ -16.8551679, 28.2745058 ], [ -16.8550988, 28.2745353 ], [ -16.8550187, 28.2745658 ], [ -16.8549359, 28.2745901 ], [ -16.8548511, 28.274608 ], [ -16.8547649, 28.2746195 ], [ -16.8546778, 28.2746244 ], [ -16.8545906, 28.2746227 ], [ -16.854504, 28.2746144 ], [ -16.8544184, 28.2745995 ], [ -16.8543345, 28.2745783 ], [ -16.8539355, 28.2744605 ], [ -16.8536998, 28.2745036 ], [ -16.8536165, 28.2745157 ], [ -16.8535323, 28.2745217 ], [ -16.8534479, 28.2745214 ], [ -16.8533637, 28.274515 ], [ -16.8532805, 28.2745024 ], [ -16.8531987, 28.2744837 ], [ -16.853119, 28.2744592 ], [ -16.8529743, 28.2745443 ], [ -16.8528978, 28.2745851 ], [ -16.8528176, 28.2746199 ], [ -16.8527343, 28.2746483 ], [ -16.8526485, 28.2746702 ], [ -16.8525608, 28.2746853 ], [ -16.852472, 28.2746935 ], [ -16.8523827, 28.2746949 ], [ -16.8522936, 28.2746893 ], [ -16.8520385, 28.2746633 ] ] } },
{ "type": "Feature", "properties": { "Layer": "0805DPMT", "IDTRAMO": 38015.0, "Provincia": "Santa Cruz de Tenerife", "Referencia": "DL-203-TF", "TM": "Candelaria (Tenerife)", "Estado": "A", "Sit_Admin": "Aprobado (O.M. )", "Tipo_Linea": "Límite SP aprobada", "Label": "DL-203-TF (O.M. )", "ID_SEGMENT": "38015001", "FIGURA": null, "Shape_Leng": 0.0, "VERTICES": "SI" }, "geometry": { "type": "LineString", "coordinates": [ [ -16.3619821, 28.3736603 ], [ -16.3619708, 28.3736902 ], [ -16.3617581, 28.374121 ], [ -16.36175, 28.3741356 ], [ -16.3617163, 28.3741899 ], [ -16.3619221, 28.3743203 ], [ -16.3619464, 28.3743384 ], [ -16.3619673, 28.3743597 ], [ -16.3619842, 28.3743835 ], [ -16.3619966, 28.3744094 ], [ -16.3620044, 28.3744366 ], [ -16.3620073, 28.3744647 ], [ -16.3620053, 28.3744927 ], [ -16.3619983, 28.3745202 ], [ -16.3619866, 28.3745463 ], [ -16.3619288, 28.374651 ], [ -16.3619139, 28.3746735 ], [ -16.3618956, 28.3746939 ], [ -16.3618741, 28.3747118 ], [ -16.3618499, 28.3747267 ], [ -16.3618235, 28.3747384 ], [ -16.3618707, 28.3748368 ], [ -16.3619461, 28.3748709 ], [ -16.3619759, 28.3748874 ], [ -16.362002, 28.3749082 ], [ -16.3620238, 28.3749326 ], [ -16.3620405, 28.37496 ], [ -16.3620516, 28.3749895 ], [ -16.3620568, 28.3750203 ], [ -16.362056, 28.3750514 ], [ -16.3620491, 28.3750819 ], [ -16.3620365, 28.3751109 ], [ -16.3619679, 28.3752349 ], [ -16.3620152, 28.3755643 ], [ -16.3620167, 28.3755935 ], [ -16.3620129, 28.3756225 ], [ -16.3620038, 28.3756505 ], [ -16.3619898, 28.3756769 ], [ -16.3619761, 28.375698 ], [ -16.3619632, 28.375863 ], [ -16.36196, 28.3758849 ], [ -16.3619537, 28.3759063 ], [ -16.3619446, 28.3759268 ], [ -16.3617381, 28.3763182 ], [ -16.3617237, 28.3763411 ], [ -16.3617056, 28.3763619 ], [ -16.3616023, 28.3764646 ], [ -16.3615847, 28.3764801 ], [ -16.3615651, 28.3764936 ], [ -16.3615437, 28.3765049 ], [ -16.3615462, 28.3765357 ], [ -16.3615457, 28.3765661 ], [ -16.3615394, 28.376596 ], [ -16.3615275, 28.3766246 ], [ -16.3615104, 28.3766509 ], [ -16.3614886, 28.3766744 ], [ -16.3614626, 28.3766943 ], [ -16.3614331, 28.37671 ], [ -16.3614012, 28.3767212 ], [ -16.361193, 28.3767763 ], [ -16.3612563, 28.376911 ], [ -16.3612669, 28.3769404 ], [ -16.3612717, 28.376971 ], [ -16.3612705, 28.3770018 ], [ -16.3612634, 28.3770321 ], [ -16.3612505, 28.3770608 ], [ -16.3612323, 28.3770872 ], [ -16.3612093, 28.3771104 ], [ -16.3610347, 28.3772589 ], [ -16.3610072, 28.3772785 ], [ -16.3609763, 28.3772936 ], [ -16.360943, 28.3773038 ], [ -16.3609081, 28.3773088 ], [ -16.3608729, 28.3773084 ], [ -16.3607473, 28.3772972 ], [ -16.3606351, 28.3773012 ], [ -16.3605097, 28.3773141 ], [ -16.3604834, 28.3773261 ], [ -16.36032, 28.3774005 ], [ -16.3603024, 28.3774112 ], [ -16.3603054, 28.3774287 ], [ -16.3603358, 28.3774548 ] ] } },
{ "type": "Feature", "properties": { "Layer": "0805DPMT", "IDTRAMO": 38005.0, "Provincia": "Santa Cruz de Tenerife", "Referencia": "DL-210-TF", "TM": "Santa Cruz de Tenerife (Tenerife)", "Estado": "A", "OM": "2017-01-05", "Sit_Admin": "Aprobado (O.M. 05/01/2017)", "Tipo_Linea": "Límite SP aprobada", "Label": "DL-210-TF (O.M. 05/01/2017)", "ID_SEGMENT": "38005002", "FIGURA": null, "Shape_Leng": 0.0, "VERTICES": "SI" }, "geometry": { "type": "LineString", "coordinates": [ [ -16.1901564, 28.5052318 ], [ -16.1901562, 28.5052321 ], [ -16.1901492, 28.5052413 ], [ -16.1900107, 28.5054257 ], [ -16.1897997, 28.5057065 ], [ -16.1897207, 28.5058117 ], [ -16.1895717, 28.5060099 ], [ -16.1894644, 28.5062684 ], [ -16.1894758, 28.5062888 ], [ -16.1894804, 28.5062977 ], [ -16.1894853, 28.5063087 ], [ -16.1894893, 28.50632 ], [ -16.1894924, 28.5063315 ], [ -16.1894947, 28.5063431 ], [ -16.1894962, 28.5063549 ], [ -16.1894968, 28.5063667 ], [ -16.1894965, 28.5063785 ], [ -16.1894953, 28.5063902 ], [ -16.1894932, 28.5064019 ], [ -16.1894903, 28.5064134 ], [ -16.1894866, 28.5064248 ], [ -16.189482, 28.5064359 ], [ -16.1894766, 28.5064467 ], [ -16.1894752, 28.5064492 ], [ -16.1892399, 28.5068651 ], [ -16.1892351, 28.5068731 ], [ -16.1892321, 28.5068776 ], [ -16.1887228, 28.5076243 ], [ -16.188708, 28.5076432 ], [ -16.1881865, 28.5082267 ], [ -16.188174, 28.5082394 ], [ -16.1875933, 28.5087779 ], [ -16.187575, 28.5087928 ], [ -16.1868991, 28.5092832 ], [ -16.1868822, 28.5092943 ], [ -16.1862308, 28.5096752 ], [ -16.1862082, 28.5096866 ], [ -16.1859029, 28.5098403 ], [ -16.1858404, 28.5098845 ], [ -16.1856838, 28.5099955 ], [ -16.1856819, 28.5099968 ], [ -16.1856711, 28.5100037 ], [ -16.1856644, 28.5100076 ], [ -16.1848724, 28.5104456 ], [ -16.1846788, 28.5105527 ], [ -16.1844567, 28.5106755 ], [ -16.1844522, 28.5106779 ], [ -16.1844404, 28.5106836 ], [ -16.1844302, 28.5106879 ], [ -16.1842641, 28.5107521 ], [ -16.1838373, 28.5109171 ], [ -16.1838354, 28.5109179 ], [ -16.1838229, 28.5109221 ], [ -16.1838101, 28.5109257 ], [ -16.1838076, 28.5109263 ], [ -16.1835792, 28.5109797 ], [ -16.1824838, 28.5114552 ], [ -16.1824737, 28.5114592 ], [ -16.1824613, 28.5114635 ], [ -16.1824485, 28.5114671 ], [ -16.1824481, 28.5114672 ], [ -16.1820531, 28.5115636 ], [ -16.1819303, 28.5115935 ], [ -16.1816536, 28.5116611 ], [ -16.181641, 28.5116638 ], [ -16.1816278, 28.5116658 ], [ -16.1816145, 28.5116671 ], [ -16.1816011, 28.5116676 ], [ -16.1815878, 28.5116673 ], [ -16.1815745, 28.5116663 ], [ -16.1815612, 28.5116645 ], [ -16.1815482, 28.5116619 ], [ -16.1815368, 28.511659 ], [ -16.1800583, 28.5112409 ], [ -16.1800568, 28.5112405 ], [ -16.1800443, 28.5112364 ], [ -16.180032, 28.5112316 ], [ -16.1800202, 28.5112262 ], [ -16.1800088, 28.51122 ], [ -16.1799978, 28.5112132 ], [ -16.1799874, 28.5112058 ], [ -16.1799776, 28.5111979 ], [ -16.1799683, 28.5111893 ], [ -16.1799597, 28.5111803 ], [ -16.1799518, 28.5111707 ], [ -16.1799478, 28.5111653 ], [ -16.1798133, 28.510977 ], [ -16.1797035, 28.5108234 ], [ -16.1797003, 28.5108188 ], [ -16.1796939, 28.5108085 ], [ -16.1796883, 28.5107978 ], [ -16.1796834, 28.5107867 ], [ -16.1796794, 28.5107755 ], [ -16.1796763, 28.510764 ], [ -16.179674, 28.5107524 ], [ -16.1796725, 28.5107406 ], [ -16.1796719, 28.5107288 ], [ -16.1796719, 28.5107266 ], [ -16.179672, 28.5107141 ], [ -16.1796722, 28.5105252 ] ] } },
{ "type": "Feature", "properties": { "Layer": "0805DPMT", "IDTRAMO": 38064.0, "Provincia": "Santa Cruz de Tenerife", "Referencia": "DL-28-TF", "TM": "Adeje (Tenerife)", "Estado": "A", "OM": "2005-07-11", "Sit_Admin": "Aprobado (O.M. 11/07/2005)", "Tipo_Linea": "Límite SP aprobada", "Label": "DL-28-TF (O.M. 11/07/2005)", "ID_SEGMENT": "38064001", "FIGURA": null, "Shape_Leng": 0.0, "VERTICES": "SI" }, "geometry": { "type": "LineString", "coordinates": [ [ -16.7860002, 28.1304957 ], [ -16.786006, 28.1304752 ], [ -16.7860153, 28.1304506 ], [ -16.7860284, 28.1304274 ], [ -16.7860451, 28.1304061 ], [ -16.7860523, 28.1303982 ], [ -16.7860182, 28.1303867 ], [ -16.7857029, 28.130362 ], [ -16.7856775, 28.1303586 ], [ -16.7856528, 28.1303524 ], [ -16.7856292, 28.1303435 ], [ -16.7852932, 28.1301935 ], [ -16.7852676, 28.1301799 ], [ -16.7852445, 28.1301631 ], [ -16.7850577, 28.1300056 ], [ -16.7850361, 28.1299843 ], [ -16.7850186, 28.1299602 ], [ -16.7850057, 28.129934 ], [ -16.785005, 28.1299338 ], [ -16.7849821, 28.1299249 ], [ -16.7849607, 28.1299136 ], [ -16.7847243, 28.1297708 ], [ -16.7846992, 28.1297529 ], [ -16.7846776, 28.1297317 ], [ -16.7846354, 28.1296831 ], [ -16.7845508, 28.1295835 ], [ -16.7845485, 28.1295808 ], [ -16.7845304, 28.1295767 ], [ -16.7844976, 28.1295665 ], [ -16.7844673, 28.1295515 ], [ -16.7844403, 28.1295322 ], [ -16.7843516, 28.1294569 ], [ -16.7843372, 28.1294434 ], [ -16.7843244, 28.1294286 ], [ -16.7842366, 28.1293149 ], [ -16.7842271, 28.1293013 ], [ -16.7842189, 28.1292869 ], [ -16.7841156, 28.1290831 ], [ -16.7841058, 28.1290595 ], [ -16.7840998, 28.1290349 ], [ -16.7840977, 28.1290098 ], [ -16.784097, 28.1288486 ], [ -16.7839105, 28.128829 ], [ -16.7838805, 28.1288238 ], [ -16.7838518, 28.1288147 ], [ -16.7838249, 28.1288019 ], [ -16.7838005, 28.1287857 ], [ -16.783779, 28.1287664 ], [ -16.7837611, 28.1287445 ], [ -16.7837471, 28.1287204 ], [ -16.7836052, 28.1284246 ], [ -16.7835944, 28.1283956 ], [ -16.7835893, 28.1283653 ], [ -16.7835901, 28.1283347 ], [ -16.783601, 28.1282445 ], [ -16.7835363, 28.1276938 ], [ -16.7835357, 28.1276629 ], [ -16.7835691, 28.1272234 ], [ -16.7834986, 28.1270784 ], [ -16.7834799, 28.1270981 ], [ -16.7834582, 28.1271151 ], [ -16.783434, 28.1271293 ], [ -16.7834078, 28.1271403 ], [ -16.7833342, 28.1271656 ], [ -16.7833046, 28.1271736 ], [ -16.7832739, 28.1271775 ], [ -16.783243, 28.1271772 ], [ -16.7829351, 28.1274838 ], [ -16.7829217, 28.127496 ], [ -16.782907, 28.127507 ], [ -16.7821335, 28.128033 ], [ -16.7821063, 28.1280486 ], [ -16.7820767, 28.1280602 ], [ -16.7820454, 28.1280674 ], [ -16.7820132, 28.1280702 ], [ -16.7819809, 28.1280684 ], [ -16.7816775, 28.1284262 ], [ -16.7817805, 28.128497 ], [ -16.7816724, 28.1287331 ], [ -16.7813337, 28.128566 ], [ -16.7817191, 28.1278661 ], [ -16.781616, 28.1277862 ], [ -16.7810699, 28.1280009 ], [ -16.7811335, 28.1281535 ], [ -16.7810819, 28.1281657 ], [ -16.781029, 28.1281718 ], [ -16.7809757, 28.1281716 ], [ -16.7809229, 28.1281651 ], [ -16.7808715, 28.1281525 ], [ -16.7806537, 28.1280532 ], [ -16.7805794, 28.1280157 ], [ -16.7805088, 28.1279728 ], [ -16.7804425, 28.1279247 ], [ -16.780381, 28.1278719 ], [ -16.7803248, 28.1278148 ], [ -16.7802742, 28.1277536 ], [ -16.7802295, 28.1276889 ], [ -16.7801911, 28.1276211 ], [ -16.7811403, 28.1265825 ] ] } },
{ "type": "Feature", "properties": { "Layer": "0805DPMT", "IDTRAMO": 38099.0, "Provincia": "Santa Cruz de Tenerife", "Referencia": "DL-29-TF", "TM": "Tacoronte (Tenerife)", "Estado": "A", "OM": "1999-07-28", "Sit_Admin": "Aprobado (O.M. 28/07/1999)", "Tipo_Linea": "Límite SP aprobada", "Label": "DL-29-TF (O.M. 28/07/1999)", "ID_SEGMENT": "38099007", "FIGURA": null, "Shape_Leng": 0.0, "VERTICES": "SI" }, "geometry": { "type": "LineString", "coordinates": [ [ -16.4238072, 28.5039283 ], [ -16.4238057, 28.5038901 ], [ -16.4238055, 28.503884 ], [ -16.4238056, 28.5038779 ], [ -16.423806, 28.5038717 ], [ -16.4238065, 28.5038656 ], [ -16.4238073, 28.5038596 ], [ -16.4238084, 28.5038535 ], [ -16.4238096, 28.5038475 ], [ -16.4238111, 28.5038415 ], [ -16.4238129, 28.5038356 ], [ -16.4238148, 28.5038297 ], [ -16.423817, 28.5038239 ], [ -16.4238194, 28.5038181 ], [ -16.423822, 28.5038124 ], [ -16.4238249, 28.5038068 ], [ -16.4238279, 28.5038013 ], [ -16.4238312, 28.5037959 ], [ -16.4238346, 28.5037906 ], [ -16.4238383, 28.5037854 ], [ -16.4238422, 28.5037803 ], [ -16.4238463, 28.5037754 ], [ -16.4238505, 28.5037705 ], [ -16.4238549, 28.5037658 ], [ -16.4238595, 28.5037612 ], [ -16.4238643, 28.5037568 ], [ -16.4238693, 28.5037525 ], [ -16.4238744, 28.5037484 ], [ -16.4238797, 28.5037444 ], [ -16.4238851, 28.5037405 ], [ -16.4238907, 28.5037369 ], [ -16.4238964, 28.5037334 ], [ -16.4239022, 28.5037301 ], [ -16.4239082, 28.5037269 ], [ -16.4243009, 28.5035279 ], [ -16.424563, 28.502744 ], [ -16.4245651, 28.502738 ], [ -16.4245675, 28.5027322 ], [ -16.4245701, 28.5027264 ], [ -16.4245729, 28.5027206 ], [ -16.4245759, 28.502715 ], [ -16.4245791, 28.5027095 ], [ -16.4245826, 28.502704 ], [ -16.4245862, 28.5026987 ], [ -16.4245901, 28.5026935 ], [ -16.4245942, 28.5026884 ], [ -16.4245984, 28.5026835 ], [ -16.4246029, 28.5026786 ], [ -16.4246075, 28.5026739 ], [ -16.4246124, 28.5026694 ], [ -16.4246174, 28.502665 ], [ -16.4246225, 28.5026608 ], [ -16.4246279, 28.5026567 ], [ -16.4246334, 28.5026528 ], [ -16.424639, 28.502649 ], [ -16.4246448, 28.5026454 ], [ -16.4246507, 28.5026421 ], [ -16.4246567, 28.5026388 ], [ -16.4246629, 28.5026358 ], [ -16.4246692, 28.502633 ], [ -16.4246756, 28.5026303 ], [ -16.4246821, 28.5026279 ], [ -16.4246886, 28.5026257 ], [ -16.4246953, 28.5026236 ], [ -16.424702, 28.5026218 ], [ -16.4247089, 28.5026201 ], [ -16.4247157, 28.5026187 ], [ -16.4247226, 28.5026175 ], [ -16.4247296, 28.5026165 ], [ -16.4247366, 28.5026157 ], [ -16.4247436, 28.5026151 ], [ -16.4247507, 28.5026148 ], [ -16.4247577, 28.5026146 ], [ -16.4247648, 28.5026147 ], [ -16.4248858, 28.5026177 ], [ -16.4251724, 28.5025626 ], [ -16.4251785, 28.5025615 ], [ -16.4251846, 28.5025606 ], [ -16.4251907, 28.5025598 ], [ -16.4256169, 28.5025131 ], [ -16.4256238, 28.5025125 ], [ -16.4256308, 28.5025121 ], [ -16.4256378, 28.5025118 ], [ -16.4256447, 28.5025118 ], [ -16.4256517, 28.502512 ], [ -16.4256587, 28.5025124 ], [ -16.4256656, 28.502513 ], [ -16.4256725, 28.5025138 ], [ -16.4256794, 28.5025148 ], [ -16.4256862, 28.502516 ], [ -16.425693, 28.5025175 ], [ -16.4256997, 28.5025191 ], [ -16.4257063, 28.5025209 ], [ -16.4257129, 28.502523 ], [ -16.4257194, 28.5025252 ], [ -16.4257258, 28.5025276 ], [ -16.4257321, 28.5025303 ], [ -16.4258757, 28.5025925 ], [ -16.4259046, 28.5025967 ], [ -16.4258324, 28.5024512 ], [ -16.4258299, 28.502446 ], [ -16.4258276, 28.5024407 ], [ -16.4258255, 28.5024354 ], [ -16.4258236, 28.5024301 ], [ -16.4258219, 28.5024247 ], [ -16.4257437, 28.5021625 ], [ -16.4256518, 28.5020687 ], [ -16.4256473, 28.5020639 ], [ -16.4256429, 28.502059 ], [ -16.4256388, 28.5020539 ], [ -16.4256348, 28.5020487 ], [ -16.4256311, 28.5020434 ], [ -16.425552, 28.5019268 ], [ -16.4253524, 28.501815 ], [ -16.4250635, 28.501768 ], [ -16.4247099, 28.5017617 ], [ -16.4245927, 28.501806 ], [ -16.4245864, 28.5018083 ], [ -16.42458, 28.5018103 ], [ -16.4245735, 28.5018122 ], [ -16.4245669, 28.5018139 ], [ -16.4245603, 28.5018155 ], [ -16.4245536, 28.5018168 ], [ -16.4245469, 28.5018179 ], [ -16.4245402, 28.5018188 ], [ -16.4245334, 28.5018195 ], [ -16.4245266, 28.5018201 ], [ -16.4245198, 28.5018204 ], [ -16.424513, 28.5018205 ], [ -16.4245061, 28.5018204 ], [ -16.4244993, 28.5018201 ], [ -16.4244925, 28.5018196 ], [ -16.4244857, 28.5018189 ], [ -16.424479, 28.5018181 ], [ -16.4243592, 28.5018001 ] ] } },
{ "type": "Feature", "properties": { "Layer": "0805DPMT", "IDTRAMO": 38099.0, "Provincia": "Santa Cruz de Tenerife", "Referencia": "DL-29-TF", "TM": "Tacoronte (Tenerife)", "Estado": "A", "OM": "1999-07-28", "Sit_Admin": "Aprobado (O.M. 28/07/1999)", "Tipo_Linea": "Límite SP aprobada", "Label": "DL-29-TF (O.M. 28/07/1999)", "ID_SEGMENT": "38099008", "FIGURA": null, "Shape_Leng": 0.0, "VERTICES": "SI" }, "geometry": { "type": "LineString", "coordinates": [ [ -16.4239063, 28.5017337 ], [ -16.4228947, 28.5018597 ], [ -16.4228861, 28.5017815 ], [ -16.4228853, 28.5017028 ], [ -16.4228922, 28.5016244 ], [ -16.4229069, 28.5015468 ], [ -16.4229291, 28.5014706 ], [ -16.4229587, 28.5013965 ], [ -16.4229956, 28.5013249 ], [ -16.4230393, 28.5012564 ], [ -16.4230897, 28.5011915 ], [ -16.4230615, 28.5009062 ], [ -16.4230339, 28.5002141 ], [ -16.4232006, 28.4995906 ], [ -16.4235965, 28.4990722 ], [ -16.4244138, 28.4985859 ], [ -16.4245996, 28.4985839 ], [ -16.4246153, 28.4985298 ], [ -16.4246347, 28.4984768 ], [ -16.4246578, 28.4984248 ], [ -16.4246752, 28.4983709 ], [ -16.4246964, 28.498318 ], [ -16.4246519, 28.4982585 ], [ -16.4246129, 28.4981961 ], [ -16.4245796, 28.4981311 ], [ -16.4245522, 28.498064 ], [ -16.4245309, 28.4979952 ], [ -16.4245158, 28.4979252 ], [ -16.424507, 28.4978543 ], [ -16.4245046, 28.497783 ], [ -16.4244865, 28.4977051 ], [ -16.4244762, 28.497626 ], [ -16.4244739, 28.4975464 ], [ -16.4244796, 28.497467 ], [ -16.4244931, 28.4973883 ], [ -16.4245144, 28.497311 ], [ -16.4245434, 28.4972357 ], [ -16.4245797, 28.4971629 ], [ -16.4245478, 28.496808 ], [ -16.4245364, 28.496668 ], [ -16.4245243, 28.4965775 ] ] } },
{ "type": "Feature", "properties": { "Layer": "0805DPMT", "IDTRAMO": 38059.0, "Provincia": "Santa Cruz de Tenerife", "Referencia": "DL-32-TF", "TM": "Adeje (Tenerife)", "Estado": "A", "OM": "1998-01-08", "Sit_Admin": "Aprobado (O.M. 08/01/1998)", "Tipo_Linea": "Límite SP aprobada", "Label": "DL-32-TF (O.M. 08/01/1998)", "ID_SEGMENT": "38059002", "FIGURA": null, "Shape_Leng": 0.0, "VERTICES": "SI" }, "geometry": { "type": "LineString", "coordinates": [ [ -16.7494861, 28.095761 ], [ -16.7494242, 28.0957042 ], [ -16.7493682, 28.0956427 ], [ -16.7493184, 28.0955772 ], [ -16.7492753, 28.0955081 ], [ -16.7492391, 28.0954358 ], [ -16.7492103, 28.0953611 ], [ -16.7491256, 28.0953423 ], [ -16.7490431, 28.0953171 ], [ -16.7489633, 28.0952858 ], [ -16.7488868, 28.0952485 ], [ -16.7488142, 28.0952055 ], [ -16.7487461, 28.0951572 ], [ -16.7486828, 28.0951039 ], [ -16.748625, 28.0950459 ], [ -16.7485729, 28.0949838 ], [ -16.7485271, 28.094918 ], [ -16.7482276, 28.0944436 ], [ -16.7475021, 28.0941292 ], [ -16.7474379, 28.0940988 ], [ -16.7473763, 28.0940644 ], [ -16.7470005, 28.0938376 ], [ -16.7472665, 28.0931248 ], [ -16.747221, 28.0930974 ], [ -16.7463883, 28.0926274 ], [ -16.7456767, 28.092501 ], [ -16.7455949, 28.0924751 ], [ -16.7455856, 28.092471 ], [ -16.7450233, 28.0930296 ], [ -16.7449038, 28.092977 ], [ -16.7442039, 28.0928551 ], [ -16.7441202, 28.0928591 ], [ -16.7440365, 28.092857 ], [ -16.7439532, 28.0928488 ], [ -16.743871, 28.0928346 ], [ -16.7437904, 28.0928144 ], [ -16.7437119, 28.0927884 ], [ -16.7436361, 28.0927568 ], [ -16.7435635, 28.0927197 ], [ -16.7434946, 28.0926775 ], [ -16.7434298, 28.0926304 ], [ -16.7433697, 28.0925787 ], [ -16.7433145, 28.0925228 ], [ -16.7433817, 28.0924173 ], [ -16.743309, 28.0923279 ], [ -16.7434286, 28.0919654 ], [ -16.7429994, 28.0916885 ], [ -16.7419957, 28.0910287 ], [ -16.7419523, 28.0909957 ], [ -16.7419145, 28.0909577 ], [ -16.7418831, 28.0909153 ], [ -16.7418587, 28.0908694 ], [ -16.7418418, 28.0908209 ], [ -16.7418327, 28.0907708 ], [ -16.7418316, 28.0907201 ], [ -16.7418386, 28.0906697 ], [ -16.7418534, 28.0906208 ], [ -16.7418759, 28.0905741 ], [ -16.7419055, 28.0905307 ], [ -16.7419417, 28.0904914 ], [ -16.7419837, 28.090457 ], [ -16.7420308, 28.0904281 ], [ -16.7420819, 28.0904054 ], [ -16.7422594, 28.0904 ], [ -16.7423755, 28.090416 ], [ -16.7427628, 28.0901403 ], [ -16.742484, 28.0898912 ], [ -16.7420002, 28.0901874 ] ] } },
{ "type": "Feature", "properties": { "Layer": "0805DPMT", "IDTRAMO": 38032.0, "Provincia": "Santa Cruz de Tenerife", "Referencia": "DL-33-TF", "TM": "Fasnia (Tenerife)", "Estado": "A", "OM": "1998-08-12", "Sit_Admin": "Aprobado (O.M. 12/08/1998)", "Tipo_Linea": "Límite SP aprobada", "Label": "DL-33-TF (O.M. 12/08/1998)", "ID_SEGMENT": "38032001", "FIGURA": null, "Shape_Leng": 0.0, "VERTICES": "SI" }, "geometry": { "type": "LineString", "coordinates": [ [ -16.4118765, 28.2223128 ], [ -16.412218, 28.2223704 ], [ -16.4124541, 28.2224444 ], [ -16.4124857, 28.2224519 ], [ -16.4125183, 28.2224547 ], [ -16.412551, 28.222453 ], [ -16.4125829, 28.2224466 ], [ -16.4126132, 28.2224357 ], [ -16.413115, 28.2222135 ], [ -16.4134134, 28.2221473 ], [ -16.4134453, 28.2221377 ], [ -16.413475, 28.2221236 ], [ -16.4135016, 28.2221053 ], [ -16.4135245, 28.2220834 ], [ -16.4135847, 28.222015 ], [ -16.4136008, 28.2219939 ], [ -16.4136133, 28.221971 ], [ -16.4136221, 28.2219468 ], [ -16.4136571, 28.2218198 ], [ -16.4139775, 28.2218833 ], [ -16.4139943, 28.2218854 ], [ -16.4140113, 28.2218849 ], [ -16.4140279, 28.221882 ], [ -16.4140438, 28.2218766 ], [ -16.4140584, 28.221869 ], [ -16.4140714, 28.2218594 ], [ -16.4142158, 28.2217327 ], [ -16.4142294, 28.2217227 ], [ -16.4142447, 28.221715 ], [ -16.4142613, 28.2217097 ], [ -16.4142787, 28.221707 ], [ -16.4142963, 28.221707 ], [ -16.4143137, 28.2217097 ], [ -16.4143303, 28.221715 ], [ -16.4143456, 28.2217228 ], [ -16.4145326, 28.2218378 ], [ -16.4145461, 28.2218448 ], [ -16.4145606, 28.2218499 ], [ -16.4145758, 28.221853 ], [ -16.4145914, 28.221854 ], [ -16.4146069, 28.2218528 ], [ -16.4146221, 28.2218496 ], [ -16.4146911, 28.2218299 ], [ -16.4147683, 28.2215385 ], [ -16.4147707, 28.2215241 ], [ -16.4147705, 28.2215095 ], [ -16.4147258, 28.2210834 ], [ -16.4137851, 28.2209856 ], [ -16.4137271, 28.2209061 ], [ -16.4138028, 28.220859 ], [ -16.4139856, 28.2208012 ], [ -16.4140132, 28.2207904 ], [ -16.4140386, 28.2207761 ], [ -16.4140614, 28.2207587 ], [ -16.4140811, 28.2207384 ], [ -16.4140972, 28.2207158 ], [ -16.4141093, 28.2206914 ], [ -16.4141582, 28.2205688 ], [ -16.4141669, 28.2205393 ], [ -16.4141699, 28.2205089 ], [ -16.414167, 28.2204785 ], [ -16.4141584, 28.220449 ], [ -16.4140682, 28.2202206 ], [ -16.4140591, 28.2202013 ], [ -16.4140475, 28.220183 ], [ -16.413988, 28.2201005 ], [ -16.4141614, 28.2200629 ], [ -16.4141825, 28.2200572 ], [ -16.4142028, 28.2200496 ], [ -16.4143951, 28.2199658 ], [ -16.4144213, 28.2199521 ], [ -16.4144449, 28.2199352 ], [ -16.4144654, 28.2199153 ], [ -16.4146361, 28.2197227 ] ] } },
{ "type": "Feature", "properties": { "Layer": "0805DPMT", "IDTRAMO": 38000.0, "Provincia": "Santa Cruz de Tenerife", "Referencia": "Discontinuidad", "TM": null, "Estado": "T", "Sit_Admin": "Provisional o en tramitación", "Tipo_Linea": "Límite SP provisional o en tramitación", "Label": "Discontinuidad", "ID_SEGMENT": "38000021", "FIGURA": null, "Shape_Leng": 0.0, "VERTICES": "SI" }, "geometry": { "type": "LineString", "coordinates": [ [ -16.4147028, 28.2196339 ], [ -16.4146361, 28.2197227 ] ] } },
{ "type": "Feature", "properties": { "Layer": "0805DPMT", "IDTRAMO": 38045.0, "Provincia": "Santa Cruz de Tenerife", "Referencia": "DL-52-TF", "TM": "Granadilla de Abona (Tenerife)", "Estado": "A", "OM": "2002-11-25", "Sit_Admin": "Aprobado (O.M. 25/11/2002)", "Tipo_Linea": "Límite SP aprobada", "Label": "DL-52-TF (O.M. 25/11/2002)", "ID_SEGMENT": "38045003", "FIGURA": null, "Shape_Leng": 0.0, "VERTICES": "SI" }, "geometry": { "type": "LineString", "coordinates": [ [ -16.5610413, 28.0329473 ], [ -16.561031, 28.0329482 ], [ -16.561006, 28.0329504 ], [ -16.5609979, 28.0329504 ], [ -16.5609725, 28.0329497 ], [ -16.5601546, 28.0330587 ], [ -16.5603542, 28.0337622 ], [ -16.5600926, 28.033797 ], [ -16.560011, 28.0338049 ], [ -16.559929, 28.0338069 ], [ -16.5598471, 28.0338031 ], [ -16.5597658, 28.0337934 ], [ -16.5596856, 28.033778 ], [ -16.5596071, 28.0337568 ], [ -16.5595307, 28.0337301 ], [ -16.5594571, 28.033698 ], [ -16.5589347, 28.0334468 ], [ -16.5586497, 28.0335819 ], [ -16.5585697, 28.0336159 ], [ -16.5584867, 28.0336436 ], [ -16.5584013, 28.0336648 ], [ -16.5583141, 28.0336793 ], [ -16.5582258, 28.033687 ], [ -16.5581371, 28.0336878 ], [ -16.5580486, 28.0336818 ], [ -16.5579611, 28.033669 ], [ -16.5578752, 28.0336494 ], [ -16.5577915, 28.0336233 ], [ -16.5577107, 28.0335908 ], [ -16.5576334, 28.0335522 ], [ -16.5575602, 28.0335077 ], [ -16.5574916, 28.0334578 ], [ -16.5574282, 28.0334027 ], [ -16.5573705, 28.033343 ], [ -16.5573188, 28.033279 ], [ -16.5566566, 28.0333659 ], [ -16.5565743, 28.0333736 ], [ -16.5564916, 28.0333755 ], [ -16.5564089, 28.0333713 ], [ -16.5554274, 28.0332861 ], [ -16.553908, 28.0334774 ], [ -16.5538444, 28.0334836 ], [ -16.5537804, 28.0334862 ], [ -16.5532131, 28.0334938 ], [ -16.5531246, 28.0334915 ], [ -16.5530366, 28.0334825 ], [ -16.5529498, 28.0334666 ], [ -16.552865, 28.0334442 ], [ -16.5527826, 28.0334152 ], [ -16.5527034, 28.0333801 ], [ -16.552628, 28.0333389 ], [ -16.5525568, 28.0332921 ], [ -16.5524906, 28.0332399 ], [ -16.5524296, 28.0331829 ], [ -16.5523746, 28.0331213 ], [ -16.5523257, 28.0330558 ], [ -16.551962, 28.032518 ], [ -16.5516386, 28.0320398 ], [ -16.5511638, 28.031403 ], [ -16.5508, 28.0309152 ], [ -16.5503659, 28.0302865 ], [ -16.5503263, 28.0302243 ], [ -16.5502923, 28.0301594 ], [ -16.5502642, 28.0300924 ], [ -16.5502421, 28.0300236 ], [ -16.5502263, 28.0299534 ], [ -16.5501213, 28.029368 ], [ -16.5501112, 28.0292896 ], [ -16.5501088, 28.0292107 ], [ -16.5501129, 28.0289986 ], [ -16.5501179, 28.0289236 ], [ -16.5501299, 28.0288492 ], [ -16.5501488, 28.0287759 ], [ -16.5500427, 28.0284753 ], [ -16.5498055, 28.0279958 ], [ -16.5497733, 28.0279223 ], [ -16.5497485, 28.0278465 ], [ -16.5497313, 28.0277691 ], [ -16.5497218, 28.0276907 ], [ -16.54972, 28.0276118 ], [ -16.5497259, 28.0275331 ], [ -16.5497396, 28.0274552 ], [ -16.5497589, 28.0273699 ], [ -16.5497291, 28.027222 ], [ -16.5494014, 28.0271737 ], [ -16.5493128, 28.027157 ], [ -16.5492263, 28.0271334 ], [ -16.5491424, 28.027103 ], [ -16.5490619, 28.0270662 ], [ -16.5489855, 28.0270231 ], [ -16.5489137, 28.0269742 ], [ -16.548847, 28.0269198 ], [ -16.5487861, 28.0268604 ], [ -16.5487313, 28.0267964 ], [ -16.5486832, 28.0267283 ], [ -16.5486426, 28.0266647 ], [ -16.5484329, 28.0263818 ], [ -16.5481449, 28.0263618 ], [ -16.5473787, 28.0262813 ], [ -16.5471783, 28.0262487 ], [ -16.5470166, 28.0262603 ], [ -16.5469879, 28.0262907 ], [ -16.5468734, 28.0265042 ], [ -16.546837, 28.0265659 ], [ -16.5467954, 28.0266248 ], [ -16.5467487, 28.0266807 ], [ -16.5466974, 28.0267333 ], [ -16.5466417, 28.0267822 ], [ -16.5465818, 28.0268272 ], [ -16.5465183, 28.0268679 ], [ -16.5463525, 28.0269658 ], [ -16.5460785, 28.0273439 ], [ -16.5460306, 28.0274044 ], [ -16.5459773, 28.0274612 ], [ -16.5459189, 28.027514 ], [ -16.5458558, 28.0275623 ], [ -16.5455333, 28.0277898 ], [ -16.5449935, 28.0281504 ], [ -16.544846, 28.0282937 ], [ -16.5446113, 28.0286936 ], [ -16.5443587, 28.0290893 ], [ -16.5443191, 28.0291462 ], [ -16.5442749, 28.0292004 ], [ -16.5439696, 28.0295468 ], [ -16.5439167, 28.0296021 ], [ -16.5438588, 28.0296536 ], [ -16.5437965, 28.0297007 ], [ -16.5437301, 28.0297432 ], [ -16.5436601, 28.0297809 ], [ -16.5435869, 28.0298134 ], [ -16.543511, 28.0298406 ], [ -16.5434329, 28.0298623 ], [ -16.543353, 28.0298783 ], [ -16.5426492, 28.0299935 ], [ -16.5426387, 28.0300497 ], [ -16.5426238, 28.0301143 ], [ -16.5426037, 28.0301777 ], [ -16.5425784, 28.0302397 ], [ -16.5425481, 28.0302998 ], [ -16.5425129, 28.0303579 ], [ -16.5423237, 28.0306443 ], [ -16.5422914, 28.0306901 ], [ -16.5422559, 28.0307342 ], [ -16.5419034, 28.0311456 ], [ -16.5417916, 28.0318361 ] ] } },
{ "type": "Feature", "properties": { "Layer": "0805DPMT", "IDTRAMO": 38043.0, "Provincia": "Santa Cruz de Tenerife", "Referencia": "DL-54-TF", "TM": "Granadilla de Abona (Tenerife)", "Estado": "A", "OM": "2019-04-23", "Sit_Admin": "Aprobado (O.M. 23/04/2019)", "Tipo_Linea": "Límite SP aprobada", "Label": "DL-54-TF (O.M. 23/04/2019)", "ID_SEGMENT": "38043003", "FIGURA": null, "Shape_Leng": 0.0, "VERTICES": "SI" }, "geometry": { "type": "LineString", "coordinates": [ [ -16.5346076, 28.0428832 ], [ -16.5345761, 28.0428708 ], [ -16.5345315, 28.0428908 ], [ -16.534498, 28.0429059 ], [ -16.5344948, 28.0429073 ], [ -16.5344857, 28.0429113 ], [ -16.5344224, 28.0429681 ], [ -16.5343301, 28.0430509 ], [ -16.5342875, 28.0430892 ], [ -16.5342031, 28.0431649 ], [ -16.5341621, 28.0432378 ], [ -16.534118, 28.0433165 ], [ -16.5340579, 28.0434235 ], [ -16.5340549, 28.0440282 ], [ -16.5340549, 28.0440386 ], [ -16.5340614, 28.0441281 ], [ -16.5340642, 28.0441387 ], [ -16.5340733, 28.0441742 ], [ -16.5341007, 28.0442802 ], [ -16.5341872, 28.0445538 ], [ -16.5342063, 28.0446144 ], [ -16.5342065, 28.044615 ], [ -16.5343994, 28.0452329 ], [ -16.5344242, 28.0453123 ], [ -16.5344272, 28.045323 ], [ -16.5344295, 28.0453346 ], [ -16.534431, 28.0453464 ], [ -16.5344316, 28.0453582 ], [ -16.5344313, 28.04537 ], [ -16.5344306, 28.0453788 ], [ -16.5343284, 28.0462671 ], [ -16.5343281, 28.0462701 ], [ -16.5343261, 28.0462818 ], [ -16.5343232, 28.0462933 ], [ -16.5343195, 28.0463046 ], [ -16.5343169, 28.0463113 ], [ -16.5343163, 28.0463126 ], [ -16.5342601, 28.0464479 ], [ -16.5342302, 28.0465196 ], [ -16.5342283, 28.046524 ], [ -16.5342229, 28.0465349 ], [ -16.5342168, 28.0465453 ], [ -16.5342099, 28.0465554 ], [ -16.5342023, 28.0465651 ], [ -16.5341947, 28.0465736 ], [ -16.534194, 28.0465744 ], [ -16.5341906, 28.0465777 ], [ -16.534431, 28.0468381 ], [ -16.5344334, 28.0468408 ], [ -16.5344413, 28.0468503 ], [ -16.5344485, 28.0468603 ], [ -16.5344549, 28.0468706 ], [ -16.5344605, 28.0468813 ], [ -16.5344654, 28.0468923 ], [ -16.5344694, 28.0469036 ], [ -16.5344726, 28.046915 ], [ -16.5344749, 28.0469267 ], [ -16.5344761, 28.0469358 ], [ -16.5344764, 28.0469384 ], [ -16.534477, 28.0469502 ], [ -16.5344767, 28.046962 ], [ -16.5344756, 28.0469738 ], [ -16.5344736, 28.0469855 ], [ -16.5344707, 28.046997 ], [ -16.534467, 28.0470083 ], [ -16.5344625, 28.0470194 ], [ -16.5344612, 28.0470222 ], [ -16.5342274, 28.0475178 ], [ -16.5342233, 28.0475259 ], [ -16.5342224, 28.0475276 ], [ -16.5341264, 28.0477013 ], [ -16.5340888, 28.0477695 ], [ -16.5347067, 28.0482744 ], [ -16.5346725, 28.048318 ], [ -16.5346309, 28.0483641 ], [ -16.534586, 28.0484077 ], [ -16.5345513, 28.0484377 ], [ -16.5343668, 28.0485903 ], [ -16.5343535, 28.0486012 ], [ -16.5343026, 28.0486392 ], [ -16.5342615, 28.0486665 ], [ -16.5342533, 28.0486805 ], [ -16.5342584, 28.0487821 ], [ -16.5342708, 28.0490326 ], [ -16.5342704, 28.0491201 ], [ -16.5342647, 28.0491789 ], [ -16.5342547, 28.0492373 ], [ -16.5342404, 28.049295 ], [ -16.5342219, 28.0493517 ], [ -16.5341992, 28.0494072 ], [ -16.5341725, 28.0494613 ], [ -16.5341419, 28.0495137 ], [ -16.5341075, 28.0495643 ], [ -16.5340694, 28.0496127 ], [ -16.5340278, 28.0496588 ], [ -16.5339829, 28.0497024 ], [ -16.5339349, 28.0497433 ], [ -16.533884, 28.0497814 ], [ -16.5338303, 28.0498164 ], [ -16.5337982, 28.0498352 ], [ -16.5337826, 28.0498439 ], [ -16.5336218, 28.049976 ], [ -16.5336189, 28.0500005 ], [ -16.5336089, 28.0500589 ], [ -16.5335946, 28.0501165 ], [ -16.5335761, 28.0501733 ], [ -16.5335534, 28.0502288 ], [ -16.5335267, 28.0502829 ], [ -16.533496, 28.0503353 ], [ -16.5334616, 28.0503859 ], [ -16.5334435, 28.0504088 ], [ -16.5334235, 28.0504343 ], [ -16.5333819, 28.0504804 ], [ -16.5333721, 28.0504904 ], [ -16.5332484, 28.0506151 ], [ -16.5332133, 28.0506487 ], [ -16.5331653, 28.0506896 ], [ -16.5331144, 28.0507276 ], [ -16.5330986, 28.0507384 ], [ -16.5328645, 28.0508955 ], [ -16.5327865, 28.0509494 ], [ -16.532737, 28.0509816 ], [ -16.5326809, 28.0510134 ], [ -16.5326762, 28.0510158 ], [ -16.5324722, 28.0511221 ], [ -16.5324186, 28.0511481 ], [ -16.5323583, 28.0511732 ], [ -16.5323377, 28.0511808 ], [ -16.5321794, 28.0512374 ], [ -16.5321381, 28.0512513 ], [ -16.532138, 28.0512513 ], [ -16.5320745, 28.0512692 ], [ -16.5320099, 28.0512833 ], [ -16.5319444, 28.0512937 ], [ -16.5318782, 28.0513002 ], [ -16.5318117, 28.0513029 ], [ -16.5317452, 28.0513017 ], [ -16.5316788, 28.0512966 ], [ -16.5316727, 28.0512958 ], [ -16.531613, 28.0512877 ], [ -16.531548, 28.0512751 ], [ -16.5315455, 28.0512745 ], [ -16.5315267, 28.0513028 ], [ -16.5315031, 28.0513367 ], [ -16.531465, 28.0513851 ], [ -16.5314234, 28.0514312 ], [ -16.5313785, 28.0514749 ], [ -16.5313305, 28.0515158 ], [ -16.5313172, 28.0515257 ], [ -16.5312796, 28.0515538 ], [ -16.531226, 28.0515888 ], [ -16.5311699, 28.0516206 ], [ -16.5311116, 28.0516491 ], [ -16.5310513, 28.0516742 ], [ -16.5309916, 28.0516949 ], [ -16.5303984, 28.0518824 ], [ -16.5303961, 28.0518831 ], [ -16.5303326, 28.051901 ], [ -16.530268, 28.0519151 ], [ -16.5302025, 28.0519255 ], [ -16.5301363, 28.051932 ], [ -16.5300698, 28.0519347 ], [ -16.5300033, 28.0519335 ], [ -16.5299369, 28.0519284 ], [ -16.5298711, 28.0519195 ], [ -16.5298061, 28.0519068 ], [ -16.5297422, 28.0518904 ], [ -16.5296796, 28.0518703 ], [ -16.5296186, 28.0518466 ], [ -16.5295595, 28.0518194 ], [ -16.5295025, 28.0517889 ], [ -16.5294644, 28.0517658 ], [ -16.5293727, 28.051708 ], [ -16.5294478, 28.0516905 ], [ -16.529347, 28.0514111 ], [ -16.5291104, 28.0514724 ], [ -16.5290575, 28.0513285 ], [ -16.5298253, 28.051107 ], [ -16.5295788, 28.0509502 ], [ -16.5293885, 28.0508348 ], [ -16.5293815, 28.0508304 ], [ -16.5293711, 28.050823 ], [ -16.5293612, 28.050815 ], [ -16.529352, 28.0508065 ], [ -16.5293434, 28.0507975 ], [ -16.5293356, 28.050788 ], [ -16.5293284, 28.050778 ], [ -16.529322, 28.0507677 ], [ -16.5293163, 28.050757 ], [ -16.5293115, 28.050746 ], [ -16.5293074, 28.0507347 ], [ -16.5293063, 28.0507308 ], [ -16.5293053, 28.0507275 ], [ -16.5292103, 28.0504002 ], [ -16.5292083, 28.0503926 ], [ -16.529206, 28.050381 ], [ -16.5292054, 28.050377 ], [ -16.5291441, 28.0499309 ], [ -16.5289436, 28.0498198 ], [ -16.5286689, 28.0499335 ], [ -16.5286631, 28.0499357 ], [ -16.5286507, 28.04994 ], [ -16.528638, 28.0499436 ], [ -16.5286254, 28.0499464 ], [ -16.5284464, 28.0499804 ] ] } },
{ "type": "Feature", "properties": { "Layer": "0805DPMT", "IDTRAMO": 38042.0, "Provincia": "Santa Cruz de Tenerife", "Referencia": "DL-55-TF", "TM": "Granadilla de Abona (Tenerife)", "Estado": "A", "OM": "2001-10-25", "Sit_Admin": "Aprobado (O.M. 25/10/2001)", "Tipo_Linea": "Límite SP aprobada", "Label": "DL-55-TF (O.M. 25/10/2001)", "ID_SEGMENT": "38042001", "FIGURA": null, "Shape_Leng": 0.0, "VERTICES": "SI" }, "geometry": { "type": "LineString", "coordinates": [ [ -16.5228804, 28.056526 ], [ -16.5229275, 28.0565404 ], [ -16.5229831, 28.0565583 ], [ -16.5230441, 28.056582 ], [ -16.5231032, 28.0566092 ], [ -16.5231602, 28.0566397 ], [ -16.5232148, 28.0566735 ], [ -16.5232668, 28.0567104 ], [ -16.5233159, 28.0567502 ], [ -16.523362, 28.0567928 ], [ -16.5234049, 28.056838 ], [ -16.5234443, 28.0568856 ], [ -16.5234705, 28.0569211 ], [ -16.5236453, 28.0571715 ], [ -16.523655, 28.0571857 ], [ -16.5236871, 28.0572374 ], [ -16.5237153, 28.0572909 ], [ -16.5237395, 28.0573459 ], [ -16.5237597, 28.0574022 ], [ -16.5237756, 28.0574595 ], [ -16.5237872, 28.0575177 ], [ -16.5237898, 28.0575382 ], [ -16.5237903, 28.0575384 ], [ -16.5237902, 28.057541 ], [ -16.5237946, 28.0575764 ], [ -16.5237957, 28.0575972 ], [ -16.5237894, 28.0577602 ], [ -16.5237805, 28.0578116 ], [ -16.5237662, 28.0578693 ], [ -16.5237477, 28.057926 ], [ -16.523725, 28.0579815 ], [ -16.5237121, 28.0580077 ], [ -16.5236983, 28.0580356 ], [ -16.5236677, 28.0580881 ], [ -16.5236474, 28.0581188 ], [ -16.5236474, 28.0581208 ], [ -16.5236502, 28.0581756 ], [ -16.5236498, 28.0581905 ], [ -16.5236464, 28.0582599 ], [ -16.5236461, 28.058263 ], [ -16.5236431, 28.0582935 ], [ -16.5236331, 28.0583519 ], [ -16.5236188, 28.0584096 ], [ -16.5236003, 28.0584663 ], [ -16.5235776, 28.0585218 ], [ -16.5235509, 28.0585759 ], [ -16.5235203, 28.0586283 ], [ -16.5234858, 28.0586789 ], [ -16.5234477, 28.0587273 ], [ -16.5234061, 28.0587734 ], [ -16.5233612, 28.058817 ], [ -16.5233561, 28.0588214 ], [ -16.5233532, 28.0588242 ], [ -16.5232404, 28.059373 ], [ -16.5232226, 28.0594425 ], [ -16.5232165, 28.0594612 ], [ -16.5231987, 28.0595106 ], [ -16.5231903, 28.0595312 ], [ -16.5231611, 28.0595936 ], [ -16.5231207, 28.0596622 ], [ -16.523074, 28.0597275 ], [ -16.523021, 28.059789 ], [ -16.5229624, 28.0598462 ], [ -16.5228984, 28.0598988 ], [ -16.5228296, 28.0599463 ], [ -16.5227564, 28.0599885 ], [ -16.5226795, 28.0600249 ], [ -16.5225993, 28.0600553 ], [ -16.5225165, 28.0600795 ], [ -16.5224316, 28.0600974 ], [ -16.5223453, 28.0601087 ], [ -16.5222583, 28.0601134 ], [ -16.5221711, 28.0601115 ], [ -16.5220844, 28.060103 ], [ -16.5219989, 28.060088 ], [ -16.5219151, 28.0600665 ], [ -16.5218337, 28.0600387 ], [ -16.5217553, 28.0600048 ], [ -16.5216804, 28.0599651 ], [ -16.5216422, 28.060036 ], [ -16.5215971, 28.0601036 ], [ -16.5215456, 28.0601676 ], [ -16.521488, 28.0602273 ], [ -16.5214248, 28.0602824 ], [ -16.5213564, 28.0603323 ], [ -16.5205417, 28.060815 ], [ -16.5204705, 28.0608398 ], [ -16.5203974, 28.0608598 ], [ -16.5203228, 28.0608749 ], [ -16.5202472, 28.060885 ], [ -16.5197865, 28.0609306 ], [ -16.5196808, 28.0609511 ], [ -16.5195809, 28.0609781 ], [ -16.5194494, 28.0610695 ], [ -16.51938, 28.0611137 ], [ -16.5193067, 28.0611525 ], [ -16.51923, 28.0611858 ], [ -16.5191504, 28.0612132 ], [ -16.5190685, 28.0612347 ], [ -16.5189849, 28.0612499 ], [ -16.5189001, 28.0612589 ], [ -16.5186017, 28.0612793 ], [ -16.5182749, 28.0613113 ], [ -16.5182071, 28.0613159 ], [ -16.5181391, 28.0613164 ], [ -16.5180711, 28.061313 ], [ -16.5175218, 28.0612686 ], [ -16.5175217, 28.0613482 ], [ -16.5175137, 28.0614275 ], [ -16.5174978, 28.0615059 ], [ -16.5174741, 28.0615827 ], [ -16.517443, 28.0616574 ], [ -16.5174045, 28.0617294 ], [ -16.51742, 28.0618047 ], [ -16.5174283, 28.061881 ], [ -16.5174292, 28.0619576 ], [ -16.5174229, 28.0620339 ], [ -16.5174092, 28.0621096 ], [ -16.5173883, 28.0621839 ], [ -16.5173605, 28.0622564 ], [ -16.5173258, 28.0623265 ], [ -16.5172845, 28.0623938 ], [ -16.5172369, 28.0624577 ], [ -16.5170069, 28.0627401 ], [ -16.5169513, 28.0628024 ], [ -16.5168897, 28.0628601 ], [ -16.5168226, 28.0629127 ], [ -16.5167506, 28.06296 ], [ -16.5166742, 28.0630014 ], [ -16.5165939, 28.0630367 ], [ -16.5165105, 28.0630656 ], [ -16.5164245, 28.0630879 ], [ -16.5163367, 28.0631034 ], [ -16.5162476, 28.063112 ], [ -16.5161581, 28.0631136 ], [ -16.5160687, 28.0631082 ], [ -16.5160133, 28.0631027 ], [ -16.5160557, 28.0635046 ], [ -16.5161483, 28.0636267 ], [ -16.5161945, 28.063694 ], [ -16.516234, 28.0637645 ], [ -16.5162663, 28.0638379 ], [ -16.5162914, 28.0639134 ], [ -16.5163089, 28.0639906 ], [ -16.5163188, 28.0640689 ], [ -16.5163209, 28.0641477 ], [ -16.5163153, 28.0642263 ], [ -16.516302, 28.0643041 ], [ -16.5162811, 28.0643807 ], [ -16.5162527, 28.0644553 ], [ -16.5162171, 28.0645275 ], [ -16.5161746, 28.0645966 ], [ -16.5161254, 28.0646622 ], [ -16.5160699, 28.0647237 ], [ -16.5160087, 28.0647807 ], [ -16.515942, 28.0648327 ], [ -16.5158705, 28.0648794 ], [ -16.5157947, 28.0649204 ], [ -16.5157151, 28.0649554 ], [ -16.5156324, 28.0649841 ], [ -16.5155472, 28.0650062 ], [ -16.5154601, 28.0650217 ], [ -16.5152469, 28.0650511 ], [ -16.5151603, 28.0650597 ], [ -16.5150733, 28.0650617 ], [ -16.5149864, 28.0650571 ], [ -16.5149002, 28.0650459 ], [ -16.5148154, 28.0650283 ], [ -16.51401, 28.065137 ], [ -16.5140049, 28.0652129 ], [ -16.5139926, 28.0652882 ], [ -16.5139732, 28.0653623 ], [ -16.5139468, 28.0654346 ], [ -16.5139137, 28.0655048 ], [ -16.513874, 28.0655722 ], [ -16.5138281, 28.0656364 ], [ -16.5137762, 28.0656969 ], [ -16.5137188, 28.0657534 ], [ -16.5136562, 28.0658054 ], [ -16.5135889, 28.0658525 ], [ -16.5135174, 28.0658944 ], [ -16.5134421, 28.0659308 ], [ -16.5133907, 28.0659886 ], [ -16.5133342, 28.0660425 ], [ -16.5132731, 28.0660923 ], [ -16.5132076, 28.0661375 ], [ -16.5131382, 28.066178 ], [ -16.5130655, 28.0662133 ], [ -16.5129897, 28.0662434 ], [ -16.5129115, 28.066268 ], [ -16.5128314, 28.066287 ], [ -16.5127836, 28.0663537 ], [ -16.5127294, 28.0664164 ], [ -16.5126693, 28.0664747 ], [ -16.5126036, 28.066528 ], [ -16.5125329, 28.0665761 ], [ -16.5124578, 28.0666185 ], [ -16.5123787, 28.066655 ], [ -16.5122964, 28.0666851 ], [ -16.5119621, 28.0667926 ], [ -16.5118838, 28.0668145 ], [ -16.5118038, 28.0668308 ], [ -16.5117225, 28.0668413 ], [ -16.5116406, 28.066846 ], [ -16.5115585, 28.0668449 ], [ -16.5114767, 28.066838 ], [ -16.5113959, 28.0668253 ], [ -16.510166, 28.0670235 ], [ -16.5101314, 28.0670927 ], [ -16.5100904, 28.0671591 ], [ -16.5100433, 28.0672222 ], [ -16.5099903, 28.0672816 ], [ -16.509932, 28.0673368 ], [ -16.5098686, 28.0673875 ], [ -16.5098007, 28.0674333 ], [ -16.5097286, 28.0674739 ], [ -16.509653, 28.067509 ], [ -16.5095743, 28.0675383 ], [ -16.5092329, 28.067651 ], [ -16.5088813, 28.0678215 ], [ -16.5087777, 28.0678954 ], [ -16.5082417, 28.0684164 ], [ -16.5081815, 28.0684702 ], [ -16.5081164, 28.0685193 ], [ -16.508047, 28.0685634 ], [ -16.508013, 28.0685832 ], [ -16.5080508, 28.0687206 ], [ -16.5081197, 28.0696019 ], [ -16.5081085, 28.0702644 ], [ -16.5081056, 28.0703206 ], [ -16.5080987, 28.0703766 ], [ -16.5080879, 28.0704321 ], [ -16.5080013, 28.0708071 ], [ -16.5078802, 28.0714575 ], [ -16.5078775, 28.0717654 ], [ -16.5079673, 28.0721916 ], [ -16.5079781, 28.0722554 ], [ -16.5079837, 28.0723198 ], [ -16.5079842, 28.0723844 ], [ -16.5079794, 28.0724488 ], [ -16.5079694, 28.0725127 ], [ -16.5078615, 28.0730607 ], [ -16.5078421, 28.0731385 ], [ -16.5078151, 28.0732145 ], [ -16.5077806, 28.0732881 ], [ -16.507739, 28.0733587 ], [ -16.5076905, 28.0734258 ], [ -16.5076355, 28.0734888 ], [ -16.5075744, 28.0735472 ], [ -16.5075078, 28.0736007 ], [ -16.5074361, 28.0736487 ], [ -16.5073599, 28.073691 ], [ -16.5072799, 28.0737271 ], [ -16.5071965, 28.0737568 ], [ -16.5071105, 28.0737799 ], [ -16.5070226, 28.0737961 ], [ -16.5069333, 28.0738054 ], [ -16.5067295, 28.0738186 ], [ -16.5067301, 28.0738589 ], [ -16.5067276, 28.0739344 ], [ -16.506718, 28.0740093 ], [ -16.5067013, 28.0740833 ], [ -16.5066778, 28.0741558 ], [ -16.5066475, 28.0742263 ], [ -16.5066107, 28.0742944 ], [ -16.5065676, 28.0743594 ], [ -16.5065185, 28.074421 ], [ -16.5064638, 28.0744788 ], [ -16.5064039, 28.0745324 ], [ -16.5063391, 28.0745813 ], [ -16.5062443, 28.0747977 ], [ -16.5060329, 28.0752804 ], [ -16.5057489, 28.0760446 ], [ -16.5057258, 28.0761101 ], [ -16.5056961, 28.0761734 ], [ -16.5056601, 28.0762341 ], [ -16.505618, 28.0762917 ], [ -16.5055702, 28.0763457 ], [ -16.5055171, 28.0763956 ], [ -16.5054592, 28.076441 ], [ -16.5053968, 28.0764816 ], [ -16.5049032, 28.0775064 ], [ -16.5048649, 28.0775774 ], [ -16.5048197, 28.077645 ], [ -16.504768, 28.077709 ], [ -16.5047103, 28.0777687 ], [ -16.5046469, 28.0778237 ], [ -16.5045784, 28.0778736 ], [ -16.5045052, 28.0779181 ], [ -16.5044279, 28.0779567 ], [ -16.5043472, 28.0779892 ], [ -16.5042635, 28.0780153 ], [ -16.5041777, 28.0780349 ], [ -16.5040902, 28.0780478 ], [ -16.5034456, 28.0781172 ], [ -16.5033704, 28.0781626 ], [ -16.503291, 28.0782018 ], [ -16.5032079, 28.0782346 ], [ -16.5031218, 28.0782607 ], [ -16.5030335, 28.0782798 ], [ -16.5029436, 28.0782919 ], [ -16.5028529, 28.0782968 ], [ -16.502762, 28.0782945 ], [ -16.5026717, 28.078285 ], [ -16.5025827, 28.0782685 ], [ -16.5024957, 28.0782449 ], [ -16.5023721, 28.0783745 ], [ -16.5023179, 28.0784269 ], [ -16.5022593, 28.0784754 ], [ -16.5021966, 28.0785196 ], [ -16.5021302, 28.0785593 ], [ -16.5020604, 28.0785943 ], [ -16.5019878, 28.0786242 ], [ -16.5019127, 28.0786491 ], [ -16.5012945, 28.0788291 ], [ -16.5012154, 28.078849 ], [ -16.5011348, 28.0788632 ], [ -16.5010532, 28.0788716 ], [ -16.500971, 28.0788741 ], [ -16.5008889, 28.0788708 ], [ -16.5008074, 28.0788615 ], [ -16.500727, 28.0788465 ], [ -16.5004161, 28.0787766 ], [ -16.4999596, 28.0787981 ], [ -16.4998762, 28.0788169 ], [ -16.4997914, 28.0788294 ], [ -16.4997056, 28.0788356 ], [ -16.4996196, 28.0788354 ], [ -16.4995339, 28.0788289 ], [ -16.4994653, 28.0788721 ], [ -16.4993929, 28.0789103 ], [ -16.4993173, 28.0789431 ], [ -16.499239, 28.0789704 ], [ -16.4991585, 28.078992 ], [ -16.4990762, 28.0790078 ], [ -16.4989928, 28.0790176 ], [ -16.4989087, 28.0790214 ], [ -16.4988246, 28.0790191 ] ] } },
{ "type": "Feature", "properties": { "Layer": "0805DPMT", "IDTRAMO": 38041.0, "Provincia": "Santa Cruz de Tenerife", "Referencia": "DL-56-TF", "TM": "Granadilla de Abona (Tenerife)", "Estado": "A", "OM": "2000-08-01", "Sit_Admin": "Aprobado (O.M. 01/08/2000)", "Tipo_Linea": "Límite SP aprobada", "Label": "DL-56-TF (O.M. 01/08/2000)", "ID_SEGMENT": "38041002", "FIGURA": null, "Shape_Leng": 0.0, "VERTICES": "SI" }, "geometry": { "type": "LineString", "coordinates": [ [ -16.4920264, 28.0846821 ], [ -16.4920865, 28.0847412 ], [ -16.4921404, 28.0848048 ], [ -16.4921879, 28.0848724 ], [ -16.4922284, 28.0849434 ], [ -16.4922617, 28.0850172 ], [ -16.4922876, 28.0850934 ], [ -16.4923058, 28.0851714 ], [ -16.4923162, 28.0852504 ], [ -16.4923186, 28.08533 ], [ -16.4923132, 28.0854094 ], [ -16.4922999, 28.0854881 ], [ -16.4922789, 28.0855655 ], [ -16.4922502, 28.0856409 ], [ -16.4922142, 28.0857137 ], [ -16.4918474, 28.0863746 ], [ -16.4918049, 28.0864434 ], [ -16.4917559, 28.0865087 ], [ -16.4917006, 28.0865699 ], [ -16.4916401, 28.0866262 ], [ -16.4916396, 28.0866267 ], [ -16.4916404, 28.0866272 ], [ -16.4916955, 28.0866607 ], [ -16.4917488, 28.0866979 ], [ -16.4923367, 28.0871381 ], [ -16.4924022, 28.0871917 ], [ -16.4924622, 28.0872502 ], [ -16.4925162, 28.0873132 ], [ -16.4925638, 28.08738 ], [ -16.4926046, 28.0874504 ], [ -16.4926383, 28.0875236 ], [ -16.4926646, 28.0875991 ], [ -16.4926834, 28.0876764 ], [ -16.4926945, 28.0877549 ], [ -16.4926978, 28.0878339 ], [ -16.4926933, 28.0879129 ], [ -16.492681, 28.0879912 ], [ -16.4926189, 28.0882898 ], [ -16.4925986, 28.0883679 ], [ -16.4925706, 28.0884441 ], [ -16.492535, 28.0885178 ], [ -16.4924922, 28.0885884 ], [ -16.4924426, 28.0886553 ], [ -16.4923864, 28.0887181 ], [ -16.4923241, 28.0887762 ], [ -16.4923199, 28.0888523 ], [ -16.4923086, 28.0889277 ], [ -16.49229, 28.0890021 ], [ -16.4922645, 28.0890748 ], [ -16.4922322, 28.0891453 ], [ -16.4921933, 28.0892131 ], [ -16.491744, 28.0899209 ], [ -16.4913471, 28.0905461 ], [ -16.4911375, 28.0908763 ], [ -16.4910914, 28.0909421 ], [ -16.4910392, 28.0910041 ], [ -16.4909811, 28.0910619 ], [ -16.4909177, 28.0911152 ], [ -16.4908493, 28.0911634 ], [ -16.4907766, 28.0912062 ], [ -16.4906999, 28.0912433 ], [ -16.49062, 28.0912745 ], [ -16.4905373, 28.0912995 ], [ -16.4904526, 28.0913181 ], [ -16.4901582, 28.0913709 ], [ -16.4901079, 28.0913788 ], [ -16.4900572, 28.0913844 ], [ -16.4900484, 28.0913852 ], [ -16.4899495, 28.091621 ], [ -16.4899165, 28.0916907 ], [ -16.489877, 28.0917576 ], [ -16.4898314, 28.0918214 ], [ -16.4897799, 28.0918816 ], [ -16.4897229, 28.0919377 ], [ -16.4896608, 28.0919894 ], [ -16.4895941, 28.0920364 ], [ -16.4895231, 28.0920782 ], [ -16.4894906, 28.0921522 ], [ -16.4894509, 28.0922233 ], [ -16.4894043, 28.0922911 ], [ -16.4893511, 28.092355 ], [ -16.4892918, 28.0924144 ], [ -16.4892269, 28.0924691 ], [ -16.4891567, 28.0925184 ], [ -16.489082, 28.0925622 ], [ -16.4890032, 28.0925999 ], [ -16.488921, 28.0926313 ], [ -16.488836, 28.0926562 ], [ -16.4887489, 28.0926744 ], [ -16.4886603, 28.0926857 ], [ -16.4885709, 28.0926901 ], [ -16.4884814, 28.0926874 ], [ -16.4883925, 28.0926779 ], [ -16.4883389, 28.0926699 ], [ -16.4882926, 28.0927239 ], [ -16.488242, 28.0927745 ], [ -16.4881872, 28.0928217 ], [ -16.4881286, 28.0928651 ], [ -16.4880834, 28.0929302 ], [ -16.4880321, 28.0929916 ], [ -16.4879752, 28.093049 ], [ -16.487913, 28.0931019 ], [ -16.487846, 28.0931499 ], [ -16.4877747, 28.0931928 ], [ -16.4876995, 28.0932301 ], [ -16.4869149, 28.0935819 ], [ -16.4866708, 28.0936909 ], [ -16.4866419, 28.0937603 ], [ -16.4866066, 28.0938273 ], [ -16.4865653, 28.0938916 ], [ -16.4865182, 28.0939526 ], [ -16.4864656, 28.0940101 ], [ -16.4864079, 28.0940635 ], [ -16.4863454, 28.0941125 ], [ -16.4862542, 28.0941785 ], [ -16.4861843, 28.0942247 ], [ -16.4861101, 28.0942655 ], [ -16.4860324, 28.0943004 ], [ -16.4859515, 28.0943294 ], [ -16.4858681, 28.0943521 ], [ -16.4857829, 28.0943684 ], [ -16.4856963, 28.0943781 ], [ -16.4856092, 28.0943813 ], [ -16.4855221, 28.0943778 ], [ -16.4854356, 28.0943677 ], [ -16.4853504, 28.0943511 ], [ -16.4852672, 28.0943281 ], [ -16.4851864, 28.0942988 ], [ -16.4851225, 28.0942728 ], [ -16.4848496, 28.0943354 ], [ -16.4849151, 28.0943862 ], [ -16.4849755, 28.0944418 ], [ -16.4850303, 28.0945018 ], [ -16.4850791, 28.0945657 ], [ -16.4851216, 28.094633 ], [ -16.4851574, 28.0947034 ], [ -16.4851863, 28.0947762 ], [ -16.4852081, 28.0948509 ], [ -16.4852227, 28.094927 ], [ -16.4852298, 28.0950039 ], [ -16.4852295, 28.0950811 ], [ -16.4852218, 28.095158 ], [ -16.4852067, 28.095234 ], [ -16.4851843, 28.0953086 ], [ -16.4851548, 28.0953812 ], [ -16.4851184, 28.0954513 ], [ -16.4850201, 28.0956213 ], [ -16.4849766, 28.0956891 ], [ -16.4849267, 28.0957533 ], [ -16.4848707, 28.0958135 ], [ -16.4848091, 28.0958691 ], [ -16.4847423, 28.0959198 ], [ -16.4846707, 28.0959652 ], [ -16.4845951, 28.096005 ], [ -16.4845158, 28.0960388 ], [ -16.4844335, 28.0960664 ], [ -16.4843489, 28.0960876 ], [ -16.4842625, 28.0961023 ], [ -16.484175, 28.0961103 ], [ -16.4840871, 28.0961116 ], [ -16.4839993, 28.0961061 ], [ -16.4839124, 28.0960939 ], [ -16.4838271, 28.0960751 ], [ -16.4837438, 28.0960499 ], [ -16.4836634, 28.0960183 ], [ -16.4835863, 28.0959808 ], [ -16.4832146, 28.0957805 ], [ -16.4830721, 28.0959461 ], [ -16.4824766, 28.0967361 ] ] } },
{ "type": "Feature", "properties": { "Layer": "0805DPMT", "IDTRAMO": 38054.0, "Provincia": "Santa Cruz de Tenerife", "Referencia": "DL-69-TF", "TM": "Arona (Tenerife)", "Estado": "A", "OM": "1998-01-08", "Sit_Admin": "Aprobado (O.M. 08/01/1998)", "Tipo_Linea": "Límite SP aprobada", "Label": "DL-69-TF (O.M. 08/01/1998)", "ID_SEGMENT": "38054001", "FIGURA": null, "Shape_Leng": 0.0, "VERTICES": "SI" }, "geometry": { "type": "LineString", "coordinates": [ [ -16.7232429, 28.052597 ], [ -16.7223208, 28.0518974 ], [ -16.7220273, 28.0516443 ], [ -16.7220099, 28.0516272 ], [ -16.7215617, 28.0511268 ], [ -16.7215039, 28.0510761 ] ] } },
{ "type": "Feature", "properties": { "Layer": "0805DPMT", "IDTRAMO": 38054.0, "Provincia": "Santa Cruz de Tenerife", "Referencia": "DL-69-TF", "TM": "Arona (Tenerife)", "Estado": "A", "OM": "1998-01-08", "Sit_Admin": "Aprobado (O.M. 08/01/1998)", "Tipo_Linea": "Límite SP aprobada", "Label": "DL-69-TF (O.M. 08/01/1998)", "ID_SEGMENT": "38054002", "FIGURA": null, "Shape_Leng": 0.0, "VERTICES": "SI" }, "geometry": { "type": "LineString", "coordinates": [ [ -16.7214099, 28.0509935 ], [ -16.7213049, 28.0509011 ], [ -16.7211327, 28.0507613 ], [ -16.7211101, 28.0507398 ], [ -16.7210507, 28.0506728 ] ] } },
{ "type": "Feature", "properties": { "Layer": "0805DPMT", "IDTRAMO": 38054.0, "Provincia": "Santa Cruz de Tenerife", "Referencia": "DL-69-TF", "TM": "Arona (Tenerife)", "Estado": "A", "OM": "1998-01-08", "Sit_Admin": "Aprobado (O.M. 08/01/1998)", "Tipo_Linea": "Límite SP aprobada", "Label": "DL-69-TF (O.M. 08/01/1998)", "ID_SEGMENT": "38054003", "FIGURA": null, "Shape_Leng": 0.0, "VERTICES": "SI" }, "geometry": { "type": "LineString", "coordinates": [ [ -16.736211, 28.056161 ], [ -16.7364578, 28.055403 ], [ -16.7364639, 28.0552249 ], [ -16.7363838, 28.0549688 ], [ -16.7362125, 28.0547562 ], [ -16.7359209, 28.0545507 ], [ -16.7354852, 28.0544015 ], [ -16.7345856, 28.0541032 ], [ -16.7345617, 28.0540937 ], [ -16.7345393, 28.0540814 ], [ -16.7345189, 28.0540668 ], [ -16.7339729, 28.0536199 ], [ -16.7331737, 28.0534216 ], [ -16.733145, 28.0534124 ], [ -16.7331182, 28.0533995 ], [ -16.7330939, 28.0533831 ], [ -16.7330726, 28.0533638 ], [ -16.7326245, 28.0535862 ], [ -16.7325939, 28.0535985 ], [ -16.7325615, 28.0536063 ], [ -16.7325281, 28.0536091 ], [ -16.7324772, 28.0536098 ], [ -16.7324479, 28.0536083 ], [ -16.7324192, 28.0536031 ], [ -16.7309739, 28.0532422 ], [ -16.7309442, 28.0532326 ], [ -16.7308367, 28.0531888 ], [ -16.7308184, 28.0531803 ], [ -16.7308012, 28.0531703 ], [ -16.7301073, 28.0527188 ], [ -16.7300869, 28.0527035 ], [ -16.7300688, 28.052686 ], [ -16.7300326, 28.0526459 ], [ -16.7300198, 28.05263 ], [ -16.730009, 28.052613 ], [ -16.7297943, 28.0522277 ], [ -16.7297826, 28.0522019 ], [ -16.7297755, 28.0521748 ], [ -16.7297732, 28.052147 ], [ -16.7297758, 28.0521193 ], [ -16.7297831, 28.0520922 ], [ -16.7298429, 28.0519282 ] ] } },
{ "type": "Feature", "properties": { "Layer": "0805DPMT", "IDTRAMO": 38054.0, "Provincia": "Santa Cruz de Tenerife", "Referencia": "DL-69-TF", "TM": "Arona (Tenerife)", "Estado": "A", "OM": "1998-01-08", "Sit_Admin": "Aprobado (O.M. 08/01/1998)", "Tipo_Linea": "Límite SP aprobada", "Label": "DL-69-TF (O.M. 08/01/1998)", "ID_SEGMENT": "38054004", "FIGURA": null, "Shape_Leng": 0.0, "VERTICES": "SI" }, "geometry": { "type": "LineString", "coordinates": [ [ -16.7298499, 28.0519088 ], [ -16.7298805, 28.0518247 ], [ -16.7298903, 28.0518029 ], [ -16.7299033, 28.0517823 ], [ -16.7299232, 28.051755 ], [ -16.7299426, 28.0517324 ], [ -16.7299659, 28.0517128 ], [ -16.7299923, 28.0516938 ], [ -16.7296581, 28.0514977 ], [ -16.7295926, 28.0514788 ], [ -16.7294906, 28.0515446 ], [ -16.7292677, 28.0516927 ], [ -16.7291475, 28.0517856 ], [ -16.7291094, 28.0518661 ], [ -16.7290935, 28.0518932 ], [ -16.7290726, 28.0519175 ], [ -16.7290474, 28.0519383 ], [ -16.7290186, 28.051955 ], [ -16.7289871, 28.0519673 ], [ -16.7285791, 28.0520898 ], [ -16.7285678, 28.0521172 ], [ -16.7285518, 28.0521426 ], [ -16.7285313, 28.0521654 ], [ -16.728507, 28.0521849 ], [ -16.7284794, 28.0522008 ], [ -16.7282573, 28.0523069 ], [ -16.7282289, 28.0523181 ], [ -16.7281498, 28.052343 ], [ -16.7276996, 28.0526121 ], [ -16.7276897, 28.0526177 ], [ -16.7262786, 28.0533603 ], [ -16.7262587, 28.0533695 ], [ -16.7262378, 28.0533767 ], [ -16.726016, 28.0534408 ], [ -16.7259978, 28.0534453 ], [ -16.7259793, 28.0534482 ], [ -16.7256981, 28.0534808 ], [ -16.7256655, 28.0534822 ], [ -16.7256331, 28.053479 ], [ -16.7253996, 28.0534389 ], [ -16.7253797, 28.0534346 ], [ -16.7240259, 28.0530737 ], [ -16.7239969, 28.0530638 ], [ -16.7238078, 28.0529839 ], [ -16.723792, 28.0529764 ], [ -16.7237769, 28.0529677 ], [ -16.7236046, 28.0528583 ] ] } },
{ "type": "Feature", "properties": { "Layer": "0805DPMT", "IDTRAMO": 38098.0, "Provincia": "Santa Cruz de Tenerife", "Referencia": "DL-70-TF", "TM": "Tacoronte (Tenerife)", "Estado": "A", "OM": "1999-04-15", "Sit_Admin": "Aprobado (O.M. 15/04/1999)", "Tipo_Linea": "Límite SP aprobada", "Label": "DL-70-TF (O.M. 15/04/1999)", "ID_SEGMENT": "38098001", "FIGURA": null, "Shape_Leng": 0.0, "VERTICES": "SI" }, "geometry": { "type": "LineString", "coordinates": [ [ -16.4245243, 28.4965775 ], [ -16.4244586, 28.4965068 ], [ -16.4244101, 28.4964435 ], [ -16.4243679, 28.4963768 ], [ -16.4243321, 28.4963072 ], [ -16.4243032, 28.4962351 ], [ -16.4242813, 28.4961612 ], [ -16.4242666, 28.4960859 ], [ -16.4242591, 28.4960097 ], [ -16.424259, 28.4959333 ], [ -16.4242662, 28.4958571 ], [ -16.4242806, 28.4957817 ], [ -16.4243023, 28.4957077 ], [ -16.4243309, 28.4956356 ], [ -16.4243663, 28.4955658 ], [ -16.4244083, 28.495499 ], [ -16.4254486, 28.4939969 ], [ -16.4254608, 28.493854 ], [ -16.4254056, 28.4933296 ], [ -16.4253818, 28.4931382 ], [ -16.4253763, 28.4930729 ], [ -16.4253763, 28.4930074 ], [ -16.4253816, 28.4929421 ], [ -16.4254509, 28.4923794 ], [ -16.4254647, 28.4923004 ], [ -16.4254863, 28.4922227 ], [ -16.4255156, 28.4921471 ], [ -16.4255524, 28.492074 ], [ -16.4255964, 28.4920041 ], [ -16.4256471, 28.491938 ], [ -16.4257044, 28.491876 ], [ -16.4257676, 28.4918188 ], [ -16.4258363, 28.4917667 ], [ -16.4259099, 28.4917202 ], [ -16.4259879, 28.4916797 ], [ -16.4260697, 28.4916454 ], [ -16.4261546, 28.4916176 ], [ -16.4261927, 28.4916068 ] ] } },
{ "type": "Feature", "properties": { "Layer": "0805DPMT", "IDTRAMO": 38098.0, "Provincia": "Santa Cruz de Tenerife", "Referencia": "DL-70-TF", "TM": "Tacoronte (Tenerife)", "Estado": "A", "OM": "1999-04-15", "Sit_Admin": "Aprobado (O.M. 15/04/1999)", "Tipo_Linea": "Límite SP aprobada", "Label": "DL-70-TF (O.M. 15/04/1999)", "ID_SEGMENT": "38098005", "FIGURA": null, "Shape_Leng": 0.0, "VERTICES": "SI" }, "geometry": { "type": "LineString", "coordinates": [ [ -16.4273271, 28.48934 ], [ -16.4273636, 28.4891848 ] ] } },
{ "type": "Feature", "properties": { "Layer": "0805DPMT", "IDTRAMO": 38098.0, "Provincia": "Santa Cruz de Tenerife", "Referencia": "DL-70-TF", "TM": "Tacoronte (Tenerife)", "Estado": "A", "OM": "1999-04-15", "Sit_Admin": "Aprobado (O.M. 15/04/1999)", "Tipo_Linea": "Límite SP aprobada", "Label": "DL-70-TF (O.M. 15/04/1999)", "ID_SEGMENT": "38098006", "FIGURA": null, "Shape_Leng": 0.0, "VERTICES": "SI" }, "geometry": { "type": "LineString", "coordinates": [ [ -16.4279474, 28.4881905 ], [ -16.4280422, 28.4881101 ], [ -16.4282692, 28.4878572 ], [ -16.4283531, 28.4877006 ] ] } },
{ "type": "Feature", "properties": { "Layer": "0805DPMT", "IDTRAMO": 38098.0, "Provincia": "Santa Cruz de Tenerife", "Referencia": "DL-70-TF", "TM": "Tacoronte (Tenerife)", "Estado": "A", "OM": "1999-04-15", "Sit_Admin": "Aprobado (O.M. 15/04/1999)", "Tipo_Linea": "Límite SP aprobada", "Label": "DL-70-TF (O.M. 15/04/1999)", "ID_SEGMENT": "38098008", "FIGURA": null, "Shape_Leng": 0.0, "VERTICES": "SI" }, "geometry": { "type": "LineString", "coordinates": [ [ -16.4294475, 28.4862784 ], [ -16.4293924, 28.4863398 ], [ -16.4293435, 28.4864051 ], [ -16.4293012, 28.486474 ], [ -16.4292658, 28.4865458 ], [ -16.4292376, 28.4866201 ], [ -16.4291383, 28.4867697 ], [ -16.4290209, 28.4868414 ], [ -16.4286716, 28.4872165 ], [ -16.4286372, 28.4873019 ] ] } },
{ "type": "Feature", "properties": { "Layer": "0805DPMT", "IDTRAMO": 38090.0, "Provincia": "Santa Cruz de Tenerife", "Referencia": "DL-72-TF", "TM": "Puerto de la Cruz (Tenerife)", "Estado": "A", "OM": "2002-03-20", "Sit_Admin": "Aprobado (O.M. 20/03/2002)", "Tipo_Linea": "Límite SP aprobada", "Label": "DL-72-TF (O.M. 20/03/2002)", "ID_SEGMENT": "38090002", "FIGURA": null, "Shape_Leng": 0.0, "VERTICES": "SI" }, "geometry": { "type": "LineString", "coordinates": [ [ -16.5227064, 28.4161734 ], [ -16.5227845, 28.4161401 ], [ -16.5228656, 28.4161127 ], [ -16.5229489, 28.4160915 ], [ -16.523034, 28.4160766 ], [ -16.5231203, 28.4160681 ], [ -16.523207, 28.4160662 ], [ -16.5232936, 28.4160708 ], [ -16.5233795, 28.4160818 ], [ -16.5238576, 28.4161618 ], [ -16.5240971, 28.4161289 ], [ -16.5245414, 28.4160686 ], [ -16.5246216, 28.4160605 ], [ -16.5247024, 28.4160581 ], [ -16.5247831, 28.4160613 ], [ -16.5248632, 28.4160702 ], [ -16.5249423, 28.4160846 ], [ -16.5250199, 28.4161046 ], [ -16.5251456, 28.4161417 ], [ -16.5252179, 28.4161657 ], [ -16.5252879, 28.4161945 ], [ -16.5253553, 28.4162279 ], [ -16.5254196, 28.4162657 ], [ -16.5254805, 28.4163077 ], [ -16.5258676, 28.4165962 ], [ -16.5259189, 28.4166371 ], [ -16.525967, 28.416681 ], [ -16.5260115, 28.4167277 ], [ -16.5260287, 28.4167469 ], [ -16.526095, 28.4167546 ], [ -16.5262324, 28.4166867 ], [ -16.5263055, 28.4166538 ], [ -16.5263814, 28.4166262 ], [ -16.5264595, 28.4166041 ], [ -16.5265394, 28.4165877 ], [ -16.5266205, 28.4165769 ], [ -16.5267024, 28.416572 ], [ -16.5267844, 28.4165728 ], [ -16.5268661, 28.4165795 ], [ -16.5269469, 28.4165919 ], [ -16.5274523, 28.4166884 ], [ -16.5275024, 28.4166765 ], [ -16.5275536, 28.4166687 ], [ -16.5276053, 28.4166651 ], [ -16.5276572, 28.4166658 ], [ -16.5277261, 28.4166193 ], [ -16.5277992, 28.4165782 ], [ -16.527876, 28.4165427 ], [ -16.527956, 28.4165131 ], [ -16.5280384, 28.4164896 ], [ -16.5281228, 28.4164724 ], [ -16.5282086, 28.4164615 ], [ -16.5282951, 28.4164571 ], [ -16.5283817, 28.4164592 ], [ -16.5284678, 28.4164678 ], [ -16.5285528, 28.4164828 ], [ -16.5290007, 28.4165796 ], [ -16.5290607, 28.4165943 ], [ -16.5291196, 28.4166122 ], [ -16.5291772, 28.4166332 ], [ -16.5295878, 28.4167965 ], [ -16.5300568, 28.4167923 ], [ -16.5303389, 28.416724 ], [ -16.5303487, 28.4174707 ], [ -16.5309452, 28.4173261 ], [ -16.5316919, 28.4169121 ], [ -16.5321345, 28.4166806 ], [ -16.5321894, 28.4166539 ], [ -16.5322459, 28.4166302 ], [ -16.5325651, 28.416507 ], [ -16.5327628, 28.4164375 ], [ -16.5328448, 28.4164122 ], [ -16.532929, 28.4163932 ], [ -16.5330147, 28.4163805 ], [ -16.5331012, 28.4163743 ], [ -16.5331881, 28.4163746 ], [ -16.5332746, 28.4163815 ], [ -16.5335466, 28.4164134 ], [ -16.5336212, 28.4164247 ], [ -16.5336946, 28.4164407 ], [ -16.5344241, 28.4166263 ], [ -16.5353702, 28.416669 ], [ -16.5354464, 28.416675 ], [ -16.5355219, 28.416686 ], [ -16.5355962, 28.416702 ], [ -16.5358953, 28.4167768 ], [ -16.5361101, 28.4166962 ], [ -16.5361856, 28.416671 ], [ -16.5362631, 28.416651 ], [ -16.5363433, 28.4166335 ], [ -16.5363753, 28.4166289 ], [ -16.5364076, 28.4166288 ], [ -16.5364396, 28.4166332 ], [ -16.5364704, 28.416642 ], [ -16.5364993, 28.4166549 ], [ -16.5365255, 28.4166717 ], [ -16.5369218, 28.4166842 ], [ -16.5370089, 28.4166674 ], [ -16.5370974, 28.4166574 ], [ -16.5371865, 28.4166543 ], [ -16.5372756, 28.4166581 ], [ -16.5373639, 28.4166687 ], [ -16.5374509, 28.4166861 ], [ -16.5376527, 28.4167347 ], [ -16.5379966, 28.4168177 ], [ -16.5380125, 28.4167903 ], [ -16.5380335, 28.4167656 ], [ -16.5380589, 28.4167445 ], [ -16.538088, 28.4167275 ], [ -16.53812, 28.4167151 ], [ -16.5381539, 28.4167077 ], [ -16.5381887, 28.4167055 ], [ -16.5382234, 28.4167086 ], [ -16.538257, 28.4167169 ], [ -16.5383814, 28.4167579 ], [ -16.538413, 28.4166824 ], [ -16.5384262, 28.416657 ], [ -16.5384437, 28.4166338 ], [ -16.538465, 28.4166132 ], [ -16.5384896, 28.4165957 ], [ -16.538517, 28.4165818 ], [ -16.538677, 28.4165147 ], [ -16.5387086, 28.4165042 ], [ -16.5387418, 28.4164984 ], [ -16.5387755, 28.4164975 ], [ -16.538809, 28.4165016 ], [ -16.5388412, 28.4165104 ], [ -16.5388714, 28.4165239 ], [ -16.5390511, 28.4166213 ] ] } },
{ "type": "Feature", "properties": { "Layer": "0805DPMT", "IDTRAMO": 38089.0, "Provincia": "Santa Cruz de Tenerife", "Referencia": "DL-73-TF", "TM": "Puerto de la Cruz (Tenerife)", "Estado": "A", "OM": "1999-10-14", "Sit_Admin": "Aprobado (O.M. 14/10/1999)", "Tipo_Linea": "Límite SP aprobada", "Label": "DL-73-TF (O.M. 14/10/1999)", "ID_SEGMENT": "38089003", "FIGURA": null, "Shape_Leng": 0.0, "VERTICES": "SI" }, "geometry": { "type": "LineString", "coordinates": [ [ -16.5398262, 28.4164726 ], [ -16.5400094, 28.4164478 ], [ -16.5400392, 28.4164457 ], [ -16.5402813, 28.4164446 ], [ -16.5403166, 28.4164471 ], [ -16.5403509, 28.4164551 ], [ -16.5405161, 28.4165071 ], [ -16.5405348, 28.4165139 ], [ -16.5405527, 28.4165224 ], [ -16.5412825, 28.41691 ], [ -16.541306, 28.4169245 ], [ -16.541327, 28.4169418 ], [ -16.5415059, 28.417112 ], [ -16.5415248, 28.4171328 ], [ -16.5415399, 28.4171558 ], [ -16.5415511, 28.4171806 ], [ -16.5416169, 28.4173646 ], [ -16.541622, 28.4173819 ], [ -16.5418889, 28.4185061 ], [ -16.5422243, 28.4188402 ], [ -16.542347, 28.4189167 ], [ -16.5424993, 28.4189824 ], [ -16.5426651, 28.4190247 ], [ -16.5428282, 28.4190442 ], [ -16.5429951, 28.4190394 ], [ -16.543185, 28.4190163 ], [ -16.5433296, 28.4189737 ], [ -16.5434691, 28.4189093 ], [ -16.5436281, 28.4188127 ], [ -16.5437545, 28.4187053 ], [ -16.543876, 28.4185733 ], [ -16.5442564, 28.4181394 ], [ -16.5442781, 28.4181183 ], [ -16.5443033, 28.4181005 ], [ -16.5443314, 28.4180864 ], [ -16.5443616, 28.4180764 ], [ -16.5443932, 28.4180708 ], [ -16.5444254, 28.4180696 ], [ -16.5444575, 28.4180729 ], [ -16.5445631, 28.418005 ], [ -16.5445784, 28.4179961 ], [ -16.5447021, 28.4179307 ], [ -16.5447326, 28.4179175 ], [ -16.5447651, 28.4179089 ], [ -16.5447988, 28.4179053 ], [ -16.5448327, 28.4179066 ], [ -16.5448447, 28.417885 ], [ -16.5448621, 28.4178593 ], [ -16.5448841, 28.4178365 ], [ -16.5449101, 28.4178172 ], [ -16.5449393, 28.417802 ], [ -16.544971, 28.4177912 ], [ -16.5450042, 28.4177853 ], [ -16.5450381, 28.4177843 ], [ -16.545107, 28.4177873 ], [ -16.5451076, 28.4177625 ], [ -16.545112, 28.4177379 ], [ -16.5451202, 28.4177142 ], [ -16.5451319, 28.4176916 ], [ -16.5451829, 28.4176093 ], [ -16.5452017, 28.4175843 ], [ -16.5452248, 28.4175624 ], [ -16.5452518, 28.4175441 ], [ -16.5452818, 28.4175301 ], [ -16.545314, 28.4175206 ], [ -16.5453476, 28.417516 ], [ -16.5453815, 28.4175164 ], [ -16.5455058, 28.4175269 ], [ -16.5455143, 28.4174907 ], [ -16.5455229, 28.4174646 ], [ -16.5455357, 28.41744 ], [ -16.5455527, 28.4174173 ], [ -16.5455732, 28.4173971 ], [ -16.545597, 28.4173798 ], [ -16.5456234, 28.417366 ], [ -16.54587, 28.4172576 ], [ -16.5459016, 28.4172465 ], [ -16.5459191, 28.4172432 ], [ -16.5459348, 28.4172402 ], [ -16.5459461, 28.4172398 ], [ -16.5459589, 28.4172393 ], [ -16.5459591, 28.4172393 ], [ -16.5459688, 28.4172389 ], [ -16.5459769, 28.4172398 ], [ -16.5459959, 28.4172418 ], [ -16.5460025, 28.4172425 ], [ -16.546008, 28.417244 ], [ -16.5460312, 28.41725 ], [ -16.5460351, 28.4172511 ], [ -16.5460383, 28.4172525 ], [ -16.5460639, 28.4172635 ], [ -16.5460663, 28.4172647 ], [ -16.5462431, 28.417358 ], [ -16.5462433, 28.417358 ], [ -16.5462882, 28.417341 ], [ -16.5463552, 28.4173157 ], [ -16.5468557, 28.4171263 ], [ -16.5468922, 28.4171145 ], [ -16.5469794, 28.4170822 ], [ -16.5470515, 28.4170564 ], [ -16.5470735, 28.4170498 ], [ -16.5470963, 28.4170455 ], [ -16.5472728, 28.4170209 ], [ -16.5472788, 28.4170201 ], [ -16.5474498, 28.4169963 ], [ -16.5474789, 28.4169942 ], [ -16.5475035, 28.4169952 ], [ -16.5476145, 28.4170058 ], [ -16.5477026, 28.4170143 ], [ -16.547735, 28.4170174 ], [ -16.5477682, 28.4170231 ], [ -16.5477999, 28.4170335 ], [ -16.5478292, 28.4170484 ], [ -16.5478553, 28.4170674 ], [ -16.5478775, 28.4170899 ], [ -16.5478952, 28.4171154 ], [ -16.5479028, 28.4171286 ], [ -16.5480157, 28.4173261 ], [ -16.5480265, 28.4173489 ], [ -16.5480338, 28.4173727 ], [ -16.5480416, 28.4174336 ], [ -16.5480489, 28.4174966 ], [ -16.5480496, 28.4175245 ], [ -16.5480455, 28.4175522 ], [ -16.5480412, 28.4175699 ], [ -16.5480351, 28.4175953 ], [ -16.5480274, 28.4176276 ], [ -16.5479905, 28.417772 ], [ -16.5481202, 28.4179041 ], [ -16.5481701, 28.4179549 ], [ -16.5481805, 28.4179655 ], [ -16.5482012, 28.4179908 ], [ -16.5482166, 28.4180189 ], [ -16.5482257, 28.4180459 ], [ -16.5482299, 28.4180739 ], [ -16.5482291, 28.4181022 ], [ -16.5482233, 28.4181299 ], [ -16.5482127, 28.4181566 ], [ -16.5481976, 28.4181814 ], [ -16.5481782, 28.4182039 ], [ -16.5481694, 28.4182126 ], [ -16.5481842, 28.4182388 ], [ -16.5482589, 28.4183713 ], [ -16.5484566, 28.4182146 ], [ -16.5484847, 28.4181963 ], [ -16.5485159, 28.4181825 ], [ -16.5485492, 28.4181735 ], [ -16.5485838, 28.4181698 ], [ -16.5486187, 28.4181713 ], [ -16.5486527, 28.418178 ], [ -16.548685, 28.4181897 ], [ -16.5487145, 28.4182062 ], [ -16.5488844, 28.4183197 ], [ -16.5493364, 28.4182743 ], [ -16.5494619, 28.4182617 ], [ -16.5495618, 28.4182517 ], [ -16.5495735, 28.4182248 ], [ -16.5495872, 28.4181995 ], [ -16.5496052, 28.4181764 ], [ -16.549627, 28.418156 ], [ -16.5496522, 28.4181388 ], [ -16.54968, 28.4181253 ], [ -16.5499713, 28.4180092 ], [ -16.5499962, 28.418001 ], [ -16.5500222, 28.4179958 ], [ -16.5500415, 28.4179272 ], [ -16.5500441, 28.417918 ], [ -16.5499701, 28.4178423 ], [ -16.5499516, 28.4178201 ], [ -16.5499373, 28.417796 ], [ -16.5499273, 28.4177703 ], [ -16.5499217, 28.4177435 ], [ -16.5499208, 28.4177163 ], [ -16.5499245, 28.4176893 ], [ -16.5499327, 28.4176631 ], [ -16.5499818, 28.4175467 ], [ -16.5499945, 28.4175222 ], [ -16.5500112, 28.4174997 ], [ -16.5500316, 28.4174796 ], [ -16.5500551, 28.4174624 ], [ -16.5500944, 28.4174378 ], [ -16.5501566, 28.4173989 ], [ -16.5502194, 28.4173595 ], [ -16.5502438, 28.4173464 ], [ -16.55027, 28.4173364 ], [ -16.5502975, 28.4173297 ], [ -16.5503258, 28.4173266 ], [ -16.5503543, 28.4173269 ], [ -16.5506387, 28.4173477 ], [ -16.5506714, 28.4173525 ], [ -16.5507028, 28.4173619 ], [ -16.5507321, 28.4173757 ], [ -16.5507585, 28.4173935 ], [ -16.550832, 28.417452 ], [ -16.5508501, 28.4174684 ], [ -16.5508627, 28.4174827 ], [ -16.5509759, 28.4176259 ], [ -16.5509762, 28.4176263 ], [ -16.5509943, 28.4176541 ], [ -16.5509978, 28.4176612 ], [ -16.5510027, 28.4176729 ], [ -16.5510093, 28.417695 ], [ -16.5510094, 28.4176954 ], [ -16.5510125, 28.4177163 ], [ -16.5510129, 28.4177374 ] ] } },
{ "type": "Feature", "properties": { "Layer": "0805DPMT", "IDTRAMO": 38089.0, "Provincia": "Santa Cruz de Tenerife", "Referencia": "DL-73-TF", "TM": "Puerto de la Cruz (Tenerife)", "Estado": "A", "OM": "1999-10-14", "Sit_Admin": "Aprobado (O.M. 14/10/1999)", "Tipo_Linea": "Límite SP aprobada", "Label": "DL-73-TF (O.M. 14/10/1999)", "ID_SEGMENT": "38089004", "FIGURA": null, "Shape_Leng": 0.0, "VERTICES": "SI" }, "geometry": { "type": "LineString", "coordinates": [ [ -16.5390511, 28.4166213 ], [ -16.539506, 28.4165159 ], [ -16.5396376, 28.4164981 ] ] } },
{ "type": "Feature", "properties": { "Layer": "0805DPMT", "IDTRAMO": 38086.0, "Provincia": "Santa Cruz de Tenerife", "Referencia": "DL-74-TF", "TM": "Puerto de la Cruz (Tenerife)", "Estado": "A", "OM": "2000-09-08", "Sit_Admin": "Aprobado (O.M. 08/09/2000)", "Tipo_Linea": "Límite SP aprobada", "Label": "DL-74-TF (O.M. 08/09/2000)", "ID_SEGMENT": "38086002", "FIGURA": null, "Shape_Leng": 0.0, "VERTICES": "SI" }, "geometry": { "type": "LineString", "coordinates": [ [ -16.5582119, 28.4141949 ], [ -16.5581051, 28.413466 ], [ -16.5581036, 28.4134347 ], [ -16.5581083, 28.4134036 ], [ -16.5581189, 28.4133737 ], [ -16.5582029, 28.4131943 ], [ -16.5585503, 28.4125299 ], [ -16.5585679, 28.4125027 ], [ -16.5585905, 28.4124787 ], [ -16.5586175, 28.4124584 ], [ -16.5586481, 28.4124426 ], [ -16.5586813, 28.4124316 ], [ -16.5587161, 28.4124259 ], [ -16.5591328, 28.4123904 ], [ -16.5581649, 28.4118569 ], [ -16.5582369, 28.4118177 ], [ -16.5583124, 28.4117839 ], [ -16.5583907, 28.4117558 ], [ -16.5584714, 28.4117334 ], [ -16.558554, 28.4117171 ], [ -16.5586377, 28.4117068 ], [ -16.5592982, 28.4116506 ], [ -16.5599537, 28.4115833 ], [ -16.5600089, 28.4115791 ], [ -16.5600657, 28.4115284 ], [ -16.5603208, 28.4113139 ], [ -16.5605644, 28.4110621 ], [ -16.5608587, 28.4107394 ], [ -16.5609144, 28.4106833 ], [ -16.5609752, 28.4106314 ], [ -16.5610406, 28.4105841 ], [ -16.5611102, 28.4105418 ], [ -16.5611835, 28.4105047 ], [ -16.5612601, 28.4104731 ], [ -16.5614093, 28.410418 ], [ -16.5615372, 28.4102992 ], [ -16.5617713, 28.4100306 ], [ -16.561811, 28.4099877 ], [ -16.5618537, 28.4099471 ], [ -16.561899, 28.4099089 ], [ -16.5620824, 28.4097638 ], [ -16.5621456, 28.4097176 ], [ -16.5622128, 28.4096761 ], [ -16.5622836, 28.4096395 ], [ -16.5623574, 28.409608 ], [ -16.5624682, 28.4095655 ], [ -16.5626663, 28.40948 ], [ -16.5627428, 28.4094504 ], [ -16.5628217, 28.4094263 ], [ -16.5629026, 28.4094081 ], [ -16.5629848, 28.4093957 ], [ -16.563068, 28.4093893 ], [ -16.5631375, 28.4093865 ], [ -16.5632084, 28.4093859 ], [ -16.5632792, 28.4093895 ], [ -16.5633495, 28.4093975 ], [ -16.5635372, 28.4094248 ], [ -16.563612, 28.4094382 ], [ -16.5636854, 28.4094565 ], [ -16.5637571, 28.4094795 ], [ -16.564015, 28.4095724 ], [ -16.5643024, 28.4096702 ], [ -16.5643861, 28.4097025 ], [ -16.5644662, 28.4097413 ], [ -16.564542, 28.4097862 ], [ -16.564613, 28.409837 ], [ -16.5646786, 28.4098931 ], [ -16.5647382, 28.4099542 ], [ -16.5647914, 28.4100198 ], [ -16.5648378, 28.4100893 ], [ -16.5648879, 28.4101726 ], [ -16.5648894, 28.4101752 ], [ -16.5643885, 28.4103437 ], [ -16.5641305, 28.4102737 ], [ -16.5640515, 28.4103641 ], [ -16.5640769, 28.4103823 ], [ -16.5640987, 28.4104039 ], [ -16.5641163, 28.4104283 ], [ -16.5641663, 28.4105116 ], [ -16.5641774, 28.4105334 ], [ -16.5641851, 28.4105563 ], [ -16.5641893, 28.4105799 ], [ -16.56419, 28.4106037 ] ] } },
{ "type": "Feature", "properties": { "Layer": "0805DPMT", "IDTRAMO": 38085.0, "Provincia": "Santa Cruz de Tenerife", "Referencia": "DL-75-TF", "TM": "Puerto de la Cruz (Tenerife)", "Estado": "A", "OM": "2002-07-02", "Sit_Admin": "Aprobado (O.M. 02/07/2002)", "Tipo_Linea": "Límite SP aprobada", "Label": "DL-75-TF (O.M. 02/07/2002)", "ID_SEGMENT": "38085002", "FIGURA": null, "Shape_Leng": 0.0, "VERTICES": "SI" }, "geometry": { "type": "LineString", "coordinates": [ [ -16.56419, 28.4106037 ], [ -16.5644507, 28.4107527 ], [ -16.5644743, 28.4107683 ], [ -16.5644951, 28.4107867 ], [ -16.5645126, 28.4108075 ], [ -16.5645923, 28.4109178 ], [ -16.5646084, 28.4109449 ], [ -16.564619, 28.410974 ], [ -16.564624, 28.4110043 ], [ -16.5646231, 28.4110349 ], [ -16.5646164, 28.411065 ], [ -16.5645969, 28.4111249 ], [ -16.5648371, 28.4112068 ], [ -16.5648669, 28.4112195 ], [ -16.564894, 28.4112363 ], [ -16.5649176, 28.4112568 ], [ -16.5649372, 28.4112803 ], [ -16.5649523, 28.4113063 ], [ -16.5649624, 28.4113342 ], [ -16.5649673, 28.4113631 ], [ -16.5649669, 28.4113923 ], [ -16.5649611, 28.4114211 ], [ -16.5648935, 28.4116494 ], [ -16.5648986, 28.41165 ], [ -16.5649819, 28.4114745 ], [ -16.5649915, 28.4114571 ], [ -16.5650455, 28.4113707 ], [ -16.5650643, 28.4113458 ], [ -16.5650874, 28.411324 ], [ -16.5651143, 28.4113059 ], [ -16.5651443, 28.4112919 ], [ -16.5651764, 28.4112825 ], [ -16.5652098, 28.4112779 ], [ -16.5652436, 28.4112783 ], [ -16.5652769, 28.4112836 ], [ -16.5653088, 28.4112937 ], [ -16.5653383, 28.4113083 ], [ -16.5653647, 28.411327 ], [ -16.5653873, 28.4113493 ], [ -16.5654054, 28.4113745 ], [ -16.5654441, 28.4114401 ], [ -16.5654561, 28.4114647 ], [ -16.5654638, 28.4114906 ], [ -16.5654671, 28.4115173 ], [ -16.5654659, 28.411544 ], [ -16.5654603, 28.4115704 ], [ -16.5654147, 28.4117205 ], [ -16.5654657, 28.4117904 ], [ -16.5656371, 28.4117629 ], [ -16.5656699, 28.41176 ], [ -16.5657028, 28.4117618 ], [ -16.5657349, 28.4117683 ], [ -16.5657655, 28.4117793 ], [ -16.5657937, 28.4117945 ], [ -16.5658187, 28.4118135 ], [ -16.5658399, 28.4118358 ], [ -16.5658568, 28.4118608 ], [ -16.565869, 28.4118879 ], [ -16.565876, 28.4119164 ], [ -16.5659004, 28.4120761 ], [ -16.5659921, 28.4119894 ], [ -16.5659705, 28.4119077 ], [ -16.5659659, 28.4118812 ], [ -16.5659657, 28.4118543 ], [ -16.5659701, 28.4118277 ], [ -16.5660161, 28.4116439 ], [ -16.5660238, 28.4116206 ], [ -16.566035, 28.4115984 ], [ -16.5660495, 28.4115778 ], [ -16.5660669, 28.411559 ], [ -16.566153, 28.4114783 ], [ -16.5661471, 28.4114489 ], [ -16.566129, 28.4114239 ], [ -16.5660923, 28.411417 ], [ -16.5660634, 28.4114095 ], [ -16.5660362, 28.4113984 ], [ -16.566011, 28.4113839 ], [ -16.5659886, 28.4113663 ], [ -16.5659693, 28.4113459 ], [ -16.5658566, 28.4112076 ], [ -16.5658399, 28.4111832 ], [ -16.5658277, 28.4111567 ], [ -16.5658204, 28.4111289 ], [ -16.5658181, 28.4111005 ], [ -16.5658209, 28.4110721 ], [ -16.5658288, 28.4110444 ], [ -16.5658415, 28.4110181 ], [ -16.5658587, 28.410994 ], [ -16.56588, 28.4109725 ], [ -16.5659048, 28.4109543 ], [ -16.5659924, 28.4108998 ], [ -16.565985, 28.4108594 ], [ -16.5659828, 28.4108411 ], [ -16.5659827, 28.4108227 ], [ -16.5659858, 28.4107596 ], [ -16.5659819, 28.4106998 ], [ -16.5659825, 28.4106719 ], [ -16.565988, 28.4106444 ], [ -16.5659983, 28.4106179 ], [ -16.5660373, 28.4105379 ], [ -16.5660182, 28.4104345 ], [ -16.5660156, 28.4104039 ], [ -16.5660188, 28.4103733 ], [ -16.5660279, 28.4103436 ], [ -16.5660426, 28.4103157 ], [ -16.5661757, 28.4101102 ], [ -16.5661929, 28.4100878 ], [ -16.5662137, 28.4100678 ], [ -16.5662267, 28.4100571 ], [ -16.5662317, 28.4100319 ], [ -16.5662406, 28.4100075 ], [ -16.5662534, 28.4099845 ], [ -16.5662697, 28.4099634 ], [ -16.5664232, 28.409792 ], [ -16.5664399, 28.4097755 ], [ -16.5664588, 28.4097609 ], [ -16.5668138, 28.4095194 ], [ -16.5670931, 28.4092334 ], [ -16.5671111, 28.4092171 ], [ -16.5671313, 28.409203 ], [ -16.5673094, 28.4090939 ], [ -16.5673239, 28.4090857 ], [ -16.5676636, 28.4089129 ], [ -16.5677149, 28.4088275 ], [ -16.5677278, 28.4088089 ], [ -16.567743, 28.4087919 ], [ -16.5678196, 28.4087161 ], [ -16.5678315, 28.4087053 ], [ -16.567931, 28.4086221 ], [ -16.5680986, 28.4084817 ], [ -16.5681211, 28.4084654 ], [ -16.5681459, 28.4084521 ], [ -16.5688105, 28.408151 ], [ -16.5685112, 28.407473 ], [ -16.5687458, 28.407292 ], [ -16.5689376, 28.4071231 ], [ -16.5690015, 28.4070714 ], [ -16.5690701, 28.4070247 ], [ -16.569143, 28.4069833 ], [ -16.5692195, 28.4069475 ], [ -16.5692992, 28.4069176 ], [ -16.5693815, 28.4068937 ], [ -16.5694658, 28.4068761 ], [ -16.5695514, 28.4068649 ], [ -16.5697363, 28.4068477 ], [ -16.5698245, 28.4068429 ], [ -16.5699128, 28.4068448 ], [ -16.5700006, 28.4068535 ], [ -16.5700872, 28.4068689 ], [ -16.570172, 28.4068908 ], [ -16.5702531, 28.4069136 ], [ -16.5702769, 28.4069573 ], [ -16.570389, 28.407408 ], [ -16.5704427, 28.4072533 ], [ -16.5704451, 28.4072468 ], [ -16.5704598, 28.4072181 ], [ -16.5704772, 28.407195 ], [ -16.5704984, 28.4071745 ], [ -16.570523, 28.4071571 ], [ -16.5705503, 28.4071433 ], [ -16.5705796, 28.4071333 ], [ -16.570599, 28.4071292 ], [ -16.5705999, 28.4071212 ], [ -16.5706022, 28.4071023 ], [ -16.5706043, 28.407089 ], [ -16.5706084, 28.4070732 ], [ -16.5706187, 28.4070477 ] ] } },
{ "type": "Feature", "properties": { "Layer": "0805DPMT", "IDTRAMO": 38002.0, "Provincia": "Santa Cruz de Tenerife", "Referencia": "DL-76-TF", "TM": "Santa Cruz de Tenerife (Tenerife)", "Estado": "A", "OM": "2005-05-13", "Sit_Admin": "Aprobado (O.M. 13/05/2005)", "Tipo_Linea": "Límite SP aprobada", "Label": "DL-76-TF (O.M. 13/05/2005)", "ID_SEGMENT": "38002004", "FIGURA": null, "Shape_Leng": 0.0, "VERTICES": "SI" }, "geometry": { "type": "LineString", "coordinates": [ [ -16.1645559, 28.585136 ], [ -16.1643023, 28.5854308 ], [ -16.1642541, 28.5854388 ], [ -16.1641866, 28.5854522 ], [ -16.1641203, 28.5854695 ], [ -16.1639879, 28.5854355 ], [ -16.1639051, 28.5854175 ], [ -16.1638208, 28.5854056 ], [ -16.1635604, 28.5853787 ], [ -16.1634761, 28.585373 ], [ -16.1633917, 28.5853735 ], [ -16.1630115, 28.5853897 ], [ -16.1629556, 28.5853934 ], [ -16.1626907, 28.5854174 ], [ -16.1625658, 28.5853486 ], [ -16.1624866, 28.5853092 ], [ -16.1624038, 28.5852761 ], [ -16.162318, 28.5852495 ], [ -16.1622299, 28.5852298 ], [ -16.1621401, 28.5852171 ], [ -16.1620494, 28.5852114 ], [ -16.1619585, 28.5852128 ], [ -16.1618681, 28.5852214 ], [ -16.1617789, 28.5852369 ], [ -16.1616916, 28.5852594 ], [ -16.1616069, 28.5852886 ], [ -16.1615255, 28.5853243 ], [ -16.161448, 28.5853662 ], [ -16.1613749, 28.585414 ], [ -16.161307, 28.5854674 ], [ -16.1612447, 28.5855258 ], [ -16.1611885, 28.5855889 ], [ -16.1611388, 28.5856561 ], [ -16.161096, 28.5857269 ], [ -16.1610783, 28.5857297 ], [ -16.1609934, 28.5857464 ], [ -16.1609103, 28.5857693 ], [ -16.1608298, 28.5857984 ], [ -16.1607523, 28.5858334 ], [ -16.1606785, 28.5858741 ], [ -16.1606089, 28.5859202 ], [ -16.1605341, 28.5859424 ], [ -16.1604615, 28.5859697 ], [ -16.1603915, 28.5860017 ], [ -16.1603245, 28.5860385 ], [ -16.1602434, 28.5860714 ], [ -16.1601659, 28.5861104 ], [ -16.1600925, 28.5861551 ], [ -16.1600238, 28.5862054 ], [ -16.1599603, 28.5862607 ], [ -16.1599024, 28.5863207 ], [ -16.1598507, 28.5863849 ], [ -16.1598055, 28.5864528 ], [ -16.1597672, 28.5865239 ], [ -16.159736, 28.5865977 ], [ -16.1596993, 28.5866313 ], [ -16.1596325, 28.5866704 ], [ -16.1595694, 28.5867141 ], [ -16.1595103, 28.5867619 ], [ -16.1594557, 28.5868137 ], [ -16.1594057, 28.5868691 ], [ -16.1592367, 28.5869989 ], [ -16.1590783, 28.5871057 ], [ -16.1590439, 28.58713 ], [ -16.1587481, 28.5873477 ], [ -16.1586755, 28.5873554 ], [ -16.1586038, 28.5873677 ], [ -16.1585332, 28.5873845 ], [ -16.1584642, 28.5874057 ], [ -16.1584134, 28.587407 ], [ -16.1583627, 28.5874105 ], [ -16.1583188, 28.5873509 ], [ -16.1582697, 28.5872944 ], [ -16.1582158, 28.5872416 ], [ -16.1581573, 28.5871926 ], [ -16.1580947, 28.5871478 ], [ -16.1580283, 28.5871075 ], [ -16.1579585, 28.5870719 ], [ -16.1578964, 28.5870292 ], [ -16.1578308, 28.5869908 ], [ -16.1577621, 28.5869569 ], [ -16.1576906, 28.5869278 ], [ -16.1576253, 28.5868854 ], [ -16.1575564, 28.5868477 ], [ -16.1574844, 28.5868149 ], [ -16.1574096, 28.5867872 ], [ -16.1573326, 28.5867649 ], [ -16.1572539, 28.5867479 ], [ -16.1571739, 28.5867365 ], [ -16.1570983, 28.5866976 ], [ -16.1570193, 28.5866646 ], [ -16.1569374, 28.5866376 ], [ -16.1568532, 28.5866168 ], [ -16.1567673, 28.5866025 ], [ -16.1566803, 28.5865947 ], [ -16.1565929, 28.5865934 ], [ -16.1564743, 28.5865507 ], [ -16.1564113, 28.586507 ], [ -16.1563447, 28.5864677 ], [ -16.1562748, 28.5864332 ], [ -16.1562021, 28.5864036 ], [ -16.156127, 28.586379 ], [ -16.1560499, 28.5863597 ], [ -16.1559714, 28.5863458 ], [ -16.1559271, 28.5862789 ], [ -16.1558764, 28.5862156 ], [ -16.1558197, 28.5861564 ], [ -16.1557576, 28.5861016 ], [ -16.1556903, 28.5860518 ], [ -16.1556185, 28.5860072 ], [ -16.1555426, 28.5859681 ], [ -16.1554633, 28.585935 ], [ -16.155381, 28.585908 ], [ -16.1552963, 28.5858872 ], [ -16.15521, 28.585873 ], [ -16.1551226, 28.5858653 ], [ -16.1546766, 28.5857187 ], [ -16.1545945, 28.5856951 ], [ -16.1545104, 28.5856777 ], [ -16.154425, 28.5856666 ], [ -16.1541448, 28.5856408 ], [ -16.1540687, 28.5856107 ], [ -16.1539902, 28.5855862 ], [ -16.1539096, 28.5855674 ], [ -16.1538276, 28.5855544 ], [ -16.1537447, 28.5855474 ], [ -16.1536614, 28.5855463 ], [ -16.1535782, 28.5855511 ], [ -16.1534958, 28.5855619 ], [ -16.1534147, 28.5855786 ], [ -16.1533353, 28.585601 ], [ -16.1533142, 28.5856006 ], [ -16.153235, 28.5856014 ], [ -16.1531561, 28.5856076 ], [ -16.153078, 28.5856192 ], [ -16.1530011, 28.5856361 ], [ -16.1528831, 28.5856663 ], [ -16.1521379, 28.5856125 ], [ -16.1518475, 28.5855492 ], [ -16.1517687, 28.5855349 ], [ -16.151689, 28.5855261 ], [ -16.1516086, 28.5855229 ], [ -16.1515283, 28.5855252 ], [ -16.1514484, 28.585533 ], [ -16.1513694, 28.5855463 ], [ -16.1512918, 28.5855651 ], [ -16.1508849, 28.5856788 ], [ -16.1508074, 28.5857035 ], [ -16.1507323, 28.5857337 ], [ -16.1506602, 28.5857691 ], [ -16.1505916, 28.5858095 ], [ -16.1505269, 28.5858546 ], [ -16.1504665, 28.5859041 ], [ -16.1502717, 28.5860773 ], [ -16.1497646, 28.585953 ], [ -16.1497614, 28.5859423 ], [ -16.1497389, 28.5858761 ], [ -16.1497107, 28.5858116 ], [ -16.1496771, 28.5857492 ], [ -16.1496382, 28.5856893 ], [ -16.1496096, 28.585649 ], [ -16.1495926, 28.5855718 ], [ -16.1495679, 28.5854961 ], [ -16.149536, 28.5854226 ], [ -16.1494969, 28.5853519 ], [ -16.149451, 28.5852844 ], [ -16.1493986, 28.5852207 ], [ -16.1493402, 28.5851612 ], [ -16.1492761, 28.5851064 ], [ -16.1492069, 28.5850568 ], [ -16.1487419, 28.5847517 ], [ -16.1486753, 28.5847115 ], [ -16.1486054, 28.5846761 ], [ -16.1485325, 28.5846456 ], [ -16.1484572, 28.5846203 ], [ -16.1477534, 28.5841329 ], [ -16.1476883, 28.5840914 ], [ -16.1476198, 28.5840545 ], [ -16.1475483, 28.5840224 ], [ -16.1474741, 28.5839954 ], [ -16.1473978, 28.5839735 ], [ -16.1473197, 28.583957 ], [ -16.1472405, 28.583946 ], [ -16.1471605, 28.5839404 ], [ -16.1466435, 28.5839224 ], [ -16.146561, 28.5839224 ], [ -16.1464788, 28.5839283 ], [ -16.1463974, 28.58394 ], [ -16.145533, 28.5839907 ], [ -16.1452277, 28.5837979 ], [ -16.1451595, 28.5837583 ], [ -16.1450879, 28.5837237 ], [ -16.1450134, 28.5836942 ], [ -16.1449365, 28.5836699 ], [ -16.1448576, 28.5836512 ], [ -16.1447773, 28.5836381 ], [ -16.1440792, 28.5835491 ], [ -16.1439962, 28.5835415 ], [ -16.1439127, 28.5835399 ], [ -16.1438293, 28.5835443 ], [ -16.1437467, 28.5835547 ], [ -16.1436652, 28.583571 ], [ -16.1435856, 28.5835931 ], [ -16.1435082, 28.5836208 ], [ -16.1433793, 28.5836725 ], [ -16.1433666, 28.5836423 ], [ -16.143332, 28.5835701 ], [ -16.1432905, 28.5835009 ], [ -16.1432424, 28.583435 ], [ -16.143188, 28.5833731 ], [ -16.1431278, 28.5833156 ], [ -16.1430622, 28.5832628 ], [ -16.1429916, 28.5832153 ], [ -16.1429166, 28.5831734 ], [ -16.142546, 28.5829852 ], [ -16.1424695, 28.58295 ], [ -16.1423898, 28.5829206 ], [ -16.1423077, 28.5828973 ], [ -16.1422236, 28.5828801 ], [ -16.1421382, 28.5828692 ], [ -16.1420521, 28.5828647 ], [ -16.1416646, 28.5828588 ], [ -16.141595, 28.5828598 ], [ -16.1415256, 28.582865 ], [ -16.1414568, 28.5828743 ], [ -16.1410895, 28.5829354 ], [ -16.1410154, 28.5828958 ], [ -16.1409378, 28.5828619 ], [ -16.1408572, 28.5828339 ], [ -16.1407742, 28.582812 ], [ -16.1406894, 28.5827963 ], [ -16.1404089, 28.5827553 ], [ -16.1403277, 28.5827464 ], [ -16.140246, 28.5827431 ], [ -16.1401642, 28.5827457 ], [ -16.140083, 28.582754 ], [ -16.1400027, 28.5827679 ], [ -16.1399239, 28.5827875 ], [ -16.1398472, 28.5828126 ], [ -16.1395541, 28.5827333 ], [ -16.1394914, 28.5827015 ], [ -16.1394808, 28.5826951 ], [ -16.139223, 28.5824119 ], [ -16.139173, 28.5823609 ], [ -16.1391187, 28.5823133 ], [ -16.1390606, 28.5822694 ], [ -16.138999, 28.5822295 ], [ -16.1389342, 28.5821937 ], [ -16.1388342, 28.5821431 ], [ -16.1387889, 28.5821029 ], [ -16.1387341, 28.5820579 ], [ -16.1386758, 28.5820165 ], [ -16.1386142, 28.5819789 ], [ -16.1385497, 28.5819455 ], [ -16.1384825, 28.5819162 ], [ -16.1384183, 28.5818908 ], [ -16.1383513, 28.581846 ], [ -16.1382804, 28.5818062 ], [ -16.138206, 28.5817716 ], [ -16.1381286, 28.5817425 ], [ -16.1380489, 28.5817192 ], [ -16.1379672, 28.5817016 ], [ -16.1378842, 28.58169 ], [ -16.1378003, 28.5816845 ], [ -16.1377163, 28.581685 ], [ -16.1376843, 28.5816096 ], [ -16.1376449, 28.5815371 ], [ -16.1375984, 28.5814679 ], [ -16.1375451, 28.5814026 ], [ -16.1374854, 28.5813418 ], [ -16.1374475, 28.5812763 ], [ -16.1374037, 28.5812138 ], [ -16.1373542, 28.5811546 ], [ -16.1372995, 28.5810991 ], [ -16.1372399, 28.5810477 ], [ -16.1371758, 28.5810008 ], [ -16.1371076, 28.5809586 ], [ -16.1370357, 28.5809215 ], [ -16.1369606, 28.5808896 ], [ -16.1363138, 28.5806429 ], [ -16.1362317, 28.5806152 ], [ -16.1361473, 28.5805938 ], [ -16.1360611, 28.5805789 ], [ -16.1361037, 28.5805119 ], [ -16.1361398, 28.5804419 ], [ -16.136169, 28.5803695 ], [ -16.1361912, 28.5802951 ], [ -16.1362061, 28.5802194 ], [ -16.1362137, 28.5801428 ], [ -16.1362139, 28.580066 ], [ -16.1362338, 28.57999 ], [ -16.1362462, 28.5799128 ], [ -16.136251, 28.579835 ], [ -16.1362483, 28.5797571 ], [ -16.1362379, 28.5796796 ], [ -16.1362201, 28.5796033 ], [ -16.1361949, 28.5795286 ], [ -16.1361625, 28.579456 ], [ -16.1361976, 28.5793834 ], [ -16.1362255, 28.5793083 ], [ -16.1362458, 28.5792313 ], [ -16.1362584, 28.5791531 ], [ -16.1362633, 28.5790742 ], [ -16.1362603, 28.5789952 ], [ -16.1362496, 28.5789168 ], [ -16.1362933, 28.5788571 ], [ -16.1363316, 28.5787945 ], [ -16.1363642, 28.5787295 ], [ -16.1363909, 28.5786625 ], [ -16.1364116, 28.5785938 ], [ -16.1364261, 28.5785238 ], [ -16.1364344, 28.5784531 ], [ -16.1364363, 28.5783821 ], [ -16.1365207, 28.5783572 ], [ -16.1366022, 28.578326 ], [ -16.1366805, 28.5782887 ], [ -16.1367547, 28.5782455 ], [ -16.1368245, 28.5781968 ], [ -16.1368892, 28.578143 ], [ -16.1369484, 28.5780845 ], [ -16.1370016, 28.5780216 ], [ -16.1370484, 28.5779549 ], [ -16.1370886, 28.5778849 ], [ -16.1371217, 28.577812 ], [ -16.1371476, 28.577737 ], [ -16.137166, 28.5776602 ], [ -16.1371768, 28.5775823 ], [ -16.1371799, 28.5775038 ], [ -16.1371753, 28.5774255 ], [ -16.1371631, 28.5773477 ], [ -16.1371433, 28.5772712 ], [ -16.137116, 28.5771965 ], [ -16.1370815, 28.5771242 ], [ -16.1370401, 28.5770548 ], [ -16.136992, 28.5769888 ], [ -16.1369376, 28.5769267 ], [ -16.1368773, 28.576869 ], [ -16.1368116, 28.5768161 ], [ -16.136741, 28.5767684 ], [ -16.1366659, 28.5767264 ], [ -16.1365871, 28.5766902 ], [ -16.1365049, 28.5766602 ], [ -16.1364201, 28.5766365 ], [ -16.1362538, 28.5765971 ], [ -16.1362329, 28.576542 ], [ -16.1362079, 28.5764882 ], [ -16.1360457, 28.5761679 ], [ -16.1360097, 28.5761037 ], [ -16.135968, 28.5760422 ], [ -16.1359209, 28.5759838 ], [ -16.1358688, 28.5759288 ], [ -16.1358119, 28.5758777 ], [ -16.1358135, 28.5758701 ], [ -16.1358254, 28.5757957 ], [ -16.1358303, 28.5757208 ], [ -16.1358282, 28.5756457 ], [ -16.1358191, 28.5755711 ], [ -16.135816, 28.575553 ], [ -16.1358366, 28.5753402 ], [ -16.1358404, 28.5752661 ], [ -16.1358372, 28.5751919 ], [ -16.1358272, 28.5751181 ], [ -16.1358104, 28.5750454 ], [ -16.1357869, 28.5749741 ], [ -16.1357568, 28.5749047 ], [ -16.1357204, 28.5748378 ], [ -16.1356779, 28.5747737 ], [ -16.1356296, 28.5747129 ], [ -16.1355759, 28.5746558 ], [ -16.135517, 28.5746027 ], [ -16.1354533, 28.5745542 ], [ -16.135339, 28.5744738 ], [ -16.1353457, 28.5744097 ], [ -16.13535, 28.5743292 ], [ -16.1353462, 28.5742488 ], [ -16.1353343, 28.574169 ], [ -16.1353144, 28.5740905 ], [ -16.1352867, 28.5740138 ], [ -16.1352515, 28.5739395 ], [ -16.1352476, 28.5738593 ], [ -16.1352357, 28.5737797 ], [ -16.1352158, 28.5737013 ], [ -16.1351882, 28.5736247 ], [ -16.1351189, 28.5734589 ], [ -16.1350849, 28.5733871 ], [ -16.1350441, 28.5733182 ], [ -16.1349967, 28.5732526 ], [ -16.1349431, 28.5731909 ], [ -16.1348838, 28.5731334 ], [ -16.134819, 28.5730807 ], [ -16.1347494, 28.573033 ], [ -16.1342672, 28.5727314 ], [ -16.1341907, 28.5726879 ], [ -16.1341101, 28.5726505 ], [ -16.1340261, 28.5726196 ], [ -16.1339394, 28.5725954 ], [ -16.1338505, 28.5725781 ], [ -16.1337603, 28.5725678 ], [ -16.1330744, 28.5725167 ], [ -16.1330113, 28.5725137 ], [ -16.1329482, 28.5725142 ], [ -16.1328852, 28.5725181 ], [ -16.1326118, 28.5725424 ], [ -16.1325277, 28.572553 ], [ -16.1324449, 28.5725697 ], [ -16.1323639, 28.5725924 ], [ -16.1322854, 28.572621 ], [ -16.1322098, 28.5726551 ], [ -16.1321376, 28.5726947 ], [ -16.1320694, 28.5727394 ], [ -16.1318331, 28.5729082 ], [ -16.131821, 28.5729203 ], [ -16.1315111, 28.572741 ], [ -16.1314392, 28.572703 ], [ -16.1313639, 28.5726704 ], [ -16.1312859, 28.5726432 ], [ -16.1312057, 28.5726218 ], [ -16.1311237, 28.5726062 ], [ -16.1310406, 28.5725966 ], [ -16.1305176, 28.5725551 ], [ -16.1305043, 28.5725579 ], [ -16.1301762, 28.5724117 ], [ -16.129719, 28.5721158 ], [ -16.1296442, 28.5720717 ], [ -16.1295653, 28.5720335 ], [ -16.1294829, 28.5720016 ], [ -16.1293977, 28.5719762 ], [ -16.1293283, 28.571655 ], [ -16.1293005, 28.5715157 ], [ -16.1292816, 28.5714401 ], [ -16.1292554, 28.5713662 ], [ -16.1292222, 28.5712945 ], [ -16.1291821, 28.5712256 ], [ -16.1291356, 28.5711599 ], [ -16.1290828, 28.571098 ], [ -16.1290243, 28.5710404 ], [ -16.1289604, 28.5709873 ], [ -16.1288916, 28.5709392 ], [ -16.1288184, 28.5708966 ], [ -16.1287413, 28.5708595 ], [ -16.128661, 28.5708285 ], [ -16.1285779, 28.5708036 ], [ -16.1284927, 28.5707851 ], [ -16.128406, 28.570773 ], [ -16.1283185, 28.5707676 ], [ -16.1277963, 28.570394 ], [ -16.1277688, 28.5698421 ], [ -16.1277836, 28.5697655 ], [ -16.127791, 28.569688 ], [ -16.1277907, 28.5696102 ], [ -16.127783, 28.5695328 ], [ -16.1277677, 28.5694562 ], [ -16.1277664, 28.5694509 ], [ -16.1277764, 28.5693727 ], [ -16.1277787, 28.569294 ], [ -16.1277733, 28.5692155 ], [ -16.1277601, 28.5691377 ], [ -16.1277394, 28.5690612 ], [ -16.1277112, 28.5689865 ], [ -16.1276758, 28.5689143 ], [ -16.1276334, 28.5688451 ], [ -16.1275844, 28.5687794 ], [ -16.1275291, 28.5687177 ], [ -16.1271886, 28.5683699 ], [ -16.127174, 28.5683027 ], [ -16.1271536, 28.5682367 ], [ -16.1271276, 28.5681723 ], [ -16.1270962, 28.5681098 ], [ -16.1270043, 28.5679438 ], [ -16.1269258, 28.5675792 ], [ -16.1270385, 28.5675149 ], [ -16.1271023, 28.5674753 ], [ -16.1271625, 28.5674315 ], [ -16.1272188, 28.5673839 ], [ -16.1272709, 28.5673326 ], [ -16.1273183, 28.5672779 ], [ -16.1273609, 28.5672203 ], [ -16.1275083, 28.5670033 ], [ -16.1275467, 28.5669415 ], [ -16.1275795, 28.5668773 ], [ -16.1276066, 28.5668109 ], [ -16.1276277, 28.566743 ], [ -16.1276428, 28.5666737 ], [ -16.1276517, 28.5666037 ], [ -16.1276544, 28.5665333 ], [ -16.127654, 28.5664533 ], [ -16.1276739, 28.5664214 ], [ -16.1277136, 28.5663507 ], [ -16.1277461, 28.5662772 ], [ -16.1277712, 28.5662015 ], [ -16.1277889, 28.5661242 ], [ -16.1277988, 28.5660458 ], [ -16.1278009, 28.5659669 ], [ -16.1277953, 28.5658882 ], [ -16.1277805, 28.565766 ], [ -16.1277889, 28.5656947 ], [ -16.1277942, 28.5656187 ], [ -16.1277923, 28.5655426 ], [ -16.1277831, 28.5654669 ], [ -16.1277668, 28.5653921 ], [ -16.1277405, 28.5652943 ], [ -16.1277576, 28.5652191 ], [ -16.1277673, 28.565143 ], [ -16.1277698, 28.5650665 ], [ -16.1277649, 28.56499 ], [ -16.1277527, 28.5649141 ], [ -16.1277333, 28.5648395 ], [ -16.1275708, 28.5643166 ], [ -16.1276222, 28.5642513 ], [ -16.1276669, 28.5641822 ], [ -16.1277046, 28.56411 ], [ -16.1277349, 28.5640351 ], [ -16.1277577, 28.5639581 ], [ -16.1277727, 28.5638797 ], [ -16.1277799, 28.5638004 ], [ -16.1277792, 28.5637209 ], [ -16.1277708, 28.5635777 ], [ -16.1277641, 28.5635108 ], [ -16.1277517, 28.5634446 ], [ -16.1277338, 28.5633793 ], [ -16.1277105, 28.5633153 ], [ -16.1274911, 28.562782 ], [ -16.1275137, 28.5627112 ], [ -16.1275298, 28.5626391 ], [ -16.1275392, 28.562566 ], [ -16.1275419, 28.5624925 ], [ -16.1275378, 28.562419 ], [ -16.127527, 28.562346 ], [ -16.1275094, 28.5622741 ], [ -16.1274854, 28.5622037 ], [ -16.1274549, 28.5621352 ], [ -16.1274183, 28.5620692 ], [ -16.1273757, 28.562006 ], [ -16.1273061, 28.5619116 ], [ -16.1272542, 28.5618476 ], [ -16.1271962, 28.5617877 ], [ -16.1271325, 28.5617325 ], [ -16.1270636, 28.5616825 ], [ -16.1266347, 28.5613973 ], [ -16.1265994, 28.56133 ], [ -16.1265579, 28.5612655 ], [ -16.1265105, 28.5612042 ], [ -16.1264576, 28.5611465 ], [ -16.1263996, 28.5610929 ], [ -16.1263368, 28.5610436 ], [ -16.1262696, 28.560999 ], [ -16.1261986, 28.5609595 ], [ -16.1261241, 28.5609252 ], [ -16.1260466, 28.5608963 ], [ -16.1256819, 28.5607759 ], [ -16.1256143, 28.5607559 ], [ -16.1255452, 28.5607402 ], [ -16.1254752, 28.5607286 ], [ -16.1251217, 28.5606817 ], [ -16.1249547, 28.5606389 ], [ -16.1249379, 28.5605798 ], [ -16.1249166, 28.560522 ], [ -16.124891, 28.5604655 ], [ -16.124738, 28.560158 ], [ -16.1247026, 28.5600938 ], [ -16.1246616, 28.5600323 ], [ -16.1246152, 28.5599738 ], [ -16.1245637, 28.5599188 ], [ -16.1245075, 28.5598675 ], [ -16.1244469, 28.5598202 ], [ -16.1243823, 28.5597773 ], [ -16.1242929, 28.5597227 ], [ -16.1242946, 28.5596435 ], [ -16.1242886, 28.5595645 ], [ -16.1242747, 28.5594863 ], [ -16.1242531, 28.5594094 ], [ -16.124224, 28.5593345 ], [ -16.1241877, 28.5592621 ], [ -16.1241443, 28.5591928 ], [ -16.1240942, 28.5591271 ], [ -16.1240377, 28.5590655 ], [ -16.1239755, 28.5590085 ], [ -16.123461, 28.5585771 ], [ -16.1233938, 28.5585255 ], [ -16.1233219, 28.5584792 ], [ -16.1232456, 28.5584387 ], [ -16.1231657, 28.5584041 ], [ -16.1230827, 28.5583757 ], [ -16.1229972, 28.5583538 ], [ -16.1229151, 28.5583362 ], [ -16.1228766, 28.5582943 ], [ -16.1228353, 28.5582545 ], [ -16.1227914, 28.558217 ], [ -16.1225773, 28.5580445 ], [ -16.1225081, 28.5579935 ], [ -16.1224342, 28.5579481 ], [ -16.122356, 28.5579085 ], [ -16.1222742, 28.5578752 ], [ -16.1221893, 28.5578483 ], [ -16.1221022, 28.5578282 ], [ -16.1220134, 28.5578148 ], [ -16.1219236, 28.5578084 ], [ -16.1218858, 28.5577442 ], [ -16.1218423, 28.5576828 ], [ -16.1217934, 28.5576247 ], [ -16.1217394, 28.5575703 ], [ -16.1216807, 28.5575198 ], [ -16.1216176, 28.5574736 ], [ -16.1215505, 28.5574321 ], [ -16.1214799, 28.5573954 ], [ -16.1214466, 28.5573207 ], [ -16.1214059, 28.5572489 ], [ -16.1213582, 28.5571805 ], [ -16.1213039, 28.5571162 ], [ -16.1212161, 28.5570213 ], [ -16.1212182, 28.5569477 ], [ -16.1212135, 28.5568743 ], [ -16.1212021, 28.5568014 ], [ -16.121184, 28.5567295 ], [ -16.1211594, 28.5566592 ], [ -16.1211284, 28.5565909 ], [ -16.1210913, 28.556525 ], [ -16.1210969, 28.5564494 ], [ -16.1210953, 28.5563736 ], [ -16.1210866, 28.5562982 ], [ -16.1210708, 28.5562238 ], [ -16.121048, 28.5561507 ], [ -16.1210363, 28.5560774 ], [ -16.1210179, 28.5560052 ], [ -16.1209929, 28.5559345 ], [ -16.1209615, 28.5558659 ], [ -16.1208355, 28.5556205 ], [ -16.1208793, 28.5555727 ], [ -16.1209194, 28.5555223 ], [ -16.1209554, 28.5554697 ], [ -16.1209874, 28.5554151 ], [ -16.1211429, 28.5551254 ], [ -16.1211749, 28.5550591 ], [ -16.1212008, 28.5549908 ], [ -16.1212205, 28.5549209 ], [ -16.1215083, 28.5543925 ], [ -16.1215423, 28.5543228 ], [ -16.1215695, 28.554251 ], [ -16.1215898, 28.5541773 ], [ -16.1216406, 28.5539528 ], [ -16.1216537, 28.5538791 ], [ -16.1216599, 28.5538048 ], [ -16.1216592, 28.5537302 ], [ -16.1216515, 28.5536559 ], [ -16.1216369, 28.5535825 ], [ -16.1216155, 28.5535103 ], [ -16.1215875, 28.55344 ], [ -16.121553, 28.5533719 ], [ -16.121331, 28.5529779 ], [ -16.1213363, 28.5529717 ], [ -16.1213842, 28.5529103 ], [ -16.1214263, 28.5528457 ], [ -16.1214621, 28.5527782 ], [ -16.1214916, 28.5527083 ], [ -16.1215145, 28.5526366 ], [ -16.1215306, 28.5525634 ], [ -16.1215455, 28.5524768 ], [ -16.1215794, 28.5524239 ], [ -16.1216093, 28.5523691 ], [ -16.1216349, 28.5523126 ], [ -16.1216562, 28.5522547 ], [ -16.1217054, 28.5521996 ], [ -16.1217497, 28.5521413 ], [ -16.1217886, 28.5520801 ], [ -16.1218222, 28.5520165 ], [ -16.1219274, 28.5519938 ], [ -16.1220081, 28.5519734 ], [ -16.1220866, 28.5519472 ], [ -16.1221624, 28.5519154 ], [ -16.122235, 28.5518782 ], [ -16.1227683, 28.551579 ], [ -16.1228805, 28.551574 ], [ -16.1229508, 28.5515687 ], [ -16.1230205, 28.5515591 ], [ -16.1230894, 28.5515453 ], [ -16.123157, 28.5515274 ], [ -16.1237924, 28.5513377 ], [ -16.1238662, 28.5513128 ], [ -16.1239377, 28.5512829 ], [ -16.1240063, 28.5512483 ], [ -16.1240717, 28.5512091 ], [ -16.1241335, 28.5511656 ], [ -16.1241914, 28.5511181 ], [ -16.1242471, 28.5510894 ], [ -16.1243007, 28.5510577 ], [ -16.1243519, 28.5510231 ], [ -16.1244378, 28.5510193 ], [ -16.1245231, 28.5510091 ], [ -16.1246071, 28.5509927 ], [ -16.1246892, 28.5509701 ], [ -16.124769, 28.5509415 ], [ -16.1248457, 28.5509071 ], [ -16.1249189, 28.5508671 ], [ -16.124988, 28.5508219 ], [ -16.1250356, 28.550788 ], [ -16.1251027, 28.5507523 ], [ -16.1251665, 28.5507156 ], [ -16.125227, 28.5506748 ], [ -16.1252839, 28.5506301 ], [ -16.1253369, 28.5505818 ], [ -16.1253857, 28.5505302 ], [ -16.1253958, 28.5505186 ], [ -16.1254499, 28.5504898 ], [ -16.1255019, 28.5504581 ], [ -16.1255516, 28.5504236 ], [ -16.1258442, 28.5502073 ], [ -16.1259083, 28.5501557 ], [ -16.1259672, 28.5500996 ], [ -16.1260205, 28.5500392 ], [ -16.1260679, 28.5499751 ], [ -16.126109, 28.5499076 ], [ -16.1261434, 28.5498374 ], [ -16.1261711, 28.5497648 ], [ -16.1261916, 28.5496904 ], [ -16.1262761, 28.5493174 ], [ -16.1263999, 28.5493261 ], [ -16.1264887, 28.5493289 ], [ -16.1265774, 28.5493249 ], [ -16.1266654, 28.5493141 ], [ -16.126752, 28.5492967 ], [ -16.1268365, 28.5492727 ], [ -16.1269184, 28.5492423 ], [ -16.126997, 28.5492058 ], [ -16.1270718, 28.5491634 ], [ -16.1271421, 28.5491155 ], [ -16.1272075, 28.5490624 ], [ -16.1272674, 28.5490045 ], [ -16.1273214, 28.5489423 ], [ -16.1273691, 28.5488761 ], [ -16.1274101, 28.5488066 ], [ -16.1274442, 28.5487341 ], [ -16.1274711, 28.5486594 ], [ -16.1275423, 28.5486155 ], [ -16.127609, 28.5485665 ], [ -16.1276708, 28.5485127 ], [ -16.1277273, 28.5484545 ], [ -16.1277779, 28.5483922 ], [ -16.1278224, 28.5483264 ], [ -16.1278605, 28.5482575 ], [ -16.1278918, 28.548186 ], [ -16.1279162, 28.5481125 ], [ -16.1279334, 28.5480373 ], [ -16.1279434, 28.5479612 ], [ -16.127946, 28.5478846 ], [ -16.1279414, 28.5478081 ], [ -16.1279268, 28.5476748 ], [ -16.1279202, 28.5476276 ], [ -16.1279108, 28.5475807 ], [ -16.1279729, 28.547506 ], [ -16.128016, 28.5474498 ], [ -16.1280542, 28.547391 ], [ -16.1280874, 28.5473298 ], [ -16.1281152, 28.5472666 ], [ -16.1281376, 28.5472017 ], [ -16.1282557, 28.547043 ], [ -16.128336, 28.5470411 ], [ -16.1284159, 28.5470336 ], [ -16.1284949, 28.5470207 ], [ -16.1287715, 28.5469654 ], [ -16.128859, 28.5469442 ], [ -16.128944, 28.5469164 ], [ -16.129026, 28.5468819 ], [ -16.1291041, 28.5468413 ], [ -16.1291779, 28.5467947 ], [ -16.1292467, 28.5467425 ], [ -16.1293101, 28.5466852 ], [ -16.1293675, 28.5466231 ], [ -16.1294184, 28.5465568 ], [ -16.1294625, 28.5464868 ], [ -16.1294994, 28.5464136 ], [ -16.1295288, 28.5463379 ], [ -16.1295506, 28.5462601 ], [ -16.1295645, 28.5461809 ], [ -16.1295704, 28.546101 ], [ -16.1295683, 28.5460209 ], [ -16.1295582, 28.5459413 ], [ -16.1295402, 28.5458628 ], [ -16.1295143, 28.545786 ], [ -16.1294809, 28.5457115 ], [ -16.1294402, 28.54564 ], [ -16.1293925, 28.5455718 ], [ -16.1293381, 28.5455077 ], [ -16.1292776, 28.5454481 ], [ -16.1292113, 28.5453934 ], [ -16.1291398, 28.5453441 ], [ -16.1290636, 28.5453006 ], [ -16.1289834, 28.5452631 ], [ -16.1288998, 28.5452321 ], [ -16.1289129, 28.5451864 ], [ -16.1289302, 28.5451144 ], [ -16.1289408, 28.5450413 ], [ -16.1289446, 28.5449678 ], [ -16.1289416, 28.5448942 ], [ -16.1289319, 28.5448211 ], [ -16.1289155, 28.5447489 ], [ -16.1288925, 28.5446781 ], [ -16.1287291, 28.544243 ], [ -16.1284721, 28.54381 ], [ -16.1284634, 28.543743 ], [ -16.1284491, 28.5436767 ], [ -16.1284292, 28.5436115 ], [ -16.128404, 28.5435479 ], [ -16.12832, 28.5433593 ], [ -16.1282863, 28.5432917 ], [ -16.1282464, 28.5432268 ], [ -16.1282008, 28.543165 ], [ -16.1281495, 28.5431067 ], [ -16.1280931, 28.5430523 ], [ -16.1283002, 28.5427142 ], [ -16.1283222, 28.542695 ], [ -16.1283767, 28.5426438 ], [ -16.1284266, 28.5425891 ], [ -16.1284715, 28.542531 ], [ -16.1287597, 28.5421256 ], [ -16.1288192, 28.5420739 ], [ -16.1288737, 28.542018 ], [ -16.1289228, 28.5419584 ], [ -16.1289664, 28.5418955 ], [ -16.1290039, 28.5418296 ], [ -16.1290353, 28.5417613 ], [ -16.1290603, 28.5416909 ], [ -16.1290787, 28.541619 ], [ -16.1290905, 28.541546 ], [ -16.1291355, 28.5414797 ], [ -16.1291739, 28.5414102 ], [ -16.1292055, 28.5413381 ], [ -16.12923, 28.5412639 ], [ -16.1292473, 28.5411881 ], [ -16.1292571, 28.5411112 ], [ -16.1292596, 28.541034 ], [ -16.1292545, 28.5409568 ], [ -16.129242, 28.5408802 ], [ -16.1292715, 28.5408654 ], [ -16.1293396, 28.5408281 ], [ -16.1294042, 28.5407862 ], [ -16.1294648, 28.5407399 ], [ -16.1295212, 28.5406897 ], [ -16.129573, 28.5406356 ], [ -16.1296199, 28.5405782 ], [ -16.1296815, 28.5405255 ], [ -16.1297379, 28.5404683 ], [ -16.1297887, 28.5404072 ], [ -16.1298336, 28.5403426 ], [ -16.1298721, 28.5402749 ], [ -16.1299042, 28.5402046 ], [ -16.1299294, 28.5401321 ], [ -16.1299477, 28.5400581 ], [ -16.129959, 28.5399829 ], [ -16.129963, 28.5399072 ], [ -16.1299973, 28.5398446 ], [ -16.130026, 28.5397798 ], [ -16.130049, 28.5397132 ], [ -16.1300661, 28.5396453 ], [ -16.1300773, 28.5395765 ], [ -16.1300825, 28.539507 ], [ -16.1300816, 28.5394375 ], [ -16.1300626, 28.5390995 ], [ -16.1300579, 28.5388031 ], [ -16.130046, 28.5383585 ], [ -16.1300979, 28.5382957 ], [ -16.1301435, 28.5382292 ], [ -16.1301825, 28.5381595 ], [ -16.1302145, 28.5380871 ], [ -16.1302395, 28.5380125 ], [ -16.1302571, 28.5379364 ], [ -16.1303058, 28.5378783 ], [ -16.1303491, 28.537817 ], [ -16.1303867, 28.5377528 ], [ -16.1304184, 28.5376862 ], [ -16.1305114, 28.5376146 ], [ -16.1305717, 28.5375641 ], [ -16.1306272, 28.5375095 ], [ -16.1306775, 28.5374512 ], [ -16.1307223, 28.5373894 ], [ -16.1307612, 28.5373247 ], [ -16.1307942, 28.5372573 ], [ -16.1308208, 28.5371879 ], [ -16.130841, 28.5371167 ], [ -16.1308546, 28.5370444 ], [ -16.1309034, 28.5366992 ], [ -16.1309106, 28.5366195 ], [ -16.1309099, 28.5365395 ], [ -16.1309011, 28.5364599 ], [ -16.1312026, 28.5366138 ], [ -16.1312733, 28.5366467 ], [ -16.1313468, 28.5366747 ], [ -16.1314225, 28.5366975 ], [ -16.1315, 28.536715 ], [ -16.1315788, 28.5367272 ], [ -16.1316585, 28.5367339 ], [ -16.1320987, 28.5367556 ], [ -16.132189, 28.5367566 ], [ -16.1322791, 28.5367505 ], [ -16.1323682, 28.5367374 ], [ -16.1324556, 28.5367175 ], [ -16.1325408, 28.5366909 ], [ -16.1326229, 28.5366577 ], [ -16.1327015, 28.5366183 ], [ -16.1327758, 28.536573 ], [ -16.1328453, 28.536522 ], [ -16.1329094, 28.5364659 ], [ -16.1329677, 28.536405 ], [ -16.1330197, 28.5363398 ], [ -16.133065, 28.5362708 ], [ -16.1331033, 28.5361985 ], [ -16.1331342, 28.5361236 ], [ -16.1332145, 28.5360933 ], [ -16.1332915, 28.5360571 ], [ -16.1333647, 28.5360152 ], [ -16.1334336, 28.535968 ], [ -16.1336539, 28.5358034 ], [ -16.1338269, 28.5356893 ], [ -16.1342024, 28.5355437 ], [ -16.1345544, 28.5353722 ] ] } },
{ "type": "Feature", "properties": { "Layer": "0805DPMT", "IDTRAMO": 38002.0, "Provincia": "Santa Cruz de Tenerife", "Referencia": "DL-76-TF", "TM": "Santa Cruz de Tenerife (Tenerife)", "Estado": "A", "OM": "2005-05-13", "Sit_Admin": "Aprobado (O.M. 13/05/2005)", "Tipo_Linea": "Límite SP aprobada", "Label": "DL-76-TF (O.M. 13/05/2005)", "ID_SEGMENT": "38002007", "FIGURA": null, "Shape_Leng": 0.0, "VERTICES": "SI" }, "geometry": { "type": "LineString", "coordinates": [ [ -16.1769625, 28.5806684 ], [ -16.1768856, 28.5806825 ], [ -16.1768102, 28.5807018 ], [ -16.1767366, 28.5807261 ], [ -16.1766654, 28.5807553 ], [ -16.176601, 28.5807073 ], [ -16.1765324, 28.5806642 ], [ -16.17646, 28.5806261 ], [ -16.1763844, 28.5805934 ], [ -16.1763059, 28.5805664 ], [ -16.1762252, 28.580545 ], [ -16.1761427, 28.5805297 ], [ -16.1760592, 28.5805203 ], [ -16.175975, 28.580517 ], [ -16.1758908, 28.5805198 ], [ -16.1758072, 28.5805287 ], [ -16.1758016, 28.5805266 ], [ -16.1757177, 28.5804985 ], [ -16.1756313, 28.580477 ], [ -16.1755431, 28.5804622 ], [ -16.1754538, 28.5804542 ], [ -16.1753641, 28.5804532 ], [ -16.1752746, 28.5804591 ], [ -16.175186, 28.5804719 ], [ -16.175099, 28.5804915 ], [ -16.1750143, 28.5805178 ], [ -16.1747606, 28.5806074 ], [ -16.1746841, 28.5806378 ], [ -16.1746106, 28.5806735 ], [ -16.1745407, 28.5807144 ], [ -16.174287, 28.5808765 ], [ -16.1740571, 28.5810075 ], [ -16.1738463, 28.5811164 ], [ -16.173775, 28.5811569 ], [ -16.1737077, 28.5812024 ], [ -16.1736449, 28.5812526 ], [ -16.173587, 28.5813073 ], [ -16.1733739, 28.5815259 ], [ -16.1733259, 28.5815791 ], [ -16.1732825, 28.5816354 ], [ -16.173244, 28.5816944 ], [ -16.1732106, 28.5817557 ], [ -16.1731826, 28.5818191 ], [ -16.1730191, 28.582234 ], [ -16.1729504, 28.5822725 ], [ -16.172879, 28.5823163 ], [ -16.1728121, 28.5823652 ], [ -16.1727502, 28.582419 ], [ -16.1726936, 28.5824772 ], [ -16.1726428, 28.5825394 ], [ -16.1724624, 28.5827813 ], [ -16.172407, 28.582827 ], [ -16.1723556, 28.5828762 ], [ -16.1723084, 28.5829286 ], [ -16.1722658, 28.582984 ], [ -16.1722279, 28.5830419 ], [ -16.1721527, 28.5831675 ], [ -16.1719891, 28.5833375 ], [ -16.1719141, 28.5833719 ], [ -16.1718426, 28.5834116 ], [ -16.171775, 28.5834564 ], [ -16.1717119, 28.5835059 ], [ -16.1716535, 28.5835598 ], [ -16.1716004, 28.5836178 ], [ -16.1715529, 28.5836795 ], [ -16.1714784, 28.5836682 ], [ -16.1714031, 28.5836617 ], [ -16.1712109, 28.5836516 ], [ -16.1710516, 28.583601 ], [ -16.1704558, 28.583225 ], [ -16.1703831, 28.5831831 ], [ -16.1703067, 28.5831468 ], [ -16.170227, 28.5831163 ], [ -16.1701447, 28.5830918 ], [ -16.1700604, 28.5830736 ], [ -16.1699746, 28.5830618 ], [ -16.169888, 28.5830564 ], [ -16.1698012, 28.5830574 ], [ -16.1697148, 28.583065 ], [ -16.1694332, 28.5831002 ], [ -16.1693587, 28.5830782 ], [ -16.1692826, 28.5830612 ], [ -16.1692053, 28.5830495 ], [ -16.1691272, 28.5830429 ], [ -16.1690487, 28.5830417 ], [ -16.1689703, 28.5830458 ], [ -16.168893, 28.5830073 ], [ -16.1688121, 28.5829748 ], [ -16.1687284, 28.5829486 ], [ -16.1686424, 28.582929 ], [ -16.1685548, 28.5829159 ], [ -16.1684663, 28.5829096 ], [ -16.1683775, 28.5829101 ], [ -16.1682891, 28.5829173 ], [ -16.1682017, 28.5829313 ], [ -16.168116, 28.5829519 ], [ -16.1680326, 28.5829789 ], [ -16.1679522, 28.5830122 ], [ -16.1678754, 28.5830516 ], [ -16.1678027, 28.5830966 ], [ -16.1677346, 28.583147 ], [ -16.1676245, 28.5832362 ], [ -16.1674951, 28.5833034 ], [ -16.1674078, 28.5833023 ], [ -16.1673207, 28.5833077 ], [ -16.1672345, 28.5833197 ], [ -16.1671497, 28.583338 ], [ -16.1670669, 28.5833627 ], [ -16.1669869, 28.5833935 ], [ -16.1669101, 28.5834302 ], [ -16.1668371, 28.5834725 ], [ -16.1667685, 28.5835201 ], [ -16.1667047, 28.5835728 ], [ -16.1666462, 28.58363 ], [ -16.1665934, 28.5836914 ], [ -16.1665467, 28.5837565 ], [ -16.1665065, 28.5838249 ] ] } },
{ "type": "Feature", "properties": { "Layer": "0805DPMT", "IDTRAMO": 38055.0, "Provincia": "Santa Cruz de Tenerife", "Referencia": "DL-93-TF", "TM": "Arona (Tenerife)", "Estado": "A", "OM": "2007-07-17", "Sit_Admin": "Aprobado (O.M. 17/07/2007)", "Tipo_Linea": "Límite SP aprobada", "Label": "DL-93-TF (O.M. 17/07/2007)", "ID_SEGMENT": "38055002", "FIGURA": null, "Shape_Leng": 0.0, "VERTICES": "SI" }, "geometry": { "type": "LineString", "coordinates": [ [ -16.732023, 28.0669311 ], [ -16.7320073, 28.0668672 ], [ -16.7320032, 28.0668411 ], [ -16.7319959, 28.0667466 ], [ -16.7319961, 28.0667208 ], [ -16.7320003, 28.0666952 ], [ -16.7320087, 28.0666705 ], [ -16.7320209, 28.0666471 ], [ -16.7320368, 28.0666254 ], [ -16.7320885, 28.0665648 ], [ -16.7321106, 28.0665429 ], [ -16.7321365, 28.0665244 ], [ -16.7321655, 28.0665099 ], [ -16.7321967, 28.0664998 ], [ -16.7322902, 28.066477 ], [ -16.7323195, 28.0664718 ], [ -16.7323493, 28.0664706 ], [ -16.7323789, 28.0664732 ], [ -16.7324079, 28.0664796 ], [ -16.7324354, 28.0664896 ], [ -16.732511, 28.066466 ], [ -16.7323874, 28.0660165 ], [ -16.7322649, 28.0657472 ], [ -16.7322039, 28.065604 ], [ -16.7321946, 28.065575 ], [ -16.7321909, 28.0655451 ], [ -16.7321847, 28.065343 ], [ -16.732177, 28.0651596 ], [ -16.7321421, 28.0648751 ], [ -16.732141, 28.0648523 ], [ -16.7321431, 28.0648297 ], [ -16.7321483, 28.0648074 ], [ -16.7324034, 28.0639911 ], [ -16.7326565, 28.0632175 ], [ -16.7327777, 28.0628288 ], [ -16.7327865, 28.0628063 ], [ -16.7327987, 28.062785 ], [ -16.7328801, 28.0626628 ], [ -16.7328974, 28.0626408 ], [ -16.7332389, 28.0622686 ], [ -16.7337664, 28.061699 ], [ -16.7343843, 28.061044 ], [ -16.7351623, 28.0602138 ], [ -16.735177, 28.0601961 ], [ -16.7351891, 28.0601769 ], [ -16.7351985, 28.0601565 ], [ -16.7353476, 28.0597671 ], [ -16.735596, 28.0590211 ], [ -16.7358482, 28.0582077 ], [ -16.7359856, 28.0577642 ], [ -16.7360398, 28.057518 ], [ -16.7360424, 28.0575071 ], [ -16.7361753, 28.0570307 ], [ -16.7362104, 28.0569237 ], [ -16.7361542, 28.0569085 ], [ -16.7361241, 28.056898 ], [ -16.7360963, 28.0568834 ], [ -16.7360715, 28.0568651 ], [ -16.7360502, 28.0568435 ], [ -16.7360331, 28.0568192 ], [ -16.7360205, 28.0567928 ], [ -16.7360128, 28.0567649 ], [ -16.7360101, 28.0567363 ], [ -16.7360126, 28.0567078 ], [ -16.7360201, 28.0566799 ], [ -16.736211, 28.056161 ] ] } },
{ "type": "Feature", "properties": { "Layer": "0805DPMT", "IDTRAMO": 38052.0, "Provincia": "Santa Cruz de Tenerife", "Referencia": "DL-94-TF", "TM": "Arona (Tenerife)", "Estado": "A", "OM": "2013-07-05", "Sit_Admin": "Aprobado (O.M. 05/07/2013)", "Tipo_Linea": "Límite SP aprobada", "Label": "DL-94-TF (O.M. 05/07/2013)", "ID_SEGMENT": "38052002", "FIGURA": null, "Shape_Leng": 0.0, "VERTICES": "SI" }, "geometry": { "type": "LineString", "coordinates": [ [ -16.7076101, 28.041139 ], [ -16.7075927, 28.0410792 ], [ -16.7075799, 28.0410185 ], [ -16.7075717, 28.0409572 ], [ -16.7075684, 28.0408955 ], [ -16.7075582, 28.0402483 ], [ -16.7075596, 28.0401868 ], [ -16.7075657, 28.0401255 ], [ -16.7075765, 28.0400647 ], [ -16.7075994, 28.0399593 ], [ -16.7073707, 28.0394857 ], [ -16.70734, 28.0394138 ], [ -16.7073162, 28.0393398 ], [ -16.7072997, 28.0392642 ], [ -16.7072905, 28.0391877 ], [ -16.7072887, 28.0391108 ], [ -16.7072943, 28.039034 ], [ -16.7073072, 28.0389579 ], [ -16.7073274, 28.0388831 ], [ -16.7073546, 28.0388101 ], [ -16.7073888, 28.0387393 ], [ -16.707569, 28.0384068 ], [ -16.7075626, 28.0383608 ], [ -16.7075561, 28.0382905 ], [ -16.7075557, 28.0382199 ], [ -16.7075616, 28.0381495 ], [ -16.7075737, 28.0380797 ], [ -16.7075918, 28.038011 ], [ -16.707616, 28.0379437 ], [ -16.707646, 28.0378783 ], [ -16.7077443, 28.0376863 ], [ -16.7076834, 28.0374654 ], [ -16.7076667, 28.037392 ], [ -16.707657, 28.0373175 ], [ -16.7076543, 28.0372427 ], [ -16.7076586, 28.0371678 ], [ -16.7076698, 28.0370936 ], [ -16.707688, 28.0370204 ], [ -16.7077129, 28.0369488 ], [ -16.7077445, 28.0368793 ], [ -16.7077824, 28.0368124 ], [ -16.7078265, 28.0367485 ], [ -16.7083433, 28.0360645 ], [ -16.7083705, 28.0360302 ], [ -16.7087123, 28.0356203 ], [ -16.7086605, 28.035615 ], [ -16.7085858, 28.0356049 ], [ -16.7085121, 28.03559 ], [ -16.7084399, 28.0355702 ], [ -16.7083696, 28.0355457 ], [ -16.7079193, 28.0353715 ], [ -16.7078387, 28.0353365 ], [ -16.707762, 28.0352954 ], [ -16.7076896, 28.0352484 ], [ -16.7076222, 28.0351959 ], [ -16.7075602, 28.0351384 ], [ -16.7075042, 28.0350762 ], [ -16.7074546, 28.03501 ], [ -16.7074117, 28.0349401 ], [ -16.707376, 28.0348671 ], [ -16.7073476, 28.0347916 ], [ -16.7073269, 28.0347142 ], [ -16.7073139, 28.0346354 ], [ -16.7073088, 28.034556 ], [ -16.7073116, 28.0344764 ], [ -16.7073223, 28.0343974 ], [ -16.7073407, 28.0343196 ], [ -16.7073669, 28.0342435 ], [ -16.7074005, 28.0341697 ], [ -16.7074413, 28.0340988 ], [ -16.7074889, 28.0340314 ], [ -16.7077276, 28.0337248 ], [ -16.7077728, 28.0336712 ], [ -16.7078223, 28.0336206 ], [ -16.7078759, 28.0335735 ], [ -16.7078755, 28.0335047 ], [ -16.7078809, 28.033436 ], [ -16.7078922, 28.0333679 ], [ -16.7079094, 28.0333008 ], [ -16.7079488, 28.0331697 ], [ -16.7079464, 28.0331673 ], [ -16.7079017, 28.0331194 ], [ -16.7078608, 28.0330688 ], [ -16.7078239, 28.0330159 ], [ -16.707651, 28.0327476 ], [ -16.7076143, 28.0326849 ], [ -16.7075832, 28.03262 ], [ -16.7075578, 28.032553 ], [ -16.7075385, 28.0324845 ], [ -16.7074632, 28.0321651 ], [ -16.7074044, 28.0321043 ], [ -16.7072858, 28.0320421 ], [ -16.7069705, 28.0320196 ], [ -16.7066347, 28.0320482 ], [ -16.706549, 28.0320522 ], [ -16.7064632, 28.0320498 ], [ -16.706378, 28.032041 ], [ -16.7062939, 28.0320259 ], [ -16.7062116, 28.0320045 ], [ -16.7061315, 28.0319771 ], [ -16.7060544, 28.0319438 ], [ -16.7059807, 28.0319048 ], [ -16.7059109, 28.0318604 ], [ -16.7058457, 28.031811 ], [ -16.7057853, 28.0317568 ], [ -16.7057303, 28.0316984 ], [ -16.705265, 28.031159 ], [ -16.705213, 28.0310929 ], [ -16.705168, 28.0310229 ], [ -16.7051301, 28.0309497 ], [ -16.7050997, 28.0308737 ], [ -16.7050772, 28.0307957 ], [ -16.7050625, 28.0307162 ], [ -16.7050559, 28.0306358 ], [ -16.7050574, 28.0305553 ], [ -16.705067, 28.0304751 ], [ -16.7050846, 28.0303961 ], [ -16.7051101, 28.0303187 ], [ -16.7050453, 28.0302957 ], [ -16.7049824, 28.0302687 ], [ -16.7049218, 28.0302379 ], [ -16.7048636, 28.0302035 ], [ -16.7045588, 28.0300095 ], [ -16.7040768, 28.0297786 ], [ -16.7039997, 28.0297377 ], [ -16.703927, 28.0296909 ], [ -16.7038592, 28.0296385 ], [ -16.7037969, 28.0295811 ], [ -16.7037405, 28.029519 ], [ -16.7036905, 28.0294528 ], [ -16.7039212, 28.0295995 ], [ -16.7041096, 28.0296728 ], [ -16.7042819, 28.0297205 ], [ -16.7044795, 28.0297202 ], [ -16.7046583, 28.029679 ], [ -16.7047824, 28.0296343 ], [ -16.7048982, 28.0295593 ], [ -16.704981, 28.0295344 ], [ -16.7050977, 28.0295113 ], [ -16.7051542, 28.0295 ], [ -16.7049909, 28.0293961 ], [ -16.7044633, 28.0291433 ], [ -16.7044355, 28.0291273 ], [ -16.7044111, 28.0291076 ], [ -16.7043906, 28.0290845 ], [ -16.7043745, 28.0290588 ], [ -16.7043634, 28.0290312 ], [ -16.7043575, 28.0290023 ], [ -16.7043088, 28.0285665 ], [ -16.7042255, 28.0278119 ], [ -16.7041668, 28.0271912 ], [ -16.7041177, 28.0267449 ], [ -16.7041168, 28.0267238 ], [ -16.7041187, 28.0267027 ], [ -16.7041233, 28.026682 ], [ -16.7044745, 28.0254831 ], [ -16.704484, 28.0254583 ], [ -16.7044974, 28.025435 ], [ -16.7048443, 28.0249262 ], [ -16.7051356, 28.0240882 ], [ -16.7052226, 28.0234968 ], [ -16.704732, 28.0231168 ], [ -16.7047098, 28.0230967 ], [ -16.7046914, 28.0230738 ], [ -16.7046773, 28.0230486 ], [ -16.7046677, 28.0230218 ], [ -16.7046629, 28.022994 ], [ -16.7046631, 28.0229659 ], [ -16.7046682, 28.0229381 ], [ -16.7048173, 28.0223956 ], [ -16.7048273, 28.0223686 ], [ -16.7048419, 28.0223434 ], [ -16.7048608, 28.0223205 ], [ -16.7048834, 28.0223006 ], [ -16.7049094, 28.022284 ], [ -16.7049379, 28.0222712 ], [ -16.7049684, 28.0222626 ], [ -16.705391, 28.0221745 ], [ -16.7055164, 28.0216815 ], [ -16.7055212, 28.0216657 ], [ -16.7055277, 28.0216503 ], [ -16.7056141, 28.0214711 ], [ -16.7056262, 28.02145 ], [ -16.7056412, 28.0214305 ], [ -16.705659, 28.0214129 ], [ -16.7056792, 28.0213976 ], [ -16.705755, 28.0213472 ] ] } },
{ "type": "Feature", "properties": { "Layer": "0805DPMT", "IDTRAMO": 38069.0, "Provincia": "Santa Cruz de Tenerife", "Referencia": "DL-96-TF", "TM": "Guía de Isora (Tenerife)", "Estado": "A", "OM": "2005-10-06", "Sit_Admin": "Aprobado (O.M. 06/10/2005)", "Tipo_Linea": "Límite SP aprobada", "Label": "DL-96-TF (O.M. 06/10/2005)", "ID_SEGMENT": "38069002", "FIGURA": null, "Shape_Leng": 0.0, "VERTICES": "SI" }, "geometry": { "type": "LineString", "coordinates": [ [ -16.8241822, 28.1920865 ], [ -16.8241085, 28.1920915 ], [ -16.8240368, 28.1920918 ], [ -16.823859, 28.192087 ], [ -16.8238212, 28.1920906 ], [ -16.8237366, 28.1920955 ], [ -16.8236517, 28.1920941 ], [ -16.8235673, 28.1920865 ], [ -16.8234839, 28.1920727 ], [ -16.8234021, 28.1920528 ], [ -16.8233225, 28.1920269 ], [ -16.8232455, 28.1919952 ], [ -16.8231718, 28.191958 ], [ -16.8231019, 28.1919154 ], [ -16.8230362, 28.1918679 ], [ -16.8227558, 28.1916471 ], [ -16.8226989, 28.1915987 ], [ -16.8226464, 28.1915465 ], [ -16.8225986, 28.1914909 ], [ -16.8225559, 28.1914322 ], [ -16.8222136, 28.1909197 ], [ -16.8221894, 28.1908814 ], [ -16.8221529, 28.1908201 ], [ -16.8221172, 28.1907538 ], [ -16.8220877, 28.1906851 ], [ -16.8220646, 28.1906145 ], [ -16.8220481, 28.1905425 ], [ -16.8220383, 28.1904696 ], [ -16.8220351, 28.1903961 ], [ -16.8220388, 28.1903227 ], [ -16.8220491, 28.1902498 ], [ -16.8220662, 28.1901779 ], [ -16.8220897, 28.1901074 ], [ -16.8221197, 28.1900389 ], [ -16.8221268, 28.1900245 ], [ -16.82214, 28.1899036 ], [ -16.8221526, 28.1898249 ], [ -16.8221729, 28.1897475 ], [ -16.8222008, 28.189672 ], [ -16.8220698, 28.1894577 ], [ -16.8220373, 28.1893996 ], [ -16.8220095, 28.1893396 ], [ -16.8219868, 28.1892779 ], [ -16.821969, 28.189215 ], [ -16.8219564, 28.1891511 ], [ -16.8218339, 28.1889693 ], [ -16.8216371, 28.1887479 ], [ -16.8215574, 28.188722 ], [ -16.8214804, 28.1886903 ], [ -16.8214067, 28.1886531 ], [ -16.8213367, 28.1886105 ], [ -16.8212709, 28.188563 ], [ -16.8212099, 28.1885107 ], [ -16.821154, 28.1884541 ], [ -16.8211035, 28.1883936 ], [ -16.821059, 28.1883296 ], [ -16.8210206, 28.1882625 ], [ -16.8209887, 28.1881928 ], [ -16.8209634, 28.188121 ], [ -16.822109, 28.1881417 ], [ -16.8220317, 28.1880766 ], [ -16.8219286, 28.1880682 ], [ -16.8218963, 28.1880631 ], [ -16.8218653, 28.1880536 ], [ -16.8218364, 28.1880398 ], [ -16.8218104, 28.188022 ], [ -16.821788, 28.1880008 ], [ -16.8217697, 28.1879766 ], [ -16.821756, 28.1879502 ], [ -16.8217473, 28.1879221 ], [ -16.8217438, 28.1878932 ], [ -16.8217339, 28.187561 ], [ -16.8213267, 28.1868951 ], [ -16.8211936, 28.1867902 ], [ -16.8211766, 28.186775 ], [ -16.8211616, 28.1867582 ], [ -16.8211491, 28.1867399 ], [ -16.8205424, 28.1857256 ], [ -16.820529, 28.1856978 ], [ -16.820521, 28.1856685 ], [ -16.8205187, 28.1856384 ], [ -16.820522, 28.1856083 ], [ -16.820531, 28.1855792 ], [ -16.8207344, 28.1850852 ], [ -16.8207487, 28.1850577 ], [ -16.8207681, 28.1850328 ], [ -16.8207919, 28.185011 ], [ -16.8208255, 28.1849851 ], [ -16.8206639, 28.1849096 ], [ -16.8206358, 28.1848938 ], [ -16.820611, 28.1848742 ], [ -16.8205902, 28.1848512 ], [ -16.8205738, 28.1848256 ], [ -16.8205624, 28.1847979 ], [ -16.8205562, 28.1847689 ], [ -16.8205554, 28.1847395 ], [ -16.8205724, 28.1844807 ], [ -16.8205743, 28.1844644 ], [ -16.8205779, 28.1844483 ], [ -16.8206293, 28.1842621 ], [ -16.8205634, 28.1841123 ], [ -16.820173, 28.1839267 ], [ -16.8201436, 28.1839097 ], [ -16.820118, 28.1838884 ], [ -16.8200968, 28.1838636 ], [ -16.8200808, 28.1838359 ], [ -16.8200704, 28.1838062 ], [ -16.8200619, 28.1837722 ], [ -16.8200577, 28.1837459 ], [ -16.8200579, 28.1837194 ], [ -16.8200624, 28.1836932 ], [ -16.8201249, 28.183452 ], [ -16.8200566, 28.1832958 ], [ -16.8200477, 28.1832695 ], [ -16.8200433, 28.1832423 ], [ -16.8200437, 28.1832148 ], [ -16.8200752, 28.1828983 ], [ -16.8200806, 28.18287 ], [ -16.820091, 28.1828428 ], [ -16.8200582, 28.1828418 ], [ -16.8200259, 28.1828361 ], [ -16.8199952, 28.1828259 ], [ -16.8199666, 28.1828114 ], [ -16.8199411, 28.1827931 ], [ -16.8197823, 28.1826587 ], [ -16.8196124, 28.1826131 ], [ -16.8195852, 28.1826038 ], [ -16.8195598, 28.1825913 ], [ -16.8195367, 28.1825757 ], [ -16.8195164, 28.1825573 ], [ -16.8193591, 28.1823934 ], [ -16.8192584, 28.1823663 ], [ -16.8192317, 28.1823569 ] ] } },
{ "type": "Feature", "properties": { "Layer": "0805DPMT", "IDTRAMO": 38067.0, "Provincia": "Santa Cruz de Tenerife", "Referencia": "DL-97-TF", "TM": "Guía de Isora (Tenerife)", "Estado": "A", "OM": "2002-02-27", "Sit_Admin": "Aprobado (O.M. 27/02/2002)", "Tipo_Linea": "Límite SP aprobada", "Label": "DL-97-TF (O.M. 27/02/2002)", "ID_SEGMENT": "38067002", "FIGURA": null, "Shape_Leng": 0.0, "VERTICES": "SI" }, "geometry": { "type": "LineString", "coordinates": [ [ -16.8048383, 28.1732082 ], [ -16.8047351, 28.1731381 ], [ -16.8046699, 28.1730899 ], [ -16.8046095, 28.173037 ], [ -16.8045543, 28.1729799 ], [ -16.8045046, 28.1729189 ], [ -16.8044608, 28.1728544 ], [ -16.8044233, 28.1727869 ], [ -16.8043987, 28.1727376 ], [ -16.8043233, 28.1726948 ], [ -16.8042525, 28.1726464 ], [ -16.8041867, 28.1725926 ], [ -16.8041265, 28.1725339 ], [ -16.8040724, 28.1724708 ], [ -16.8040247, 28.1724037 ], [ -16.8039839, 28.1723331 ], [ -16.8039502, 28.1722597 ], [ -16.8039239, 28.1721839 ], [ -16.8039053, 28.1721063 ], [ -16.8038943, 28.1720276 ], [ -16.8038913, 28.1719484 ], [ -16.803896, 28.1718692 ], [ -16.8039269, 28.1715898 ], [ -16.8038575, 28.1715478 ], [ -16.8037922, 28.1715009 ], [ -16.8035912, 28.1713438 ], [ -16.8035279, 28.17129 ], [ -16.8034702, 28.1712315 ], [ -16.8034183, 28.1711689 ], [ -16.8033728, 28.1711025 ], [ -16.8033338, 28.1710329 ], [ -16.8032139, 28.1707934 ], [ -16.8031837, 28.170726 ], [ -16.8031598, 28.1706566 ], [ -16.8031422, 28.1705858 ], [ -16.8031311, 28.1705139 ], [ -16.8031265, 28.1704415 ], [ -16.8031239, 28.1702876 ], [ -16.8031265, 28.1702074 ], [ -16.8031371, 28.1701277 ], [ -16.8031557, 28.1700492 ], [ -16.8031821, 28.1699724 ], [ -16.8032161, 28.169898 ], [ -16.8032574, 28.1698266 ], [ -16.8033057, 28.1697588 ], [ -16.8033576, 28.1696927 ], [ -16.8034903, 28.1693139 ], [ -16.803462, 28.1692397 ], [ -16.8034411, 28.1691635 ], [ -16.8034278, 28.1690861 ], [ -16.8034221, 28.1690079 ], [ -16.803424, 28.1689295 ], [ -16.8034337, 28.1688516 ], [ -16.8034509, 28.1687747 ], [ -16.8034756, 28.1686995 ], [ -16.8035076, 28.1686264 ], [ -16.8035465, 28.1685561 ], [ -16.8035923, 28.168489 ], [ -16.8036444, 28.1684257 ], [ -16.8037025, 28.1683667 ], [ -16.8037662, 28.1683123 ], [ -16.8039586, 28.1681618 ], [ -16.8039474, 28.1680849 ], [ -16.8039106, 28.1677022 ], [ -16.8039653, 28.1671302 ], [ -16.8039715, 28.1670811 ], [ -16.8039808, 28.1670323 ], [ -16.8040878, 28.1665504 ], [ -16.8041146, 28.1658987 ], [ -16.8041182, 28.165849 ], [ -16.8041249, 28.1657995 ], [ -16.8040833, 28.1657007 ], [ -16.8039803, 28.1654178 ], [ -16.8039578, 28.165346 ], [ -16.8039421, 28.1652727 ], [ -16.8039332, 28.1651986 ], [ -16.8039313, 28.1651241 ], [ -16.8039363, 28.1650496 ], [ -16.8039483, 28.1649758 ], [ -16.8039671, 28.1649031 ], [ -16.8040129, 28.1647544 ], [ -16.8040235, 28.1646233 ], [ -16.8040311, 28.1645603 ], [ -16.8040437, 28.1644979 ], [ -16.8040612, 28.1644365 ], [ -16.8040296, 28.1642463 ], [ -16.8040209, 28.1641722 ], [ -16.804019, 28.1640978 ], [ -16.8040241, 28.1640235 ], [ -16.8040361, 28.1639498 ], [ -16.8040549, 28.1638772 ], [ -16.8040804, 28.1638062 ], [ -16.8041907, 28.1635379 ], [ -16.8042005, 28.1634547 ], [ -16.8042135, 28.1633768 ], [ -16.8042341, 28.1633002 ], [ -16.8042622, 28.1632256 ], [ -16.8042975, 28.1631533 ], [ -16.8043398, 28.1630841 ], [ -16.8043888, 28.1630184 ], [ -16.804444, 28.1629567 ], [ -16.8044071, 28.1628196 ], [ -16.8043261, 28.1627849 ], [ -16.8042488, 28.162744 ], [ -16.8041759, 28.1626972 ], [ -16.804108, 28.1626449 ], [ -16.8040455, 28.1625875 ], [ -16.803989, 28.1625255 ], [ -16.8037772, 28.1622705 ], [ -16.8037271, 28.1622042 ], [ -16.8036837, 28.1621343 ], [ -16.8036475, 28.1620612 ], [ -16.8034702, 28.161655 ], [ -16.803442, 28.1615811 ], [ -16.8034211, 28.1615052 ], [ -16.8034077, 28.1614281 ], [ -16.8034018, 28.1613502 ], [ -16.8034036, 28.1612722 ], [ -16.803413, 28.1611946 ], [ -16.8034394, 28.1610394 ], [ -16.8032549, 28.1608223 ], [ -16.8032139, 28.1607702 ], [ -16.803177, 28.1607157 ], [ -16.8031446, 28.160659 ], [ -16.8031167, 28.1606005 ], [ -16.8029098, 28.1601184 ], [ -16.8028837, 28.1600493 ], [ -16.8028639, 28.1599786 ], [ -16.8028507, 28.1599068 ], [ -16.802844, 28.1598342 ], [ -16.802843, 28.1598112 ], [ -16.802818, 28.1597643 ], [ -16.8027873, 28.1597002 ], [ -16.8027623, 28.1596342 ], [ -16.802743, 28.1595667 ], [ -16.8027297, 28.1594981 ], [ -16.8027224, 28.1594287 ], [ -16.8026606, 28.1593725 ], [ -16.8026046, 28.1593118 ], [ -16.8025548, 28.1592469 ], [ -16.8025114, 28.1591785 ], [ -16.802475, 28.159107 ], [ -16.8024457, 28.1590329 ], [ -16.8024238, 28.1589569 ], [ -16.8024094, 28.1588795 ], [ -16.8024027, 28.1588012 ], [ -16.8023937, 28.1585593 ], [ -16.8023943, 28.158487 ], [ -16.8024014, 28.1584149 ], [ -16.8024151, 28.1583436 ], [ -16.8024351, 28.1582735 ], [ -16.8024614, 28.1582051 ], [ -16.8024937, 28.1581387 ], [ -16.802532, 28.1580748 ], [ -16.8025759, 28.1580139 ], [ -16.8026252, 28.1579563 ], [ -16.8025838, 28.1579314 ], [ -16.8025437, 28.1579048 ], [ -16.8024593, 28.1579186 ], [ -16.8023739, 28.1579261 ], [ -16.802288, 28.1579272 ], [ -16.8022024, 28.1579219 ], [ -16.8021175, 28.1579102 ], [ -16.8020341, 28.1578923 ], [ -16.8019527, 28.1578681 ], [ -16.8015938, 28.1577465 ], [ -16.8015202, 28.157744 ], [ -16.8014386, 28.1577387 ], [ -16.8013496, 28.1577382 ], [ -16.801261, 28.1577308 ], [ -16.8011734, 28.1577166 ], [ -16.8010876, 28.1576957 ], [ -16.8010042, 28.1576682 ], [ -16.8009238, 28.1576343 ], [ -16.800847, 28.1575944 ], [ -16.8007745, 28.1575486 ], [ -16.8007067, 28.1574975 ], [ -16.8006443, 28.1574412 ], [ -16.8005876, 28.1573804 ], [ -16.8005372, 28.1573154 ], [ -16.8004933, 28.1572468 ] ] } },
{ "type": "Feature", "properties": { "Layer": "0805DPMT", "IDTRAMO": 38053.0, "Provincia": "Santa Cruz de Tenerife", "Referencia": "DL-98-TF", "TM": "Arona (Tenerife)", "Estado": "A", "OM": "2006-11-30", "Sit_Admin": "Aprobado (O.M. 30/11/2006)", "Tipo_Linea": "Límite SP aprobada", "Label": "DL-98-TF (O.M. 30/11/2006)", "ID_SEGMENT": "38053003", "FIGURA": null, "Shape_Leng": 0.0, "VERTICES": "SI" }, "geometry": { "type": "LineString", "coordinates": [ [ -16.7197334, 28.0503062 ], [ -16.7196927, 28.0504194 ], [ -16.7196805, 28.0504458 ], [ -16.7196639, 28.0504701 ], [ -16.7194404, 28.050745 ], [ -16.71942, 28.0507663 ], [ -16.7193963, 28.0507846 ], [ -16.7191998, 28.0509133 ], [ -16.7191768, 28.0509264 ], [ -16.719152, 28.0509366 ], [ -16.7188382, 28.0510436 ], [ -16.7188188, 28.0510492 ], [ -16.7187132, 28.0510748 ], [ -16.7186785, 28.0510804 ], [ -16.7184458, 28.0510997 ], [ -16.7183432, 28.0511064 ], [ -16.7182271, 28.0511123 ], [ -16.7180985, 28.0511189 ], [ -16.7180753, 28.0511189 ], [ -16.7180523, 28.0511166 ], [ -16.7177443, 28.0510696 ], [ -16.7177441, 28.0510708 ], [ -16.7175438, 28.0510391 ] ] } },
{ "type": "Feature", "properties": { "Layer": "0805DPMT", "IDTRAMO": 38053.0, "Provincia": "Santa Cruz de Tenerife", "Referencia": "DL-98-TF", "TM": "Arona (Tenerife)", "Estado": "A", "OM": "2006-11-30", "Sit_Admin": "Aprobado (O.M. 30/11/2006)", "Tipo_Linea": "Límite SP aprobada", "Label": "DL-98-TF (O.M. 30/11/2006)", "ID_SEGMENT": "38053004", "FIGURA": null, "Shape_Leng": 0.0, "VERTICES": "SI" }, "geometry": { "type": "LineString", "coordinates": [ [ -16.719807, 28.050034 ], [ -16.71981, 28.0500629 ], [ -16.7198078, 28.0500918 ], [ -16.7198004, 28.05012 ], [ -16.7197569, 28.0502409 ] ] } },
{ "type": "Feature", "properties": { "Layer": "0805DPMT", "IDTRAMO": 38053.0, "Provincia": "Santa Cruz de Tenerife", "Referencia": "DL-98-TF", "TM": "Arona (Tenerife)", "Estado": "A", "OM": "2006-11-30", "Sit_Admin": "Aprobado (O.M. 30/11/2006)", "Tipo_Linea": "Límite SP aprobada", "Label": "DL-98-TF (O.M. 30/11/2006)", "ID_SEGMENT": "38053006", "FIGURA": null, "Shape_Leng": 0.0, "VERTICES": "SI" }, "geometry": { "type": "LineString", "coordinates": [ [ -16.7108884, 28.0444697 ], [ -16.7108752, 28.044471 ], [ -16.7108621, 28.0444731 ], [ -16.7108491, 28.0444759 ], [ -16.7108365, 28.0444795 ], [ -16.7108241, 28.0444838 ], [ -16.710812, 28.0444889 ], [ -16.7108004, 28.0444946 ], [ -16.7107892, 28.044501 ], [ -16.7107785, 28.044508 ], [ -16.7107683, 28.0445156 ], [ -16.7107587, 28.0445238 ], [ -16.7107497, 28.0445325 ], [ -16.7107414, 28.0445417 ], [ -16.7107338, 28.0445514 ], [ -16.710727, 28.0445616 ], [ -16.7107208, 28.0445721 ], [ -16.7107155, 28.0445829 ], [ -16.710711, 28.044594 ], [ -16.7107092, 28.0445996 ], [ -16.7107073, 28.0446053 ], [ -16.7107045, 28.0446169 ], [ -16.7107025, 28.0446286 ], [ -16.7107017, 28.0446367 ], [ -16.710588, 28.0454001 ], [ -16.7105323, 28.045795 ], [ -16.7105308, 28.0458121 ], [ -16.7105208, 28.0461087 ], [ -16.710522, 28.0461338 ], [ -16.7105581, 28.0464252 ], [ -16.7105625, 28.0464475 ], [ -16.7106408, 28.046738 ], [ -16.7106472, 28.046757 ], [ -16.710656, 28.0467753 ], [ -16.7107496, 28.046945 ], [ -16.7107929, 28.0470366 ], [ -16.7109536, 28.0472937 ], [ -16.710964, 28.0473086 ], [ -16.7109759, 28.0473225 ], [ -16.7113459, 28.0477122 ], [ -16.7115647, 28.0479354 ], [ -16.711588, 28.0479555 ], [ -16.7121895, 28.0484005 ], [ -16.7123861, 28.0485115 ], [ -16.7124081, 28.0485223 ], [ -16.7124314, 28.0485306 ], [ -16.7124557, 28.0485363 ], [ -16.7128984, 28.0486143 ], [ -16.7129923, 28.0486925 ], [ -16.7131279, 28.0488073 ], [ -16.7133053, 28.0489624 ], [ -16.7133742, 28.0490279 ], [ -16.7135905, 28.0492107 ], [ -16.7136059, 28.0492225 ], [ -16.7136225, 28.0492328 ], [ -16.7141103, 28.0495052 ], [ -16.714298, 28.049613 ], [ -16.7145158, 28.0497394 ], [ -16.7147012, 28.0498492 ], [ -16.7152218, 28.0503481 ], [ -16.715416, 28.0505113 ], [ -16.7154403, 28.0505287 ], [ -16.7154672, 28.0505426 ], [ -16.7154962, 28.0505527 ], [ -16.7163674, 28.0507899 ], [ -16.7169034, 28.0509297 ], [ -16.7169208, 28.0509335 ], [ -16.7171663, 28.0509773 ], [ -16.7171674, 28.0509795 ], [ -16.7174598, 28.0510258 ] ] } },
{ "type": "Feature", "properties": { "Layer": "0805DPMT", "IDTRAMO": 38068.0, "Provincia": "Santa Cruz de Tenerife", "Referencia": "DL-99-TF", "TM": "Guía de Isora (Tenerife)", "Estado": "A", "OM": "2005-03-31", "Sit_Admin": "Aprobado (O.M. 31/03/2005)", "Tipo_Linea": "Límite SP aprobada", "Label": "DL-99-TF (O.M. 31/03/2005)", "ID_SEGMENT": "38068002", "FIGURA": null, "Shape_Leng": 0.0, "VERTICES": "SI" }, "geometry": { "type": "LineString", "coordinates": [ [ -16.8192317, 28.1823569 ], [ -16.8191337, 28.1823144 ], [ -16.8189426, 28.1822633 ], [ -16.8189365, 28.1822615 ], [ -16.8189303, 28.1822596 ], [ -16.8189243, 28.1822575 ], [ -16.8189183, 28.1822553 ], [ -16.8189124, 28.1822528 ], [ -16.8189066, 28.1822502 ], [ -16.8189009, 28.1822475 ], [ -16.8188954, 28.1822446 ], [ -16.8188899, 28.1822415 ], [ -16.8187427, 28.1821561 ], [ -16.8187369, 28.1821526 ], [ -16.8187313, 28.182149 ], [ -16.8187258, 28.1821451 ], [ -16.8187204, 28.1821412 ], [ -16.8187153, 28.182137 ], [ -16.8187102, 28.1821327 ], [ -16.8187054, 28.1821283 ], [ -16.8187007, 28.1821237 ], [ -16.8186962, 28.182119 ], [ -16.8186919, 28.1821141 ], [ -16.8186878, 28.1821091 ], [ -16.8186839, 28.182104 ], [ -16.8186802, 28.1820988 ], [ -16.8186766, 28.1820934 ], [ -16.8186733, 28.182088 ], [ -16.8186702, 28.1820825 ], [ -16.8186674, 28.1820768 ], [ -16.8186647, 28.1820711 ], [ -16.8186622, 28.1820653 ], [ -16.81866, 28.1820595 ], [ -16.818658, 28.1820535 ], [ -16.8186563, 28.1820475 ], [ -16.8186548, 28.1820415 ], [ -16.8186535, 28.1820354 ], [ -16.8186524, 28.1820293 ], [ -16.8186516, 28.1820232 ], [ -16.818651, 28.182017 ], [ -16.8186507, 28.1820109 ], [ -16.8186506, 28.1820047 ], [ -16.8186507, 28.1819985 ], [ -16.8186511, 28.1819923 ], [ -16.8186517, 28.1819862 ], [ -16.8186526, 28.18198 ], [ -16.8186536, 28.1819739 ], [ -16.818655, 28.1819679 ], [ -16.8186565, 28.1819618 ], [ -16.8187231, 28.1817231 ], [ -16.8187248, 28.1817173 ], [ -16.8187268, 28.1817116 ], [ -16.8187289, 28.1817059 ], [ -16.8187967, 28.1815371 ], [ -16.8187993, 28.1815312 ], [ -16.818802, 28.1815254 ], [ -16.818805, 28.1815197 ], [ -16.8188082, 28.181514 ], [ -16.8188116, 28.1815085 ], [ -16.8188152, 28.181503 ], [ -16.818819, 28.1814977 ], [ -16.8188231, 28.1814925 ], [ -16.8188273, 28.1814875 ], [ -16.8188318, 28.1814825 ], [ -16.8188364, 28.1814777 ], [ -16.8188412, 28.1814731 ], [ -16.8190847, 28.181247 ], [ -16.8190036, 28.1810099 ], [ -16.818796, 28.1808604 ], [ -16.8185283, 28.1807644 ], [ -16.8185219, 28.180762 ], [ -16.8185155, 28.1807593 ], [ -16.8185093, 28.1807565 ], [ -16.8185032, 28.1807535 ], [ -16.8184972, 28.1807503 ], [ -16.8184913, 28.180747 ], [ -16.8184856, 28.1807434 ], [ -16.81848, 28.1807397 ], [ -16.8184745, 28.1807358 ], [ -16.8184692, 28.1807318 ], [ -16.8184641, 28.1807276 ], [ -16.8184591, 28.1807232 ], [ -16.8184543, 28.1807187 ], [ -16.8184497, 28.1807141 ], [ -16.8184452, 28.1807093 ], [ -16.818441, 28.1807044 ], [ -16.8184369, 28.1806993 ], [ -16.818433, 28.1806942 ], [ -16.8184294, 28.1806889 ], [ -16.8184259, 28.1806835 ], [ -16.8184227, 28.180678 ], [ -16.8184196, 28.1806724 ], [ -16.8184168, 28.1806667 ], [ -16.8184142, 28.180661 ], [ -16.8184119, 28.1806551 ], [ -16.8184097, 28.1806492 ], [ -16.8184078, 28.1806433 ], [ -16.8184062, 28.1806373 ], [ -16.8184047, 28.1806312 ], [ -16.8184035, 28.1806251 ], [ -16.8184026, 28.1806189 ], [ -16.8184018, 28.1806128 ], [ -16.8184013, 28.1806066 ], [ -16.8183991, 28.1805686 ], [ -16.8179818, 28.1803364 ], [ -16.8178067, 28.1802388 ], [ -16.8177445, 28.1802767 ], [ -16.8177385, 28.1802802 ], [ -16.8177325, 28.1802835 ], [ -16.8177263, 28.1802866 ], [ -16.81772, 28.1802895 ], [ -16.8177136, 28.1802922 ], [ -16.8177071, 28.1802947 ], [ -16.8177005, 28.180297 ], [ -16.8176938, 28.1802991 ], [ -16.8176871, 28.180301 ], [ -16.8176802, 28.1803027 ], [ -16.8176733, 28.1803042 ], [ -16.8176664, 28.1803055 ], [ -16.8176594, 28.1803065 ], [ -16.8176523, 28.1803073 ], [ -16.8176453, 28.1803079 ], [ -16.8176382, 28.1803083 ], [ -16.8176311, 28.1803085 ], [ -16.8173407, 28.1803111 ], [ -16.8173341, 28.1803111 ], [ -16.8173276, 28.1803108 ], [ -16.8173211, 28.1803104 ], [ -16.8173146, 28.1803099 ], [ -16.8173081, 28.1803091 ], [ -16.8173016, 28.1803081 ], [ -16.8172952, 28.180307 ], [ -16.8172888, 28.1803056 ], [ -16.8169769, 28.180236 ], [ -16.8165378, 28.1803289 ], [ -16.8165318, 28.1803301 ], [ -16.8165257, 28.1803311 ], [ -16.8165195, 28.180332 ], [ -16.8165134, 28.1803327 ], [ -16.8165072, 28.1803332 ], [ -16.816292, 28.1803489 ], [ -16.8162851, 28.1803493 ], [ -16.8162781, 28.1803495 ], [ -16.8162712, 28.1803495 ], [ -16.8162643, 28.1803492 ], [ -16.8162574, 28.1803488 ], [ -16.8162505, 28.1803482 ], [ -16.8162437, 28.1803473 ], [ -16.8162368, 28.1803463 ], [ -16.8162301, 28.180345 ], [ -16.8162234, 28.1803435 ], [ -16.8162167, 28.1803419 ], [ -16.8162101, 28.18034 ], [ -16.8162036, 28.180338 ], [ -16.8161972, 28.1803357 ], [ -16.8161908, 28.1803333 ], [ -16.8161846, 28.1803306 ], [ -16.8161784, 28.1803278 ], [ -16.8161724, 28.1803248 ], [ -16.8161665, 28.1803216 ], [ -16.8161607, 28.1803182 ], [ -16.816155, 28.1803147 ], [ -16.8161495, 28.180311 ], [ -16.8161442, 28.1803071 ], [ -16.8161389, 28.1803031 ], [ -16.8161339, 28.1802989 ], [ -16.8160914, 28.1802626 ], [ -16.8159465, 28.1802901 ], [ -16.8159409, 28.1802911 ], [ -16.8159352, 28.180292 ], [ -16.8159295, 28.1802927 ], [ -16.8159238, 28.1802933 ], [ -16.8157254, 28.1803106 ], [ -16.8154935, 28.1803841 ], [ -16.8152777, 28.1804987 ], [ -16.8152413, 28.180534 ], [ -16.8152367, 28.1805384 ], [ -16.8152319, 28.1805426 ], [ -16.8152269, 28.1805467 ], [ -16.8152218, 28.1805507 ], [ -16.8152165, 28.1805545 ], [ -16.8152111, 28.1805581 ], [ -16.8152056, 28.1805616 ], [ -16.8151999, 28.1805649 ], [ -16.8149358, 28.1807135 ], [ -16.8149297, 28.1807168 ], [ -16.8149235, 28.1807199 ], [ -16.8149172, 28.1807228 ], [ -16.8149108, 28.1807255 ], [ -16.8149043, 28.180728 ], [ -16.8148977, 28.1807303 ], [ -16.814891, 28.1807324 ], [ -16.8148842, 28.1807342 ], [ -16.8148774, 28.1807359 ], [ -16.8148705, 28.1807374 ], [ -16.8148635, 28.1807386 ], [ -16.8148565, 28.1807397 ], [ -16.8148495, 28.1807405 ], [ -16.8148424, 28.1807411 ], [ -16.8148353, 28.1807414 ], [ -16.8148282, 28.1807416 ], [ -16.8148211, 28.1807415 ], [ -16.814814, 28.1807413 ], [ -16.8148069, 28.1807408 ], [ -16.8147999, 28.18074 ], [ -16.8146031, 28.1807169 ], [ -16.8143951, 28.1806927 ], [ -16.8142509, 28.1807702 ], [ -16.8142318, 28.1807832 ], [ -16.814182, 28.180847 ], [ -16.8141225, 28.1809471 ], [ -16.8139827, 28.1811114 ], [ -16.8136623, 28.1814958 ], [ -16.8136332, 28.1814882 ], [ -16.8136043, 28.1814799 ], [ -16.8135757, 28.1814708 ], [ -16.8131382, 28.1813254 ], [ -16.8126928, 28.1811442 ], [ -16.8123367, 28.1809757 ], [ -16.8120737, 28.1808291 ], [ -16.8120467, 28.1808136 ], [ -16.8120203, 28.1807972 ], [ -16.8119945, 28.1807802 ], [ -16.8119693, 28.1807624 ], [ -16.8119448, 28.180744 ], [ -16.8115957, 28.1804729 ], [ -16.8113962, 28.1803513 ], [ -16.8113709, 28.1803353 ], [ -16.8113461, 28.1803187 ], [ -16.811322, 28.1803014 ], [ -16.8112984, 28.1802835 ], [ -16.8112755, 28.1802649 ], [ -16.8111749, 28.1801809 ], [ -16.8111492, 28.1801587 ], [ -16.8111244, 28.1801358 ], [ -16.8111005, 28.180112 ], [ -16.8110776, 28.1800875 ], [ -16.8110557, 28.1800623 ], [ -16.8110348, 28.1800365 ], [ -16.811015, 28.18001 ], [ -16.8109962, 28.1799829 ], [ -16.8109785, 28.1799553 ], [ -16.8108901, 28.1798114 ], [ -16.8108175, 28.1797793 ], [ -16.8107903, 28.1797668 ], [ -16.8107636, 28.1797537 ], [ -16.8107373, 28.1797398 ], [ -16.8107115, 28.1797252 ], [ -16.8106862, 28.1797099 ], [ -16.8102839, 28.1794593 ], [ -16.8102564, 28.1794416 ], [ -16.8102297, 28.1794231 ], [ -16.8102037, 28.1794038 ], [ -16.8101784, 28.1793838 ], [ -16.8101538, 28.179363 ], [ -16.8101301, 28.1793416 ], [ -16.8101072, 28.1793194 ], [ -16.8100851, 28.1792966 ], [ -16.8100639, 28.1792731 ], [ -16.8100436, 28.179249 ], [ -16.8100242, 28.1792243 ], [ -16.8100058, 28.1791991 ], [ -16.8099883, 28.1791733 ], [ -16.8099718, 28.1791471 ], [ -16.8099562, 28.1791203 ], [ -16.8099417, 28.1790931 ], [ -16.8099283, 28.1790655 ], [ -16.8099158, 28.1790376 ], [ -16.8096039, 28.1786502 ], [ -16.8095841, 28.1786246 ], [ -16.8095652, 28.1785984 ], [ -16.8095474, 28.1785716 ], [ -16.8095306, 28.1785443 ], [ -16.8095149, 28.1785166 ], [ -16.8095002, 28.1784883 ], [ -16.8094867, 28.1784596 ], [ -16.8094743, 28.1784306 ], [ -16.8094631, 28.1784011 ], [ -16.809453, 28.1783714 ], [ -16.809444, 28.1783413 ], [ -16.8094362, 28.178311 ], [ -16.8094296, 28.1782805 ], [ -16.8094242, 28.1782498 ], [ -16.80942, 28.178219 ], [ -16.809417, 28.178188 ], [ -16.8094152, 28.178157 ], [ -16.8094146, 28.1781259 ], [ -16.8094152, 28.1780948 ], [ -16.8094171, 28.1780638 ], [ -16.8093831, 28.1780057 ], [ -16.8091985, 28.177815 ], [ -16.8091706, 28.1777962 ], [ -16.8091435, 28.1777765 ], [ -16.8091171, 28.1777561 ], [ -16.8090915, 28.1777348 ], [ -16.8090668, 28.1777128 ], [ -16.809043, 28.1776901 ], [ -16.80902, 28.1776666 ], [ -16.808998, 28.1776425 ], [ -16.8089769, 28.1776177 ], [ -16.8089568, 28.1775922 ], [ -16.8089377, 28.1775662 ], [ -16.8089196, 28.1775396 ], [ -16.8089026, 28.1775124 ], [ -16.8088866, 28.1774848 ], [ -16.8088717, 28.1774567 ], [ -16.8088579, 28.1774281 ], [ -16.8088452, 28.1773992 ], [ -16.8088337, 28.1773699 ], [ -16.8088233, 28.1773402 ], [ -16.8088141, 28.1773103 ], [ -16.808806, 28.17728 ], [ -16.8087991, 28.1772496 ], [ -16.8082835, 28.1770707 ], [ -16.8078757, 28.1769292 ], [ -16.8078432, 28.1769174 ], [ -16.8078112, 28.1769045 ], [ -16.8077797, 28.1768907 ], [ -16.8077487, 28.1768759 ], [ -16.8077183, 28.1768602 ], [ -16.8076886, 28.1768436 ], [ -16.8076595, 28.1768261 ], [ -16.8076311, 28.1768077 ], [ -16.8076035, 28.1767884 ], [ -16.8075766, 28.1767683 ], [ -16.8075506, 28.1767474 ], [ -16.8075253, 28.1767257 ], [ -16.806928, 28.1761942 ], [ -16.8069042, 28.1761722 ], [ -16.8068812, 28.1761496 ], [ -16.8068591, 28.1761262 ], [ -16.8068379, 28.1761023 ], [ -16.8068176, 28.1760777 ], [ -16.8067982, 28.1760525 ], [ -16.8067799, 28.1760267 ], [ -16.8067625, 28.1760005 ], [ -16.8067461, 28.1759737 ], [ -16.8067308, 28.1759464 ], [ -16.8067165, 28.1759187 ], [ -16.8067032, 28.1758906 ], [ -16.8066911, 28.1758621 ], [ -16.80668, 28.1758332 ], [ -16.8066701, 28.1758041 ], [ -16.8066612, 28.1757746 ], [ -16.8066276, 28.1756546 ], [ -16.8066208, 28.1756283 ], [ -16.8066148, 28.1756019 ], [ -16.8066097, 28.1755753 ], [ -16.8066055, 28.1755486 ], [ -16.8066022, 28.1755217 ], [ -16.8065998, 28.1754949 ], [ -16.8061415, 28.1753413 ], [ -16.8061086, 28.1753297 ], [ -16.8060762, 28.1753171 ], [ -16.8060443, 28.1753035 ], [ -16.806013, 28.1752889 ], [ -16.8059823, 28.1752734 ], [ -16.8059522, 28.175257 ], [ -16.8059227, 28.1752396 ], [ -16.805894, 28.1752213 ], [ -16.805866, 28.1752022 ], [ -16.8058387, 28.1751822 ], [ -16.8058123, 28.1751614 ], [ -16.8057867, 28.1751398 ], [ -16.8057619, 28.1751174 ], [ -16.8057381, 28.1750943 ], [ -16.8057151, 28.1750704 ], [ -16.8056931, 28.1750458 ], [ -16.8056721, 28.1750206 ], [ -16.8056521, 28.1749948 ], [ -16.8056331, 28.1749683 ], [ -16.8056152, 28.1749413 ], [ -16.8055983, 28.1749138 ], [ -16.8055825, 28.1748857 ], [ -16.8055679, 28.1748572 ], [ -16.8055543, 28.1748283 ], [ -16.8055419, 28.1747989 ], [ -16.8055307, 28.1747692 ], [ -16.8055206, 28.1747391 ], [ -16.8055117, 28.1747088 ], [ -16.805504, 28.1746782 ], [ -16.8054975, 28.1746474 ], [ -16.8054923, 28.1746164 ], [ -16.8054882, 28.1745853 ], [ -16.8054854, 28.174554 ], [ -16.8054838, 28.1745227 ], [ -16.8054834, 28.1744914 ], [ -16.8054842, 28.1744601 ], [ -16.8054863, 28.1744288 ], [ -16.8054896, 28.1743976 ], [ -16.8054941, 28.1743665 ], [ -16.8054998, 28.1743355 ], [ -16.8055068, 28.1743048 ], [ -16.8055149, 28.1742743 ], [ -16.8055243, 28.1742441 ], [ -16.8055348, 28.1742141 ], [ -16.8055464, 28.1741846 ], [ -16.8055593, 28.1741554 ], [ -16.8055732, 28.1741266 ], [ -16.8055883, 28.1740982 ], [ -16.8056045, 28.1740703 ], [ -16.8056218, 28.174043 ], [ -16.8058455, 28.1737028 ], [ -16.805943, 28.1733397 ], [ -16.80591, 28.173349 ], [ -16.8058767, 28.1733573 ], [ -16.805843, 28.1733646 ], [ -16.8058091, 28.1733708 ], [ -16.805775, 28.173376 ], [ -16.8057407, 28.1733802 ], [ -16.8057062, 28.1733834 ], [ -16.8056717, 28.1733855 ], [ -16.8055126, 28.1733928 ], [ -16.8054784, 28.1733939 ], [ -16.8054442, 28.1733939 ], [ -16.80541, 28.173393 ], [ -16.8053759, 28.173391 ], [ -16.8053418, 28.173388 ], [ -16.8053079, 28.1733839 ], [ -16.8052742, 28.1733789 ], [ -16.8052406, 28.1733729 ], [ -16.8052074, 28.1733659 ], [ -16.8051744, 28.1733579 ], [ -16.8051417, 28.1733489 ], [ -16.8051094, 28.1733389 ], [ -16.8050774, 28.173328 ], [ -16.8050459, 28.1733162 ], [ -16.8050149, 28.1733034 ], [ -16.8049844, 28.1732897 ], [ -16.8049544, 28.1732751 ], [ -16.804925, 28.1732596 ], [ -16.8048962, 28.1732432 ], [ -16.804868, 28.173226 ], [ -16.8048383, 28.1732082 ] ] } },
{ "type": "Feature", "properties": { "Layer": "0805DPMT", "IDTRAMO": 38053.0, "Provincia": "Santa Cruz de Tenerife", "Referencia": "DL-98-TF", "TM": "Arona (Tenerife)", "Estado": "A", "OM": "2006-11-30", "Sit_Admin": "Aprobado (O.M. 30/11/2006)", "Tipo_Linea": "Límite SP aprobada", "Label": "DL-98-TF (O.M. 30/11/2006)", "ID_SEGMENT": "38053008", "FIGURA": null, "Shape_Leng": 0.0, "VERTICES": "SI" }, "geometry": { "type": "LineString", "coordinates": [ [ -16.7076101, 28.041139 ], [ -16.7076376, 28.0412213 ], [ -16.7076443, 28.0412407 ], [ -16.7078239, 28.0417317 ], [ -16.7078793, 28.041704 ], [ -16.7085068, 28.0412885 ], [ -16.7085241, 28.041305 ], [ -16.7086704, 28.0417153 ], [ -16.708679, 28.0417352 ], [ -16.7086903, 28.0417541 ], [ -16.708704, 28.0417716 ], [ -16.7091687, 28.042297 ], [ -16.7093632, 28.0425735 ], [ -16.7097161, 28.043132 ], [ -16.7100134, 28.0436863 ], [ -16.7101121, 28.043838 ], [ -16.7101279, 28.0438587 ], [ -16.7101468, 28.0438774 ], [ -16.7101684, 28.0438935 ], [ -16.7101923, 28.0439068 ], [ -16.7103898, 28.0440007 ], [ -16.7104164, 28.0440112 ], [ -16.7104446, 28.0440183 ], [ -16.7112266, 28.0441682 ] ] } },
{ "type": "Feature", "properties": { "Layer": "0805DPMT", "IDTRAMO": 38013.0, "Provincia": "Santa Cruz de Tenerife", "Referencia": "DL-107-TF", "TM": "Candelaria (Tenerife)", "Estado": "A", "OM": "2006-05-22", "Sit_Admin": "Aprobado (O.M. 22/05/2006)", "Tipo_Linea": "Límite SP aprobada", "Label": "DL-107-TF (O.M. 22/05/2006)", "ID_SEGMENT": "38013006", "FIGURA": null, "Shape_Leng": 0.0, "VERTICES": "SI" }, "geometry": { "type": "LineString", "coordinates": [ [ -16.3566474, 28.3821432 ], [ -16.3566732, 28.3821631 ], [ -16.3566955, 28.3821875 ], [ -16.3567127, 28.382215 ], [ -16.3567242, 28.3822446 ], [ -16.3567298, 28.3822755 ], [ -16.3567292, 28.3823069 ], [ -16.3567225, 28.3823376 ], [ -16.3567099, 28.3823669 ], [ -16.3566918, 28.3823938 ], [ -16.3567855, 28.3824647 ], [ -16.3568173, 28.3825825 ], [ -16.3568147, 28.382667 ], [ -16.3571644, 28.3827786 ], [ -16.3572936, 28.3827934 ], [ -16.3576045, 28.3827064 ], [ -16.3575863, 28.382783 ], [ -16.3575608, 28.3828579 ], [ -16.3575279, 28.3829305 ], [ -16.3574881, 28.3830004 ], [ -16.3574404, 28.3830686 ], [ -16.3573859, 28.3831328 ], [ -16.3573253, 28.3831924 ], [ -16.3572589, 28.3832471 ], [ -16.3571872, 28.3832963 ], [ -16.3571109, 28.3833397 ], [ -16.3570306, 28.3833769 ], [ -16.3569468, 28.3834077 ], [ -16.3568601, 28.3835166 ], [ -16.3563811, 28.3842084 ], [ -16.3563352, 28.384269 ], [ -16.3562838, 28.3843262 ], [ -16.3562275, 28.3843795 ], [ -16.3561664, 28.3844286 ], [ -16.3561011, 28.3844732 ], [ -16.3560319, 28.384513 ], [ -16.3559593, 28.3845477 ], [ -16.3553409, 28.3848152 ], [ -16.3550914, 28.384915 ], [ -16.3547318, 28.3850576 ], [ -16.3542977, 28.3852491 ], [ -16.3536653, 28.3855172 ] ] } },
{ "type": "Feature", "properties": { "Layer": "0805DPMT", "IDTRAMO": 38007.0, "Provincia": "Santa Cruz de Tenerife", "Referencia": "DL-191-TF", "TM": "Santa Cruz de Tenerife (Tenerife)", "Estado": "A", "OM": "2008-12-12", "Sit_Admin": "Aprobado (O.M. 12/12/2008)", "Tipo_Linea": "Límite SP aprobada", "Label": "DL-191-TF (O.M. 12/12/2008)", "ID_SEGMENT": "38007016", "FIGURA": null, "Shape_Leng": 0.0, "VERTICES": "SI" }, "geometry": { "type": "LineString", "coordinates": [ [ -16.2528982, 28.4552155 ], [ -16.2529196, 28.4552361 ], [ -16.2529374, 28.4552595 ], [ -16.252951, 28.4552851 ], [ -16.2529601, 28.4553122 ], [ -16.2529645, 28.4553402 ], [ -16.252964, 28.4553685 ], [ -16.2529588, 28.4553964 ], [ -16.2528397, 28.4556969 ], [ -16.2528252, 28.4557253 ], [ -16.2528053, 28.4557511 ], [ -16.2527807, 28.4557735 ], [ -16.2527522, 28.4557917 ], [ -16.2527205, 28.4558054 ], [ -16.2523062, 28.4559115 ], [ -16.2522738, 28.4559172 ], [ -16.2522407, 28.4559183 ], [ -16.252208, 28.4559147 ], [ -16.2521763, 28.4559064 ], [ -16.2521465, 28.4558938 ], [ -16.2521194, 28.455877 ], [ -16.2520018, 28.4557753 ] ] } },
{ "type": "Feature", "properties": { "Layer": "0805DPMT", "IDTRAMO": 38102.0, "Provincia": "Santa Cruz de Tenerife", "Referencia": "DL-128-TF", "TM": "San Cristóbal de La Laguna (Tenerife)", "Estado": "A", "OM": "2003-08-28", "Sit_Admin": "Aprobado (O.M. 28/08/03)", "Tipo_Linea": "Límite SP aprobada", "Label": "DL-128-TF (O.M. 28/08/2003)", "ID_SEGMENT": "38102002", "FIGURA": null, "Shape_Leng": 0.0, "VERTICES": "SI" }, "geometry": { "type": "LineString", "coordinates": [ [ -16.3529366, 28.5514503 ], [ -16.3530296, 28.5515528 ], [ -16.353051, 28.5516248 ], [ -16.3531031, 28.5517055 ], [ -16.3531951, 28.5521017 ], [ -16.3532114, 28.5521685 ], [ -16.3532759, 28.5521769 ], [ -16.3533095, 28.5521838 ], [ -16.3533413, 28.5521956 ], [ -16.3533704, 28.5522119 ], [ -16.3533959, 28.5522324 ], [ -16.3534172, 28.5522563 ], [ -16.3534337, 28.552283 ], [ -16.3534448, 28.5523118 ], [ -16.353505, 28.5525254 ], [ -16.3536595, 28.5525303 ], [ -16.3538145, 28.552454 ], [ -16.3539079, 28.5521218 ], [ -16.3539608, 28.5518862 ], [ -16.3539057, 28.5513071 ], [ -16.3538051, 28.5507057 ], [ -16.3537712, 28.5501638 ], [ -16.3537716, 28.5501396 ], [ -16.3537756, 28.5501156 ], [ -16.3537832, 28.5500923 ], [ -16.3538953, 28.5498193 ], [ -16.3538406, 28.5496904 ], [ -16.3538403, 28.5496843 ], [ -16.3538396, 28.5496757 ], [ -16.3538386, 28.549663 ], [ -16.3538368, 28.5496396 ], [ -16.3538359, 28.549627 ], [ -16.3538341, 28.5496036 ], [ -16.3538332, 28.549591 ], [ -16.3538314, 28.5495675 ], [ -16.3538304, 28.549555 ], [ -16.3538287, 28.5495315 ], [ -16.3538277, 28.5495189 ], [ -16.353826, 28.5494956 ], [ -16.353825, 28.5494829 ], [ -16.3538233, 28.5494595 ], [ -16.3538223, 28.5494469 ], [ -16.3538206, 28.5494235 ], [ -16.3538196, 28.5494109 ], [ -16.3538179, 28.5493874 ], [ -16.3538169, 28.5493749 ], [ -16.3538152, 28.5493514 ], [ -16.3538142, 28.5493388 ], [ -16.3538124, 28.5493155 ], [ -16.3538115, 28.5493028 ], [ -16.3538096, 28.5492794 ], [ -16.3538088, 28.5492668 ], [ -16.3538069, 28.5492434 ], [ -16.3538061, 28.5492308 ], [ -16.3538042, 28.5492074 ], [ -16.3538034, 28.5491948 ], [ -16.3538015, 28.5491713 ], [ -16.3538006, 28.5491587 ], [ -16.3537988, 28.5491354 ], [ -16.3537979, 28.5491227 ], [ -16.3537961, 28.5490993 ], [ -16.3537952, 28.5490867 ], [ -16.3537934, 28.5490633 ], [ -16.3537924, 28.5490507 ], [ -16.3537907, 28.5490273 ], [ -16.353787, 28.5489786 ], [ -16.3537853, 28.5489553 ], [ -16.3537843, 28.5489426 ], [ -16.3537826, 28.5489192 ], [ -16.3537816, 28.5489067 ], [ -16.3537798, 28.5488832 ], [ -16.3537724, 28.5488758 ], [ -16.3537879, 28.5488671 ], [ -16.3537949, 28.5488633 ], [ -16.3538072, 28.5488568 ], [ -16.3538254, 28.5488475 ], [ -16.3538303, 28.5488451 ], [ -16.3538429, 28.5488391 ], [ -16.3538445, 28.5488382 ], [ -16.3538638, 28.5488294 ], [ -16.3538664, 28.5488283 ], [ -16.3538792, 28.5488226 ], [ -16.3538833, 28.5488209 ], [ -16.353903, 28.5488128 ], [ -16.3539032, 28.5488127 ], [ -16.3539164, 28.5488076 ], [ -16.3539229, 28.548805 ], [ -16.3539409, 28.5487984 ], [ -16.3539541, 28.5487937 ], [ -16.3539633, 28.5487906 ], [ -16.353979, 28.5487855 ], [ -16.3540042, 28.5487778 ], [ -16.3540294, 28.5487704 ], [ -16.354043, 28.5487664 ], [ -16.3540682, 28.548759 ], [ -16.3540818, 28.5487551 ], [ -16.354107, 28.5487477 ], [ -16.3541206, 28.5487437 ], [ -16.3541458, 28.5487363 ], [ -16.3541586, 28.5487311 ], [ -16.3541787, 28.5487158 ], [ -16.3541895, 28.5487075 ], [ -16.3542097, 28.5486922 ], [ -16.3542223, 28.5486842 ], [ -16.3542422, 28.5486686 ], [ -16.3542586, 28.548655 ], [ -16.3542775, 28.5486409 ], [ -16.3542789, 28.5486399 ], [ -16.3542902, 28.5486321 ], [ -16.3543033, 28.548623 ], [ -16.3543113, 28.5486178 ], [ -16.3543228, 28.5486104 ], [ -16.3543297, 28.5486059 ], [ -16.3543446, 28.5485969 ], [ -16.3543564, 28.5485897 ], [ -16.3543568, 28.5485895 ], [ -16.3543788, 28.5485771 ], [ -16.3544263, 28.5485524 ], [ -16.3544413, 28.5485451 ], [ -16.3544498, 28.5485413 ], [ -16.3544625, 28.5485355 ], [ -16.3544705, 28.5485319 ], [ -16.3544864, 28.5485253 ], [ -16.3544994, 28.54852 ], [ -16.3545002, 28.5485196 ], [ -16.3545237, 28.5485106 ], [ -16.3545369, 28.5485058 ], [ -16.3545608, 28.5484974 ], [ -16.3545616, 28.5484972 ], [ -16.3545751, 28.5484929 ], [ -16.3545917, 28.5484877 ], [ -16.3546002, 28.5484852 ], [ -16.3546139, 28.5484813 ], [ -16.3546228, 28.5484788 ], [ -16.3546393, 28.5484746 ], [ -16.3546531, 28.5484712 ], [ -16.3546544, 28.5484708 ], [ -16.3546788, 28.5484653 ], [ -16.3546927, 28.5484625 ], [ -16.3547182, 28.5484575 ], [ -16.3547187, 28.5484574 ], [ -16.3547327, 28.5484551 ], [ -16.3547505, 28.5484522 ], [ -16.3547589, 28.5484511 ], [ -16.3547731, 28.5484492 ], [ -16.3547829, 28.5484478 ], [ -16.3547994, 28.548446 ], [ -16.3548136, 28.5484446 ], [ -16.3548155, 28.5484444 ], [ -16.3548401, 28.5484425 ], [ -16.3548544, 28.5484415 ], [ -16.3548808, 28.5484402 ], [ -16.3548809, 28.5484402 ], [ -16.3548952, 28.5484399 ], [ -16.3549136, 28.5484396 ], [ -16.3549217, 28.5484395 ], [ -16.354936, 28.5484395 ], [ -16.3549626, 28.5484393 ], [ -16.3549769, 28.5484392 ], [ -16.3550035, 28.548439 ], [ -16.3550178, 28.5484389 ], [ -16.3550444, 28.5484387 ], [ -16.3550516, 28.5484387 ], [ -16.3550621, 28.5484386 ], [ -16.3550727, 28.5484386 ], [ -16.3550782, 28.5484387 ], [ -16.3550925, 28.5484389 ], [ -16.3550938, 28.5484389 ], [ -16.3551044, 28.5484391 ], [ -16.3551149, 28.5484395 ], [ -16.3551191, 28.5484396 ], [ -16.3551333, 28.5484404 ], [ -16.355136, 28.5484405 ], [ -16.3551464, 28.5484411 ], [ -16.3551569, 28.5484418 ], [ -16.3551598, 28.5484421 ], [ -16.3551741, 28.5484434 ], [ -16.3551779, 28.5484437 ], [ -16.3551885, 28.5484447 ], [ -16.3551989, 28.5484459 ], [ -16.3552004, 28.548446 ], [ -16.3552147, 28.5484478 ], [ -16.3552198, 28.5484484 ], [ -16.3552302, 28.5484498 ], [ -16.3552406, 28.5484513 ], [ -16.3552409, 28.5484514 ], [ -16.3552819, 28.5484583 ], [ -16.355308, 28.5484632 ], [ -16.3553219, 28.5484658 ], [ -16.3553479, 28.5484706 ], [ -16.355362, 28.5484733 ], [ -16.3553879, 28.5484782 ], [ -16.3554019, 28.5484808 ], [ -16.355428, 28.5484857 ], [ -16.3554419, 28.5484883 ], [ -16.3554679, 28.5484932 ], [ -16.3554819, 28.5484958 ], [ -16.3555079, 28.5485007 ], [ -16.3555219, 28.5485033 ], [ -16.3555479, 28.5485082 ], [ -16.3555619, 28.5485108 ], [ -16.3555879, 28.5485157 ], [ -16.3556018, 28.5485183 ], [ -16.3556278, 28.5485232 ], [ -16.3556419, 28.5485258 ], [ -16.3556678, 28.5485307 ], [ -16.3556818, 28.5485334 ], [ -16.3557079, 28.5485382 ], [ -16.3557218, 28.5485408 ], [ -16.3557478, 28.5485457 ], [ -16.3557884, 28.5485533 ], [ -16.3557985, 28.5485552 ], [ -16.3558088, 28.5485572 ], [ -16.3558143, 28.5485583 ], [ -16.3558283, 28.5485612 ], [ -16.3558291, 28.5485614 ], [ -16.3558392, 28.5485636 ], [ -16.3558493, 28.5485659 ], [ -16.355854, 28.548567 ], [ -16.3558678, 28.5485704 ], [ -16.3558694, 28.5485708 ], [ -16.3558794, 28.5485734 ], [ -16.3558894, 28.5485761 ], [ -16.3558933, 28.5485772 ], [ -16.3559069, 28.5485811 ], [ -16.3559093, 28.5485818 ], [ -16.3559191, 28.5485847 ], [ -16.355929, 28.5485877 ], [ -16.355932, 28.5485887 ], [ -16.3559454, 28.5485931 ], [ -16.3559486, 28.5485941 ], [ -16.3559702, 28.5486016 ], [ -16.3559835, 28.5486062 ], [ -16.3559977, 28.5486111 ], [ -16.3560122, 28.5486205 ], [ -16.3560154, 28.5486215 ], [ -16.356037, 28.548629 ], [ -16.3560467, 28.5486347 ], [ -16.3560706, 28.5486244 ], [ -16.3561203, 28.5486032 ], [ -16.3561442, 28.5485929 ], [ -16.356157, 28.5485874 ], [ -16.356181, 28.5485772 ], [ -16.3561938, 28.5485717 ], [ -16.3562177, 28.5485614 ], [ -16.3562306, 28.5485559 ], [ -16.3562545, 28.5485456 ], [ -16.3562674, 28.5485401 ], [ -16.3562913, 28.5485299 ], [ -16.3563042, 28.5485243 ], [ -16.3563253, 28.5485153 ], [ -16.3563342, 28.5484932 ], [ -16.3563389, 28.5484812 ], [ -16.3563476, 28.5484591 ], [ -16.3563524, 28.5484471 ], [ -16.3563612, 28.548425 ], [ -16.3563659, 28.5484131 ], [ -16.3563748, 28.548391 ], [ -16.3563794, 28.548379 ], [ -16.3563882, 28.5483569 ], [ -16.356393, 28.5483449 ], [ -16.3564018, 28.5483228 ], [ -16.3564065, 28.5483109 ], [ -16.3564153, 28.5482888 ], [ -16.35642, 28.5482768 ], [ -16.3564288, 28.5482547 ], [ -16.3564336, 28.5482427 ], [ -16.3564424, 28.5482206 ], [ -16.356447, 28.5482087 ], [ -16.3564537, 28.5481921 ], [ -16.3564555, 28.5481747 ], [ -16.3564623, 28.548152 ], [ -16.3564659, 28.5481398 ], [ -16.3564726, 28.5481172 ], [ -16.3564764, 28.5481049 ], [ -16.3564831, 28.5480822 ], [ -16.3564868, 28.54807 ], [ -16.3564935, 28.5480473 ], [ -16.3564971, 28.5480351 ], [ -16.3565039, 28.5480124 ], [ -16.3565075, 28.5480002 ], [ -16.3565143, 28.5479775 ], [ -16.3565179, 28.5479653 ], [ -16.3565247, 28.5479425 ], [ -16.3565283, 28.5479303 ], [ -16.3565351, 28.5479077 ], [ -16.3565387, 28.5478955 ], [ -16.3565455, 28.5478728 ], [ -16.3565471, 28.5478672 ], [ -16.3565546, 28.5478447 ], [ -16.3565586, 28.5478325 ], [ -16.3565634, 28.5478182 ], [ -16.3565666, 28.5478102 ], [ -16.3565714, 28.5477983 ], [ -16.3565803, 28.5477762 ], [ -16.3565855, 28.5477644 ], [ -16.3565958, 28.5477428 ], [ -16.3566017, 28.5477293 ], [ -16.3566163, 28.5476974 ], [ -16.3567972, 28.5473072 ], [ -16.3568353, 28.5472341 ], [ -16.3568807, 28.5471643 ], [ -16.3569329, 28.5470983 ], [ -16.3569916, 28.5470367 ], [ -16.3570564, 28.54698 ], [ -16.3571266, 28.5469286 ], [ -16.3572017, 28.546883 ], [ -16.3572811, 28.5468435 ], [ -16.3573642, 28.5468104 ], [ -16.3574504, 28.546784 ], [ -16.3575388, 28.5467645 ], [ -16.3576289, 28.5467521 ], [ -16.3577199, 28.5467468 ], [ -16.3582322, 28.5467366 ], [ -16.3583183, 28.546738 ], [ -16.3584039, 28.5467459 ], [ -16.3584885, 28.5467601 ], [ -16.3585715, 28.5467805 ], [ -16.3586521, 28.5468071 ], [ -16.35873, 28.5468395 ], [ -16.3588045, 28.5468776 ], [ -16.3588751, 28.5469211 ], [ -16.3589413, 28.5469697 ], [ -16.3590027, 28.5470231 ], [ -16.3590587, 28.5470808 ], [ -16.359109, 28.5471425 ], [ -16.3594994, 28.547666 ], [ -16.3596093, 28.547814 ], [ -16.3597425, 28.5476746 ], [ -16.3597903, 28.5475074 ], [ -16.3598157, 28.5474325 ], [ -16.3598483, 28.5473598 ], [ -16.3598879, 28.5472898 ], [ -16.3599342, 28.5472232 ], [ -16.3599869, 28.5471604 ], [ -16.3600455, 28.5471018 ], [ -16.3601097, 28.5470479 ], [ -16.3601789, 28.5469991 ], [ -16.3602526, 28.5469558 ], [ -16.3603303, 28.5469183 ], [ -16.3604113, 28.5468868 ], [ -16.3604952, 28.5468617 ], [ -16.3605812, 28.5468431 ], [ -16.3606687, 28.5468311 ], [ -16.360757, 28.5468259 ], [ -16.3608456, 28.5468274 ], [ -16.3609336, 28.5468357 ], [ -16.3612084, 28.5468723 ], [ -16.3612787, 28.5467818 ], [ -16.3616172, 28.5463845 ], [ -16.3616719, 28.5463256 ], [ -16.3617321, 28.546271 ], [ -16.3617973, 28.546221 ], [ -16.361867, 28.5461761 ], [ -16.3619408, 28.5461366 ], [ -16.362018, 28.5461027 ], [ -16.3620983, 28.5460746 ], [ -16.3621809, 28.5460527 ], [ -16.3622653, 28.546037 ], [ -16.3632953, 28.5458849 ], [ -16.3635848, 28.5453617 ], [ -16.3640063, 28.5446043 ], [ -16.3640482, 28.5445364 ], [ -16.3640966, 28.5444719 ], [ -16.3641511, 28.5444114 ], [ -16.3642112, 28.5443551 ], [ -16.3642765, 28.5443037 ], [ -16.3643467, 28.5442573 ], [ -16.364421, 28.5442164 ], [ -16.364499, 28.5441813 ], [ -16.3645802, 28.5441522 ], [ -16.3646639, 28.5441294 ], [ -16.3647495, 28.544113 ], [ -16.3657127, 28.5439659 ], [ -16.3658003, 28.543956 ], [ -16.3658885, 28.5439527 ], [ -16.3659767, 28.5439562 ], [ -16.3660643, 28.5439664 ], [ -16.3661505, 28.5439833 ], [ -16.3662348, 28.5440066 ], [ -16.3663164, 28.5440363 ], [ -16.3663949, 28.5440721 ], [ -16.3664695, 28.5441138 ], [ -16.3665398, 28.544161 ], [ -16.3666052, 28.5442133 ], [ -16.3666653, 28.5442705 ], [ -16.3667196, 28.544332 ], [ -16.3670704, 28.5447674 ], [ -16.3672097, 28.54483 ], [ -16.3679284, 28.5451538 ], [ -16.3682609, 28.5452686 ], [ -16.368341, 28.5452531 ], [ -16.3684222, 28.5452432 ], [ -16.368504, 28.5452391 ], [ -16.3685859, 28.5452409 ], [ -16.3686675, 28.5452484 ], [ -16.368748, 28.5452617 ], [ -16.3689795, 28.5453083 ], [ -16.3690389, 28.5453119 ], [ -16.3690975, 28.5453213 ], [ -16.3691546, 28.5453362 ], [ -16.3692095, 28.5453565 ], [ -16.3692615, 28.5453821 ], [ -16.3693101, 28.5454125 ], [ -16.3693546, 28.5454474 ], [ -16.3693946, 28.5454864 ], [ -16.3702367, 28.5457632 ], [ -16.3704057, 28.5458611 ], [ -16.3704815, 28.5458761 ], [ -16.3705558, 28.5458961 ], [ -16.3706312, 28.5458764 ], [ -16.3707082, 28.5458618 ], [ -16.3707861, 28.5458524 ], [ -16.3708647, 28.5458485 ], [ -16.3709434, 28.5458498 ], [ -16.3711824, 28.5458621 ], [ -16.371184, 28.5458621 ] ] } },
{ "type": "Feature", "properties": { "Layer": "0805DPMT", "IDTRAMO": 38100.0, "Provincia": "Santa Cruz de Tenerife", "Referencia": "DL-71-TF", "TM": "Tacoronte (Tenerife)", "Estado": "A", "OM": "2002-05-10", "Sit_Admin": "Aprobado (O.M. 10/05/2002)", "Tipo_Linea": "Límite SP aprobada", "Label": "DL-71-TF (O.M. 10/05/2002)", "ID_SEGMENT": "38100002", "FIGURA": null, "Shape_Leng": 0.0, "VERTICES": "SI" }, "geometry": { "type": "LineString", "coordinates": [ [ -16.4095595, 28.5258605 ], [ -16.4096772, 28.5256855 ], [ -16.4097028, 28.5254957 ], [ -16.4097074, 28.5254656 ], [ -16.4097132, 28.5254356 ], [ -16.4097202, 28.5254058 ], [ -16.4097282, 28.5253763 ], [ -16.4097374, 28.525347 ], [ -16.4097477, 28.525318 ], [ -16.4097591, 28.5252893 ], [ -16.4097716, 28.5252609 ], [ -16.4097851, 28.525233 ], [ -16.4101579, 28.5244991 ], [ -16.4102165, 28.5244214 ], [ -16.4102124, 28.5243905 ], [ -16.4102095, 28.5243595 ], [ -16.4102078, 28.5243284 ], [ -16.4102073, 28.5242972 ], [ -16.4102081, 28.5242661 ], [ -16.4102101, 28.524235 ], [ -16.4102133, 28.524204 ], [ -16.4102177, 28.5241731 ], [ -16.4102233, 28.5241424 ], [ -16.4102301, 28.5241118 ], [ -16.410238, 28.5240815 ], [ -16.4102472, 28.5240514 ], [ -16.4102575, 28.5240216 ], [ -16.410269, 28.5239922 ], [ -16.4102817, 28.5239631 ], [ -16.4102954, 28.5239345 ], [ -16.4103103, 28.5239062 ], [ -16.4103263, 28.5238785 ], [ -16.4103433, 28.5238512 ], [ -16.4103614, 28.5238245 ], [ -16.4103806, 28.5237983 ], [ -16.4104007, 28.5237728 ], [ -16.4104218, 28.5237479 ], [ -16.4104439, 28.5237236 ], [ -16.4104669, 28.5237 ], [ -16.4104909, 28.5236772 ], [ -16.4105157, 28.523655 ], [ -16.4105413, 28.5236337 ], [ -16.4105678, 28.5236131 ], [ -16.4105951, 28.5235934 ], [ -16.4106231, 28.5235745 ], [ -16.4106491, 28.5235582 ], [ -16.4106518, 28.5235564 ], [ -16.4106681, 28.523547 ], [ -16.4106813, 28.5235393 ], [ -16.4107114, 28.5235231 ], [ -16.4107243, 28.5235166 ], [ -16.4107421, 28.5235078 ], [ -16.4107563, 28.5235012 ], [ -16.4107733, 28.5234934 ], [ -16.4107979, 28.523483 ], [ -16.4108051, 28.52348 ], [ -16.4108375, 28.5234675 ], [ -16.4108464, 28.5234644 ], [ -16.4108703, 28.5234561 ], [ -16.4108772, 28.5234539 ], [ -16.4109035, 28.5234457 ], [ -16.4109371, 28.5234363 ], [ -16.4109397, 28.5234356 ], [ -16.4109606, 28.5234305 ], [ -16.410971, 28.5234279 ], [ -16.4110053, 28.5234205 ], [ -16.4110304, 28.523416 ], [ -16.4110398, 28.5234142 ], [ -16.4110551, 28.5234117 ], [ -16.4111313, 28.5233351 ], [ -16.4111529, 28.523314 ], [ -16.4111753, 28.5232935 ], [ -16.4111985, 28.5232736 ], [ -16.4112223, 28.5232544 ], [ -16.4112468, 28.5232359 ], [ -16.4112719, 28.5232181 ], [ -16.4112977, 28.523201 ], [ -16.4120515, 28.5227163 ], [ -16.4124804, 28.5224156 ], [ -16.4127156, 28.5222435 ], [ -16.4128489, 28.5220028 ], [ -16.4128641, 28.5219765 ], [ -16.4128802, 28.5219506 ], [ -16.4128973, 28.5219253 ], [ -16.4129153, 28.5219004 ], [ -16.4129343, 28.5218761 ], [ -16.4129541, 28.5218523 ], [ -16.413313, 28.5214364 ], [ -16.4138334, 28.5209576 ], [ -16.4139806, 28.5208377 ], [ -16.4141955, 28.5205264 ], [ -16.4142133, 28.5205016 ], [ -16.4142319, 28.5204773 ], [ -16.4142514, 28.5204536 ], [ -16.4142718, 28.5204305 ], [ -16.4142931, 28.520408 ], [ -16.4143151, 28.520386 ], [ -16.414338, 28.5203648 ], [ -16.4143616, 28.5203441 ], [ -16.4143859, 28.5203242 ], [ -16.414411, 28.520305 ], [ -16.414672, 28.5201116 ], [ -16.414699, 28.5200922 ], [ -16.4147268, 28.5200737 ], [ -16.4147553, 28.520056 ], [ -16.4147844, 28.5200392 ], [ -16.4148142, 28.5200232 ], [ -16.4148367, 28.5200121 ], [ -16.4148446, 28.5200082 ], [ -16.4148527, 28.5200045 ], [ -16.4148755, 28.5199941 ], [ -16.4149014, 28.5199833 ], [ -16.414907, 28.5199809 ], [ -16.414939, 28.5199687 ], [ -16.4149408, 28.5199681 ], [ -16.4149705, 28.5199577 ], [ -16.4149714, 28.5199574 ], [ -16.4150042, 28.5199472 ], [ -16.4150202, 28.5199427 ], [ -16.4150374, 28.5199379 ], [ -16.4157346, 28.5197547 ], [ -16.4165566, 28.5195396 ], [ -16.4165602, 28.5195084 ], [ -16.4165649, 28.5194772 ], [ -16.4165709, 28.5194463 ], [ -16.4165781, 28.5194155 ], [ -16.4165865, 28.519385 ], [ -16.4165961, 28.5193547 ], [ -16.4166069, 28.5193248 ], [ -16.4166189, 28.5192952 ], [ -16.416632, 28.519266 ], [ -16.4166463, 28.5192372 ], [ -16.4166617, 28.5192089 ], [ -16.4166782, 28.5191811 ], [ -16.4166958, 28.5191538 ], [ -16.4167144, 28.519127 ], [ -16.4167341, 28.5191008 ], [ -16.4167549, 28.5190753 ], [ -16.4167766, 28.5190504 ], [ -16.4167992, 28.5190262 ], [ -16.4168229, 28.5190027 ], [ -16.41694, 28.5188902 ], [ -16.4169634, 28.5188685 ], [ -16.4169876, 28.5188474 ], [ -16.4170126, 28.5188271 ], [ -16.4170384, 28.5188075 ], [ -16.4170649, 28.5187887 ], [ -16.417092, 28.5187706 ], [ -16.4171199, 28.5187534 ], [ -16.4171484, 28.518737 ], [ -16.4171693, 28.5187258 ], [ -16.4171774, 28.5187215 ], [ -16.4171802, 28.5187201 ], [ -16.4172071, 28.5187068 ], [ -16.417958, 28.5183491 ], [ -16.4179569, 28.5183374 ], [ -16.4179547, 28.5183063 ], [ -16.4179537, 28.5182751 ], [ -16.417954, 28.5182439 ], [ -16.4179554, 28.5182128 ], [ -16.4179581, 28.5181816 ], [ -16.4179619, 28.5181506 ], [ -16.417967, 28.5181198 ], [ -16.4179733, 28.5180891 ], [ -16.4179808, 28.5180586 ], [ -16.4179895, 28.5180283 ], [ -16.4179994, 28.5179984 ], [ -16.4180104, 28.5179688 ], [ -16.4180226, 28.5179395 ], [ -16.4180359, 28.5179106 ], [ -16.4180503, 28.5178821 ], [ -16.4180659, 28.5178541 ], [ -16.4180825, 28.5178266 ], [ -16.4181002, 28.5177996 ], [ -16.4181189, 28.5177731 ], [ -16.4181387, 28.5177473 ], [ -16.4181595, 28.5177221 ], [ -16.4181812, 28.5176975 ], [ -16.4182039, 28.5176736 ], [ -16.4182275, 28.5176504 ], [ -16.418252, 28.5176279 ], [ -16.4182774, 28.5176062 ], [ -16.4183036, 28.5175853 ], [ -16.4183306, 28.5175652 ], [ -16.4183569, 28.5175469 ], [ -16.4183584, 28.5175459 ], [ -16.4183606, 28.5175445 ], [ -16.4183869, 28.5175275 ], [ -16.4184161, 28.51751 ], [ -16.4184284, 28.5175032 ], [ -16.418446, 28.5174934 ], [ -16.4184484, 28.5174921 ], [ -16.4184765, 28.5174777 ], [ -16.4184959, 28.5174685 ], [ -16.4185077, 28.5174629 ], [ -16.4185296, 28.5174534 ], [ -16.4185393, 28.5174491 ], [ -16.4185676, 28.5174378 ], [ -16.4185715, 28.5174363 ], [ -16.4186042, 28.5174244 ], [ -16.4186171, 28.5174202 ], [ -16.4186373, 28.5174136 ], [ -16.4186485, 28.5174104 ], [ -16.4186709, 28.5174038 ], [ -16.4187048, 28.517395 ], [ -16.4187095, 28.517394 ], [ -16.4187294, 28.5173894 ], [ -16.418739, 28.5173873 ], [ -16.4187735, 28.5173806 ], [ -16.4187998, 28.5173763 ], [ -16.4188082, 28.5173749 ], [ -16.4191867, 28.5173195 ], [ -16.4191962, 28.5172891 ], [ -16.4192069, 28.5172591 ], [ -16.4192188, 28.5172294 ], [ -16.4192318, 28.5172001 ], [ -16.419246, 28.5171711 ], [ -16.4192613, 28.5171427 ], [ -16.4192778, 28.5171147 ], [ -16.4192953, 28.5170873 ], [ -16.4193139, 28.5170604 ], [ -16.4193336, 28.5170342 ], [ -16.4193543, 28.5170085 ], [ -16.4193759, 28.5169835 ], [ -16.4193986, 28.5169592 ], [ -16.4194222, 28.5169355 ], [ -16.4194467, 28.5169127 ], [ -16.4194722, 28.5168906 ], [ -16.4194984, 28.5168693 ], [ -16.4195255, 28.5168488 ], [ -16.4195534, 28.5168292 ], [ -16.4195821, 28.5168104 ], [ -16.4196067, 28.5167954 ], [ -16.4196115, 28.5167925 ], [ -16.4196143, 28.516791 ], [ -16.4196415, 28.5167756 ], [ -16.4196676, 28.516762 ], [ -16.4196723, 28.5167596 ], [ -16.4196937, 28.5167493 ], [ -16.4197036, 28.5167445 ], [ -16.4197355, 28.5167304 ], [ -16.4197369, 28.5167299 ], [ -16.4197679, 28.5167174 ], [ -16.4197797, 28.516713 ], [ -16.4198009, 28.5167053 ], [ -16.4198209, 28.516467 ], [ -16.419824, 28.5164365 ], [ -16.4198283, 28.5164062 ], [ -16.4198338, 28.516376 ], [ -16.4198404, 28.516346 ], [ -16.4198482, 28.5163162 ], [ -16.4198571, 28.5162866 ], [ -16.4198672, 28.5162573 ], [ -16.4198783, 28.5162284 ], [ -16.4198906, 28.5161998 ], [ -16.4199039, 28.5161716 ], [ -16.4199184, 28.5161438 ], [ -16.4199339, 28.5161164 ], [ -16.4199504, 28.5160896 ], [ -16.4199679, 28.5160632 ], [ -16.4199865, 28.5160374 ], [ -16.4199747, 28.5160237 ], [ -16.4199537, 28.5159986 ], [ -16.4199337, 28.5159728 ], [ -16.4199148, 28.5159465 ], [ -16.4198969, 28.5159196 ], [ -16.41988, 28.5158921 ], [ -16.4198642, 28.5158642 ], [ -16.4198496, 28.5158358 ], [ -16.4198361, 28.5158069 ], [ -16.4198237, 28.5157777 ], [ -16.4198124, 28.5157481 ], [ -16.4198023, 28.5157182 ], [ -16.4197934, 28.515688 ], [ -16.4197857, 28.5156575 ], [ -16.4197792, 28.5156268 ], [ -16.4197739, 28.515596 ], [ -16.4197698, 28.515565 ], [ -16.4197669, 28.5155338 ], [ -16.4197652, 28.5155027 ], [ -16.4197648, 28.5154715 ], [ -16.4196474, 28.5153372 ], [ -16.4196264, 28.5153123 ], [ -16.4196064, 28.5152869 ], [ -16.4195874, 28.5152608 ], [ -16.4195694, 28.5152341 ], [ -16.4195525, 28.515207 ], [ -16.4195366, 28.5151793 ], [ -16.4195218, 28.5151512 ], [ -16.4195081, 28.5151226 ], [ -16.4190282, 28.5140699 ], [ -16.4187031, 28.5132233 ], [ -16.4186922, 28.5131933 ], [ -16.4186826, 28.5131629 ], [ -16.4186741, 28.5131323 ], [ -16.4186668, 28.5131015 ], [ -16.4186608, 28.5130704 ], [ -16.418656, 28.5130392 ], [ -16.4186524, 28.5130078 ], [ -16.4186501, 28.5129764 ], [ -16.4186153, 28.5123314 ], [ -16.4186143, 28.5122999 ], [ -16.4186144, 28.5122683 ], [ -16.4186159, 28.5122367 ], [ -16.4186185, 28.5122052 ], [ -16.4186225, 28.5121739 ], [ -16.4186276, 28.5121426 ], [ -16.418634, 28.5121115 ], [ -16.4186416, 28.5120807 ], [ -16.4186505, 28.5120501 ], [ -16.4188088, 28.5115397 ], [ -16.4188184, 28.5115104 ], [ -16.4188292, 28.5114815 ], [ -16.4188411, 28.5114528 ], [ -16.4188541, 28.5114246 ], [ -16.4188682, 28.5113967 ], [ -16.4188833, 28.5113693 ], [ -16.4188994, 28.5113424 ], [ -16.4189166, 28.5113159 ], [ -16.4189348, 28.51129 ], [ -16.4189539, 28.5112647 ], [ -16.4189741, 28.5112399 ], [ -16.4189951, 28.5112157 ], [ -16.4190171, 28.5111922 ], [ -16.4190399, 28.5111694 ], [ -16.4190636, 28.5111472 ], [ -16.4190882, 28.5111258 ], [ -16.4191135, 28.5111051 ], [ -16.4191396, 28.5110852 ], [ -16.4191665, 28.511066 ], [ -16.4191941, 28.5110477 ], [ -16.4192224, 28.5110302 ], [ -16.4192416, 28.5110191 ], [ -16.4192513, 28.5110136 ], [ -16.4192541, 28.5110121 ], [ -16.4192808, 28.5109978 ], [ -16.4195756, 28.5108465 ], [ -16.4196568, 28.5104916 ], [ -16.4196644, 28.5104611 ], [ -16.4196731, 28.510431 ], [ -16.4196831, 28.5104011 ], [ -16.4196942, 28.5103715 ], [ -16.4197064, 28.5103423 ], [ -16.4197198, 28.5103135 ], [ -16.4197343, 28.5102851 ], [ -16.4197499, 28.5102571 ], [ -16.4197666, 28.5102297 ], [ -16.4197843, 28.5102028 ], [ -16.4198087, 28.5101672 ], [ -16.4198091, 28.5101666 ], [ -16.4205658, 28.5104542 ], [ -16.4205671, 28.5104547 ], [ -16.4205691, 28.5104518 ], [ -16.4208806, 28.5095785 ], [ -16.4208828, 28.5095727 ], [ -16.4208851, 28.5095671 ], [ -16.4208877, 28.5095615 ], [ -16.4208905, 28.509556 ], [ -16.4208936, 28.5095505 ], [ -16.4208968, 28.5095452 ], [ -16.4211667, 28.509115 ], [ -16.4211701, 28.5091098 ], [ -16.4211737, 28.5091046 ], [ -16.4211776, 28.5090996 ], [ -16.4211816, 28.5090946 ], [ -16.4211858, 28.5090898 ], [ -16.4211902, 28.5090851 ], [ -16.4211948, 28.5090806 ], [ -16.4211995, 28.5090762 ], [ -16.4212044, 28.5090719 ], [ -16.4212095, 28.5090678 ], [ -16.4212147, 28.5090638 ], [ -16.4215753, 28.5087987 ], [ -16.4214921, 28.5085982 ], [ -16.4213536, 28.5084182 ], [ -16.4212032, 28.508409 ], [ -16.421197, 28.5084086 ], [ -16.4211962, 28.5084085 ], [ -16.4211892, 28.5084078 ], [ -16.4211822, 28.5084068 ], [ -16.4211767, 28.5084059 ], [ -16.4211753, 28.5084056 ], [ -16.4211684, 28.5084042 ], [ -16.4211616, 28.5084027 ], [ -16.4211549, 28.5084009 ], [ -16.4211482, 28.5083989 ], [ -16.4211416, 28.5083967 ], [ -16.4211351, 28.5083942 ], [ -16.4211288, 28.5083917 ], [ -16.4211225, 28.5083889 ], [ -16.4211163, 28.5083859 ], [ -16.4211102, 28.5083827 ], [ -16.4211043, 28.5083794 ], [ -16.4210985, 28.5083758 ], [ -16.4210928, 28.5083721 ], [ -16.4210873, 28.5083683 ], [ -16.421082, 28.5083642 ], [ -16.4210768, 28.50836 ], [ -16.4210717, 28.5083557 ], [ -16.4210669, 28.5083512 ], [ -16.4210622, 28.5083465 ], [ -16.4210577, 28.5083417 ], [ -16.4210534, 28.5083368 ], [ -16.4210493, 28.5083318 ], [ -16.4210454, 28.5083266 ], [ -16.4210417, 28.5083213 ], [ -16.4210382, 28.5083159 ], [ -16.4210349, 28.5083104 ], [ -16.4210319, 28.5083048 ], [ -16.421029, 28.5082991 ], [ -16.4210264, 28.5082933 ], [ -16.421024, 28.5082875 ], [ -16.4210218, 28.5082816 ], [ -16.4210199, 28.5082756 ], [ -16.4210182, 28.5082696 ], [ -16.4210167, 28.5082635 ], [ -16.4210155, 28.5082573 ], [ -16.4210145, 28.5082512 ], [ -16.4210138, 28.508245 ], [ -16.4210133, 28.5082388 ], [ -16.421013, 28.5082326 ], [ -16.421013, 28.5082264 ], [ -16.4210132, 28.5082201 ], [ -16.4210137, 28.5082139 ], [ -16.4210144, 28.5082078 ], [ -16.4210153, 28.5082016 ], [ -16.4210165, 28.5081955 ], [ -16.4210179, 28.5081894 ], [ -16.4210196, 28.5081833 ], [ -16.4210215, 28.5081773 ], [ -16.4210236, 28.5081714 ], [ -16.421026, 28.5081656 ], [ -16.4210286, 28.5081598 ], [ -16.4210314, 28.5081541 ], [ -16.4210344, 28.5081485 ], [ -16.4210377, 28.5081429 ], [ -16.4210411, 28.5081375 ], [ -16.4210448, 28.5081322 ], [ -16.4210487, 28.508127 ], [ -16.4211718, 28.5079682 ], [ -16.421175, 28.507964 ], [ -16.4211043, 28.5079324 ], [ -16.4210981, 28.5079295 ], [ -16.4210921, 28.5079264 ], [ -16.4210861, 28.5079232 ], [ -16.4210803, 28.5079197 ], [ -16.4210746, 28.5079161 ], [ -16.4210691, 28.5079124 ], [ -16.4210637, 28.5079084 ], [ -16.4210585, 28.5079044 ], [ -16.4210534, 28.5079001 ], [ -16.4210485, 28.5078957 ], [ -16.4210438, 28.5078912 ], [ -16.4210393, 28.5078865 ], [ -16.4210349, 28.5078817 ], [ -16.4210307, 28.5078767 ], [ -16.4209374, 28.5077621 ], [ -16.4209334, 28.5077569 ], [ -16.4209296, 28.5077516 ], [ -16.4209259, 28.5077462 ], [ -16.4209225, 28.5077407 ], [ -16.4209193, 28.5077351 ], [ -16.4209163, 28.5077294 ], [ -16.4209136, 28.5077236 ], [ -16.4209111, 28.5077177 ], [ -16.4209088, 28.5077118 ], [ -16.4209067, 28.5077058 ], [ -16.4209049, 28.5076997 ], [ -16.4209033, 28.5076936 ], [ -16.420902, 28.5076874 ], [ -16.4209009, 28.5076812 ], [ -16.4209001, 28.5076749 ], [ -16.4208995, 28.5076687 ], [ -16.4208991, 28.5076624 ], [ -16.420899, 28.5076561 ], [ -16.4208992, 28.5076498 ], [ -16.4208996, 28.5076436 ], [ -16.4209002, 28.5076373 ], [ -16.4209011, 28.5076311 ], [ -16.4209022, 28.5076249 ], [ -16.4209036, 28.5076187 ], [ -16.4209052, 28.5076126 ], [ -16.4209071, 28.5076065 ], [ -16.4209668, 28.5074244 ], [ -16.4205753, 28.507373 ], [ -16.4197442, 28.5070378 ], [ -16.419741, 28.5069558 ], [ -16.4197404, 28.506925 ], [ -16.4197409, 28.5068942 ], [ -16.4197427, 28.5068634 ], [ -16.4197456, 28.5068327 ], [ -16.4197498, 28.5068021 ], [ -16.4197551, 28.5067717 ], [ -16.4197615, 28.5067414 ], [ -16.4197692, 28.5067113 ], [ -16.419778, 28.5066815 ], [ -16.4197879, 28.506652 ], [ -16.419799, 28.5066228 ], [ -16.4198112, 28.5065939 ], [ -16.4198245, 28.5065655 ], [ -16.419839, 28.5065374 ], [ -16.4198544, 28.5065098 ], [ -16.419871, 28.5064827 ], [ -16.4198886, 28.5064561 ], [ -16.4199072, 28.50643 ], [ -16.4199267, 28.5064045 ], [ -16.4200357, 28.5062679 ], [ -16.4200565, 28.5062428 ], [ -16.4200783, 28.5062182 ], [ -16.420101, 28.5061944 ], [ -16.4201247, 28.5061713 ], [ -16.4201492, 28.5061488 ], [ -16.4201746, 28.5061272 ], [ -16.4202009, 28.5061064 ], [ -16.4202279, 28.5060863 ], [ -16.4202545, 28.5060679 ], [ -16.4202557, 28.5060671 ], [ -16.4202564, 28.5060667 ], [ -16.4202843, 28.5060488 ], [ -16.4203115, 28.5060325 ], [ -16.4203135, 28.5060313 ], [ -16.420329, 28.5060228 ], [ -16.4203434, 28.5060148 ], [ -16.420374, 28.5059991 ], [ -16.4203867, 28.5059931 ], [ -16.4204051, 28.5059844 ], [ -16.4204182, 28.5059788 ], [ -16.4204368, 28.5059707 ], [ -16.4204599, 28.5059615 ], [ -16.420469, 28.5059579 ], [ -16.4205017, 28.5059462 ], [ -16.4205081, 28.5059441 ], [ -16.4205345, 28.5059355 ], [ -16.4205348, 28.5059354 ], [ -16.4205683, 28.5059256 ], [ -16.4205992, 28.5059177 ], [ -16.4206022, 28.5059169 ], [ -16.42062, 28.5059129 ], [ -16.4206364, 28.5059093 ], [ -16.4206709, 28.5059026 ], [ -16.4206876, 28.5058999 ], [ -16.4207011, 28.5058978 ], [ -16.4207056, 28.505897 ], [ -16.4207405, 28.5058925 ], [ -16.4207756, 28.5058891 ], [ -16.4207818, 28.5058887 ], [ -16.4207876, 28.5058883 ], [ -16.4208108, 28.5058867 ], [ -16.4208461, 28.5058854 ], [ -16.4208814, 28.5058852 ], [ -16.4209167, 28.5058861 ], [ -16.4209519, 28.505888 ], [ -16.420987, 28.505891 ], [ -16.421022, 28.5058951 ], [ -16.4210568, 28.5059002 ], [ -16.4210914, 28.5059064 ], [ -16.4211257, 28.5059137 ], [ -16.4211598, 28.505922 ], [ -16.4211934, 28.5059313 ], [ -16.4212267, 28.5059417 ], [ -16.4212596, 28.505953 ], [ -16.421292, 28.5059654 ], [ -16.4213239, 28.5059787 ], [ -16.4213553, 28.505993 ], [ -16.4213861, 28.5060083 ], [ -16.4217399, 28.5058854 ], [ -16.4217018, 28.5053101 ], [ -16.4217004, 28.5052802 ], [ -16.4217001, 28.5052503 ], [ -16.4217009, 28.5052204 ], [ -16.4217028, 28.5051906 ], [ -16.4217059, 28.5051608 ], [ -16.42171, 28.5051311 ], [ -16.4217153, 28.5051016 ], [ -16.4217547, 28.5049032 ], [ -16.4217608, 28.504875 ], [ -16.4217679, 28.504847 ], [ -16.421776, 28.5048192 ], [ -16.4217851, 28.5047917 ], [ -16.4217953, 28.5047644 ], [ -16.4218063, 28.5047374 ], [ -16.4218184, 28.5047108 ], [ -16.4220292, 28.5042652 ], [ -16.4220436, 28.5042368 ], [ -16.422059, 28.5042089 ], [ -16.4220755, 28.5041814 ], [ -16.4220931, 28.5041544 ], [ -16.4221117, 28.504128 ], [ -16.4221313, 28.5041021 ], [ -16.4221519, 28.5040769 ], [ -16.4221734, 28.5040523 ], [ -16.4221959, 28.5040283 ], [ -16.4222193, 28.5040051 ], [ -16.4222436, 28.5039825 ], [ -16.4222687, 28.5039607 ], [ -16.4222947, 28.5039397 ], [ -16.4223215, 28.5039195 ], [ -16.422349, 28.5039001 ], [ -16.4223773, 28.5038815 ], [ -16.4224062, 28.5038638 ], [ -16.4224358, 28.503847 ], [ -16.4224661, 28.5038311 ], [ -16.422497, 28.5038161 ], [ -16.4225284, 28.503802 ], [ -16.4225603, 28.5037889 ], [ -16.4225928, 28.5037768 ], [ -16.4238072, 28.5039283 ] ] } },
{ "type": "Feature", "properties": { "Layer": "0805DPMT", "IDTRAMO": 38092.0, "Provincia": "Santa Cruz de Tenerife", "Referencia": "DL-176-TF", "TM": "Santa Úrsula (Tenerife)", "Estado": "A", "OM": "2001-09-04", "Sit_Admin": "Aprobado (O.M. 04/09/2001)", "Tipo_Linea": "Límite SP aprobada", "Label": "DL-176-TF (O.M. 04/09/2001)", "ID_SEGMENT": "38092003", "FIGURA": null, "Shape_Leng": 0.0, "VERTICES": "SI" }, "geometry": { "type": "LineString", "coordinates": [ [ -16.4907862, 28.4377557 ], [ -16.4910671, 28.4376957 ], [ -16.4913277, 28.4376042 ], [ -16.4914099, 28.4375788 ], [ -16.4914942, 28.4375598 ], [ -16.49158, 28.4375471 ], [ -16.4916668, 28.437541 ], [ -16.4917538, 28.4375414 ], [ -16.4918405, 28.4375484 ], [ -16.4919261, 28.4375618 ], [ -16.4920102, 28.4375817 ], [ -16.4920921, 28.4376078 ], [ -16.4921711, 28.43764 ], [ -16.4922467, 28.437678 ], [ -16.4923185, 28.4377216 ], [ -16.4923857, 28.4377704 ], [ -16.4924923, 28.4378547 ], [ -16.4925536, 28.4379075 ], [ -16.4926098, 28.4379647 ], [ -16.4926603, 28.4380258 ], [ -16.4927049, 28.4380905 ], [ -16.4927431, 28.4381582 ], [ -16.4927748, 28.4382285 ], [ -16.4927997, 28.438301 ], [ -16.4928177, 28.438375 ], [ -16.4928593, 28.4385898 ], [ -16.4932699, 28.4384412 ], [ -16.4934289, 28.4382882 ], [ -16.4934876, 28.4382362 ], [ -16.4935509, 28.4381886 ], [ -16.4936183, 28.4381456 ], [ -16.4936895, 28.4381077 ], [ -16.4937639, 28.438075 ], [ -16.4938411, 28.4380478 ], [ -16.4939205, 28.4380262 ], [ -16.4940017, 28.4380104 ], [ -16.494084, 28.4380005 ], [ -16.49437, 28.4379764 ], [ -16.4944354, 28.4379821 ], [ -16.4946385, 28.437914 ], [ -16.4950758, 28.4374053 ], [ -16.4951271, 28.4373503 ], [ -16.4951831, 28.4372991 ], [ -16.4952435, 28.437252 ], [ -16.4953078, 28.4372092 ], [ -16.4953759, 28.437171 ], [ -16.4954471, 28.4371377 ], [ -16.4955139, 28.4370937 ], [ -16.4955846, 28.4370547 ], [ -16.4956586, 28.4370209 ], [ -16.4957355, 28.4369925 ], [ -16.4958501, 28.4369551 ], [ -16.4959327, 28.4369315 ], [ -16.4960173, 28.4369143 ], [ -16.4961032, 28.4369034 ], [ -16.4961898, 28.4368991 ], [ -16.4962766, 28.4369013 ], [ -16.4963377, 28.4365601 ], [ -16.4963533, 28.4364909 ], [ -16.4963749, 28.4364229 ], [ -16.4964025, 28.4363567 ], [ -16.4964359, 28.4362926 ], [ -16.4965481, 28.4360973 ], [ -16.49659, 28.4360313 ], [ -16.4966862, 28.4358938 ], [ -16.4966411, 28.4358281 ], [ -16.4966025, 28.4357593 ], [ -16.4965706, 28.4356878 ], [ -16.4965458, 28.4356142 ], [ -16.4965281, 28.4355389 ], [ -16.4965177, 28.4354626 ], [ -16.4965147, 28.4353858 ], [ -16.4965191, 28.4353091 ], [ -16.4965308, 28.4352329 ], [ -16.4965499, 28.435158 ], [ -16.4965838, 28.4350467 ], [ -16.4966096, 28.4349745 ], [ -16.496642, 28.4349046 ], [ -16.496681, 28.4348372 ], [ -16.4967262, 28.434773 ], [ -16.4967774, 28.4347124 ], [ -16.4968341, 28.4346558 ], [ -16.496896, 28.4346035 ], [ -16.4971494, 28.4344069 ], [ -16.4971753, 28.4340378 ], [ -16.4972129, 28.4338775 ], [ -16.4972312, 28.4338117 ], [ -16.497255, 28.4337474 ], [ -16.4972843, 28.4336849 ], [ -16.4973187, 28.4336245 ], [ -16.4976032, 28.4331686 ], [ -16.4975502, 28.4331461 ], [ -16.4974759, 28.4331111 ], [ -16.4974051, 28.4330708 ], [ -16.4973382, 28.4330255 ], [ -16.4972759, 28.4329755 ], [ -16.4972184, 28.4329211 ], [ -16.4971661, 28.4328628 ], [ -16.4971195, 28.4328008 ], [ -16.4970788, 28.4327356 ], [ -16.4970444, 28.4326677 ], [ -16.4970164, 28.4325975 ], [ -16.496995, 28.4325254 ], [ -16.4969755, 28.4324467 ] ] } },
{ "type": "Feature", "properties": { "Layer": "0805DPMT", "IDTRAMO": 38092.0, "Provincia": "Santa Cruz de Tenerife", "Referencia": "DL-176-TF", "TM": "Santa Úrsula (Tenerife)", "Estado": "A", "OM": "2001-09-04", "Sit_Admin": "Aprobado (O.M. 04/09/2001)", "Tipo_Linea": "Límite SP aprobada", "Label": "DL-176-TF (O.M. 04/09/2001)", "ID_SEGMENT": "38092004", "FIGURA": null, "Shape_Leng": 0.0, "VERTICES": "SI" }, "geometry": { "type": "LineString", "coordinates": [ [ -16.5020278, 28.4239338 ], [ -16.501529, 28.4246792 ], [ -16.5014861, 28.4247503 ], [ -16.5014506, 28.4248246 ], [ -16.5014227, 28.4249013 ], [ -16.5014027, 28.4249799 ], [ -16.5013907, 28.4250599 ], [ -16.5013868, 28.4251404 ], [ -16.5013873, 28.4253996 ], [ -16.5012493, 28.4256393 ], [ -16.5012146, 28.4257062 ], [ -16.5011862, 28.4257754 ], [ -16.5011642, 28.4258465 ], [ -16.5011489, 28.4259189 ], [ -16.5011403, 28.4259921 ], [ -16.5011385, 28.4260658 ], [ -16.5011434, 28.4261393 ], [ -16.5012024, 28.4266547 ], [ -16.5012154, 28.4267336 ], [ -16.5012362, 28.4268111 ], [ -16.5012646, 28.4268866 ], [ -16.5013005, 28.4269597 ], [ -16.5013436, 28.4270297 ], [ -16.5014712, 28.427217 ], [ -16.5011981, 28.427412 ], [ -16.5011321, 28.4274635 ], [ -16.5010713, 28.4275198 ], [ -16.5010163, 28.4275805 ], [ -16.5009673, 28.4276452 ], [ -16.5009249, 28.4277133 ], [ -16.5008893, 28.4277845 ], [ -16.5008607, 28.427858 ], [ -16.5008394, 28.4279335 ], [ -16.5008255, 28.4280104 ], [ -16.5008192, 28.428088 ], [ -16.5008204, 28.4281657 ], [ -16.5008293, 28.4282432 ], [ -16.5008549, 28.4283997 ], [ -16.5005425, 28.4283723 ], [ -16.5004549, 28.4283679 ], [ -16.5003672, 28.4283702 ], [ -16.50028, 28.4283792 ], [ -16.5001941, 28.4283948 ], [ -16.5001099, 28.4284168 ], [ -16.5000282, 28.4284451 ], [ -16.4999496, 28.4284795 ], [ -16.4998746, 28.4285198 ], [ -16.4998038, 28.4285656 ], [ -16.4997377, 28.4286166 ], [ -16.4996768, 28.4286725 ], [ -16.4996215, 28.4287327 ], [ -16.4995723, 28.428797 ], [ -16.4995296, 28.4288647 ], [ -16.4994935, 28.4289354 ], [ -16.4994645, 28.4290086 ], [ -16.4992638, 28.4295942 ], [ -16.4986001, 28.4298716 ], [ -16.4985233, 28.4299073 ], [ -16.4984502, 28.4299487 ], [ -16.4983814, 28.4299954 ], [ -16.4983173, 28.4300471 ], [ -16.4982583, 28.4301034 ], [ -16.498205, 28.4301639 ], [ -16.4981577, 28.4302282 ], [ -16.4977538, 28.4308323 ], [ -16.4976919, 28.4309271 ], [ -16.4975059, 28.4311051 ], [ -16.4975322, 28.4312238 ], [ -16.4975652, 28.4313412 ], [ -16.4976048, 28.431457 ], [ -16.497651, 28.4315709 ], [ -16.4977037, 28.4316826 ], [ -16.4976692, 28.4319922 ], [ -16.4976645, 28.4322021 ], [ -16.4974903, 28.4324203 ], [ -16.4969755, 28.4324467 ] ] } },
{ "type": "Feature", "properties": { "Layer": "0805DPMT", "IDTRAMO": 38074.0, "Provincia": "Santa Cruz de Tenerife", "Referencia": "DL-134-TF", "TM": "Santiago del Teide (Tenerife)", "Estado": "A", "OM": "2002-03-13", "Sit_Admin": "Aprobado (O.M. 13/03/2002)", "Tipo_Linea": "Límite SP aprobada", "Label": "DL-134-TF (O.M. 13/03/2002)", "ID_SEGMENT": "38074001", "FIGURA": null, "Shape_Leng": 0.0, "VERTICES": "SI" }, "geometry": { "type": "LineString", "coordinates": [ [ -16.8520385, 28.2746633 ], [ -16.8519504, 28.27465 ], [ -16.8518638, 28.27463 ], [ -16.8517795, 28.2746035 ], [ -16.8516981, 28.2745707 ], [ -16.8516202, 28.2745318 ], [ -16.8515463, 28.2744871 ], [ -16.851477, 28.274437 ], [ -16.8514129, 28.2743818 ], [ -16.8513544, 28.2743219 ], [ -16.8513019, 28.2742577 ], [ -16.8512558, 28.2741899 ], [ -16.8508649, 28.2741538 ], [ -16.8506502, 28.2741418 ], [ -16.850567, 28.2741341 ], [ -16.8504848, 28.2741204 ], [ -16.8504041, 28.2741008 ], [ -16.8503256, 28.2740754 ], [ -16.8502496, 28.2740443 ], [ -16.8501768, 28.2740079 ], [ -16.8501076, 28.2739663 ], [ -16.8500888, 28.2739647 ], [ -16.85, 28.2739534 ], [ -16.8499127, 28.2739354 ], [ -16.8498276, 28.2739106 ], [ -16.8497452, 28.2738792 ], [ -16.8496662, 28.2738416 ], [ -16.8494597, 28.2737326 ], [ -16.8493848, 28.273689 ], [ -16.8493145, 28.2736397 ], [ -16.8492494, 28.2735851 ], [ -16.8488271, 28.2731988 ], [ -16.848677, 28.2731047 ], [ -16.8486271, 28.2730713 ], [ -16.8485796, 28.2730354 ], [ -16.8484084, 28.2728974 ], [ -16.8483478, 28.2728442 ], [ -16.8482924, 28.2727867 ], [ -16.8482426, 28.2727254 ], [ -16.8481988, 28.2726606 ], [ -16.8481613, 28.2725927 ], [ -16.8480438, 28.2723555 ], [ -16.8480144, 28.2722892 ], [ -16.847991, 28.2722211 ], [ -16.8479737, 28.2721515 ], [ -16.8479003, 28.2717868 ], [ -16.8478885, 28.2717091 ], [ -16.8478844, 28.2716309 ], [ -16.847888, 28.2715526 ], [ -16.8478993, 28.2714749 ], [ -16.8479181, 28.2713983 ], [ -16.8479555, 28.2712728 ], [ -16.8479231, 28.2712201 ], [ -16.8479145, 28.2712057 ], [ -16.8478861, 28.2711523 ], [ -16.8478617, 28.2710973 ], [ -16.8478413, 28.2710411 ], [ -16.8478252, 28.2709838 ], [ -16.8478133, 28.2709257 ], [ -16.8478058, 28.270867 ], [ -16.8478026, 28.2708081 ], [ -16.8478037, 28.270749 ], [ -16.8478052, 28.2707279 ], [ -16.8478411, 28.2702969 ], [ -16.8478451, 28.2702591 ], [ -16.847855, 28.2702007 ], [ -16.8478691, 28.270143 ], [ -16.8478789, 28.2701111 ], [ -16.8479816, 28.2697988 ], [ -16.8479902, 28.269774 ], [ -16.8480127, 28.2697184 ], [ -16.8480393, 28.2696643 ], [ -16.8480698, 28.2696118 ], [ -16.8481042, 28.2695612 ], [ -16.8481422, 28.2695127 ], [ -16.8481837, 28.2694664 ], [ -16.8481956, 28.2694544 ], [ -16.8485851, 28.269063 ], [ -16.8486181, 28.2690314 ], [ -16.8486661, 28.2689904 ], [ -16.848717, 28.2689522 ], [ -16.8487706, 28.2689171 ], [ -16.8487906, 28.2689052 ], [ -16.8487091, 28.268897 ], [ -16.8486236, 28.2688851 ], [ -16.8485395, 28.2688667 ], [ -16.8484575, 28.2688422 ], [ -16.8483781, 28.2688115 ], [ -16.8483019, 28.268775 ], [ -16.8480339, 28.2686332 ], [ -16.8479647, 28.2685931 ], [ -16.8478993, 28.2685482 ], [ -16.8478384, 28.2684987 ], [ -16.8477821, 28.268445 ], [ -16.8477188, 28.2683795 ], [ -16.8475231, 28.2682836 ], [ -16.847447, 28.2682424 ], [ -16.8473752, 28.2681954 ], [ -16.8473084, 28.268143 ], [ -16.847247, 28.2680856 ], [ -16.8471915, 28.2680237 ], [ -16.847096, 28.2679071 ], [ -16.8470009, 28.2678379 ], [ -16.8469378, 28.267788 ], [ -16.8468797, 28.2677337 ], [ -16.8468268, 28.2676752 ], [ -16.8466921, 28.267513 ], [ -16.8465887, 28.2674686 ], [ -16.8464252, 28.2674104 ], [ -16.8463569, 28.2673835 ], [ -16.8462909, 28.2673521 ], [ -16.8462277, 28.2673166 ], [ -16.8461676, 28.2672771 ], [ -16.8459035, 28.2670895 ], [ -16.8456476, 28.2668888 ], [ -16.8455259, 28.2668374 ], [ -16.8453513, 28.2667655 ], [ -16.845148, 28.2667436 ], [ -16.8450637, 28.2667313 ], [ -16.844981, 28.2667128 ], [ -16.8449002, 28.2666883 ], [ -16.8448221, 28.2666579 ], [ -16.8447471, 28.2666217 ], [ -16.8446758, 28.2665802 ], [ -16.8446087, 28.2665335 ], [ -16.8442525, 28.2664323 ], [ -16.8439177, 28.2663263 ], [ -16.8436237, 28.2662591 ], [ -16.8435586, 28.2662421 ], [ -16.8431892, 28.2661339 ], [ -16.8428976, 28.2660582 ], [ -16.8427061, 28.266034 ], [ -16.8426519, 28.2660259 ], [ -16.8425983, 28.2660151 ], [ -16.8421054, 28.2659038 ], [ -16.8420413, 28.2658935 ], [ -16.8419781, 28.2658796 ], [ -16.8416515, 28.2657976 ], [ -16.8415978, 28.2657827 ], [ -16.8415451, 28.2657652 ], [ -16.8411594, 28.2656262 ], [ -16.8411113, 28.2656076 ], [ -16.840788, 28.2654735 ], [ -16.8407181, 28.2654415 ], [ -16.8406511, 28.2654048 ], [ -16.8405876, 28.2653637 ], [ -16.8405278, 28.2653184 ], [ -16.8402871, 28.265121 ], [ -16.8402313, 28.2650715 ], [ -16.84018, 28.2650183 ], [ -16.8401334, 28.2649618 ], [ -16.8399769, 28.2647553 ], [ -16.8399371, 28.2646983 ], [ -16.8399022, 28.2646389 ], [ -16.8397033, 28.2642674 ], [ -16.83967, 28.2641977 ], [ -16.8396434, 28.2641258 ], [ -16.8396237, 28.2640522 ], [ -16.839611, 28.2639773 ], [ -16.8396054, 28.2639018 ], [ -16.8396071, 28.2638261 ], [ -16.8396158, 28.2637508 ], [ -16.8397156, 28.263145 ], [ -16.8397313, 28.2630714 ], [ -16.8397538, 28.2629991 ], [ -16.8397831, 28.2629287 ], [ -16.8397414, 28.262888 ], [ -16.8397027, 28.2628451 ], [ -16.8392135, 28.2625192 ], [ -16.8391744, 28.2624917 ], [ -16.8388805, 28.2622751 ], [ -16.8388235, 28.2622298 ], [ -16.8387705, 28.2621809 ], [ -16.8385048, 28.2619161 ], [ -16.8384491, 28.2618554 ], [ -16.8383996, 28.2617908 ], [ -16.8383565, 28.2617226 ], [ -16.8383202, 28.2616513 ], [ -16.8382911, 28.2615775 ], [ -16.8382693, 28.2615018 ], [ -16.838255, 28.2614247 ], [ -16.8382247, 28.2612024 ], [ -16.8382183, 28.2611325 ], [ -16.8382181, 28.2610623 ], [ -16.838224, 28.2609923 ], [ -16.8382361, 28.2609229 ], [ -16.8382542, 28.2608545 ], [ -16.8382688, 28.2608075 ], [ -16.8382423, 28.2607543 ], [ -16.8382197, 28.2606996 ], [ -16.8381669, 28.2606382 ], [ -16.8381203, 28.2605731 ], [ -16.8380801, 28.2605046 ], [ -16.8380466, 28.2604333 ], [ -16.8379414, 28.2601788 ], [ -16.837923, 28.2601302 ], [ -16.8379078, 28.2600807 ], [ -16.8378507, 28.2598719 ], [ -16.8377116, 28.2595391 ], [ -16.8375697, 28.2593342 ], [ -16.8375547, 28.2593214 ], [ -16.837502, 28.2592724 ], [ -16.8374535, 28.2592201 ], [ -16.8374096, 28.2591647 ], [ -16.8373705, 28.2591065 ], [ -16.8373364, 28.2590459 ], [ -16.8372102, 28.2587984 ], [ -16.8371795, 28.2587311 ], [ -16.837155, 28.2586618 ], [ -16.8371368, 28.258591 ], [ -16.8371252, 28.2585192 ], [ -16.8371031, 28.2583287 ], [ -16.8370288, 28.2582166 ], [ -16.83699, 28.2581524 ], [ -16.8369573, 28.2580856 ], [ -16.8369307, 28.2580166 ], [ -16.8369105, 28.257946 ], [ -16.8368968, 28.2578742 ], [ -16.8368668, 28.2576661 ], [ -16.8368393, 28.2574077 ], [ -16.8367794, 28.2571032 ], [ -16.8367361, 28.2568334 ], [ -16.8366558, 28.2564311 ], [ -16.8365571, 28.2560727 ], [ -16.8365421, 28.2560076 ], [ -16.8365325, 28.2559417 ], [ -16.8365284, 28.2558754 ], [ -16.8365298, 28.255809 ], [ -16.8365367, 28.2557428 ], [ -16.836611, 28.2552368 ], [ -16.8366255, 28.2551627 ], [ -16.8366468, 28.2550898 ], [ -16.836675, 28.2550188 ], [ -16.8367098, 28.2549501 ], [ -16.8367509, 28.2548843 ], [ -16.8367521, 28.25488 ], [ -16.8367752, 28.2548112 ], [ -16.8368044, 28.2547442 ], [ -16.8369004, 28.2545476 ], [ -16.8369576, 28.2543026 ], [ -16.8369683, 28.2542614 ], [ -16.8371091, 28.2537746 ], [ -16.8371229, 28.2537313 ], [ -16.8371392, 28.2536887 ], [ -16.8371975, 28.2535472 ], [ -16.8372107, 28.2533934 ], [ -16.8371834, 28.2532606 ], [ -16.8371714, 28.2531834 ], [ -16.837167, 28.2531055 ], [ -16.8371702, 28.2530276 ], [ -16.837181, 28.2529502 ], [ -16.8371992, 28.2528739 ], [ -16.8372249, 28.2527993 ], [ -16.8373547, 28.252473 ], [ -16.8373977, 28.2523302 ], [ -16.8374266, 28.2521686 ], [ -16.8374434, 28.252095 ], [ -16.837467, 28.2520229 ], [ -16.8374973, 28.2519528 ], [ -16.8375341, 28.2518851 ], [ -16.8375556, 28.2516635 ], [ -16.8375624, 28.2516115 ], [ -16.8375725, 28.2515598 ], [ -16.8376081, 28.2514059 ], [ -16.8376075, 28.2513398 ], [ -16.8376124, 28.2512738 ], [ -16.8376227, 28.2512084 ], [ -16.8376384, 28.2511438 ], [ -16.8377375, 28.2507978 ], [ -16.8377637, 28.2507208 ], [ -16.8377976, 28.2506463 ], [ -16.8379466, 28.2503561 ], [ -16.8380238, 28.2501403 ], [ -16.8380472, 28.250082 ], [ -16.8380751, 28.2500252 ], [ -16.8381654, 28.2498571 ], [ -16.8381784, 28.2497903 ], [ -16.8381899, 28.2496951 ], [ -16.8382072, 28.2494548 ], [ -16.8382413, 28.2492135 ], [ -16.8382399, 28.249206 ], [ -16.8382303, 28.2491395 ], [ -16.8382264, 28.2490725 ], [ -16.838228, 28.2490054 ], [ -16.8382353, 28.2489387 ], [ -16.8382481, 28.2488726 ], [ -16.8383829, 28.2483061 ], [ -16.8391801, 28.2484962 ], [ -16.8391911, 28.2484732 ], [ -16.8392826, 28.2482826 ], [ -16.8393648, 28.2481048 ], [ -16.8393733, 28.2480889 ], [ -16.8395304, 28.2478257 ], [ -16.8395436, 28.2478065 ], [ -16.8395594, 28.247789 ], [ -16.8397602, 28.2475923 ], [ -16.8399561, 28.2473908 ], [ -16.8400577, 28.2472866 ], [ -16.8402497, 28.2470872 ], [ -16.8402677, 28.2470707 ], [ -16.840288, 28.2470564 ], [ -16.8405061, 28.2469214 ], [ -16.8405859, 28.2468711 ], [ -16.8406914, 28.2468036 ], [ -16.8407635, 28.2466952 ], [ -16.8408164, 28.2464495 ], [ -16.8408254, 28.2464207 ], [ -16.8408398, 28.2463936 ], [ -16.840859, 28.2463689 ], [ -16.8408825, 28.2463474 ], [ -16.8409097, 28.2463296 ], [ -16.8409399, 28.2463161 ], [ -16.8409721, 28.2463072 ], [ -16.8411729, 28.2462675 ], [ -16.8412022, 28.2462129 ], [ -16.8412165, 28.2461906 ], [ -16.8412342, 28.2461703 ], [ -16.841255, 28.2461525 ], [ -16.8412784, 28.2461374 ], [ -16.841556, 28.2459841 ], [ -16.8417708, 28.2458073 ], [ -16.8418369, 28.2456968 ], [ -16.8418515, 28.2456759 ], [ -16.8418693, 28.2456569 ], [ -16.8418898, 28.2456403 ], [ -16.8419126, 28.2456263 ], [ -16.8421234, 28.245515 ], [ -16.8421996, 28.2453967 ], [ -16.8422192, 28.2453716 ], [ -16.8422433, 28.2453497 ], [ -16.8422712, 28.2453318 ], [ -16.8423021, 28.2453182 ], [ -16.8423351, 28.2453095 ], [ -16.8425149, 28.2452764 ], [ -16.8426281, 28.2451103 ], [ -16.8427473, 28.2449306 ], [ -16.842765, 28.244908 ], [ -16.8427863, 28.2448881 ], [ -16.8428108, 28.2448713 ], [ -16.8430353, 28.24474 ], [ -16.843052, 28.2447313 ], [ -16.8430694, 28.244724 ], [ -16.8431967, 28.2446772 ], [ -16.8429099, 28.2445556 ], [ -16.842889, 28.2445453 ], [ -16.8428696, 28.244533 ], [ -16.8428519, 28.2445187 ], [ -16.8424651, 28.244167 ], [ -16.8424479, 28.2441492 ], [ -16.8420859, 28.2437203 ], [ -16.8420684, 28.2436956 ], [ -16.8420556, 28.2436688 ], [ -16.8418883, 28.2432198 ], [ -16.8418597, 28.2432153 ], [ -16.8418321, 28.2432073 ], [ -16.841806, 28.2431958 ], [ -16.8417821, 28.2431812 ], [ -16.8417608, 28.2431638 ], [ -16.8416506, 28.2430597 ], [ -16.8416299, 28.2430366 ], [ -16.8416137, 28.243011 ], [ -16.8416025, 28.2429833 ], [ -16.8415965, 28.2429544 ], [ -16.8415958, 28.242925 ], [ -16.8416006, 28.2428959 ], [ -16.8416721, 28.2426198 ], [ -16.8416819, 28.2425922 ], [ -16.8416966, 28.2425663 ], [ -16.8417157, 28.2425429 ], [ -16.8417389, 28.2425225 ], [ -16.8417654, 28.2425056 ], [ -16.8417946, 28.2424927 ], [ -16.8422531, 28.2423293 ], [ -16.8422854, 28.2423205 ], [ -16.8423189, 28.2423165 ], [ -16.8423527, 28.2423175 ], [ -16.8423859, 28.2423234 ], [ -16.8424175, 28.2423341 ], [ -16.842608, 28.2424151 ], [ -16.8426304, 28.2423919 ], [ -16.8426568, 28.2423723 ], [ -16.8426866, 28.242357 ], [ -16.8426526, 28.2422154 ], [ -16.8426484, 28.2421874 ], [ -16.8426492, 28.2421592 ], [ -16.8426549, 28.2421315 ], [ -16.8426655, 28.2421048 ], [ -16.8426806, 28.24208 ], [ -16.8429121, 28.241762 ], [ -16.8428149, 28.2415623 ], [ -16.8427086, 28.2414946 ], [ -16.8426891, 28.2414805 ], [ -16.8426717, 28.2414643 ], [ -16.8426567, 28.2414464 ], [ -16.8424127, 28.241114 ], [ -16.8422313, 28.2410399 ], [ -16.8422033, 28.2410261 ], [ -16.8421782, 28.2410086 ], [ -16.8421565, 28.2409877 ], [ -16.8421387, 28.2409642 ], [ -16.8421253, 28.2409384 ], [ -16.8421166, 28.2409111 ], [ -16.8421129, 28.240883 ], [ -16.8421142, 28.2408547 ], [ -16.8421205, 28.2408269 ], [ -16.8421316, 28.2408003 ], [ -16.84223, 28.2406118 ], [ -16.842299, 28.2404035 ], [ -16.8423098, 28.2403782 ], [ -16.8423247, 28.2403546 ], [ -16.8423434, 28.2403333 ], [ -16.8423655, 28.2403146 ], [ -16.8423905, 28.2402991 ], [ -16.8426536, 28.2401607 ], [ -16.8426808, 28.2401487 ], [ -16.8427097, 28.2401404 ], [ -16.8427397, 28.2401361 ], [ -16.84277, 28.2401357 ], [ -16.8434914, 28.2401742 ], [ -16.8444415, 28.2400649 ], [ -16.8448014, 28.2400452 ], [ -16.8448335, 28.2400456 ], [ -16.8448652, 28.2400506 ], [ -16.8451271, 28.2401108 ] ] } },
{ "type": "Feature", "properties": { "Layer": "0805DPMT", "IDTRAMO": 38063.0, "Provincia": "Santa Cruz de Tenerife", "Referencia": "DL-103-TF", "TM": "Adeje (Tenerife)", "Estado": "A", "OM": "2005-05-13", "Sit_Admin": "Aprobado (O.M. 13/05/2005)", "Tipo_Linea": "Límite SP aprobada", "Label": "DL-103-TF (O.M. 13/05/2005)", "ID_SEGMENT": "38063002", "FIGURA": null, "Shape_Leng": 0.0, "VERTICES": "SI" }, "geometry": { "type": "LineString", "coordinates": [ [ -16.7811403, 28.1265825 ], [ -16.7811351, 28.1265782 ], [ -16.78113, 28.1265737 ], [ -16.7811252, 28.1265691 ], [ -16.7811205, 28.1265643 ], [ -16.7811161, 28.1265593 ], [ -16.7811118, 28.1265543 ], [ -16.7811077, 28.1265491 ], [ -16.7811039, 28.1265437 ], [ -16.7811003, 28.1265383 ], [ -16.7810968, 28.1265327 ], [ -16.7810936, 28.1265271 ], [ -16.7810907, 28.1265213 ], [ -16.7810879, 28.1265155 ], [ -16.7810854, 28.1265096 ], [ -16.7810831, 28.1265036 ], [ -16.7808658, 28.1258972 ], [ -16.7807527, 28.1257782 ], [ -16.7799966, 28.1261031 ], [ -16.7799386, 28.1260421 ], [ -16.7798275, 28.1259544 ], [ -16.7798021, 28.1259336 ], [ -16.7797775, 28.1259121 ], [ -16.7797538, 28.1258899 ], [ -16.7797309, 28.125867 ], [ -16.7797089, 28.1258434 ], [ -16.7796879, 28.1258192 ], [ -16.7796677, 28.1257943 ], [ -16.7796485, 28.1257689 ], [ -16.7796304, 28.1257429 ], [ -16.7796132, 28.1257163 ], [ -16.7794743, 28.1254932 ], [ -16.7794578, 28.1254655 ], [ -16.7794423, 28.1254373 ], [ -16.779428, 28.1254087 ], [ -16.7794148, 28.1253796 ], [ -16.7794028, 28.1253502 ], [ -16.7793919, 28.1253204 ], [ -16.7793822, 28.1252903 ], [ -16.7793737, 28.1252599 ], [ -16.7793663, 28.1252292 ], [ -16.7793602, 28.1251984 ], [ -16.7793553, 28.1251674 ], [ -16.7793516, 28.1251362 ], [ -16.7793491, 28.125105 ], [ -16.7793479, 28.1250737 ], [ -16.7793478, 28.1250424 ], [ -16.779349, 28.1250111 ], [ -16.7793515, 28.1249798 ], [ -16.7793551, 28.1249487 ], [ -16.77936, 28.1249176 ], [ -16.779366, 28.1248868 ], [ -16.779441, 28.1245414 ], [ -16.7794071, 28.1245374 ], [ -16.7793734, 28.1245323 ], [ -16.7793399, 28.1245262 ], [ -16.7793067, 28.1245192 ], [ -16.7792738, 28.1245111 ], [ -16.7792411, 28.1245021 ], [ -16.7792089, 28.1244921 ], [ -16.779177, 28.1244812 ], [ -16.7791456, 28.1244693 ], [ -16.7791146, 28.1244565 ], [ -16.7790841, 28.1244428 ], [ -16.7790542, 28.1244282 ], [ -16.7790248, 28.1244127 ], [ -16.7789961, 28.1243963 ], [ -16.778968, 28.1243791 ], [ -16.7789405, 28.124361 ], [ -16.7789138, 28.1243422 ], [ -16.7788877, 28.1243226 ], [ -16.7788625, 28.1243022 ], [ -16.778838, 28.124281 ], [ -16.7788143, 28.1242592 ], [ -16.7787915, 28.1242366 ], [ -16.7787695, 28.1242134 ], [ -16.778686, 28.1241221 ], [ -16.7788443, 28.1239146 ], [ -16.7789444, 28.123814 ], [ -16.7791265, 28.1237485 ], [ -16.7793201, 28.1236692 ], [ -16.7792319, 28.1235727 ], [ -16.7792276, 28.1235678 ], [ -16.7792235, 28.1235627 ], [ -16.7792195, 28.1235576 ], [ -16.7792158, 28.1235523 ], [ -16.7792123, 28.1235469 ], [ -16.779209, 28.1235414 ], [ -16.7792059, 28.1235358 ], [ -16.779203, 28.1235302 ], [ -16.7792003, 28.1235244 ], [ -16.7791979, 28.1235186 ], [ -16.7791957, 28.1235126 ], [ -16.7791937, 28.1235067 ], [ -16.779192, 28.1235006 ], [ -16.7791905, 28.1234945 ], [ -16.7791892, 28.1234884 ], [ -16.7791882, 28.1234823 ], [ -16.7791874, 28.1234761 ], [ -16.7791869, 28.1234699 ], [ -16.7791866, 28.1234636 ], [ -16.7791865, 28.1234574 ], [ -16.7791867, 28.1234512 ], [ -16.7791872, 28.123445 ], [ -16.7791878, 28.1234388 ], [ -16.7791887, 28.1234326 ], [ -16.7791899, 28.1234264 ], [ -16.7791913, 28.1234203 ], [ -16.7791929, 28.1234143 ], [ -16.7791948, 28.1234083 ], [ -16.7791969, 28.1234023 ], [ -16.7791992, 28.1233965 ], [ -16.7792017, 28.1233906 ], [ -16.7792045, 28.1233849 ], [ -16.7792075, 28.1233793 ], [ -16.7792107, 28.1233738 ], [ -16.7792141, 28.1233683 ], [ -16.7792178, 28.123363 ], [ -16.7792216, 28.1233578 ], [ -16.7792257, 28.1233527 ], [ -16.7792299, 28.1233477 ], [ -16.7792343, 28.1233429 ], [ -16.7792389, 28.1233382 ], [ -16.7792437, 28.1233336 ], [ -16.7794764, 28.1231202 ], [ -16.7796016, 28.1228918 ], [ -16.7796872, 28.122688 ], [ -16.7796239, 28.122596 ], [ -16.7792882, 28.1227733 ], [ -16.7792822, 28.1227764 ], [ -16.7792761, 28.1227792 ], [ -16.7792699, 28.1227819 ], [ -16.7792636, 28.1227844 ], [ -16.7792572, 28.1227867 ], [ -16.7792507, 28.1227888 ], [ -16.7792441, 28.1227907 ], [ -16.7792374, 28.1227924 ], [ -16.7792307, 28.122794 ], [ -16.779224, 28.1227953 ], [ -16.7792172, 28.1227964 ], [ -16.7792103, 28.1227973 ], [ -16.7792035, 28.1227979 ], [ -16.7791966, 28.1227984 ], [ -16.7791896, 28.1227987 ], [ -16.7791827, 28.1227988 ], [ -16.7791758, 28.1227986 ], [ -16.7791689, 28.1227983 ], [ -16.779162, 28.1227977 ], [ -16.7791552, 28.1227969 ], [ -16.7791483, 28.122796 ], [ -16.7791415, 28.1227948 ], [ -16.7791348, 28.1227934 ], [ -16.7791281, 28.1227918 ], [ -16.7791215, 28.12279 ], [ -16.7791149, 28.1227881 ], [ -16.7791085, 28.1227859 ], [ -16.7791021, 28.1227835 ], [ -16.7790958, 28.1227809 ], [ -16.7790896, 28.1227782 ], [ -16.7790836, 28.1227753 ], [ -16.7790776, 28.1227721 ], [ -16.7790718, 28.1227688 ], [ -16.7788818, 28.1226575 ], [ -16.778876, 28.122654 ], [ -16.7788704, 28.1226503 ], [ -16.7788649, 28.1226465 ], [ -16.7788596, 28.1226425 ], [ -16.7788544, 28.1226383 ], [ -16.7788494, 28.122634 ], [ -16.7788446, 28.1226295 ], [ -16.77884, 28.1226249 ], [ -16.7788355, 28.1226201 ], [ -16.7788312, 28.1226152 ], [ -16.7788271, 28.1226102 ], [ -16.7788232, 28.122605 ], [ -16.7788195, 28.1225998 ], [ -16.778816, 28.1225944 ], [ -16.7788127, 28.1225889 ], [ -16.7788097, 28.1225834 ], [ -16.7788068, 28.1225777 ], [ -16.7788042, 28.122572 ], [ -16.7788018, 28.1225661 ], [ -16.7787996, 28.1225603 ], [ -16.7787976, 28.1225543 ], [ -16.7787959, 28.1225483 ], [ -16.7787944, 28.1225422 ], [ -16.7787932, 28.1225361 ], [ -16.7787922, 28.12253 ], [ -16.7787914, 28.1225239 ], [ -16.7787909, 28.1225177 ], [ -16.7787906, 28.1225115 ], [ -16.7787905, 28.1225053 ], [ -16.7787907, 28.1224991 ], [ -16.7787911, 28.1224929 ], [ -16.7787918, 28.1224867 ], [ -16.7787927, 28.1224806 ], [ -16.7787938, 28.1224745 ], [ -16.7787952, 28.1224684 ], [ -16.7787968, 28.1224624 ], [ -16.7787987, 28.1224564 ], [ -16.7788007, 28.1224505 ], [ -16.778803, 28.1224446 ], [ -16.7788056, 28.1224388 ], [ -16.7788083, 28.1224331 ], [ -16.7788113, 28.1224275 ], [ -16.7788145, 28.122422 ], [ -16.7788179, 28.1224166 ], [ -16.7788215, 28.1224113 ], [ -16.7788253, 28.1224061 ], [ -16.7788293, 28.122401 ], [ -16.7788335, 28.1223961 ], [ -16.7791262, 28.1220629 ], [ -16.7786755, 28.122152 ], [ -16.7786688, 28.1221532 ], [ -16.7786622, 28.1221542 ], [ -16.7786555, 28.1221551 ], [ -16.7786487, 28.1221557 ], [ -16.778642, 28.1221561 ], [ -16.7786352, 28.1221563 ], [ -16.7786284, 28.1221563 ], [ -16.7786217, 28.1221562 ], [ -16.7786149, 28.1221558 ], [ -16.7786082, 28.1221552 ], [ -16.7786015, 28.1221544 ], [ -16.7785948, 28.1221534 ], [ -16.7785882, 28.1221523 ], [ -16.7785816, 28.1221509 ], [ -16.7782646, 28.1220803 ], [ -16.7781156, 28.1221499 ], [ -16.7776243, 28.1223234 ], [ -16.7776177, 28.1223257 ], [ -16.777611, 28.1223277 ], [ -16.7776043, 28.1223295 ], [ -16.7775974, 28.1223311 ], [ -16.7775906, 28.1223324 ], [ -16.7775836, 28.1223336 ], [ -16.7775767, 28.1223346 ], [ -16.7775697, 28.1223353 ], [ -16.7775627, 28.1223358 ], [ -16.7775556, 28.1223362 ], [ -16.7775486, 28.1223363 ], [ -16.7775415, 28.1223361 ], [ -16.7775345, 28.1223358 ], [ -16.7775275, 28.1223353 ], [ -16.7775205, 28.1223345 ], [ -16.7775135, 28.1223335 ], [ -16.7775066, 28.1223323 ], [ -16.7774997, 28.1223309 ], [ -16.7774929, 28.1223293 ], [ -16.7774862, 28.1223275 ], [ -16.7774795, 28.1223254 ], [ -16.7774729, 28.1223232 ], [ -16.7774664, 28.1223208 ], [ -16.77746, 28.1223181 ], [ -16.7774264, 28.122334 ], [ -16.7773825, 28.122368 ], [ -16.7773508, 28.12242 ], [ -16.7773438, 28.1225112 ], [ -16.777316, 28.1225906 ], [ -16.77727, 28.1227172 ], [ -16.7772098, 28.1227969 ], [ -16.7771372, 28.1228617 ], [ -16.7770743, 28.1228853 ], [ -16.7770092, 28.1228921 ], [ -16.7769894, 28.1229096 ], [ -16.7769613, 28.1228926 ], [ -16.7769339, 28.1228748 ], [ -16.7769072, 28.1228562 ], [ -16.7768812, 28.1228369 ], [ -16.776856, 28.1228167 ], [ -16.7768315, 28.1227959 ], [ -16.7768078, 28.1227743 ], [ -16.776785, 28.1227521 ], [ -16.776763, 28.1227291 ], [ -16.7767418, 28.1227056 ], [ -16.7768386, 28.1226901 ], [ -16.7769018, 28.122687 ], [ -16.7769716, 28.1226583 ], [ -16.7770309, 28.1226097 ], [ -16.7770833, 28.1225408 ], [ -16.7771252, 28.1224893 ], [ -16.7771499, 28.122419 ], [ -16.7771592, 28.1223205 ], [ -16.777164, 28.1222381 ], [ -16.7771855, 28.1221629 ], [ -16.7772159, 28.1221127 ], [ -16.7772429, 28.1220849 ], [ -16.7772712, 28.1220611 ], [ -16.7771859, 28.1219045 ], [ -16.7771829, 28.1218988 ], [ -16.7771802, 28.121893 ], [ -16.7771777, 28.1218871 ], [ -16.7771754, 28.1218812 ], [ -16.7771733, 28.1218751 ], [ -16.7771715, 28.1218691 ], [ -16.77717, 28.1218629 ], [ -16.7771686, 28.1218567 ], [ -16.7771675, 28.1218505 ], [ -16.7771667, 28.1218443 ], [ -16.7771661, 28.121838 ], [ -16.7771658, 28.1218317 ], [ -16.7771657, 28.1218254 ], [ -16.7771658, 28.1218191 ], [ -16.7771662, 28.1218129 ], [ -16.7771668, 28.1218066 ], [ -16.7771677, 28.1218004 ], [ -16.7771688, 28.1217941 ], [ -16.7771702, 28.121788 ], [ -16.7771718, 28.1217818 ], [ -16.7771737, 28.1217758 ], [ -16.7771758, 28.1217698 ], [ -16.7771781, 28.1217638 ], [ -16.7771807, 28.1217579 ], [ -16.7771835, 28.1217522 ], [ -16.7771865, 28.1217465 ], [ -16.7771897, 28.1217409 ], [ -16.7771932, 28.1217354 ], [ -16.7771969, 28.12173 ], [ -16.7772007, 28.1217247 ], [ -16.7772048, 28.1217196 ], [ -16.7772091, 28.1217146 ], [ -16.7772136, 28.1217097 ], [ -16.7772183, 28.1217049 ], [ -16.7774042, 28.1215227 ], [ -16.7774013, 28.1214871 ], [ -16.7774009, 28.121481 ], [ -16.7774008, 28.1214749 ], [ -16.7774009, 28.1214688 ], [ -16.7774012, 28.1214628 ], [ -16.7774017, 28.1214567 ], [ -16.7774025, 28.1214506 ], [ -16.7774035, 28.1214446 ], [ -16.7774048, 28.1214386 ], [ -16.7774062, 28.1214327 ], [ -16.7774079, 28.1214268 ], [ -16.7774098, 28.1214209 ], [ -16.777412, 28.1214151 ], [ -16.7774143, 28.1214094 ], [ -16.7774169, 28.1214037 ], [ -16.7774197, 28.1213982 ], [ -16.7774227, 28.1213927 ], [ -16.7774259, 28.1213873 ], [ -16.7774293, 28.121382 ], [ -16.7774329, 28.1213768 ], [ -16.7774367, 28.1213717 ], [ -16.7774407, 28.1213668 ], [ -16.7774448, 28.1213619 ], [ -16.7774492, 28.1213572 ], [ -16.7774537, 28.1213527 ], [ -16.7774584, 28.1213482 ], [ -16.7776276, 28.1211941 ], [ -16.7776325, 28.1211898 ], [ -16.7776375, 28.1211856 ], [ -16.7776427, 28.1211816 ], [ -16.777648, 28.1211778 ], [ -16.7776535, 28.1211742 ], [ -16.7776591, 28.1211707 ], [ -16.7776648, 28.1211673 ], [ -16.7776707, 28.1211642 ], [ -16.7779207, 28.1210344 ], [ -16.7779269, 28.1210313 ], [ -16.7779332, 28.1210284 ], [ -16.7779396, 28.1210257 ], [ -16.7779461, 28.1210232 ], [ -16.7779527, 28.1210209 ], [ -16.7779594, 28.1210188 ], [ -16.7779662, 28.121017 ], [ -16.777973, 28.1210153 ], [ -16.7779799, 28.1210138 ], [ -16.7779869, 28.1210126 ], [ -16.7779939, 28.1210116 ], [ -16.7780009, 28.1210108 ], [ -16.778008, 28.1210102 ], [ -16.7780151, 28.1210098 ], [ -16.7780222, 28.1210097 ], [ -16.7782541, 28.1210083 ], [ -16.7784723, 28.1209427 ], [ -16.7785935, 28.1208299 ], [ -16.7786577, 28.1206326 ], [ -16.7786375, 28.1204759 ], [ -16.7784333, 28.1201057 ], [ -16.7783102, 28.1199988 ], [ -16.7781697, 28.119979 ], [ -16.7779748, 28.120009 ], [ -16.7777547, 28.1201708 ], [ -16.7777493, 28.1201747 ], [ -16.7777437, 28.1201784 ], [ -16.777738, 28.1201819 ], [ -16.7777322, 28.1201852 ], [ -16.7777262, 28.1201884 ], [ -16.7777201, 28.1201914 ], [ -16.7777139, 28.1201942 ], [ -16.7777076, 28.1201968 ], [ -16.7777012, 28.1201992 ], [ -16.7776947, 28.1202014 ], [ -16.7776881, 28.1202034 ], [ -16.7776815, 28.1202053 ], [ -16.7776748, 28.1202069 ], [ -16.777668, 28.1202083 ], [ -16.7776612, 28.1202095 ], [ -16.7776543, 28.1202105 ], [ -16.7776474, 28.1202113 ], [ -16.7776405, 28.1202119 ], [ -16.7776336, 28.1202122 ], [ -16.7776266, 28.1202124 ], [ -16.7776197, 28.1202124 ], [ -16.7776127, 28.1202121 ], [ -16.7776058, 28.1202116 ], [ -16.7775989, 28.120211 ], [ -16.777592, 28.1202101 ], [ -16.7775852, 28.120209 ], [ -16.7775784, 28.1202077 ], [ -16.7775716, 28.1202062 ], [ -16.7775649, 28.1202045 ], [ -16.7775583, 28.1202025 ], [ -16.7775518, 28.1202004 ], [ -16.7775453, 28.1201981 ], [ -16.777385, 28.1201379 ], [ -16.7773786, 28.1201354 ], [ -16.7773724, 28.1201327 ], [ -16.7773662, 28.1201298 ], [ -16.7773601, 28.1201267 ], [ -16.7773541, 28.1201234 ], [ -16.7773483, 28.12012 ], [ -16.7773426, 28.1201164 ], [ -16.7773371, 28.1201126 ], [ -16.7773317, 28.1201086 ], [ -16.7773265, 28.1201045 ], [ -16.7773214, 28.1201002 ], [ -16.7773165, 28.1200957 ], [ -16.7773118, 28.1200912 ], [ -16.7773073, 28.1200864 ], [ -16.7773029, 28.1200816 ], [ -16.7772987, 28.1200766 ], [ -16.7772948, 28.1200715 ], [ -16.777291, 28.1200662 ], [ -16.7772874, 28.1200609 ], [ -16.7772841, 28.1200554 ], [ -16.7772809, 28.1200499 ], [ -16.777278, 28.1200442 ], [ -16.7772753, 28.1200385 ], [ -16.7772728, 28.1200327 ], [ -16.7772706, 28.1200268 ], [ -16.7772686, 28.1200209 ], [ -16.7772668, 28.1200149 ], [ -16.7772652, 28.1200088 ], [ -16.7772639, 28.1200027 ], [ -16.7772628, 28.1199966 ], [ -16.777262, 28.1199904 ], [ -16.7772614, 28.1199842 ], [ -16.777261, 28.119978 ], [ -16.7772609, 28.1199718 ], [ -16.777261, 28.1199656 ], [ -16.7772614, 28.1199594 ], [ -16.777262, 28.1199532 ], [ -16.7772628, 28.1199471 ], [ -16.7772639, 28.1199409 ], [ -16.777264, 28.1199402 ], [ -16.7772106, 28.1199127 ], [ -16.7771263, 28.1198694 ], [ -16.7769925, 28.1198511 ], [ -16.7765402, 28.1200037 ], [ -16.7765339, 28.1200057 ], [ -16.7765275, 28.1200076 ], [ -16.7765211, 28.1200092 ], [ -16.7765146, 28.1200107 ], [ -16.7765081, 28.1200119 ], [ -16.7765015, 28.120013 ], [ -16.7764949, 28.1200139 ], [ -16.7764883, 28.1200146 ], [ -16.7764816, 28.1200151 ], [ -16.7764749, 28.1200154 ], [ -16.7764682, 28.1200155 ], [ -16.7764615, 28.1200154 ], [ -16.7759321, 28.120001 ], [ -16.7759251, 28.1200007 ], [ -16.7759182, 28.1200002 ], [ -16.7759113, 28.1199995 ], [ -16.7759045, 28.1199986 ], [ -16.7758976, 28.1199974 ], [ -16.7758909, 28.1199961 ], [ -16.7758841, 28.1199946 ], [ -16.7758775, 28.1199928 ], [ -16.7758709, 28.1199909 ], [ -16.7758644, 28.1199887 ], [ -16.7758579, 28.1199864 ], [ -16.7758516, 28.1199839 ], [ -16.7758454, 28.1199812 ], [ -16.7758392, 28.1199783 ], [ -16.7758332, 28.1199752 ], [ -16.7753364, 28.1197096 ], [ -16.7753304, 28.1197063 ], [ -16.7753246, 28.1197028 ], [ -16.7753189, 28.1196991 ], [ -16.7753134, 28.1196953 ], [ -16.775308, 28.1196913 ], [ -16.7753028, 28.1196871 ], [ -16.7752977, 28.1196828 ], [ -16.7752928, 28.1196783 ], [ -16.7752881, 28.1196737 ], [ -16.7752836, 28.1196689 ], [ -16.7752792, 28.119664 ], [ -16.7752751, 28.119659 ], [ -16.7752711, 28.1196538 ], [ -16.7752674, 28.1196485 ], [ -16.7752639, 28.1196432 ], [ -16.7752605, 28.1196377 ], [ -16.7752574, 28.1196321 ], [ -16.7752545, 28.1196264 ], [ -16.7752519, 28.1196206 ], [ -16.7752494, 28.1196148 ], [ -16.7752472, 28.1196089 ], [ -16.7752452, 28.1196029 ], [ -16.7752435, 28.1195968 ], [ -16.775242, 28.1195908 ], [ -16.7752407, 28.1195846 ], [ -16.7752397, 28.1195785 ], [ -16.7752389, 28.1195723 ], [ -16.7752383, 28.1195661 ], [ -16.775238, 28.1195598 ], [ -16.7752379, 28.1195536 ], [ -16.7752381, 28.1195474 ], [ -16.7752385, 28.1195411 ], [ -16.7752392, 28.1195349 ], [ -16.7752401, 28.1195288 ], [ -16.7752413, 28.1195226 ], [ -16.7752426, 28.1195165 ], [ -16.7752443, 28.1195104 ], [ -16.7752461, 28.1195044 ], [ -16.7752482, 28.1194985 ], [ -16.7752505, 28.1194926 ], [ -16.7752531, 28.1194868 ], [ -16.7752558, 28.119481 ], [ -16.7752588, 28.1194754 ], [ -16.775262, 28.1194698 ], [ -16.7752655, 28.1194644 ], [ -16.7752691, 28.1194591 ], [ -16.775273, 28.1194538 ], [ -16.7755419, 28.1191017 ], [ -16.7755459, 28.1190966 ], [ -16.7755502, 28.1190916 ], [ -16.7755546, 28.1190868 ], [ -16.7755593, 28.1190821 ], [ -16.7755641, 28.1190775 ], [ -16.7755691, 28.1190731 ], [ -16.7755743, 28.1190688 ], [ -16.7755796, 28.1190647 ], [ -16.7755851, 28.1190607 ], [ -16.7755907, 28.119057 ], [ -16.7755965, 28.1190534 ], [ -16.7756024, 28.11905 ], [ -16.7756084, 28.1190467 ], [ -16.7756146, 28.1190437 ], [ -16.7756209, 28.1190409 ], [ -16.7756273, 28.1190382 ], [ -16.7756338, 28.1190357 ], [ -16.7756404, 28.1190335 ], [ -16.775647, 28.1190314 ], [ -16.7756538, 28.1190296 ], [ -16.7756606, 28.119028 ], [ -16.7756675, 28.1190265 ], [ -16.7756744, 28.1190253 ], [ -16.7756814, 28.1190243 ], [ -16.7756884, 28.1190235 ], [ -16.7756954, 28.119023 ], [ -16.7757024, 28.1190226 ], [ -16.7757713, 28.1190202 ], [ -16.7763271, 28.1188032 ], [ -16.7763974, 28.1187481 ], [ -16.776447, 28.1186663 ], [ -16.7764135, 28.1184862 ], [ -16.7764313, 28.1183289 ], [ -16.7764817, 28.1181571 ], [ -16.7765355, 28.1179997 ], [ -16.7763813, 28.1179048 ], [ -16.7760379, 28.1181264 ], [ -16.7755101, 28.1183779 ], [ -16.774485, 28.118818 ], [ -16.7743046, 28.1189918 ], [ -16.7736045, 28.1194903 ], [ -16.773574, 28.1194774 ], [ -16.773544, 28.1194635 ], [ -16.7735145, 28.1194488 ], [ -16.7734856, 28.1194333 ], [ -16.7734573, 28.1194168 ], [ -16.7734296, 28.1193996 ], [ -16.7734026, 28.1193815 ], [ -16.7733763, 28.1193627 ], [ -16.7733507, 28.1193431 ], [ -16.7733258, 28.1193227 ], [ -16.7733017, 28.1193017 ], [ -16.7732785, 28.1192799 ], [ -16.773256, 28.1192575 ], [ -16.7732344, 28.1192344 ], [ -16.7732137, 28.1192107 ], [ -16.7731939, 28.1191864 ], [ -16.773175, 28.1191615 ], [ -16.7731571, 28.1191361 ], [ -16.7732963, 28.1189597 ], [ -16.7733359, 28.118887 ], [ -16.7734957, 28.1187045 ], [ -16.7738079, 28.1185019 ], [ -16.7738462, 28.1184493 ], [ -16.7738622, 28.1182886 ], [ -16.7738864, 28.1178864 ], [ -16.7738869, 28.1178802 ], [ -16.7738877, 28.117874 ], [ -16.7738886, 28.1178678 ], [ -16.7738899, 28.1178617 ], [ -16.7738913, 28.1178556 ], [ -16.773893, 28.1178495 ], [ -16.7738949, 28.1178435 ], [ -16.7738971, 28.1178376 ], [ -16.7738995, 28.1178317 ], [ -16.7739021, 28.1178259 ], [ -16.773905, 28.1178202 ], [ -16.7739081, 28.1178146 ], [ -16.7739113, 28.117809 ], [ -16.7739148, 28.1178036 ], [ -16.7739186, 28.1177983 ], [ -16.7739225, 28.1177931 ], [ -16.7739266, 28.1177881 ], [ -16.7739309, 28.1177831 ], [ -16.7739354, 28.1177783 ], [ -16.7739401, 28.1177737 ], [ -16.7739449, 28.1177691 ], [ -16.77395, 28.1177648 ], [ -16.7739552, 28.1177606 ], [ -16.7739605, 28.1177565 ], [ -16.7739661, 28.1177527 ], [ -16.7741297, 28.1176418 ], [ -16.7741285, 28.1175682 ], [ -16.7740748, 28.1173974 ], [ -16.774033, 28.1173348 ], [ -16.773847, 28.1171657 ], [ -16.7737854, 28.1171304 ], [ -16.773595, 28.1170273 ], [ -16.7735495, 28.1170365 ], [ -16.7735426, 28.1170378 ], [ -16.7735357, 28.1170389 ], [ -16.7735287, 28.1170398 ], [ -16.7735217, 28.1170404 ], [ -16.7735147, 28.1170409 ], [ -16.7735077, 28.1170411 ], [ -16.7735007, 28.1170411 ], [ -16.7734936, 28.1170409 ], [ -16.7734866, 28.1170405 ], [ -16.7734796, 28.1170398 ], [ -16.7734727, 28.117039 ], [ -16.7734657, 28.1170379 ], [ -16.7734589, 28.1170366 ], [ -16.773452, 28.1170351 ], [ -16.7734453, 28.1170334 ], [ -16.7734386, 28.1170315 ], [ -16.7734283, 28.1170809 ], [ -16.7728455, 28.1175488 ], [ -16.7728193, 28.1175283 ], [ -16.7727938, 28.1175071 ], [ -16.7727692, 28.1174851 ], [ -16.7727454, 28.1174623 ], [ -16.7727226, 28.1174389 ], [ -16.7727006, 28.1174147 ], [ -16.7726797, 28.1173899 ], [ -16.7726596, 28.1173645 ], [ -16.7726406, 28.1173385 ], [ -16.7726226, 28.1173119 ], [ -16.7726056, 28.1172848 ], [ -16.7725897, 28.1172572 ], [ -16.7725749, 28.1172292 ], [ -16.7725209, 28.1171222 ], [ -16.772507, 28.1170933 ], [ -16.7724943, 28.117064 ], [ -16.7724827, 28.1170344 ], [ -16.7724723, 28.1170044 ], [ -16.772463, 28.116974 ], [ -16.772455, 28.1169435 ], [ -16.7724481, 28.1169127 ], [ -16.7724425, 28.1168817 ], [ -16.7724381, 28.1168505 ], [ -16.7724349, 28.1168192 ], [ -16.7724329, 28.1167879 ], [ -16.7724322, 28.1167565 ], [ -16.7724327, 28.1167251 ], [ -16.7724344, 28.1166937 ], [ -16.7724374, 28.1166625 ], [ -16.7724416, 28.1166313 ], [ -16.772447, 28.1166003 ], [ -16.7724536, 28.1165694 ], [ -16.7724615, 28.1165388 ], [ -16.7724438, 28.1165162 ], [ -16.7724269, 28.1164931 ], [ -16.7724108, 28.1164696 ], [ -16.7723956, 28.1164456 ], [ -16.7723812, 28.1164213 ], [ -16.7723676, 28.1163965 ], [ -16.772355, 28.1163714 ], [ -16.7723224, 28.116359 ], [ -16.7722903, 28.1163456 ], [ -16.7722588, 28.1163312 ], [ -16.7722279, 28.1163158 ], [ -16.7721976, 28.1162995 ], [ -16.7721679, 28.1162823 ], [ -16.772139, 28.1162641 ], [ -16.7721107, 28.1162451 ], [ -16.7720833, 28.1162252 ], [ -16.7720566, 28.1162045 ], [ -16.7720308, 28.1161829 ], [ -16.7720058, 28.1161606 ], [ -16.7719817, 28.1161376 ], [ -16.7719586, 28.1161137 ], [ -16.7719364, 28.1160892 ], [ -16.7719151, 28.1160641 ], [ -16.7718949, 28.1160382 ], [ -16.7718757, 28.1160118 ], [ -16.7718575, 28.1159848 ], [ -16.7718405, 28.1159573 ], [ -16.7718245, 28.1159292 ], [ -16.7718096, 28.1159007 ], [ -16.7717958, 28.1158717 ], [ -16.7717832, 28.1158423 ], [ -16.7717718, 28.1158125 ], [ -16.7717615, 28.1157825 ], [ -16.7717525, 28.1157521 ], [ -16.7717446, 28.1157214 ], [ -16.7717379, 28.1156905 ], [ -16.7717325, 28.1156595 ], [ -16.7717283, 28.1156283 ], [ -16.7717253, 28.1155969 ], [ -16.7717235, 28.1155655 ], [ -16.771723, 28.1155341 ], [ -16.7717237, 28.1155027 ], [ -16.7717256, 28.1154713 ], [ -16.7717288, 28.11544 ], [ -16.7717332, 28.1154088 ], [ -16.7717388, 28.1153777 ], [ -16.7717457, 28.1153469 ], [ -16.7717537, 28.1153163 ], [ -16.771763, 28.1152859 ], [ -16.7717734, 28.1152559 ], [ -16.771785, 28.1152262 ], [ -16.7717978, 28.1151968 ], [ -16.7718117, 28.1151679 ], [ -16.7718267, 28.1151395 ], [ -16.7718429, 28.1151115 ], [ -16.7718601, 28.115084 ], [ -16.7718784, 28.1150571 ], [ -16.7718978, 28.1150307 ], [ -16.7719182, 28.115005 ], [ -16.7719395, 28.1149799 ], [ -16.7719619, 28.1149555 ], [ -16.7719852, 28.1149318 ], [ -16.7720094, 28.1149089 ], [ -16.7720494, 28.1148722 ], [ -16.7720468, 28.1144546 ], [ -16.7718233, 28.1140535 ], [ -16.7717886, 28.1140568 ], [ -16.7717538, 28.114059 ], [ -16.771719, 28.1140602 ], [ -16.7716841, 28.1140603 ], [ -16.7716493, 28.1140593 ], [ -16.7716145, 28.1140573 ], [ -16.7715798, 28.1140543 ], [ -16.7715452, 28.1140501 ], [ -16.7715108, 28.114045 ], [ -16.7714766, 28.1140388 ], [ -16.7714427, 28.1140316 ], [ -16.7714091, 28.1140233 ], [ -16.7713759, 28.114014 ], [ -16.771343, 28.1140037 ], [ -16.7713105, 28.1139925 ], [ -16.7710317, 28.1138907 ], [ -16.770998, 28.1139077 ] ] } },
{ "type": "Feature", "properties": { "Layer": "0805DPMT", "IDTRAMO": 38057.0, "Provincia": "Santa Cruz de Tenerife", "Referencia": "DL-105-TF", "TM": "Adeje (Tenerife)", "Estado": "A", "OM": "2006-09-22", "Sit_Admin": "Aprobado (O.M. 22/09/2006)", "Tipo_Linea": "Límite SP aprobada", "Label": "DL-105-TF (O.M. 22/09/2006)", "ID_SEGMENT": "38057004", "FIGURA": null, "Shape_Leng": 0.0, "VERTICES": "SI" }, "geometry": { "type": "LineString", "coordinates": [ [ -16.733097, 28.0735586 ], [ -16.7330954, 28.0735818 ], [ -16.7330972, 28.073605 ], [ -16.7331122, 28.0737058 ], [ -16.7331182, 28.0737314 ], [ -16.7331283, 28.073756 ], [ -16.7331424, 28.073779 ], [ -16.73316, 28.0738 ], [ -16.7331808, 28.0738186 ], [ -16.7332202, 28.0738487 ], [ -16.7332249, 28.0738605 ], [ -16.7332379, 28.0739096 ], [ -16.7332468, 28.0739349 ], [ -16.7332598, 28.0739587 ], [ -16.7333021, 28.0740238 ], [ -16.7333182, 28.074045 ], [ -16.7333376, 28.0740639 ], [ -16.7333597, 28.0740802 ], [ -16.7333842, 28.0740936 ], [ -16.7334301, 28.0741148 ], [ -16.7334565, 28.074125 ], [ -16.7334843, 28.0741318 ], [ -16.7335129, 28.074135 ], [ -16.7335417, 28.0741347 ], [ -16.7335701, 28.0741307 ], [ -16.7338046, 28.0740825 ], [ -16.7337213, 28.0743349 ], [ -16.7337155, 28.0743577 ], [ -16.7337131, 28.074381 ], [ -16.7337141, 28.0744043 ], [ -16.7337267, 28.0745121 ], [ -16.7337326, 28.0745401 ], [ -16.7337433, 28.0745669 ], [ -16.7337586, 28.0745919 ], [ -16.7337781, 28.0746144 ], [ -16.7338014, 28.0746339 ], [ -16.7338279, 28.07465 ], [ -16.7338568, 28.0746622 ], [ -16.7338876, 28.0746701 ], [ -16.7339194, 28.0746737 ], [ -16.7339514, 28.0746729 ], [ -16.7342219, 28.0746464 ], [ -16.7344022, 28.0747958 ], [ -16.7344299, 28.0748151 ] ] } },
{ "type": "Feature", "properties": { "Layer": "0805DPMT", "IDTRAMO": 38213.0, "Provincia": "Santa Cruz de Tenerife", "Referencia": "DL-116-TF", "TM": "Güímar (Tenerife)", "Estado": "A", "OM": "2012-10-11", "Sit_Admin": "Aprobado (O.M. 11/10/2012)", "Tipo_Linea": "Límite SP aprobada", "Label": "DL-116-TF (O.M. 11/10/2012)", "ID_SEGMENT": "38213002", "FIGURA": null, "Shape_Leng": 0.0, "VERTICES": "SI" }, "geometry": { "type": "LineString", "coordinates": [ [ -16.3957415, 28.2573626 ], [ -16.3957014, 28.257304 ], [ -16.3956563, 28.2572482 ], [ -16.3956066, 28.2571957 ], [ -16.3955526, 28.2571466 ], [ -16.3954945, 28.2571013 ], [ -16.3955705, 28.2570604 ], [ -16.3956422, 28.2570137 ], [ -16.3957091, 28.2569617 ], [ -16.3957706, 28.2569047 ], [ -16.3958262, 28.2568432 ], [ -16.3958755, 28.2567776 ], [ -16.3959183, 28.2567085 ], [ -16.395954, 28.2566363 ], [ -16.3961435, 28.2562029 ], [ -16.3965389, 28.2557853 ], [ -16.3966842, 28.2556582 ], [ -16.3967445, 28.2556007 ], [ -16.3967989, 28.2555387 ], [ -16.396847, 28.2554728 ], [ -16.3968884, 28.2554035 ], [ -16.3969229, 28.2553312 ], [ -16.3969502, 28.2552565 ], [ -16.3969701, 28.25518 ], [ -16.3969823, 28.2551023 ], [ -16.3969869, 28.2550239 ], [ -16.3969838, 28.2549455 ], [ -16.396973, 28.2548676 ], [ -16.3969546, 28.2547908 ], [ -16.3969288, 28.2547158 ], [ -16.3969392, 28.2546787 ], [ -16.3969549, 28.2546128 ], [ -16.3969649, 28.254546 ], [ -16.3969693, 28.2544788 ], [ -16.396968, 28.2544114 ], [ -16.3969288, 28.2537696 ], [ -16.3969722, 28.2537166 ], [ -16.3970113, 28.253661 ], [ -16.3970456, 28.2536029 ], [ -16.397266, 28.2531957 ], [ -16.3973003, 28.2531246 ], [ -16.3973276, 28.2530512 ], [ -16.3973478, 28.252976 ], [ -16.3974369, 28.2525652 ], [ -16.3974486, 28.2524971 ], [ -16.3974545, 28.2524285 ], [ -16.3974544, 28.2523597 ], [ -16.3974484, 28.2522911 ], [ -16.3974896, 28.2522502 ], [ -16.3975389, 28.2521974 ], [ -16.3975836, 28.2521414 ], [ -16.3976233, 28.2520825 ], [ -16.3976579, 28.2520211 ], [ -16.3976871, 28.2519576 ], [ -16.3977107, 28.2518923 ], [ -16.3977423, 28.2518355 ], [ -16.3977693, 28.2517768 ], [ -16.3977916, 28.2517166 ], [ -16.397809, 28.2516552 ], [ -16.397817, 28.2516452 ], [ -16.3980238, 28.2513635 ], [ -16.3980604, 28.2513095 ], [ -16.3981773, 28.2511231 ], [ -16.3982535, 28.2510282 ], [ -16.398295, 28.2509723 ], [ -16.3983317, 28.2509138 ], [ -16.3983634, 28.250853 ], [ -16.3983852, 28.2508014 ], [ -16.3983428, 28.2508376 ], [ -16.3983136, 28.2508629 ], [ -16.3982555, 28.2509135 ], [ -16.3981974, 28.2509641 ], [ -16.3981683, 28.2509894 ], [ -16.3981589, 28.2509974 ], [ -16.3981363, 28.2509834 ], [ -16.397836, 28.2507966 ], [ -16.3975723, 28.2506306 ], [ -16.3975891, 28.2506097 ], [ -16.3975938, 28.2506036 ], [ -16.3976007, 28.2505935 ], [ -16.3976068, 28.2505831 ], [ -16.3976122, 28.2505722 ], [ -16.3976167, 28.2505611 ], [ -16.3976205, 28.2505498 ], [ -16.3976233, 28.2505383 ], [ -16.3976254, 28.2505266 ], [ -16.3976265, 28.2505148 ], [ -16.3976268, 28.250503 ], [ -16.3976262, 28.2504912 ], [ -16.3976248, 28.2504795 ], [ -16.3976224, 28.2504678 ], [ -16.3976192, 28.2504564 ], [ -16.3976152, 28.2504451 ], [ -16.3976104, 28.2504341 ], [ -16.3976047, 28.2504234 ], [ -16.3975983, 28.2504131 ], [ -16.3975969, 28.2504109 ], [ -16.3975588, 28.2503558 ], [ -16.3975642, 28.2503532 ], [ -16.3975707, 28.25035 ], [ -16.3975819, 28.2503436 ], [ -16.3975927, 28.2503366 ], [ -16.3976029, 28.250329 ], [ -16.3976125, 28.2503209 ], [ -16.3976197, 28.250314 ], [ -16.3977724, 28.2501604 ], [ -16.3978662, 28.2500962 ], [ -16.3978675, 28.2500953 ], [ -16.3978777, 28.2500877 ], [ -16.3978873, 28.2500795 ], [ -16.3978963, 28.2500708 ], [ -16.3979047, 28.2500616 ], [ -16.3979123, 28.2500519 ], [ -16.3979192, 28.2500418 ], [ -16.3979254, 28.2500313 ], [ -16.3979307, 28.2500205 ], [ -16.3979353, 28.2500094 ], [ -16.397939, 28.2499981 ], [ -16.3979406, 28.2499922 ], [ -16.3979495, 28.2499564 ], [ -16.3979518, 28.2499533 ], [ -16.3979601, 28.2499607 ], [ -16.3979629, 28.2499632 ], [ -16.3979728, 28.2499712 ], [ -16.3979832, 28.2499786 ], [ -16.3979941, 28.2499854 ], [ -16.3980055, 28.2499915 ], [ -16.3980173, 28.2499969 ], [ -16.3980296, 28.2500017 ], [ -16.3980421, 28.2500057 ], [ -16.3980549, 28.250009 ], [ -16.3980679, 28.2500115 ], [ -16.3980811, 28.2500133 ], [ -16.3980944, 28.2500144 ], [ -16.3981063, 28.2500146 ], [ -16.398522, 28.2500129 ], [ -16.3985234, 28.2500129 ], [ -16.3985367, 28.2500124 ], [ -16.39855, 28.2500111 ], [ -16.3985631, 28.250009 ], [ -16.3985761, 28.2500062 ], [ -16.3985888, 28.2500026 ], [ -16.3986012, 28.2499983 ], [ -16.3986133, 28.2499933 ], [ -16.398625, 28.2499877 ], [ -16.3986362, 28.2499813 ], [ -16.398647, 28.2499743 ], [ -16.3986572, 28.2499667 ], [ -16.3986668, 28.2499585 ], [ -16.3986758, 28.2499498 ], [ -16.3986842, 28.2499406 ], [ -16.3986918, 28.2499309 ], [ -16.3986987, 28.2499208 ], [ -16.3987049, 28.2499103 ], [ -16.3987103, 28.2498995 ], [ -16.3987148, 28.2498884 ], [ -16.3987185, 28.2498771 ], [ -16.3987214, 28.2498656 ], [ -16.3987234, 28.2498539 ], [ -16.3987246, 28.2498421 ], [ -16.3987249, 28.2498303 ], [ -16.3987243, 28.2498185 ], [ -16.3987228, 28.2498068 ], [ -16.3987205, 28.2497951 ], [ -16.3987173, 28.2497837 ], [ -16.3987133, 28.2497724 ], [ -16.3987085, 28.2497614 ], [ -16.3987028, 28.2497507 ], [ -16.3986964, 28.2497403 ], [ -16.3986892, 28.2497304 ], [ -16.3986813, 28.2497209 ], [ -16.3986727, 28.2497118 ], [ -16.3986635, 28.2497033 ], [ -16.3986537, 28.2496953 ], [ -16.398644, 28.2496884 ], [ -16.3984862, 28.2495827 ], [ -16.3986099, 28.2493485 ], [ -16.3986145, 28.2493391 ], [ -16.3986191, 28.249328 ], [ -16.3986228, 28.2493167 ], [ -16.398623, 28.2493162 ], [ -16.3986806, 28.249114 ], [ -16.3986833, 28.249103 ], [ -16.3986853, 28.2490914 ], [ -16.3986865, 28.2490796 ], [ -16.3986867, 28.2490678 ], [ -16.3986862, 28.249056 ], [ -16.3986847, 28.2490442 ], [ -16.3986824, 28.2490326 ], [ -16.3986792, 28.2490211 ], [ -16.3986752, 28.2490099 ], [ -16.3986703, 28.2489989 ], [ -16.3986647, 28.2489882 ], [ -16.3986583, 28.2489778 ], [ -16.3986511, 28.2489679 ], [ -16.3986491, 28.2489655 ], [ -16.3986554, 28.2489645 ], [ -16.3986684, 28.2489616 ], [ -16.3986811, 28.2489581 ], [ -16.3986935, 28.2489538 ], [ -16.3987056, 28.2489488 ], [ -16.3987173, 28.2489431 ], [ -16.3987286, 28.2489368 ], [ -16.3987393, 28.2489298 ], [ -16.3987495, 28.2489222 ], [ -16.3987592, 28.248914 ], [ -16.3987682, 28.2489053 ], [ -16.3987691, 28.2489043 ], [ -16.3988653, 28.2488034 ], [ -16.3988727, 28.2487952 ], [ -16.3988804, 28.2487855 ], [ -16.3988873, 28.2487754 ], [ -16.3988934, 28.2487649 ], [ -16.3988988, 28.2487541 ], [ -16.3989034, 28.248743 ], [ -16.3989071, 28.2487316 ], [ -16.39891, 28.2487201 ], [ -16.398912, 28.2487084 ], [ -16.3989131, 28.2486967 ], [ -16.3989134, 28.2486836 ], [ -16.3989114, 28.248587 ], [ -16.3989239, 28.2485843 ], [ -16.3989366, 28.2485807 ], [ -16.398949, 28.2485764 ], [ -16.3989611, 28.2485714 ], [ -16.3989725, 28.2485659 ], [ -16.3991498, 28.2484732 ], [ -16.3991501, 28.2484731 ], [ -16.3991613, 28.2484667 ], [ -16.3991721, 28.2484597 ], [ -16.3991823, 28.2484521 ], [ -16.3991919, 28.2484439 ], [ -16.3992009, 28.2484352 ], [ -16.3992093, 28.248426 ], [ -16.3992169, 28.2484163 ], [ -16.3992238, 28.2484062 ], [ -16.39923, 28.2483958 ], [ -16.3992353, 28.2483849 ], [ -16.3992399, 28.2483738 ], [ -16.3992436, 28.2483625 ], [ -16.3992465, 28.248351 ], [ -16.3992485, 28.2483393 ], [ -16.3992497, 28.2483275 ], [ -16.3992499, 28.2483157 ], [ -16.3992493, 28.2483039 ], [ -16.3992479, 28.2482922 ], [ -16.3992456, 28.2482805 ], [ -16.3992424, 28.2482691 ], [ -16.3992384, 28.2482578 ], [ -16.3992335, 28.2482468 ], [ -16.3992279, 28.2482361 ], [ -16.3992215, 28.2482257 ], [ -16.3992143, 28.2482158 ], [ -16.3992125, 28.2482135 ], [ -16.399205, 28.2482042 ], [ -16.3992999, 28.2481802 ], [ -16.3993116, 28.2481769 ], [ -16.399324, 28.2481726 ], [ -16.3993361, 28.2481676 ], [ -16.3993478, 28.2481619 ], [ -16.3993591, 28.2481556 ], [ -16.3993698, 28.2481486 ], [ -16.39938, 28.248141 ], [ -16.3993897, 28.2481328 ], [ -16.3993954, 28.2481274 ], [ -16.3994874, 28.2480368 ], [ -16.3996418, 28.2479681 ], [ -16.4001085, 28.2479049 ], [ -16.4001198, 28.2479031 ], [ -16.4001327, 28.2479002 ], [ -16.4001455, 28.2478967 ], [ -16.4001579, 28.2478924 ], [ -16.40017, 28.2478874 ], [ -16.4001817, 28.2478817 ], [ -16.4001929, 28.2478754 ], [ -16.4001949, 28.2478741 ], [ -16.4003299, 28.2477901 ], [ -16.4004997, 28.2477378 ], [ -16.4005005, 28.2477375 ], [ -16.4005129, 28.2477333 ], [ -16.400525, 28.2477283 ], [ -16.4005367, 28.2477226 ], [ -16.400548, 28.2477162 ], [ -16.400555, 28.2477118 ], [ -16.4007906, 28.2475555 ], [ -16.4007943, 28.2475529 ], [ -16.4008046, 28.2475453 ], [ -16.4008142, 28.2475372 ], [ -16.4008232, 28.2475284 ], [ -16.4008256, 28.2475259 ], [ -16.4010487, 28.2472865 ], [ -16.4010753, 28.2472589 ], [ -16.4012262, 28.2473226 ], [ -16.4013081, 28.2473575 ], [ -16.401287, 28.2473776 ], [ -16.4012593, 28.2474041 ], [ -16.401176, 28.2474834 ], [ -16.4011365, 28.2475211 ], [ -16.4011088, 28.2475475 ], [ -16.4010496, 28.247604 ], [ -16.4011259, 28.2475954 ], [ -16.4012066, 28.2475853 ], [ -16.4012458, 28.2475756 ], [ -16.4012851, 28.2475658 ], [ -16.4013243, 28.247556 ], [ -16.4013626, 28.2475438 ], [ -16.4013998, 28.247529 ], [ -16.401437, 28.2475142 ], [ -16.4014874, 28.2474932 ], [ -16.4015217, 28.2474737 ], [ -16.4015903, 28.2474346 ], [ -16.401623, 28.2474133 ], [ -16.4016537, 28.2473895 ], [ -16.401715, 28.2473419 ], [ -16.4017425, 28.2473154 ], [ -16.4017689, 28.2472879 ], [ -16.4017953, 28.2472603 ], [ -16.4018214, 28.2472327 ], [ -16.4018429, 28.247202 ], [ -16.4018859, 28.2471406 ], [ -16.4019217, 28.247076 ], [ -16.4019483, 28.2470226 ], [ -16.4019737, 28.246955 ], [ -16.4019931, 28.2468859 ], [ -16.4020062, 28.2468157 ], [ -16.402013, 28.2467447 ], [ -16.4020135, 28.2466735 ], [ -16.4020076, 28.2466025 ], [ -16.4020407, 28.246538 ], [ -16.402068, 28.2464714 ], [ -16.4020893, 28.2464031 ], [ -16.4021045, 28.2463335 ], [ -16.4021134, 28.246263 ], [ -16.4021161, 28.2461922 ], [ -16.4021126, 28.2461214 ], [ -16.4021027, 28.2460511 ], [ -16.4021454, 28.2459841 ], [ -16.4021815, 28.2459142 ], [ -16.4022108, 28.2458417 ], [ -16.402233, 28.2457674 ], [ -16.4023062, 28.2457395 ], [ -16.4023768, 28.2457066 ], [ -16.4024443, 28.2456689 ], [ -16.4027127, 28.2455057 ], [ -16.402779, 28.2454618 ], [ -16.4028411, 28.2454132 ], [ -16.4028985, 28.2453604 ], [ -16.4029509, 28.2453035 ], [ -16.4033756, 28.2448026 ], [ -16.4034219, 28.2447431 ], [ -16.4034628, 28.2446805 ], [ -16.4034912, 28.2446275 ], [ -16.4034978, 28.2446152 ], [ -16.4035268, 28.2445476 ], [ -16.4035496, 28.2444782 ], [ -16.4035661, 28.2444074 ], [ -16.4035761, 28.2443356 ], [ -16.4036359, 28.2436995 ], [ -16.4036394, 28.2436297 ], [ -16.4036368, 28.2435599 ], [ -16.4036281, 28.2434904 ], [ -16.4036133, 28.2434218 ], [ -16.4035926, 28.2433543 ], [ -16.4035661, 28.2432885 ], [ -16.4034599, 28.2430544 ], [ -16.4034806, 28.2429774 ], [ -16.4034936, 28.242899 ], [ -16.4034988, 28.24282 ], [ -16.4034961, 28.2427408 ], [ -16.4034856, 28.2426622 ], [ -16.4034673, 28.2425847 ], [ -16.4034415, 28.2425089 ] ] } },
{ "type": "Feature", "properties": { "Layer": "0805DPMT", "IDTRAMO": 38193.0, "Provincia": "Santa Cruz de Tenerife", "Referencia": "DL-107-TF (modificación)", "TM": "Candelaria (Tenerife)", "Estado": "A", "OM": "2013-02-25", "Sit_Admin": "Aprobado (O.M. 25/02/2013)", "Tipo_Linea": "Límite SP aprobada", "Label": "DL-107-TF (modificación) (O.M. 25/02/2013)", "ID_SEGMENT": "38193002", "FIGURA": null, "Shape_Leng": 0.0, "VERTICES": "NO" }, "geometry": { "type": "LineString", "coordinates": [ [ -16.3478864, 28.3878652 ], [ -16.3475997, 28.3881607 ], [ -16.3471897, 28.388707 ], [ -16.3468301, 28.3892013 ], [ -16.3463267, 28.3899602 ], [ -16.3459545, 28.3906852 ], [ -16.3458162, 28.3909617 ], [ -16.3458336, 28.3909907 ], [ -16.3458536, 28.3910276 ], [ -16.3459743, 28.3912642 ], [ -16.3459826, 28.3912808 ], [ -16.3460052, 28.3913318 ], [ -16.3460308, 28.391405 ], [ -16.3460494, 28.3914799 ], [ -16.3460607, 28.3915559 ], [ -16.3460647, 28.3916325 ], [ -16.3460613, 28.3917091 ], [ -16.3460505, 28.3917851 ], [ -16.3460326, 28.3918601 ], [ -16.3460074, 28.3919335 ], [ -16.3459754, 28.3920047 ], [ -16.3458441, 28.3922636 ], [ -16.3458045, 28.3923334 ], [ -16.3457582, 28.3924 ], [ -16.3457056, 28.3924628 ], [ -16.345647, 28.3925213 ], [ -16.3455829, 28.3925751 ], [ -16.3455138, 28.3926238 ], [ -16.3454402, 28.392667 ], [ -16.3453626, 28.3927045 ], [ -16.3452817, 28.3927359 ], [ -16.345198, 28.3927609 ], [ -16.3451122, 28.3927795 ], [ -16.3450248, 28.3927914 ], [ -16.3449366, 28.3927966 ], [ -16.3449185, 28.392797 ] ] } },
{ "type": "Feature", "properties": { "Layer": "0805DPMT", "IDTRAMO": 38212.0, "Provincia": "Santa Cruz de Tenerife", "Referencia": "DL-118-TF", "TM": "Güímar (Tenerife)", "Estado": "A", "OM": "2013-06-14", "Sit_Admin": "Aprobado (O.M. 14/06/2013)", "Tipo_Linea": "Límite SP aprobada", "Label": "DL-118-TF (O.M. 14/06/2013)", "ID_SEGMENT": "38212001", "FIGURA": null, "Shape_Leng": 0.0, "VERTICES": "SI" }, "geometry": { "type": "LineString", "coordinates": [ [ -16.3840899, 28.2764675 ], [ -16.3841957, 28.276217 ], [ -16.3842202, 28.276189 ], [ -16.3844458, 28.2761189 ], [ -16.3846252, 28.2760244 ], [ -16.3846521, 28.2760099 ], [ -16.3846763, 28.2759918 ], [ -16.3846969, 28.2759706 ], [ -16.3847136, 28.275947 ], [ -16.3847259, 28.2759212 ], [ -16.3847337, 28.2758942 ], [ -16.3847366, 28.2758664 ], [ -16.3847346, 28.2758384 ], [ -16.3847279, 28.2758111 ], [ -16.3847163, 28.2757852 ], [ -16.3847008, 28.2757608 ], [ -16.3846019, 28.2756366 ], [ -16.3845991, 28.2756328 ], [ -16.3845945, 28.2756272 ], [ -16.3845896, 28.2756216 ], [ -16.3845845, 28.2756163 ], [ -16.3845792, 28.2756111 ], [ -16.3845736, 28.2756061 ], [ -16.3845678, 28.2756013 ], [ -16.3845618, 28.2755966 ], [ -16.3845556, 28.2755923 ], [ -16.3845492, 28.2755881 ], [ -16.3845426, 28.2755841 ], [ -16.384536, 28.2755804 ], [ -16.3845291, 28.2755769 ], [ -16.384522, 28.2755737 ], [ -16.3845148, 28.2755707 ], [ -16.3845076, 28.2755679 ], [ -16.3842588, 28.27548 ], [ -16.3843074, 28.2753795 ], [ -16.3843122, 28.2753687 ], [ -16.3843161, 28.2753578 ], [ -16.3843194, 28.2753467 ], [ -16.3843217, 28.2753354 ], [ -16.3843232, 28.2753241 ], [ -16.3843239, 28.2753126 ], [ -16.3843239, 28.2753012 ], [ -16.3843229, 28.2752898 ], [ -16.3843212, 28.2752784 ], [ -16.3843137, 28.2752457 ], [ -16.3843448, 28.2752507 ], [ -16.3843792, 28.2752511 ], [ -16.384413, 28.2752463 ], [ -16.3844455, 28.2752367 ], [ -16.3844757, 28.2752223 ], [ -16.3845028, 28.2752037 ], [ -16.3845258, 28.2751814 ], [ -16.3845444, 28.2751559 ], [ -16.3845579, 28.275128 ], [ -16.384566, 28.2750986 ], [ -16.3845683, 28.2750683 ], [ -16.3846125, 28.2748828 ], [ -16.3846169, 28.2748636 ], [ -16.3846183, 28.2748441 ], [ -16.3846173, 28.2748245 ], [ -16.3846139, 28.2748051 ], [ -16.3846082, 28.2747862 ], [ -16.3846002, 28.274768 ], [ -16.3845945, 28.2747583 ], [ -16.38459, 28.2747507 ], [ -16.3845777, 28.2747344 ], [ -16.3845636, 28.2747194 ], [ -16.3845476, 28.2747058 ], [ -16.3845301, 28.2746939 ], [ -16.3845112, 28.2746836 ], [ -16.3844912, 28.2746753 ], [ -16.3843994, 28.2745553 ], [ -16.3843955, 28.2745503 ], [ -16.3843914, 28.2745454 ], [ -16.384387, 28.2745406 ], [ -16.3843825, 28.2745361 ], [ -16.3843778, 28.2745316 ], [ -16.384373, 28.2745273 ], [ -16.3843679, 28.2745231 ], [ -16.3843628, 28.2745191 ], [ -16.3843575, 28.2745152 ], [ -16.3843521, 28.2745115 ], [ -16.3843464, 28.274508 ], [ -16.3843407, 28.2745046 ], [ -16.3843349, 28.2745014 ], [ -16.3843289, 28.2744984 ], [ -16.3843228, 28.2744955 ], [ -16.3843167, 28.2744929 ], [ -16.3843103, 28.2744904 ], [ -16.384235, 28.274462 ], [ -16.3842419, 28.2744538 ], [ -16.3842482, 28.2744454 ], [ -16.384254, 28.2744366 ], [ -16.3842592, 28.2744275 ], [ -16.3842638, 28.2744181 ], [ -16.3842678, 28.2744086 ], [ -16.3842712, 28.2743988 ], [ -16.3842739, 28.274389 ], [ -16.3842762, 28.2743789 ], [ -16.3842777, 28.2743689 ], [ -16.3842784, 28.2743587 ], [ -16.3842786, 28.2743485 ], [ -16.3842913, 28.2741116 ], [ -16.3842543, 28.2739512 ], [ -16.3843468, 28.2733275 ], [ -16.3843687, 28.2733302 ], [ -16.3843908, 28.2733307 ], [ -16.3844129, 28.2733293 ], [ -16.3844346, 28.2733255 ], [ -16.3844558, 28.2733198 ], [ -16.384476, 28.2733121 ], [ -16.3844953, 28.2733025 ], [ -16.3845133, 28.2732911 ], [ -16.3845297, 28.273278 ], [ -16.3845445, 28.2732634 ], [ -16.3845574, 28.2732476 ], [ -16.3846781, 28.2730804 ], [ -16.3846838, 28.273072 ], [ -16.384689, 28.2730634 ], [ -16.3846935, 28.2730545 ], [ -16.3846977, 28.2730454 ], [ -16.3847011, 28.2730362 ], [ -16.3847041, 28.2730268 ], [ -16.3847065, 28.2730173 ], [ -16.3847083, 28.2730077 ], [ -16.3847095, 28.2729979 ], [ -16.3847104, 28.272982 ], [ -16.3847124, 28.2729422 ], [ -16.3848018, 28.2729017 ], [ -16.3849311, 28.2728458 ], [ -16.3850562, 28.2727861 ], [ -16.3852341, 28.2728098 ], [ -16.3852505, 28.2728114 ], [ -16.3852668, 28.2728118 ], [ -16.3852831, 28.272811 ], [ -16.3852994, 28.2728092 ], [ -16.3853153, 28.2728061 ], [ -16.385331, 28.272802 ], [ -16.3853462, 28.2727967 ], [ -16.3853609, 28.2727904 ], [ -16.385375, 28.272783 ], [ -16.3853884, 28.2727747 ], [ -16.385401, 28.2727654 ], [ -16.3854128, 28.2727554 ], [ -16.3855562, 28.2726418 ], [ -16.3855815, 28.2726175 ], [ -16.3856016, 28.2725895 ], [ -16.3856153, 28.2725588 ], [ -16.3856226, 28.2725263 ], [ -16.385623, 28.2724932 ], [ -16.3856166, 28.2724605 ], [ -16.3856036, 28.2724295 ], [ -16.3855844, 28.2724011 ], [ -16.3855597, 28.2723763 ], [ -16.3855302, 28.2723559 ], [ -16.3854971, 28.2723405 ], [ -16.3852219, 28.2722409 ], [ -16.3852456, 28.2719687 ], [ -16.3852646, 28.2715616 ], [ -16.3854253, 28.2712947 ], [ -16.3854836, 28.2711589 ], [ -16.3855008, 28.2711161 ], [ -16.3855199, 28.2711047 ], [ -16.3857637, 28.2709187 ], [ -16.3858261, 28.2708586 ], [ -16.3859562, 28.2707662 ], [ -16.386247, 28.2706611 ] ] } },
{ "type": "Feature", "properties": { "Layer": "0805DPMT", "IDTRAMO": 38046.0, "Provincia": "Santa Cruz de Tenerife", "Referencia": "DL-51-TF", "TM": "Granadilla de Abona (Tenerife)", "Estado": "A", "OM": "1999-09-22", "Sit_Admin": "Aprobado (O.M. 22/09/1999)", "Tipo_Linea": "Límite SP aprobada", "Label": "DL-51-TF (O.M. 22/09/1999)", "ID_SEGMENT": "38046002", "FIGURA": null, "Shape_Leng": 0.0, "VERTICES": "SI" }, "geometry": { "type": "LineString", "coordinates": [ [ -16.5975491, 28.0300017 ], [ -16.597485, 28.030043 ], [ -16.5974174, 28.0300798 ], [ -16.5973467, 28.0301118 ], [ -16.5972735, 28.0301388 ], [ -16.5971982, 28.0301607 ], [ -16.5971211, 28.0301773 ], [ -16.5970428, 28.0301885 ], [ -16.5969703, 28.0303242 ], [ -16.5969303, 28.0303915 ], [ -16.596884, 28.0304556 ], [ -16.5968318, 28.030516 ], [ -16.5967741, 28.0305723 ], [ -16.5967112, 28.030624 ], [ -16.5966437, 28.0306709 ], [ -16.5965719, 28.0307126 ], [ -16.5964964, 28.0307487 ], [ -16.5964178, 28.0307791 ], [ -16.5960447, 28.0301295 ], [ -16.5959685, 28.0301022 ], [ -16.5957579, 28.0300106 ], [ -16.5956401, 28.0300578 ], [ -16.5956074, 28.030068 ], [ -16.5955733, 28.0300731 ], [ -16.5955387, 28.0300731 ], [ -16.5955045, 28.0300678 ], [ -16.5954719, 28.0300575 ], [ -16.5954418, 28.0300424 ], [ -16.595415, 28.030023 ], [ -16.5953922, 28.0299998 ], [ -16.5949508, 28.0294639 ], [ -16.5947789, 28.0293114 ], [ -16.5946251, 28.0292309 ], [ -16.594345, 28.0291495 ], [ -16.5941113, 28.0291462 ], [ -16.5940825, 28.0291439 ], [ -16.5940544, 28.0291381 ], [ -16.5940275, 28.0291288 ], [ -16.5940024, 28.0291163 ], [ -16.5938179, 28.029008 ], [ -16.5935139, 28.0290618 ], [ -16.5933863, 28.0290847 ], [ -16.5933621, 28.0290877 ], [ -16.5933377, 28.0290881 ], [ -16.5933135, 28.0290859 ], [ -16.5931694, 28.0290652 ], [ -16.593116, 28.0290521 ], [ -16.5930925, 28.0290449 ], [ -16.5930702, 28.0290352 ], [ -16.5930493, 28.0290232 ], [ -16.5929814, 28.0289785 ], [ -16.5928251, 28.028872 ], [ -16.5925566, 28.0288367 ], [ -16.5925241, 28.02883 ], [ -16.5924933, 28.0288186 ], [ -16.5924651, 28.028803 ], [ -16.59244, 28.0287835 ], [ -16.5924189, 28.0287606 ], [ -16.5923098, 28.0286202 ], [ -16.5922956, 28.028599 ], [ -16.5922848, 28.0285762 ], [ -16.5922776, 28.0285524 ], [ -16.5922646, 28.0284933 ], [ -16.592261, 28.0284676 ], [ -16.5922617, 28.0284418 ], [ -16.5922756, 28.0283102 ], [ -16.5922784, 28.028293 ], [ -16.592283, 28.0282762 ], [ -16.5923098, 28.0281951 ], [ -16.592275, 28.0281043 ], [ -16.59215, 28.0280865 ], [ -16.5918979, 28.0280837 ], [ -16.5916108, 28.0281897 ], [ -16.5915823, 28.0281981 ], [ -16.5915527, 28.0282027 ], [ -16.5915227, 28.0282034 ], [ -16.5912933, 28.0281934 ], [ -16.5912657, 28.0282072 ], [ -16.5912361, 28.0282171 ], [ -16.5912051, 28.0282228 ], [ -16.5911735, 28.0282241 ], [ -16.5909012, 28.0282168 ], [ -16.5906245, 28.0284554 ], [ -16.5905979, 28.0284748 ], [ -16.5905679, 28.0284899 ], [ -16.5905355, 28.0285003 ], [ -16.5905016, 28.0285056 ], [ -16.5901978, 28.0285307 ], [ -16.589716, 28.0285554 ], [ -16.589651, 28.0286821 ], [ -16.5896352, 28.0287072 ], [ -16.5896152, 28.0287298 ], [ -16.5895913, 28.0287493 ], [ -16.5895643, 28.0287652 ], [ -16.5895348, 28.0287771 ], [ -16.5895035, 28.0287847 ], [ -16.5888851, 28.0288881 ], [ -16.5886154, 28.0289691 ], [ -16.5883532, 28.0291081 ], [ -16.588332, 28.0291426 ], [ -16.5883155, 28.0291653 ], [ -16.5882954, 28.0291855 ], [ -16.5882721, 28.0292029 ], [ -16.5882462, 28.029217 ], [ -16.5882182, 28.0292275 ], [ -16.5879351, 28.029312 ], [ -16.588149, 28.0295666 ], [ -16.5881646, 28.0295883 ], [ -16.5881766, 28.0296117 ], [ -16.5881847, 28.0296364 ], [ -16.5881888, 28.0296619 ], [ -16.5882223, 28.030086 ], [ -16.5882222, 28.0301125 ], [ -16.5882177, 28.0301388 ], [ -16.5882089, 28.0301641 ], [ -16.5881961, 28.030188 ], [ -16.5881794, 28.0302101 ], [ -16.5881593, 28.0302297 ], [ -16.5880417, 28.0303285 ], [ -16.5880159, 28.0303469 ], [ -16.5879871, 28.0303613 ], [ -16.5879559, 28.0303714 ], [ -16.5879234, 28.0303769 ], [ -16.587855, 28.0303834 ], [ -16.587821, 28.030384 ], [ -16.5877873, 28.0303797 ], [ -16.5877548, 28.0303703 ], [ -16.5877246, 28.0303564 ], [ -16.5876975, 28.0303381 ], [ -16.5876741, 28.0303161 ], [ -16.5873499, 28.0299534 ], [ -16.5872735, 28.0299106 ], [ -16.5875032, 28.0313891 ], [ -16.5870599, 28.0311552 ], [ -16.5870195, 28.0311612 ], [ -16.5869335, 28.0311707 ], [ -16.5868468, 28.0311736 ], [ -16.5867602, 28.0311699 ], [ -16.5866743, 28.0311597 ], [ -16.5865896, 28.0311431 ], [ -16.5865069, 28.0311201 ], [ -16.5864267, 28.031091 ], [ -16.5863495, 28.0310558 ], [ -16.586276, 28.031015 ], [ -16.5862067, 28.0309688 ], [ -16.5861421, 28.0309175 ], [ -16.5856633, 28.0305036 ], [ -16.5855504, 28.0304792 ], [ -16.5851196, 28.0305801 ], [ -16.5850612, 28.0305921 ], [ -16.5850021, 28.0306011 ], [ -16.5845249, 28.0306608 ], [ -16.5844457, 28.0306679 ], [ -16.5843661, 28.0306695 ], [ -16.5842866, 28.0306655 ], [ -16.5842077, 28.0306561 ], [ -16.5841299, 28.0306412 ], [ -16.5840537, 28.030621 ], [ -16.5839794, 28.0305955 ], [ -16.5839076, 28.030565 ], [ -16.5836487, 28.0303967 ], [ -16.5835706, 28.0303803 ], [ -16.5834942, 28.0303585 ], [ -16.58342, 28.0303313 ], [ -16.5833485, 28.030299 ], [ -16.5832801, 28.0302618 ], [ -16.5832153, 28.0302198 ], [ -16.5831374, 28.0302638 ], [ -16.5830557, 28.0303019 ], [ -16.5829707, 28.0303339 ], [ -16.582883, 28.0303596 ], [ -16.5827932, 28.0303787 ], [ -16.5827019, 28.0303912 ], [ -16.5826768, 28.0304677 ], [ -16.5826442, 28.0305418 ], [ -16.5826043, 28.0306132 ], [ -16.5825576, 28.0306811 ], [ -16.5825042, 28.0307451 ], [ -16.5824447, 28.0308047 ], [ -16.5823795, 28.0308594 ], [ -16.5823091, 28.0309088 ], [ -16.5822341, 28.0309525 ], [ -16.5821551, 28.0309901 ], [ -16.5820726, 28.0310215 ], [ -16.5819873, 28.0310462 ], [ -16.5818999, 28.0310642 ], [ -16.581811, 28.0310753 ], [ -16.5817214, 28.0310794 ], [ -16.5816318, 28.0310765 ], [ -16.5815427, 28.0310665 ], [ -16.5813491, 28.0310372 ], [ -16.5812636, 28.0310208 ], [ -16.58118, 28.030998 ], [ -16.5810989, 28.0309689 ], [ -16.5810209, 28.0309338 ], [ -16.5809467, 28.0308928 ], [ -16.5808767, 28.0308463 ], [ -16.5806071, 28.0306508 ], [ -16.580467, 28.0305585 ], [ -16.5802278, 28.0305854 ], [ -16.580144, 28.0305919 ], [ -16.5800599, 28.0305922 ], [ -16.579976, 28.0305862 ], [ -16.579893, 28.0305741 ], [ -16.5798114, 28.030556 ], [ -16.5797318, 28.0305319 ], [ -16.5796548, 28.030502 ], [ -16.5795808, 28.0304665 ], [ -16.5795103, 28.0304257 ], [ -16.579444, 28.0303799 ], [ -16.5793721, 28.0304231 ], [ -16.5792963, 28.0304607 ], [ -16.5792171, 28.0304925 ], [ -16.5791352, 28.0305181 ], [ -16.5790511, 28.0305375 ], [ -16.5789655, 28.0305504 ], [ -16.578879, 28.0305567 ], [ -16.5787921, 28.0305565 ], [ -16.5787189, 28.0306001 ], [ -16.5786418, 28.0306378 ], [ -16.5785612, 28.0306695 ], [ -16.5784779, 28.0306949 ], [ -16.5783924, 28.0307138 ], [ -16.5783054, 28.030726 ], [ -16.5782175, 28.0307315 ], [ -16.5781294, 28.0307303 ], [ -16.5780417, 28.0307223 ], [ -16.5779552, 28.0307076 ], [ -16.5778704, 28.0306863 ], [ -16.5777881, 28.0306585 ], [ -16.5777087, 28.0306246 ], [ -16.577633, 28.0305846 ], [ -16.5775614, 28.0305391 ], [ -16.5774945, 28.0304881 ], [ -16.577225, 28.030608 ], [ -16.5772155, 28.0306533 ], [ -16.5772463, 28.0306908 ], [ -16.5777128, 28.0312902 ], [ -16.5777605, 28.0313577 ], [ -16.5778013, 28.0314287 ], [ -16.5778349, 28.0315026 ], [ -16.5778611, 28.0315789 ], [ -16.5778795, 28.0316569 ], [ -16.5778901, 28.0317361 ], [ -16.5778928, 28.0318158 ], [ -16.5778876, 28.0318954 ], [ -16.5778745, 28.0319742 ], [ -16.5778535, 28.0320518 ], [ -16.577825, 28.0321274 ], [ -16.577789, 28.0322004 ], [ -16.5777459, 28.0322704 ], [ -16.577696, 28.0323367 ], [ -16.5776398, 28.0323988 ], [ -16.5775775, 28.0324563 ], [ -16.5774369, 28.0325752 ], [ -16.5773702, 28.0326269 ], [ -16.5772988, 28.0326731 ], [ -16.5772232, 28.0327137 ], [ -16.5771438, 28.0327484 ], [ -16.5770614, 28.0327767 ], [ -16.5769765, 28.0327986 ], [ -16.5768897, 28.0328139 ], [ -16.5768018, 28.0328224 ], [ -16.5767134, 28.0328242 ], [ -16.5766252, 28.0328191 ], [ -16.5765378, 28.0328072 ], [ -16.5764518, 28.0327886 ], [ -16.5770191, 28.0319789 ], [ -16.5769961, 28.0319506 ], [ -16.5768755, 28.0320526 ], [ -16.5768485, 28.0320718 ], [ -16.5768182, 28.0320867 ], [ -16.5767854, 28.0320968 ], [ -16.5767512, 28.0321019 ], [ -16.5767165, 28.0321017 ], [ -16.5766824, 28.0320962 ], [ -16.5766498, 28.0320857 ], [ -16.5766197, 28.0320705 ], [ -16.5765929, 28.0320509 ], [ -16.5765703, 28.0320276 ], [ -16.5761251, 28.0314808 ], [ -16.5755238, 28.0315052 ], [ -16.5754934, 28.0315044 ], [ -16.5750189, 28.0314605 ], [ -16.5749898, 28.0314559 ], [ -16.5749618, 28.0314476 ], [ -16.5749354, 28.0314358 ], [ -16.5749112, 28.0314207 ], [ -16.5748898, 28.0314027 ], [ -16.574725, 28.0312426 ], [ -16.5745555, 28.0312214 ], [ -16.574108, 28.0312558 ], [ -16.5738624, 28.0313011 ], [ -16.5739319, 28.0320257 ], [ -16.5739202, 28.0320279 ], [ -16.5738441, 28.0320393 ], [ -16.5737673, 28.0320455 ], [ -16.5736902, 28.0320465 ], [ -16.5736133, 28.0320424 ], [ -16.5735369, 28.0320331 ], [ -16.5734615, 28.0320187 ], [ -16.573268, 28.0319748 ], [ -16.5731524, 28.0320194 ], [ -16.5730755, 28.0320457 ], [ -16.5729964, 28.0320665 ], [ -16.5729157, 28.0320815 ], [ -16.5724848, 28.0321456 ], [ -16.5723239, 28.032481 ], [ -16.5722897, 28.0325452 ], [ -16.5722499, 28.0326068 ], [ -16.5722047, 28.0326655 ], [ -16.5721545, 28.0327208 ], [ -16.5716824, 28.0332012 ], [ -16.5714871, 28.0335449 ], [ -16.5714439, 28.0336133 ], [ -16.5713943, 28.033678 ], [ -16.5713385, 28.0337387 ], [ -16.5712771, 28.0337949 ], [ -16.5712103, 28.0338461 ], [ -16.5711388, 28.0338921 ], [ -16.5710631, 28.0339323 ], [ -16.5709837, 28.0339666 ], [ -16.5709013, 28.0339946 ], [ -16.5708164, 28.0340162 ], [ -16.5707298, 28.0340311 ], [ -16.570642, 28.0340394 ], [ -16.5705538, 28.0340408 ], [ -16.5704657, 28.0340355 ], [ -16.5699768, 28.033987 ], [ -16.5698908, 28.0339751 ], [ -16.5698063, 28.0339567 ], [ -16.5697238, 28.0339321 ], [ -16.569644, 28.0339012 ], [ -16.5695675, 28.0338644 ], [ -16.5694948, 28.0338219 ], [ -16.5694265, 28.0337741 ], [ -16.569363, 28.0337213 ], [ -16.5693049, 28.0336638 ], [ -16.5692525, 28.0336022 ], [ -16.5692062, 28.0335368 ], [ -16.5691664, 28.0334681 ], [ -16.5691334, 28.0333967 ], [ -16.5691073, 28.033323 ], [ -16.5690885, 28.0332476 ], [ -16.569077, 28.033171 ], [ -16.5690729, 28.0330939 ], [ -16.5690762, 28.0330167 ], [ -16.569087, 28.0329401 ], [ -16.5691512, 28.0326021 ], [ -16.5690759, 28.0325572 ], [ -16.5690053, 28.0325065 ], [ -16.5689401, 28.0324504 ], [ -16.5688808, 28.0323894 ], [ -16.5688279, 28.0323239 ], [ -16.5687818, 28.0322545 ], [ -16.5687428, 28.0321817 ], [ -16.5687113, 28.0321062 ], [ -16.5686876, 28.0320284 ], [ -16.5686717, 28.0319491 ], [ -16.5686639, 28.0318688 ], [ -16.5686561, 28.0317035 ], [ -16.5685879, 28.0316885 ], [ -16.5685211, 28.0316694 ], [ -16.5684559, 28.0316461 ], [ -16.5681643, 28.031615 ], [ -16.5680824, 28.0316033 ], [ -16.5680018, 28.0315856 ], [ -16.5679232, 28.0315622 ], [ -16.5678469, 28.0315332 ], [ -16.5677736, 28.0314987 ], [ -16.5677037, 28.0314591 ], [ -16.5676376, 28.0314145 ], [ -16.5675759, 28.0313653 ], [ -16.5674214, 28.0312317 ], [ -16.5673697, 28.0311836 ], [ -16.5673222, 28.0311323 ], [ -16.567279, 28.031078 ], [ -16.5672405, 28.031021 ], [ -16.5672068, 28.0309616 ], [ -16.5670535, 28.0306652 ], [ -16.5670057, 28.0306115 ], [ -16.566881, 28.0304515 ], [ -16.5665362, 28.0304124 ], [ -16.5659525, 28.0303462 ], [ -16.5654473, 28.0304171 ], [ -16.565366, 28.0304256 ], [ -16.5652842, 28.0304282 ], [ -16.5652024, 28.030425 ], [ -16.5651211, 28.030416 ], [ -16.5644949, 28.0305226 ], [ -16.5643423, 28.0298167 ] ] } },
{ "type": "Feature", "properties": { "Layer": "0805DPMT", "IDTRAMO": 38070.0, "Provincia": "Santa Cruz de Tenerife", "Referencia": "DL-190-TF", "TM": "Guía de Isora (Tenerife)", "Estado": "A", "OM": "2002-01-14", "Sit_Admin": "Aprobado (O.M. 14/01/2002)", "Tipo_Linea": "Límite SP aprobada", "Label": "DL-190-TF (O.M. 14/01/2002)", "ID_SEGMENT": "38070002", "FIGURA": null, "Shape_Leng": 0.0, "VERTICES": "SI" }, "geometry": { "type": "LineString", "coordinates": [ [ -16.8315935, 28.2012367 ], [ -16.8315593, 28.201218 ], [ -16.8312735, 28.2011439 ], [ -16.8312345, 28.2011389 ], [ -16.8311649, 28.2012037 ], [ -16.83116, 28.2012081 ], [ -16.8311549, 28.2012124 ], [ -16.8311497, 28.2012164 ], [ -16.8311444, 28.2012204 ], [ -16.8311389, 28.2012241 ], [ -16.8311332, 28.2012277 ], [ -16.8311274, 28.2012311 ], [ -16.8311215, 28.2012344 ], [ -16.8311155, 28.2012374 ], [ -16.8311094, 28.2012403 ], [ -16.8311031, 28.201243 ], [ -16.8310968, 28.2012455 ], [ -16.8310903, 28.2012478 ], [ -16.8310838, 28.2012499 ], [ -16.8310772, 28.2012518 ], [ -16.8310705, 28.2012535 ], [ -16.8310638, 28.201255 ], [ -16.831057, 28.2012563 ], [ -16.8310501, 28.2012574 ], [ -16.8310433, 28.2012583 ], [ -16.8310364, 28.201259 ], [ -16.8310294, 28.2012595 ], [ -16.8310225, 28.2012597 ], [ -16.8305993, 28.2012693 ], [ -16.8303646, 28.2013234 ], [ -16.8303572, 28.2013249 ], [ -16.8303498, 28.2013262 ], [ -16.8303422, 28.2013272 ], [ -16.8303347, 28.201328 ], [ -16.8303271, 28.2013286 ], [ -16.8303195, 28.201329 ], [ -16.8303119, 28.2013291 ], [ -16.8303043, 28.201329 ], [ -16.8302968, 28.2013286 ], [ -16.8300866, 28.2013844 ], [ -16.8300803, 28.201386 ], [ -16.830074, 28.2013873 ], [ -16.8300676, 28.2013886 ], [ -16.8300612, 28.2013896 ], [ -16.8300547, 28.2013904 ], [ -16.8300483, 28.2013911 ], [ -16.8299246, 28.201402 ], [ -16.8298718, 28.2014586 ], [ -16.8298673, 28.2014633 ], [ -16.8298626, 28.2014679 ], [ -16.8298576, 28.2014724 ], [ -16.8298526, 28.2014766 ], [ -16.8298473, 28.2014808 ], [ -16.8298419, 28.2014847 ], [ -16.8298364, 28.2014885 ], [ -16.8298307, 28.2014921 ], [ -16.8298248, 28.2014956 ], [ -16.8298189, 28.2014989 ], [ -16.8298128, 28.2015019 ], [ -16.8298066, 28.2015048 ], [ -16.8298003, 28.2015075 ], [ -16.8297939, 28.2015101 ], [ -16.8297873, 28.2015124 ], [ -16.8297807, 28.2015145 ], [ -16.8297741, 28.2015164 ], [ -16.8297673, 28.2015181 ], [ -16.8297605, 28.2015196 ], [ -16.8297537, 28.2015209 ], [ -16.8296365, 28.2016248 ], [ -16.8295931, 28.2016745 ], [ -16.8294803, 28.201798 ], [ -16.8294758, 28.2018027 ], [ -16.8294712, 28.2018073 ], [ -16.8294663, 28.2018117 ], [ -16.8294613, 28.201816 ], [ -16.8294562, 28.2018202 ], [ -16.8294509, 28.2018242 ], [ -16.8294454, 28.201828 ], [ -16.8294398, 28.2018316 ], [ -16.829434, 28.2018351 ], [ -16.8294282, 28.2018384 ], [ -16.8294222, 28.2018416 ], [ -16.829416, 28.2018445 ], [ -16.8294098, 28.2018473 ], [ -16.8294035, 28.2018498 ], [ -16.829397, 28.2018522 ], [ -16.8293905, 28.2018544 ], [ -16.8293839, 28.2018564 ], [ -16.8293772, 28.2018581 ], [ -16.8293705, 28.2018597 ], [ -16.8293637, 28.2018611 ], [ -16.8293569, 28.2018622 ], [ -16.82935, 28.2018632 ], [ -16.8293431, 28.2018639 ], [ -16.8293361, 28.2018645 ], [ -16.8293292, 28.2018648 ], [ -16.8293222, 28.2018649 ], [ -16.8293153, 28.2018648 ], [ -16.8293083, 28.2018645 ], [ -16.8293014, 28.201864 ], [ -16.8292944, 28.2018633 ], [ -16.8292876, 28.2018623 ], [ -16.8292807, 28.2018612 ], [ -16.8292739, 28.2018598 ], [ -16.8292672, 28.2018583 ], [ -16.8292605, 28.2018565 ], [ -16.8292539, 28.2018546 ], [ -16.8291516, 28.2018224 ], [ -16.829145, 28.2018203 ], [ -16.8291385, 28.2018179 ], [ -16.8291321, 28.2018153 ], [ -16.8291258, 28.2018125 ], [ -16.8291196, 28.2018096 ], [ -16.8291135, 28.2018064 ], [ -16.8291076, 28.2018031 ], [ -16.8291018, 28.2017996 ], [ -16.8290961, 28.2017959 ], [ -16.8290906, 28.201792 ], [ -16.8290852, 28.201788 ], [ -16.82908, 28.2017838 ], [ -16.829075, 28.2017794 ], [ -16.8290701, 28.2017749 ], [ -16.8290654, 28.2017703 ], [ -16.8290609, 28.2017655 ], [ -16.8290566, 28.2017606 ], [ -16.8290525, 28.2017555 ], [ -16.8290486, 28.2017504 ], [ -16.8290449, 28.2017451 ], [ -16.8290413, 28.2017397 ], [ -16.8290381, 28.2017342 ], [ -16.829035, 28.2017286 ], [ -16.8290321, 28.2017229 ], [ -16.8290295, 28.2017171 ], [ -16.8290271, 28.2017112 ], [ -16.8290249, 28.2017053 ], [ -16.8290229, 28.2016993 ], [ -16.8290212, 28.2016933 ], [ -16.8290197, 28.2016872 ], [ -16.8290185, 28.201681 ], [ -16.8290175, 28.2016749 ], [ -16.8290167, 28.2016687 ], [ -16.8290162, 28.2016625 ], [ -16.829016, 28.2016562 ], [ -16.8290159, 28.20165 ], [ -16.8290161, 28.2016438 ], [ -16.8290166, 28.2016376 ], [ -16.8290173, 28.2016314 ], [ -16.8290182, 28.2016252 ], [ -16.8290194, 28.201619 ], [ -16.8290208, 28.2016129 ], [ -16.8290449, 28.2015176 ], [ -16.8289927, 28.2013374 ], [ -16.8289911, 28.2013314 ], [ -16.8289897, 28.2013253 ], [ -16.8289886, 28.2013192 ], [ -16.8289877, 28.2013131 ], [ -16.828987, 28.201307 ], [ -16.8289866, 28.2013008 ], [ -16.8289864, 28.2012947 ], [ -16.8289864, 28.2012885 ], [ -16.8289867, 28.2012823 ], [ -16.8289872, 28.2012762 ], [ -16.8289879, 28.20127 ], [ -16.8289889, 28.2012639 ], [ -16.8289902, 28.2012579 ], [ -16.8289916, 28.2012518 ], [ -16.8289933, 28.2012458 ], [ -16.8289952, 28.2012399 ], [ -16.8289974, 28.201234 ], [ -16.8289997, 28.2012282 ], [ -16.8290023, 28.2012225 ], [ -16.8290051, 28.2012169 ], [ -16.8290082, 28.2012113 ], [ -16.8290114, 28.2012059 ], [ -16.8290149, 28.2012005 ], [ -16.8290185, 28.2011953 ], [ -16.8290224, 28.2011901 ], [ -16.8290264, 28.2011851 ], [ -16.8290307, 28.2011802 ], [ -16.8290351, 28.2011754 ], [ -16.8290397, 28.2011708 ], [ -16.8290536, 28.2011573 ], [ -16.8290671, 28.2011325 ], [ -16.8289403, 28.2009505 ], [ -16.8287815, 28.2009128 ], [ -16.8286462, 28.2009814 ], [ -16.8286402, 28.2009843 ], [ -16.8286341, 28.2009871 ], [ -16.8286279, 28.2009897 ], [ -16.8286216, 28.200992 ], [ -16.8286152, 28.2009942 ], [ -16.8286087, 28.2009962 ], [ -16.8286022, 28.200998 ], [ -16.8285955, 28.2009996 ], [ -16.8285889, 28.201001 ], [ -16.8285821, 28.2010022 ], [ -16.8285754, 28.2010032 ], [ -16.8285686, 28.201004 ], [ -16.8285618, 28.2010046 ], [ -16.8285549, 28.201005 ], [ -16.8285481, 28.2010052 ], [ -16.8285412, 28.2010052 ], [ -16.8285343, 28.201005 ], [ -16.8285275, 28.2010046 ], [ -16.8285207, 28.201004 ], [ -16.8285139, 28.2010031 ], [ -16.8285071, 28.2010021 ], [ -16.8285004, 28.2010009 ], [ -16.8284937, 28.2009994 ], [ -16.8283239, 28.2009603 ], [ -16.8283171, 28.2009586 ], [ -16.8283104, 28.2009567 ], [ -16.8283038, 28.2009547 ], [ -16.8282972, 28.2009524 ], [ -16.8282908, 28.2009499 ], [ -16.8282844, 28.2009472 ], [ -16.8282782, 28.2009444 ], [ -16.8282721, 28.2009413 ], [ -16.8282661, 28.2009381 ], [ -16.8282602, 28.2009346 ], [ -16.8282545, 28.200931 ], [ -16.8282489, 28.2009273 ], [ -16.8282435, 28.2009233 ], [ -16.8282382, 28.2009192 ], [ -16.8282331, 28.2009149 ], [ -16.8282281, 28.2009105 ], [ -16.8282233, 28.200906 ], [ -16.8282187, 28.2009012 ], [ -16.8282143, 28.2008964 ], [ -16.8282101, 28.2008914 ], [ -16.8282061, 28.2008863 ], [ -16.8282023, 28.2008811 ], [ -16.8281987, 28.2008757 ], [ -16.8281953, 28.2008703 ], [ -16.8281921, 28.2008648 ], [ -16.8281891, 28.2008591 ], [ -16.8281863, 28.2008534 ], [ -16.8281838, 28.2008476 ], [ -16.8281815, 28.2008417 ], [ -16.8281795, 28.2008357 ], [ -16.8281776, 28.2008297 ], [ -16.828176, 28.2008237 ], [ -16.8281747, 28.2008176 ], [ -16.8281735, 28.2008114 ], [ -16.8281727, 28.2008052 ], [ -16.828172, 28.200799 ], [ -16.8281716, 28.2007928 ], [ -16.8281715, 28.2007866 ], [ -16.8281715, 28.2007804 ], [ -16.8281719, 28.2007742 ], [ -16.8281724, 28.200768 ], [ -16.8281732, 28.2007618 ], [ -16.8281743, 28.2007556 ], [ -16.8281756, 28.2007495 ], [ -16.8281771, 28.2007434 ], [ -16.8281789, 28.2007374 ], [ -16.8281809, 28.2007314 ], [ -16.8281831, 28.2007255 ], [ -16.8281855, 28.2007197 ], [ -16.8281882, 28.2007139 ], [ -16.8281911, 28.2007083 ], [ -16.8281943, 28.2007027 ], [ -16.8281976, 28.2006972 ], [ -16.8282011, 28.2006918 ], [ -16.8282049, 28.2006866 ], [ -16.8282089, 28.2006814 ], [ -16.828213, 28.2006764 ], [ -16.8282174, 28.2006715 ], [ -16.8282219, 28.2006668 ], [ -16.8282266, 28.2006621 ], [ -16.8282315, 28.2006577 ], [ -16.8282366, 28.2006534 ], [ -16.8282418, 28.2006492 ], [ -16.8282472, 28.2006452 ], [ -16.8282632, 28.2006338 ], [ -16.8282629, 28.2006279 ], [ -16.8282628, 28.200622 ], [ -16.828263, 28.2006161 ], [ -16.8282633, 28.2006103 ], [ -16.8282639, 28.2006044 ], [ -16.8282647, 28.2005986 ], [ -16.8282657, 28.2005927 ], [ -16.8282669, 28.200587 ], [ -16.8282683, 28.2005812 ], [ -16.82827, 28.2005755 ], [ -16.8282718, 28.2005699 ], [ -16.8282678, 28.2005648 ], [ -16.828264, 28.2005597 ], [ -16.8282604, 28.2005544 ], [ -16.828257, 28.200549 ], [ -16.8282538, 28.2005435 ], [ -16.8282508, 28.2005379 ], [ -16.828248, 28.2005323 ], [ -16.8282455, 28.2005265 ], [ -16.8282431, 28.2005207 ], [ -16.828241, 28.2005148 ], [ -16.8282392, 28.2005089 ], [ -16.8282375, 28.2005029 ], [ -16.8282361, 28.2004968 ], [ -16.8282349, 28.2004908 ], [ -16.828234, 28.2004846 ], [ -16.8282333, 28.2004785 ], [ -16.8282328, 28.2004724 ], [ -16.8282326, 28.2004662 ], [ -16.8282326, 28.20046 ], [ -16.8282329, 28.2004538 ], [ -16.8282394, 28.2003439 ], [ -16.8281864, 28.2002478 ], [ -16.8279834, 28.2001918 ], [ -16.82775, 28.2001634 ], [ -16.827743, 28.2001624 ], [ -16.8277361, 28.2001613 ], [ -16.8277293, 28.2001599 ], [ -16.8277225, 28.2001583 ], [ -16.8277158, 28.2001565 ], [ -16.8277092, 28.2001545 ], [ -16.8277026, 28.2001523 ], [ -16.8276961, 28.2001499 ], [ -16.8276898, 28.2001474 ], [ -16.8276835, 28.2001446 ], [ -16.8276773, 28.2001416 ], [ -16.8276713, 28.2001385 ], [ -16.8276654, 28.2001351 ], [ -16.8276596, 28.2001316 ], [ -16.8276539, 28.2001279 ], [ -16.8276485, 28.2001241 ], [ -16.8274661, 28.1999914 ], [ -16.8274607, 28.1999874 ], [ -16.8274555, 28.1999832 ], [ -16.8274505, 28.1999788 ], [ -16.8274456, 28.1999743 ], [ -16.827441, 28.1999696 ], [ -16.8274365, 28.1999648 ], [ -16.8274321, 28.1999599 ], [ -16.827428, 28.1999548 ], [ -16.8274241, 28.1999496 ], [ -16.8274204, 28.1999443 ], [ -16.8274169, 28.1999389 ], [ -16.8274136, 28.1999334 ], [ -16.8274106, 28.1999278 ], [ -16.8274077, 28.1999221 ], [ -16.8274051, 28.1999163 ], [ -16.8274027, 28.1999104 ], [ -16.8274005, 28.1999045 ], [ -16.8273986, 28.1998985 ], [ -16.8273969, 28.1998925 ], [ -16.8273954, 28.1998864 ], [ -16.8273942, 28.1998802 ], [ -16.8273932, 28.199874 ], [ -16.8273925, 28.1998678 ], [ -16.827392, 28.1998616 ], [ -16.8273917, 28.1998554 ], [ -16.8273917, 28.1998492 ], [ -16.8273919, 28.1998429 ], [ -16.8273924, 28.1998367 ], [ -16.8273931, 28.1998305 ], [ -16.8273941, 28.1998243 ], [ -16.8273953, 28.1998182 ], [ -16.8273967, 28.1998121 ], [ -16.8273984, 28.199806 ], [ -16.8274003, 28.1998 ], [ -16.8274024, 28.1997941 ], [ -16.8274048, 28.1997882 ], [ -16.8274074, 28.1997824 ], [ -16.8274102, 28.1997767 ], [ -16.8274133, 28.199771 ], [ -16.8274165, 28.1997655 ], [ -16.82742, 28.1997601 ], [ -16.8274237, 28.1997548 ], [ -16.8274276, 28.1997496 ], [ -16.8274317, 28.1997445 ], [ -16.8274258, 28.1997201 ], [ -16.8274244, 28.199714 ], [ -16.8274233, 28.199708 ], [ -16.8274225, 28.1997019 ], [ -16.8274218, 28.1996957 ], [ -16.8274214, 28.1996896 ], [ -16.8274213, 28.1996834 ], [ -16.8274214, 28.1996773 ], [ -16.8274217, 28.1996711 ], [ -16.8274222, 28.199665 ], [ -16.827423, 28.1996589 ], [ -16.827424, 28.1996528 ], [ -16.8274253, 28.1996467 ], [ -16.8274268, 28.1996407 ], [ -16.8274285, 28.1996348 ], [ -16.8274304, 28.1996289 ], [ -16.8274326, 28.199623 ], [ -16.8275452, 28.1993364 ], [ -16.8275475, 28.1993308 ], [ -16.82755, 28.1993252 ], [ -16.8275528, 28.1993198 ], [ -16.8275557, 28.1993144 ], [ -16.8275589, 28.1993091 ], [ -16.8275622, 28.1993039 ], [ -16.8275658, 28.1992988 ], [ -16.8275695, 28.1992938 ], [ -16.8275734, 28.1992889 ], [ -16.8275775, 28.1992841 ], [ -16.8275818, 28.1992795 ], [ -16.8275862, 28.1992749 ], [ -16.8275908, 28.1992706 ], [ -16.8275956, 28.1992663 ], [ -16.8276005, 28.1992622 ], [ -16.8276056, 28.1992583 ], [ -16.8278265, 28.1990919 ], [ -16.8278319, 28.1990879 ], [ -16.8278375, 28.1990841 ], [ -16.8278432, 28.1990805 ], [ -16.8278491, 28.1990771 ], [ -16.8278551, 28.1990738 ], [ -16.8278612, 28.1990708 ], [ -16.8278675, 28.1990679 ], [ -16.8278738, 28.1990652 ], [ -16.8278803, 28.1990627 ], [ -16.8278868, 28.1990604 ], [ -16.8278935, 28.1990583 ], [ -16.8279002, 28.1990564 ], [ -16.827907, 28.1990547 ], [ -16.8279138, 28.1990533 ], [ -16.8279207, 28.199052 ], [ -16.8279276, 28.199051 ], [ -16.8279346, 28.1990501 ], [ -16.8279416, 28.1990495 ], [ -16.8279486, 28.1990491 ], [ -16.8279557, 28.1990489 ], [ -16.8279627, 28.1990489 ], [ -16.8279698, 28.1990492 ], [ -16.8279768, 28.1990496 ], [ -16.8279838, 28.1990503 ], [ -16.8279881, 28.1990508 ], [ -16.8280288, 28.1990024 ], [ -16.8281268, 28.1986275 ], [ -16.8281236, 28.1986169 ], [ -16.8277062, 28.1983861 ], [ -16.8277003, 28.1983827 ], [ -16.8276945, 28.1983791 ], [ -16.8276889, 28.1983754 ], [ -16.8276834, 28.1983714 ], [ -16.8276781, 28.1983673 ], [ -16.8276729, 28.1983631 ], [ -16.8276679, 28.1983587 ], [ -16.8276631, 28.1983541 ], [ -16.8276585, 28.1983494 ], [ -16.827654, 28.1983446 ], [ -16.8276498, 28.1983396 ], [ -16.8276457, 28.1983345 ], [ -16.8276418, 28.1983293 ], [ -16.8276382, 28.1983239 ], [ -16.8276347, 28.1983185 ], [ -16.8276315, 28.1983129 ], [ -16.8276285, 28.1983073 ], [ -16.8275098, 28.1980745 ], [ -16.826781, 28.198397 ], [ -16.8267658, 28.1983687 ], [ -16.8267516, 28.19834 ], [ -16.8267386, 28.1983108 ], [ -16.8267268, 28.1982813 ], [ -16.8267161, 28.1982514 ], [ -16.8267066, 28.1982212 ], [ -16.8266983, 28.1981908 ], [ -16.8266911, 28.1981601 ], [ -16.8266852, 28.1981291 ], [ -16.8266805, 28.1980981 ], [ -16.826677, 28.1980669 ], [ -16.8266748, 28.1980356 ], [ -16.8266738, 28.1980043 ], [ -16.8266724, 28.1979046 ], [ -16.8263675, 28.1977343 ], [ -16.8263421, 28.1977196 ], [ -16.8263171, 28.1977043 ], [ -16.8262927, 28.1976883 ], [ -16.8262689, 28.1976717 ], [ -16.8259624, 28.1974514 ], [ -16.8259359, 28.1974317 ], [ -16.8259101, 28.1974111 ], [ -16.8258851, 28.1973898 ], [ -16.825861, 28.1973678 ], [ -16.8258377, 28.197345 ], [ -16.8258153, 28.1973216 ], [ -16.8257938, 28.1972974 ], [ -16.8257733, 28.1972727 ], [ -16.8257537, 28.1972473 ], [ -16.8257351, 28.1972214 ], [ -16.8257175, 28.1971949 ], [ -16.825701, 28.1971679 ], [ -16.8256855, 28.1971405 ], [ -16.825671, 28.1971125 ], [ -16.8256577, 28.1970842 ], [ -16.8256454, 28.1970555 ], [ -16.8256342, 28.1970264 ], [ -16.8254793, 28.1965985 ], [ -16.825469, 28.1965683 ], [ -16.8254599, 28.1965377 ], [ -16.825452, 28.1965069 ], [ -16.8254453, 28.1964758 ], [ -16.8254399, 28.1964446 ], [ -16.8254357, 28.1964132 ], [ -16.8254327, 28.1963817 ], [ -16.825431, 28.1963501 ], [ -16.8254306, 28.1963185 ], [ -16.8254314, 28.1962869 ], [ -16.8254334, 28.1962554 ], [ -16.8254367, 28.1962239 ], [ -16.8254412, 28.1961926 ], [ -16.8254555, 28.1961062 ], [ -16.8254317, 28.1960834 ], [ -16.8254088, 28.19606 ], [ -16.8253868, 28.1960358 ], [ -16.8253658, 28.196011 ], [ -16.8253458, 28.1959856 ], [ -16.8253267, 28.1959596 ], [ -16.8253087, 28.195933 ], [ -16.8252918, 28.1959059 ], [ -16.8252758, 28.1958782 ], [ -16.825261, 28.1958501 ], [ -16.8252473, 28.1958216 ], [ -16.8252347, 28.1957927 ], [ -16.8252232, 28.1957634 ], [ -16.8252128, 28.1957338 ], [ -16.8252036, 28.1957039 ], [ -16.8251956, 28.1956737 ], [ -16.8251887, 28.1956433 ], [ -16.8251831, 28.1956127 ], [ -16.8251284, 28.1952819 ], [ -16.8251241, 28.1952526 ], [ -16.8251209, 28.1952232 ], [ -16.8251187, 28.1951938 ], [ -16.8251177, 28.1951643 ], [ -16.8251178, 28.1951348 ], [ -16.8251189, 28.1951053 ], [ -16.8251211, 28.1950758 ], [ -16.8251245, 28.1950465 ], [ -16.8251288, 28.1950172 ], [ -16.8251343, 28.1949881 ], [ -16.8251409, 28.1949592 ], [ -16.8251485, 28.1949305 ], [ -16.8252859, 28.1944474 ], [ -16.8252945, 28.1944191 ], [ -16.8253042, 28.1943911 ], [ -16.8253148, 28.1943633 ], [ -16.8253265, 28.1943359 ], [ -16.8253392, 28.1943088 ], [ -16.8253528, 28.1942822 ], [ -16.8253674, 28.1942559 ], [ -16.825383, 28.19423 ], [ -16.8253995, 28.1942047 ], [ -16.8254169, 28.1941798 ], [ -16.8254353, 28.1941554 ], [ -16.8254545, 28.1941316 ], [ -16.8255938, 28.1939646 ], [ -16.8256012, 28.1939385 ], [ -16.8256094, 28.1939125 ], [ -16.8256185, 28.1938868 ], [ -16.8256285, 28.1938614 ], [ -16.8256393, 28.1938362 ], [ -16.8254558, 28.1933059 ], [ -16.8254015, 28.1931978 ], [ -16.8250071, 28.192846 ], [ -16.8249942, 28.1928343 ], [ -16.8244677, 28.1923475 ], [ -16.8241853, 28.1920886 ], [ -16.8241822, 28.1920865 ] ] } },
{ "type": "Feature", "properties": { "Layer": "0805DPMT", "IDTRAMO": 38056.0, "Provincia": "Santa Cruz de Tenerife", "Referencia": "DL-106-TF", "TM": "Adeje (Tenerife)", "Estado": "A", "OM": "2000-09-28", "Sit_Admin": "Aprobado (O.M. 28/09/2000)", "Tipo_Linea": "Límite SP aprobada", "Label": "DL-106-TF (O.M. 28/09/2000)", "ID_SEGMENT": "38056002", "FIGURA": null, "Shape_Leng": 0.0, "VERTICES": "SI" }, "geometry": { "type": "LineString", "coordinates": [ [ -16.732023, 28.0669311 ], [ -16.7320496, 28.0670316 ], [ -16.7322319, 28.0678229 ], [ -16.7322424, 28.0679291 ], [ -16.7322455, 28.068484 ], [ -16.7322235, 28.0686845 ], [ -16.7322227, 28.0687062 ], [ -16.7322247, 28.0687279 ], [ -16.7322297, 28.0687492 ], [ -16.7322705, 28.0688826 ], [ -16.7322813, 28.0689093 ], [ -16.7322966, 28.0689342 ], [ -16.7323162, 28.0689567 ], [ -16.7323395, 28.0689761 ], [ -16.732366, 28.0689921 ], [ -16.7323949, 28.0690042 ], [ -16.7324257, 28.0690121 ], [ -16.7324236, 28.0690187 ], [ -16.732382, 28.0691051 ], [ -16.7323721, 28.069131 ], [ -16.7323667, 28.0691579 ], [ -16.732328, 28.0694999 ], [ -16.7323048, 28.0695212 ], [ -16.7322858, 28.0695455 ], [ -16.7322715, 28.0695723 ], [ -16.7322624, 28.0696008 ], [ -16.7322586, 28.0696302 ], [ -16.7322603, 28.0696597 ], [ -16.7323411, 28.0701929 ], [ -16.7324527, 28.0710242 ], [ -16.7323859, 28.0715456 ], [ -16.7322651, 28.0717439 ], [ -16.7322515, 28.0717716 ], [ -16.7322432, 28.0718009 ], [ -16.7322406, 28.071831 ], [ -16.7322448, 28.0723644 ], [ -16.7322305, 28.0723837 ], [ -16.7322152, 28.0724083 ], [ -16.7322044, 28.0724348 ], [ -16.7321984, 28.0724624 ], [ -16.7321973, 28.0724905 ], [ -16.7322032, 28.0726141 ], [ -16.7322078, 28.0726451 ], [ -16.7322183, 28.0726749 ], [ -16.7322344, 28.0727027 ], [ -16.7322557, 28.0727276 ], [ -16.7324678, 28.0729352 ], [ -16.7324742, 28.072959 ], [ -16.732484, 28.0729819 ], [ -16.7324973, 28.0730034 ], [ -16.7325138, 28.073023 ], [ -16.7327974, 28.0733182 ], [ -16.7328164, 28.0733355 ], [ -16.733097, 28.0735586 ] ] } },
{ "type": "Feature", "properties": { "Layer": "0805DPMT", "IDTRAMO": 38044.0, "Provincia": "Santa Cruz de Tenerife", "Referencia": "DL-53-TF", "TM": "Granadilla de Abona (Tenerife)", "Estado": "A", "OM": "1998-04-22", "Sit_Admin": "Aprobado (O.M. 22/04/1998)", "Tipo_Linea": "Límite SP aprobada", "Label": "DL-53-TF (O.M. 22/04/1998)", "ID_SEGMENT": "38044001", "FIGURA": null, "Shape_Leng": 0.0, "VERTICES": "SI" }, "geometry": { "type": "LineString", "coordinates": [ [ -16.5417916, 28.0318361 ], [ -16.5418653, 28.0318804 ], [ -16.5419342, 28.0319302 ], [ -16.5419981, 28.0319852 ], [ -16.5420562, 28.0320449 ], [ -16.5421082, 28.0321089 ], [ -16.5421537, 28.0321768 ], [ -16.5421923, 28.0322479 ], [ -16.5422238, 28.0323217 ], [ -16.5422478, 28.0323977 ], [ -16.5422642, 28.0324753 ], [ -16.542273, 28.0325538 ], [ -16.5422739, 28.0326328 ], [ -16.542267, 28.0327115 ], [ -16.5422524, 28.0327893 ], [ -16.5423235, 28.0328332 ], [ -16.5423902, 28.0328823 ], [ -16.5424519, 28.0329362 ], [ -16.5425082, 28.0329946 ], [ -16.5425587, 28.033057 ], [ -16.542603, 28.0331231 ], [ -16.5426408, 28.0331922 ], [ -16.5426719, 28.0332639 ], [ -16.5428262, 28.0336712 ], [ -16.543162, 28.0337012 ], [ -16.5436625, 28.0336965 ], [ -16.5443704, 28.0336931 ], [ -16.5444541, 28.0336957 ], [ -16.5445372, 28.0337045 ], [ -16.5446191, 28.0337192 ], [ -16.5446995, 28.0337399 ], [ -16.5447777, 28.0337664 ], [ -16.5448531, 28.0337985 ], [ -16.5449253, 28.033836 ], [ -16.5449938, 28.0338787 ], [ -16.5450581, 28.0339261 ], [ -16.5451178, 28.0339782 ], [ -16.5451725, 28.0340344 ], [ -16.5452218, 28.0340943 ], [ -16.5454973, 28.0344604 ], [ -16.5458362, 28.0349108 ], [ -16.5458819, 28.0349776 ], [ -16.5459209, 28.0350476 ], [ -16.5459529, 28.0351204 ], [ -16.5459777, 28.0351953 ], [ -16.5459951, 28.0352719 ], [ -16.546005, 28.0353495 ], [ -16.5460073, 28.0354276 ], [ -16.5460019, 28.0355056 ], [ -16.545989, 28.0355828 ], [ -16.5459686, 28.0356588 ], [ -16.5459409, 28.0357329 ], [ -16.5459061, 28.0358047 ], [ -16.5458644, 28.0358734 ], [ -16.5458161, 28.0359388 ], [ -16.5457617, 28.0360002 ], [ -16.5458252, 28.0360544 ], [ -16.5458832, 28.0361134 ], [ -16.5459352, 28.0361765 ], [ -16.5459809, 28.0362435 ], [ -16.5460199, 28.0363137 ], [ -16.5460518, 28.0363866 ], [ -16.5460765, 28.0364617 ], [ -16.5460938, 28.0365385 ], [ -16.5461036, 28.0366162 ], [ -16.5461057, 28.0366945 ], [ -16.5461001, 28.0367726 ], [ -16.546087, 28.0368499 ], [ -16.5460663, 28.036926 ], [ -16.5460383, 28.0370002 ], [ -16.5460032, 28.037072 ], [ -16.5459612, 28.0371408 ], [ -16.5459126, 28.0372061 ], [ -16.5458579, 28.0372674 ], [ -16.5457973, 28.0373243 ], [ -16.5457314, 28.0373764 ], [ -16.5454854, 28.0375543 ], [ -16.5454686, 28.0376322 ], [ -16.5454442, 28.0377084 ], [ -16.5454123, 28.0377824 ], [ -16.5453733, 28.0378537 ], [ -16.5453273, 28.0379216 ], [ -16.5452748, 28.0379857 ], [ -16.5453495, 28.0380283 ], [ -16.5454197, 28.0380766 ], [ -16.5454849, 28.03813 ], [ -16.5455446, 28.0381883 ], [ -16.5455983, 28.038251 ], [ -16.5456457, 28.0383176 ], [ -16.5456863, 28.0383877 ], [ -16.5457199, 28.0384606 ], [ -16.5457462, 28.0385358 ], [ -16.5457651, 28.0386128 ], [ -16.5457762, 28.0386909 ], [ -16.5457797, 28.0387696 ], [ -16.5457754, 28.0388483 ], [ -16.5449481, 28.0389072 ], [ -16.5449, 28.0392573 ], [ -16.5448931, 28.0392869 ], [ -16.5448806, 28.0393151 ], [ -16.544863, 28.0393411 ], [ -16.5448408, 28.0393641 ], [ -16.5448145, 28.0393835 ], [ -16.544785, 28.0393987 ], [ -16.544753, 28.0394092 ], [ -16.5447194, 28.0394149 ], [ -16.5441755, 28.0394658 ], [ -16.5438657, 28.0395077 ], [ -16.5438626, 28.0395159 ], [ -16.5442926, 28.0396503 ], [ -16.5448682, 28.0398303 ], [ -16.5449001, 28.0398431 ], [ -16.544929, 28.0398606 ], [ -16.5449542, 28.0398822 ], [ -16.5449748, 28.0399073 ], [ -16.5449902, 28.0399352 ], [ -16.545, 28.039965 ], [ -16.5450039, 28.0399959 ], [ -16.5450018, 28.0400269 ], [ -16.5449938, 28.0400571 ], [ -16.54498, 28.0400857 ], [ -16.5449609, 28.0401117 ], [ -16.544937, 28.0401344 ], [ -16.5442174, 28.0407117 ], [ -16.5440031, 28.0411813 ], [ -16.5439894, 28.0412058 ], [ -16.5439346, 28.0412876 ], [ -16.5439152, 28.0413119 ], [ -16.5438916, 28.0413329 ], [ -16.5436853, 28.0414887 ], [ -16.5436589, 28.0415055 ], [ -16.5436299, 28.0415185 ], [ -16.543599, 28.0415271 ], [ -16.5435668, 28.0415313 ], [ -16.5435344, 28.0415309 ], [ -16.5435024, 28.0415259 ], [ -16.5434717, 28.0415165 ], [ -16.5434431, 28.0415029 ], [ -16.5434173, 28.0414854 ], [ -16.543395, 28.0414645 ], [ -16.5432968, 28.0413564 ], [ -16.5432772, 28.0413303 ], [ -16.5432628, 28.0413017 ], [ -16.5432543, 28.0412713 ], [ -16.5432025, 28.0410197 ], [ -16.543056, 28.0409567 ], [ -16.5430508, 28.0409662 ], [ -16.5430658, 28.0409929 ], [ -16.5430756, 28.0410214 ], [ -16.54308, 28.041051 ], [ -16.5430789, 28.0410808 ], [ -16.5430722, 28.04111 ], [ -16.5430601, 28.0411379 ], [ -16.5430431, 28.0411636 ], [ -16.5428314, 28.0413383 ], [ -16.5425808, 28.0416175 ], [ -16.5418936, 28.0422806 ], [ -16.5415669, 28.0425745 ], [ -16.5415467, 28.0425905 ], [ -16.5413089, 28.042754 ], [ -16.5410686, 28.0429064 ], [ -16.5410564, 28.0429352 ], [ -16.5410278, 28.0430075 ], [ -16.5410174, 28.0430291 ], [ -16.5409066, 28.0432233 ], [ -16.5408882, 28.0432497 ], [ -16.540865, 28.0432728 ], [ -16.5408377, 28.0432922 ], [ -16.5407598, 28.0433381 ], [ -16.5407371, 28.0433497 ], [ -16.5407129, 28.0433586 ], [ -16.5404728, 28.0434312 ], [ -16.5404387, 28.0434387 ], [ -16.5404035, 28.0434408 ], [ -16.5402932, 28.0434391 ], [ -16.5401111, 28.0434515 ], [ -16.5399111, 28.0435541 ], [ -16.5398045, 28.0436458 ], [ -16.5397732, 28.0436815 ], [ -16.5397524, 28.0437018 ], [ -16.5397284, 28.043719 ], [ -16.5394697, 28.0438776 ], [ -16.5392923, 28.0441244 ], [ -16.5392821, 28.0441373 ], [ -16.5392707, 28.0441494 ], [ -16.5391904, 28.044227 ], [ -16.5391742, 28.044241 ], [ -16.5391564, 28.0442533 ], [ -16.5390666, 28.0443085 ], [ -16.5390509, 28.0443172 ], [ -16.5390343, 28.0443247 ], [ -16.5387602, 28.0444342 ], [ -16.5387271, 28.0444445 ], [ -16.5383215, 28.0445366 ], [ -16.5382944, 28.0445411 ], [ -16.5382668, 28.0445422 ], [ -16.5380226, 28.0445377 ], [ -16.5379903, 28.0445348 ], [ -16.5379589, 28.0445274 ], [ -16.5379292, 28.0445156 ], [ -16.5379021, 28.0444998 ], [ -16.5378781, 28.0444804 ], [ -16.5378579, 28.0444578 ], [ -16.537842, 28.0444326 ], [ -16.5378308, 28.0444056 ], [ -16.5378247, 28.0443773 ], [ -16.5378236, 28.0443484 ], [ -16.5378278, 28.0443198 ], [ -16.5378441, 28.0442516 ], [ -16.5377496, 28.0441535 ], [ -16.5376514, 28.0441477 ], [ -16.5374895, 28.044152 ], [ -16.5374662, 28.0441686 ], [ -16.5374405, 28.044182 ], [ -16.5374128, 28.044192 ], [ -16.5373838, 28.0441982 ], [ -16.5372502, 28.0442177 ], [ -16.5371228, 28.0442287 ], [ -16.5369189, 28.0442673 ], [ -16.5368717, 28.0442709 ], [ -16.5368492, 28.0442872 ], [ -16.5368244, 28.0443005 ], [ -16.5367977, 28.0443106 ], [ -16.5367697, 28.0443172 ], [ -16.5366047, 28.0443449 ], [ -16.5365834, 28.0443619 ], [ -16.5365596, 28.0443761 ], [ -16.5365338, 28.0443872 ], [ -16.5365065, 28.0443949 ], [ -16.5363088, 28.0444378 ], [ -16.5362785, 28.0444422 ], [ -16.5362479, 28.0444426 ], [ -16.5362175, 28.0444388 ], [ -16.5361882, 28.0444311 ], [ -16.5361604, 28.0444195 ], [ -16.5361349, 28.0444044 ], [ -16.5361123, 28.0443861 ], [ -16.5359452, 28.0442284 ], [ -16.5359283, 28.0442137 ], [ -16.5357013, 28.0439906 ], [ -16.5356774, 28.04397 ], [ -16.5352541, 28.0435139 ], [ -16.5348187, 28.0430452 ], [ -16.5346076, 28.0428832 ] ] } },
{ "type": "Feature", "properties": { "Layer": "0805DPMT", "IDTRAMO": 38041.0, "Provincia": "Santa Cruz de Tenerife", "Referencia": "DL-56-TF", "TM": "Granadilla de Abona (Tenerife)", "Estado": "A", "OM": "2000-08-01", "Sit_Admin": "Aprobado (O.M. 01/08/2000)", "Tipo_Linea": "Límite SP aprobada", "Label": "DL-56-TF (O.M. 01/08/2000)", "ID_SEGMENT": "38041004", "FIGURA": null, "Shape_Leng": 0.0, "VERTICES": "SI" }, "geometry": { "type": "LineString", "coordinates": [ [ -16.4988246, 28.0790191 ], [ -16.4988108, 28.0790567 ], [ -16.4987881, 28.0791147 ], [ -16.4987609, 28.0791712 ], [ -16.4987295, 28.0792259 ], [ -16.4987286, 28.0793012 ], [ -16.4987206, 28.0793762 ], [ -16.4987056, 28.0794503 ], [ -16.4986837, 28.0795231 ], [ -16.4986549, 28.079594 ], [ -16.4986197, 28.0796625 ], [ -16.4985781, 28.0797282 ], [ -16.4985305, 28.0797905 ], [ -16.4984771, 28.0798492 ], [ -16.4984185, 28.0799036 ], [ -16.4983549, 28.0799536 ], [ -16.4981895, 28.0800731 ], [ -16.4981759, 28.080149 ], [ -16.4981551, 28.0802236 ], [ -16.4981272, 28.0802964 ], [ -16.4980924, 28.0803669 ], [ -16.498051, 28.0804344 ], [ -16.4980033, 28.0804986 ], [ -16.4979495, 28.0805589 ], [ -16.4978902, 28.080615 ], [ -16.4975584, 28.0809029 ], [ -16.497492, 28.0809556 ], [ -16.4974207, 28.081003 ], [ -16.497345, 28.0810447 ], [ -16.4972655, 28.0810803 ], [ -16.4971827, 28.0811097 ], [ -16.4970974, 28.0811325 ], [ -16.4970101, 28.0811486 ], [ -16.4969216, 28.0811578 ], [ -16.4968326, 28.0811602 ], [ -16.4967436, 28.0811556 ], [ -16.4966554, 28.0811442 ], [ -16.4965687, 28.0811259 ], [ -16.4964841, 28.081101 ], [ -16.4964023, 28.0810696 ], [ -16.496324, 28.081032 ], [ -16.4962496, 28.0809885 ], [ -16.4961798, 28.0809393 ], [ -16.4961151, 28.080885 ], [ -16.4960561, 28.0808258 ], [ -16.4960031, 28.0807622 ], [ -16.4959565, 28.0806948 ], [ -16.4959168, 28.0806241 ], [ -16.4958363, 28.08062 ], [ -16.4957564, 28.0806104 ], [ -16.4956776, 28.0805951 ], [ -16.4956005, 28.0805744 ], [ -16.4955254, 28.0805483 ], [ -16.4949831, 28.0803376 ], [ -16.4949173, 28.0803095 ], [ -16.494854, 28.0802773 ], [ -16.4947934, 28.0802412 ], [ -16.4947359, 28.0802012 ], [ -16.4946929, 28.0801691 ], [ -16.4946292, 28.0801964 ], [ -16.494582, 28.0802136 ], [ -16.4945837, 28.0802314 ], [ -16.4945867, 28.0802904 ], [ -16.4945866, 28.0803179 ], [ -16.4945771, 28.0807857 ], [ -16.4945758, 28.0808172 ], [ -16.4945701, 28.080876 ], [ -16.49456, 28.0809344 ], [ -16.4945457, 28.0809921 ], [ -16.4945272, 28.0810488 ], [ -16.4945045, 28.0811043 ], [ -16.4944777, 28.0811584 ], [ -16.4944471, 28.0812109 ], [ -16.4944126, 28.0812614 ], [ -16.4943745, 28.0813098 ], [ -16.4943329, 28.0813559 ], [ -16.494288, 28.0813995 ], [ -16.4942399, 28.0814404 ], [ -16.494189, 28.0814784 ], [ -16.4941353, 28.0815134 ], [ -16.4940792, 28.0815452 ], [ -16.4940209, 28.0815737 ], [ -16.4939606, 28.0815987 ], [ -16.4938986, 28.0816202 ], [ -16.4938351, 28.081638 ], [ -16.4937892, 28.0816481 ], [ -16.4937996, 28.0817034 ], [ -16.4938087, 28.0817811 ], [ -16.4938103, 28.0818592 ], [ -16.4938043, 28.0819371 ], [ -16.4937907, 28.0820143 ], [ -16.4937696, 28.0820901 ], [ -16.4937412, 28.0821641 ], [ -16.4937057, 28.0822355 ], [ -16.4937173, 28.0823121 ], [ -16.4937215, 28.0823892 ], [ -16.4937182, 28.0824664 ], [ -16.4937075, 28.082543 ], [ -16.4936895, 28.0826186 ], [ -16.4936643, 28.0826925 ], [ -16.493632, 28.0827642 ], [ -16.4935929, 28.0828332 ], [ -16.4935473, 28.082899 ], [ -16.4934956, 28.0829611 ], [ -16.493438, 28.0830191 ], [ -16.4933751, 28.0830725 ], [ -16.4933072, 28.0831209 ], [ -16.493235, 28.083164 ], [ -16.4931588, 28.0832014 ], [ -16.4930793, 28.0832329 ], [ -16.4929971, 28.0832583 ], [ -16.4929127, 28.0832774 ], [ -16.4928268, 28.08329 ], [ -16.4922568, 28.0833515 ] ] } },
{ "type": "Feature", "properties": { "Layer": "0805DPMT", "IDTRAMO": 38012.0, "Provincia": "Santa Cruz de Tenerife", "Referencia": "DL-132-TF", "TM": "El Rosario (Tenerife)", "Estado": "T", "Sit_Admin": "Provisional o en tramitación", "Tipo_Linea": "Límite SP provisional o en tramitación", "Label": "DL-132-TF", "ID_SEGMENT": "38012001", "FIGURA": null, "Shape_Leng": 0.0, "VERTICES": "NO" }, "geometry": { "type": "LineString", "coordinates": [ [ -16.3385673, 28.3970045 ], [ -16.3385667, 28.3970074 ], [ -16.3385522, 28.3970651 ], [ -16.3385335, 28.3971218 ], [ -16.3385107, 28.3971773 ], [ -16.3384838, 28.3972314 ], [ -16.338453, 28.3972838 ], [ -16.3384184, 28.3973342 ], [ -16.3383801, 28.3973826 ], [ -16.3383383, 28.3974287 ], [ -16.3382932, 28.3974722 ], [ -16.3382449, 28.3975131 ], [ -16.3381938, 28.3975511 ], [ -16.3381399, 28.397586 ], [ -16.3381333, 28.39759 ], [ -16.338021, 28.3976568 ], [ -16.3379713, 28.3976845 ], [ -16.3379128, 28.397713 ], [ -16.3378523, 28.3977379 ], [ -16.33779, 28.3977593 ], [ -16.3377263, 28.3977771 ], [ -16.3376614, 28.3977912 ], [ -16.3375957, 28.3978014 ], [ -16.3375293, 28.3978079 ], [ -16.3374626, 28.3978105 ], [ -16.3373958, 28.3978092 ], [ -16.3373311, 28.3978042 ], [ -16.3372059, 28.3977911 ], [ -16.3372041, 28.3977909 ], [ -16.3371381, 28.3977819 ], [ -16.3370728, 28.3977692 ], [ -16.3370226, 28.3977566 ], [ -16.3368787, 28.3977666 ], [ -16.3368857, 28.397804 ], [ -16.336893, 28.3978627 ], [ -16.3368959, 28.3979217 ], [ -16.3368944, 28.3979807 ], [ -16.3368886, 28.3980396 ], [ -16.3368785, 28.3980979 ], [ -16.336864, 28.3981556 ], [ -16.3368454, 28.3982123 ], [ -16.3368225, 28.3982678 ], [ -16.3367956, 28.3983219 ], [ -16.3367648, 28.3983743 ], [ -16.3367302, 28.3984248 ], [ -16.3366919, 28.3984731 ], [ -16.3366501, 28.3985192 ], [ -16.3366342, 28.3985352 ], [ -16.3365984, 28.3985704 ], [ -16.3365692, 28.3985979 ], [ -16.3365209, 28.3986388 ], [ -16.3364777, 28.3986712 ], [ -16.3364418, 28.3986967 ], [ -16.3364339, 28.3987022 ], [ -16.33638, 28.3987371 ], [ -16.3363237, 28.3987689 ], [ -16.3363096, 28.3987761 ], [ -16.3363096, 28.3987761 ], [ -16.336296, 28.3988145 ], [ -16.3362086, 28.399044 ], [ -16.3361796, 28.3991111 ], [ -16.3361446, 28.399176 ], [ -16.3361039, 28.3992383 ], [ -16.3360578, 28.3992974 ], [ -16.3357742, 28.3996317 ], [ -16.3357596, 28.3996484 ], [ -16.3357314, 28.3997059 ], [ -16.3356987, 28.3997615 ], [ -16.3356617, 28.3998149 ], [ -16.3354205, 28.4001376 ], [ -16.3354033, 28.4001863 ], [ -16.3353011, 28.4004725 ], [ -16.3352773, 28.4005317 ], [ -16.335249, 28.4005893 ], [ -16.3352162, 28.400645 ], [ -16.335179, 28.4006986 ], [ -16.3349724, 28.4009747 ], [ -16.3349226, 28.4010356 ], [ -16.3348673, 28.4010926 ], [ -16.3348067, 28.4011454 ], [ -16.3347414, 28.4011935 ], [ -16.3346718, 28.4012366 ], [ -16.3343004, 28.401447 ], [ -16.3338378, 28.4017089 ], [ -16.3337801, 28.4017392 ], [ -16.3337202, 28.4017661 ], [ -16.3336585, 28.4017895 ], [ -16.3336071, 28.4017419 ], [ -16.3335377, 28.4016622 ], [ -16.3334689, 28.4016291 ], [ -16.333345, 28.401563 ], [ -16.3332816, 28.4015248 ], [ -16.3330792, 28.4013579 ], [ -16.3330634, 28.4013365 ], [ -16.3330527, 28.4012678 ], [ -16.333052, 28.4012122 ] ] } },
{ "type": "Feature", "properties": { "Layer": "0805DPMT", "IDTRAMO": 38077.0, "Provincia": "Santa Cruz de Tenerife", "Referencia": "DL-200-TF", "TM": "Los Silos (Tenerife)", "Estado": "A", "OM": "2005-07-11", "Sit_Admin": "Aprobado (O.M. 11/07/2005)", "Tipo_Linea": "Límite SP aprobada", "Label": "DL-200-TF (O.M. 11/07/2005)", "ID_SEGMENT": "38077003", "FIGURA": null, "Shape_Leng": 0.0, "VERTICES": "SI" }, "geometry": { "type": "LineString", "coordinates": [ [ -16.813275, 28.378685 ], [ -16.8132942, 28.3787455 ], [ -16.8133145, 28.3787888 ], [ -16.8133367, 28.3788368 ], [ -16.8133775, 28.3789053 ], [ -16.8131943, 28.37877 ], [ -16.813275, 28.378685 ] ] } },
{ "type": "Feature", "properties": { "Layer": "0805DPMT", "IDTRAMO": 38013.0, "Provincia": "Santa Cruz de Tenerife", "Referencia": "DL-107-TF", "TM": "Candelaria (Tenerife)", "Estado": "A", "OM": "2006-05-22", "Sit_Admin": "Aprobado (O.M. 22/05/2006)", "Tipo_Linea": "Límite SP aprobada", "Label": "DL-107-TF (O.M. 22/05/2006)", "ID_SEGMENT": "38013008", "FIGURA": null, "Shape_Leng": 0.0, "VERTICES": "SI" }, "geometry": { "type": "LineString", "coordinates": [ [ -16.3528236, 28.3859892 ], [ -16.3527625, 28.3860144 ], [ -16.3526848, 28.3860398 ], [ -16.3526051, 28.3860595 ], [ -16.3525681, 28.386131 ], [ -16.3525242, 28.3861995 ], [ -16.3524737, 28.3862642 ], [ -16.352417, 28.3863249 ], [ -16.3523546, 28.3863809 ], [ -16.3522868, 28.386432 ], [ -16.3522144, 28.3864776 ], [ -16.3519519, 28.3866279 ], [ -16.3518804, 28.3866654 ], [ -16.3518056, 28.3866975 ], [ -16.3517281, 28.3867242 ], [ -16.3516484, 28.3867452 ], [ -16.3515671, 28.3867604 ], [ -16.3514846, 28.3867697 ], [ -16.3514015, 28.386773 ], [ -16.3513184, 28.3867703 ], [ -16.3512416, 28.3867948 ], [ -16.3511628, 28.3868139 ], [ -16.3510825, 28.3868272 ], [ -16.3510012, 28.3868349 ], [ -16.3509196, 28.3868368 ], [ -16.350838, 28.3868329 ], [ -16.3506451, 28.3868168 ], [ -16.3497336, 28.3871922 ], [ -16.3496639, 28.3872181 ], [ -16.3495922, 28.3872395 ], [ -16.3495189, 28.3872561 ], [ -16.3494444, 28.3872678 ], [ -16.3493692, 28.3872746 ], [ -16.3492964, 28.3873075 ], [ -16.3492208, 28.3873351 ], [ -16.349143, 28.3873573 ], [ -16.3490634, 28.3873739 ], [ -16.3489826, 28.3873848 ], [ -16.3489011, 28.3873899 ], [ -16.3488401, 28.3874703 ], [ -16.3487898, 28.387531 ], [ -16.348734, 28.3875878 ], [ -16.348673, 28.3876402 ], [ -16.3486073, 28.387688 ], [ -16.3485373, 28.3877308 ], [ -16.3484635, 28.3877683 ], [ -16.3483864, 28.3878002 ], [ -16.3483066, 28.3878263 ], [ -16.3482246, 28.3878464 ], [ -16.348141, 28.3878605 ], [ -16.3480564, 28.3878683 ], [ -16.3479713, 28.3878699 ], [ -16.3478864, 28.3878652 ] ] } },
{ "type": "Feature", "properties": { "Layer": "0805DPMT", "IDTRAMO": 38195.0, "Provincia": "Santa Cruz de Tenerife", "Referencia": "DL-107-TF (anulado)", "TM": "Candelaria (Tenerife)", "Estado": "T", "Sit_Admin": "Provisional o en tramitación", "Tipo_Linea": "Límite SP provisional o en tramitación", "Label": "DL-107-TF (anulado)", "ID_SEGMENT": "38195002", "FIGURA": null, "Shape_Leng": 0.0, "VERTICES": "SI" }, "geometry": { "type": "LineString", "coordinates": [ [ -16.3536653, 28.3855172 ], [ -16.3536524, 28.3855227 ], [ -16.3532917, 28.3857369 ], [ -16.3529096, 28.3859473 ], [ -16.3528376, 28.3859835 ], [ -16.3528236, 28.3859892 ] ] } },
{ "type": "Feature", "properties": { "Layer": "0805DPMT", "IDTRAMO": 38103.0, "Provincia": "Santa Cruz de Tenerife", "Referencia": "DL-127-TF", "TM": "San Cristóbal de La Laguna (Tenerife)", "Estado": "A", "OM": "2002-07-02", "Sit_Admin": "Aprobado (O.M. 02/07/2002)", "Tipo_Linea": "Límite SP aprobada", "Label": "DL-127-TF (O.M. 02/07/2002)", "ID_SEGMENT": "38103002", "FIGURA": null, "Shape_Leng": 0.0, "VERTICES": "NO" }, "geometry": { "type": "LineString", "coordinates": [ [ -16.3437233, 28.556027 ], [ -16.3431785, 28.5561079 ], [ -16.3428333, 28.5560306 ], [ -16.3428106, 28.5560267 ], [ -16.3427876, 28.5560251 ], [ -16.3425373, 28.5560203 ], [ -16.3421637, 28.5560252 ], [ -16.3421453, 28.5560262 ], [ -16.342127, 28.5560287 ], [ -16.3418662, 28.5560744 ], [ -16.3418534, 28.5560086 ], [ -16.3417286, 28.5560256 ], [ -16.3417169, 28.5559771 ], [ -16.3416787, 28.5559843 ], [ -16.3412888, 28.5559936 ], [ -16.3412747, 28.5559928 ], [ -16.3412492, 28.5559862 ], [ -16.3412354, 28.5559826 ], [ -16.34121, 28.555976 ], [ -16.3411962, 28.5559724 ], [ -16.3411707, 28.5559658 ], [ -16.341157, 28.5559623 ], [ -16.3411315, 28.5559556 ], [ -16.3411178, 28.5559521 ], [ -16.3410923, 28.5559455 ], [ -16.3410788, 28.5559413 ], [ -16.3410542, 28.5559324 ], [ -16.3410401, 28.5559341 ], [ -16.3410139, 28.5559379 ], [ -16.3409998, 28.55594 ], [ -16.3409736, 28.5559438 ], [ -16.3409595, 28.5559458 ], [ -16.3409365, 28.5559492 ], [ -16.3409344, 28.5559515 ], [ -16.3409252, 28.5559612 ], [ -16.3409082, 28.5559792 ], [ -16.3408991, 28.5559889 ], [ -16.340886, 28.5560015 ], [ -16.3408785, 28.5560093 ], [ -16.3408693, 28.556019 ], [ -16.3408522, 28.5560369 ], [ -16.3408318, 28.5560397 ], [ -16.3408054, 28.5560431 ], [ -16.3407912, 28.5560448 ], [ -16.3407649, 28.5560482 ], [ -16.3407508, 28.5560499 ], [ -16.3407245, 28.5560533 ], [ -16.3407204, 28.5560534 ], [ -16.3406949, 28.556047 ], [ -16.3406811, 28.5560435 ], [ -16.3406555, 28.5560371 ], [ -16.3406418, 28.5560336 ], [ -16.3406373, 28.5560325 ], [ -16.3406162, 28.5560272 ], [ -16.3406025, 28.5560237 ], [ -16.3405769, 28.5560173 ], [ -16.3405631, 28.5560138 ], [ -16.3405376, 28.5560074 ], [ -16.3405238, 28.5560039 ], [ -16.3405006, 28.5559981 ], [ -16.3404982, 28.5559977 ], [ -16.3404841, 28.5559956 ], [ -16.3404579, 28.5559918 ], [ -16.3404437, 28.5559897 ], [ -16.3404175, 28.5559859 ], [ -16.3404034, 28.5559872 ], [ -16.3403822, 28.5559902 ], [ -16.3403784, 28.5559933 ], [ -16.3403681, 28.556002 ], [ -16.3403661, 28.5560036 ], [ -16.3403488, 28.5560181 ], [ -16.3403384, 28.5560267 ], [ -16.3403354, 28.5560293 ], [ -16.3403135, 28.5560337 ], [ -16.3402996, 28.5560365 ], [ -16.3402737, 28.5560417 ], [ -16.3402597, 28.5560445 ], [ -16.3402457, 28.5560473 ], [ -16.3402341, 28.5560508 ], [ -16.3402206, 28.5560548 ], [ -16.3401953, 28.5560622 ], [ -16.3401818, 28.5560662 ], [ -16.3401688, 28.55607 ], [ -16.3401565, 28.5560737 ], [ -16.340143, 28.5560777 ], [ -16.3401178, 28.5560851 ], [ -16.3401051, 28.5560909 ], [ -16.3400897, 28.5560983 ], [ -16.3400817, 28.5561022 ], [ -16.3400693, 28.5561083 ], [ -16.3400639, 28.5561109 ], [ -16.3400436, 28.5561129 ], [ -16.3400297, 28.5561109 ], [ -16.3400045, 28.5561035 ], [ -16.3399905, 28.5561017 ], [ -16.339964, 28.5560998 ], [ -16.3399496, 28.5560988 ], [ -16.3399418, 28.5560983 ], [ -16.3399231, 28.5560969 ], [ -16.3399089, 28.5560959 ], [ -16.3398863, 28.5560943 ], [ -16.3398824, 28.5560941 ], [ -16.3398682, 28.556093 ], [ -16.3398586, 28.5560923 ], [ -16.3398445, 28.5560841 ], [ -16.3398325, 28.556077 ], [ -16.3398289, 28.5560749 ], [ -16.3398147, 28.5560598 ], [ -16.3398055, 28.5560501 ], [ -16.3398051, 28.5560497 ], [ -16.3397814, 28.5560405 ], [ -16.3397683, 28.5560354 ], [ -16.3397662, 28.5560346 ], [ -16.339744, 28.5560259 ], [ -16.3397308, 28.5560208 ], [ -16.3397097, 28.5560126 ], [ -16.3397066, 28.5560113 ], [ -16.3396934, 28.5560062 ], [ -16.3396731, 28.5559983 ], [ -16.3396688, 28.555998 ], [ -16.3396546, 28.5559969 ], [ -16.339648, 28.5559963 ], [ -16.3396295, 28.5560029 ], [ -16.3396162, 28.5560073 ], [ -16.3395896, 28.5560071 ], [ -16.3395753, 28.5560068 ], [ -16.3395487, 28.5560066 ], [ -16.3395344, 28.5560064 ], [ -16.3395189, 28.5560062 ], [ -16.3395081, 28.556004 ], [ -16.3394941, 28.5560011 ], [ -16.3394682, 28.5559959 ], [ -16.3394543, 28.5559931 ], [ -16.3394283, 28.5559878 ], [ -16.3394146, 28.5559845 ], [ -16.3393894, 28.5559772 ], [ -16.3393757, 28.5559733 ], [ -16.3393505, 28.5559659 ], [ -16.3393368, 28.555962 ], [ -16.3393116, 28.5559547 ], [ -16.339298, 28.5559507 ], [ -16.3392728, 28.5559434 ], [ -16.3392592, 28.5559395 ], [ -16.3392339, 28.5559321 ], [ -16.3392204, 28.5559282 ], [ -16.3392109, 28.5559255 ], [ -16.3391981, 28.555916 ], [ -16.3391872, 28.5559079 ], [ -16.3391669, 28.5558927 ], [ -16.3391559, 28.5558846 ], [ -16.3391357, 28.5558695 ], [ -16.3391252, 28.5558609 ], [ -16.3391094, 28.5558421 ], [ -16.3390993, 28.5558339 ], [ -16.3390738, 28.5558276 ], [ -16.3390599, 28.5558241 ], [ -16.3390344, 28.5558178 ], [ -16.3390205, 28.5558144 ], [ -16.339017, 28.5558135 ], [ -16.339007, 28.5558317 ], [ -16.3390006, 28.555843 ], [ -16.3389908, 28.5558605 ], [ -16.3389873, 28.555863 ], [ -16.3389763, 28.5558711 ], [ -16.3389651, 28.5558792 ], [ -16.3389531, 28.5558799 ], [ -16.3389388, 28.5558806 ], [ -16.3389314, 28.5558811 ], [ -16.3389128, 28.5558771 ], [ -16.3388988, 28.5558742 ], [ -16.338873, 28.5558687 ], [ -16.3388591, 28.5558658 ], [ -16.3388332, 28.5558604 ], [ -16.3388193, 28.5558574 ], [ -16.3387935, 28.5558519 ], [ -16.3387795, 28.555849 ], [ -16.3387537, 28.5558436 ], [ -16.3387398, 28.5558406 ], [ -16.3387139, 28.5558351 ], [ -16.3387, 28.5558322 ], [ -16.3386742, 28.5558267 ], [ -16.3386602, 28.5558238 ], [ -16.3386344, 28.5558184 ], [ -16.3386205, 28.5558154 ], [ -16.3385946, 28.5558099 ], [ -16.3385807, 28.555807 ], [ -16.338564, 28.5558035 ], [ -16.3385548, 28.555805 ], [ -16.3385407, 28.5558073 ], [ -16.3385146, 28.5558116 ], [ -16.3385005, 28.555814 ], [ -16.3384744, 28.5558183 ], [ -16.3384603, 28.5558206 ], [ -16.3384358, 28.5558118 ], [ -16.3384225, 28.555807 ], [ -16.3383979, 28.5557982 ], [ -16.3383847, 28.5557934 ], [ -16.3383648, 28.5557863 ], [ -16.3383609, 28.5557833 ], [ -16.3383503, 28.5557748 ], [ -16.3383351, 28.5557628 ], [ -16.338329, 28.5557621 ], [ -16.3383005, 28.5557586 ], [ -16.3382885, 28.5557601 ], [ -16.3382743, 28.5557617 ], [ -16.3382581, 28.5557636 ], [ -16.3382484, 28.5557666 ], [ -16.3382349, 28.5557708 ], [ -16.3382099, 28.5557786 ], [ -16.3381962, 28.5557753 ], [ -16.3381834, 28.5557716 ], [ -16.3381743, 28.5557634 ], [ -16.3381644, 28.5557542 ], [ -16.3381458, 28.5557375 ], [ -16.3381359, 28.5557284 ], [ -16.3381283, 28.5557216 ], [ -16.3381126, 28.5557196 ], [ -16.3380985, 28.5557177 ], [ -16.3380902, 28.5557166 ], [ -16.3380723, 28.5557191 ], [ -16.3380582, 28.5557212 ], [ -16.338032, 28.5557249 ], [ -16.3380178, 28.5557269 ], [ -16.3379915, 28.5557306 ], [ -16.3379774, 28.5557326 ], [ -16.3379685, 28.5557339 ], [ -16.3379513, 28.555731 ], [ -16.3379372, 28.5557285 ], [ -16.3379111, 28.5557241 ], [ -16.3378971, 28.5557217 ], [ -16.337871, 28.5557172 ], [ -16.3378569, 28.5557149 ], [ -16.3378336, 28.5557108 ], [ -16.3378324, 28.5557086 ], [ -16.3378267, 28.555697 ], [ -16.337816, 28.5556755 ], [ -16.3378102, 28.555664 ], [ -16.3377995, 28.5556425 ], [ -16.337786, 28.5556427 ], [ -16.3377596, 28.5556452 ], [ -16.3377454, 28.5556466 ], [ -16.3377189, 28.5556491 ], [ -16.3377047, 28.5556505 ], [ -16.3376783, 28.555653 ], [ -16.3376641, 28.5556542 ], [ -16.3376434, 28.5556396 ], [ -16.3376321, 28.5556317 ], [ -16.3376114, 28.555617 ], [ -16.3376001, 28.5556092 ], [ -16.3375794, 28.5555945 ], [ -16.3375685, 28.5555865 ], [ -16.3375501, 28.5555695 ], [ -16.3375402, 28.5555603 ], [ -16.3375218, 28.5555433 ], [ -16.3375119, 28.5555342 ], [ -16.3374965, 28.5555199 ], [ -16.3374944, 28.5555167 ], [ -16.3374871, 28.5555059 ], [ -16.3374737, 28.5554856 ], [ -16.3374664, 28.5554748 ], [ -16.3374529, 28.5554545 ], [ -16.3374457, 28.5554436 ], [ -16.3374322, 28.5554234 ], [ -16.337425, 28.5554125 ], [ -16.3374116, 28.5553923 ], [ -16.3374043, 28.5553813 ], [ -16.3373983, 28.5553724 ], [ -16.3373835, 28.5553728 ], [ -16.3373692, 28.5553731 ], [ -16.3373426, 28.5553736 ], [ -16.3373283, 28.5553739 ], [ -16.3373018, 28.5553746 ], [ -16.3372875, 28.5553749 ], [ -16.3372609, 28.5553754 ], [ -16.3372466, 28.5553757 ], [ -16.33722, 28.5553764 ], [ -16.3372057, 28.5553767 ], [ -16.3371791, 28.5553772 ], [ -16.3371648, 28.5553775 ], [ -16.3371383, 28.5553782 ], [ -16.337124, 28.5553785 ], [ -16.3370974, 28.555379 ], [ -16.3370831, 28.5553793 ], [ -16.3370565, 28.55538 ], [ -16.3370422, 28.5553802 ], [ -16.3370156, 28.5553808 ], [ -16.3370013, 28.5553811 ], [ -16.336993, 28.5553813 ], [ -16.3369858, 28.5553962 ], [ -16.3369801, 28.5554077 ], [ -16.3369695, 28.5554293 ], [ -16.3369639, 28.5554409 ], [ -16.3369534, 28.5554624 ], [ -16.3369477, 28.555474 ], [ -16.3369371, 28.5554956 ], [ -16.3369315, 28.5555072 ], [ -16.3369209, 28.5555287 ], [ -16.3369152, 28.5555403 ], [ -16.3369048, 28.5555619 ], [ -16.3368991, 28.5555735 ], [ -16.3368978, 28.555576 ], [ -16.336877, 28.5555666 ], [ -16.3368643, 28.5555607 ], [ -16.3368406, 28.5555501 ], [ -16.336828, 28.5555442 ], [ -16.3368221, 28.5555416 ], [ -16.3368073, 28.5555296 ], [ -16.3367968, 28.5555212 ], [ -16.3367772, 28.5555053 ], [ -16.3367666, 28.5554968 ], [ -16.3367592, 28.5554908 ], [ -16.3367454, 28.5554828 ], [ -16.3367335, 28.5554757 ], [ -16.3367156, 28.5554652 ], [ -16.3367108, 28.5554635 ], [ -16.3366976, 28.5554588 ], [ -16.3366729, 28.55545 ], [ -16.3366593, 28.5554514 ], [ -16.3366336, 28.5554573 ], [ -16.3366197, 28.5554605 ], [ -16.336594, 28.5554666 ], [ -16.3365798, 28.5554666 ], [ -16.3365533, 28.5554649 ], [ -16.3365391, 28.5554639 ], [ -16.33653, 28.5554633 ], [ -16.3365133, 28.5554679 ], [ -16.3364996, 28.5554716 ], [ -16.3364742, 28.5554785 ], [ -16.3364605, 28.5554822 ], [ -16.3364352, 28.5554892 ], [ -16.3364215, 28.5554929 ], [ -16.336396, 28.5554997 ], [ -16.3363824, 28.5555035 ], [ -16.336357, 28.5555104 ], [ -16.3363434, 28.5555142 ], [ -16.3363179, 28.5555211 ], [ -16.3363043, 28.5555247 ], [ -16.3362828, 28.5555306 ], [ -16.3362807, 28.5555337 ], [ -16.3362734, 28.5555446 ], [ -16.3362607, 28.5555638 ], [ -16.3362614, 28.5555649 ], [ -16.3362685, 28.5555758 ], [ -16.3362819, 28.5555961 ], [ -16.336289, 28.555607 ], [ -16.3363023, 28.5556274 ], [ -16.3363095, 28.5556383 ], [ -16.3363228, 28.5556586 ], [ -16.3363299, 28.5556695 ], [ -16.3363419, 28.5556878 ], [ -16.3363423, 28.5556902 ], [ -16.3363445, 28.5557027 ], [ -16.3363486, 28.5557258 ], [ -16.3363508, 28.5557384 ], [ -16.3363549, 28.5557615 ], [ -16.3363571, 28.5557739 ], [ -16.3363612, 28.5557972 ], [ -16.3363634, 28.5558096 ], [ -16.3363672, 28.5558313 ], [ -16.3363659, 28.5558323 ], [ -16.336355, 28.5558405 ], [ -16.3363346, 28.5558556 ], [ -16.3363237, 28.5558637 ], [ -16.3363033, 28.5558788 ], [ -16.3362924, 28.5558869 ], [ -16.336272, 28.555902 ], [ -16.3362611, 28.5559102 ], [ -16.3362575, 28.5559128 ], [ -16.3362363, 28.5559176 ], [ -16.3362225, 28.5559208 ], [ -16.3361968, 28.5559267 ], [ -16.336183, 28.5559289 ], [ -16.3361589, 28.555919 ], [ -16.3361466, 28.5559127 ], [ -16.3361268, 28.5558972 ], [ -16.3361162, 28.5558887 ], [ -16.3360963, 28.555873 ], [ -16.3360857, 28.5558646 ], [ -16.3360676, 28.5558503 ], [ -16.3360654, 28.5558506 ], [ -16.3360513, 28.555853 ], [ -16.3360252, 28.5558575 ], [ -16.3360112, 28.5558599 ], [ -16.3359851, 28.5558644 ], [ -16.335971, 28.5558668 ], [ -16.3359449, 28.5558713 ], [ -16.335931, 28.5558737 ], [ -16.3359049, 28.5558781 ], [ -16.3358908, 28.5558806 ], [ -16.3358648, 28.555885 ], [ -16.3358507, 28.5558874 ], [ -16.3358493, 28.5558877 ], [ -16.3358302, 28.5559021 ], [ -16.3358193, 28.5559104 ], [ -16.3358022, 28.5559234 ], [ -16.3358002, 28.5559264 ], [ -16.3357931, 28.5559373 ], [ -16.3357797, 28.5559577 ], [ -16.3357751, 28.5559694 ], [ -16.3357716, 28.5559926 ], [ -16.3357697, 28.5560052 ], [ -16.3357662, 28.5560284 ], [ -16.3357643, 28.556041 ], [ -16.3357608, 28.5560642 ], [ -16.3357589, 28.5560768 ], [ -16.3357554, 28.5561 ], [ -16.3357536, 28.5561125 ], [ -16.3357501, 28.5561358 ], [ -16.3357469, 28.5561475 ], [ -16.3357227, 28.5561573 ], [ -16.3357097, 28.5561625 ], [ -16.3357036, 28.556165 ], [ -16.3356899, 28.5561776 ], [ -16.3356799, 28.5561867 ], [ -16.3356615, 28.5562035 ], [ -16.3356515, 28.5562127 ], [ -16.335633, 28.5562295 ], [ -16.3356231, 28.5562386 ], [ -16.3356046, 28.5562554 ], [ -16.3355933, 28.5562632 ], [ -16.3355714, 28.5562764 ], [ -16.3355597, 28.5562836 ], [ -16.3355379, 28.5562966 ], [ -16.3355377, 28.5562964 ], [ -16.3355294, 28.5562877 ], [ -16.3355074, 28.5563009 ], [ -16.3354956, 28.5563081 ], [ -16.3354737, 28.5563213 ], [ -16.3354619, 28.5563284 ], [ -16.33544, 28.5563417 ], [ -16.3354281, 28.5563489 ], [ -16.3354249, 28.5563508 ], [ -16.3354146, 28.5563686 ], [ -16.335408, 28.5563799 ], [ -16.3353958, 28.5564007 ], [ -16.3353893, 28.5564119 ], [ -16.3353772, 28.5564328 ], [ -16.3353708, 28.5564427 ], [ -16.3353634, 28.5564202 ], [ -16.3353593, 28.556408 ], [ -16.3353519, 28.5563855 ], [ -16.335348, 28.5563734 ], [ -16.3353405, 28.5563508 ], [ -16.3353365, 28.5563387 ], [ -16.3353291, 28.5563162 ], [ -16.335325, 28.556304 ], [ -16.3353176, 28.5562816 ], [ -16.3353136, 28.5562694 ], [ -16.3353062, 28.5562468 ], [ -16.3353022, 28.5562348 ], [ -16.3352947, 28.5562122 ], [ -16.3352908, 28.5562001 ], [ -16.3352833, 28.5561776 ], [ -16.3352793, 28.5561654 ], [ -16.3352719, 28.5561429 ], [ -16.3352678, 28.5561308 ], [ -16.3352604, 28.5561082 ], [ -16.3352565, 28.5560961 ], [ -16.335249, 28.5560736 ], [ -16.3352425, 28.5560632 ], [ -16.3352195, 28.5560515 ], [ -16.3352071, 28.5560452 ], [ -16.335184, 28.5560336 ], [ -16.3351716, 28.5560273 ], [ -16.3351485, 28.5560156 ], [ -16.3351362, 28.5560093 ], [ -16.335113, 28.5559977 ], [ -16.3351007, 28.5559915 ], [ -16.3350775, 28.5559798 ], [ -16.3350652, 28.5559735 ], [ -16.3350518, 28.5559668 ], [ -16.3350542, 28.5559616 ], [ -16.3350352, 28.5559453 ], [ -16.3350254, 28.5559709 ], [ -16.3350069, 28.5559877 ], [ -16.3350009, 28.5559908 ], [ -16.3349781, 28.5560028 ], [ -16.3349658, 28.5560092 ], [ -16.3349429, 28.5560213 ], [ -16.3349306, 28.5560277 ], [ -16.3349078, 28.5560396 ], [ -16.3348954, 28.5560461 ], [ -16.3348725, 28.556058 ], [ -16.3348603, 28.5560645 ], [ -16.3348374, 28.5560765 ], [ -16.3348251, 28.556083 ], [ -16.3348023, 28.5560949 ], [ -16.3347826, 28.5561055 ], [ -16.3347605, 28.5561184 ], [ -16.3347486, 28.5561255 ], [ -16.3347347, 28.5561336 ], [ -16.3347268, 28.5561389 ], [ -16.3347153, 28.5561464 ], [ -16.334694, 28.5561605 ], [ -16.3346828, 28.5561684 ], [ -16.3346625, 28.5561835 ], [ -16.3346515, 28.5561916 ], [ -16.3346442, 28.5561971 ], [ -16.3346319, 28.5562073 ], [ -16.3346214, 28.556216 ], [ -16.3346021, 28.5562321 ], [ -16.3345757, 28.5562343 ], [ -16.3345614, 28.5562356 ], [ -16.3345349, 28.5562378 ], [ -16.3345207, 28.556239 ], [ -16.3344943, 28.5562413 ], [ -16.33448, 28.5562425 ], [ -16.3344536, 28.5562447 ], [ -16.3344394, 28.556246 ], [ -16.3344129, 28.5562482 ], [ -16.3343986, 28.5562494 ], [ -16.3343722, 28.5562517 ], [ -16.334358, 28.5562529 ], [ -16.3343315, 28.5562552 ], [ -16.3343172, 28.5562564 ], [ -16.3342908, 28.5562586 ], [ -16.3342766, 28.5562598 ], [ -16.33425, 28.5562621 ], [ -16.3342359, 28.5562633 ], [ -16.3342094, 28.5562656 ], [ -16.3341951, 28.5562668 ], [ -16.3341687, 28.556269 ], [ -16.3341545, 28.5562702 ], [ -16.334128, 28.5562725 ], [ -16.3341137, 28.5562737 ], [ -16.3340873, 28.556276 ], [ -16.3340731, 28.5562772 ], [ -16.3340546, 28.5562787 ], [ -16.334054, 28.5562788 ], [ -16.3340398, 28.5562803 ], [ -16.3340135, 28.5562833 ], [ -16.3339993, 28.556285 ], [ -16.3339925, 28.5562857 ], [ -16.3339731, 28.5562889 ], [ -16.333959, 28.5562913 ], [ -16.3339357, 28.5562951 ], [ -16.3339329, 28.5562957 ], [ -16.333919, 28.5562987 ], [ -16.3338932, 28.5563044 ], [ -16.3338794, 28.5563074 ], [ -16.333854, 28.5563144 ], [ -16.3338402, 28.5563181 ], [ -16.3338243, 28.5563224 ], [ -16.3338151, 28.5563255 ], [ -16.3338016, 28.5563299 ], [ -16.3337767, 28.556338 ], [ -16.3337635, 28.5563428 ], [ -16.3337391, 28.5563521 ], [ -16.333726, 28.5563572 ], [ -16.3337172, 28.5563606 ], [ -16.333702, 28.5563674 ], [ -16.3336892, 28.556373 ], [ -16.3336655, 28.5563836 ], [ -16.3336558, 28.5563882 ], [ -16.3336433, 28.5563943 ], [ -16.3336199, 28.5564055 ], [ -16.3336073, 28.5564115 ], [ -16.333584, 28.5564227 ], [ -16.3335714, 28.5564287 ], [ -16.333548, 28.5564399 ], [ -16.3335354, 28.5564459 ], [ -16.333512, 28.5564571 ], [ -16.3334994, 28.5564631 ], [ -16.3334761, 28.5564743 ], [ -16.3334635, 28.5564803 ], [ -16.3334402, 28.5564915 ], [ -16.3334276, 28.5564975 ], [ -16.3334042, 28.5565087 ], [ -16.3333916, 28.5565147 ], [ -16.3333682, 28.5565259 ], [ -16.3333556, 28.5565319 ], [ -16.3333324, 28.5565431 ], [ -16.3333198, 28.5565491 ], [ -16.3332964, 28.5565603 ], [ -16.3332838, 28.5565663 ], [ -16.3332604, 28.5565775 ], [ -16.3332478, 28.5565836 ], [ -16.3332245, 28.5565947 ], [ -16.3332119, 28.5566007 ], [ -16.3331886, 28.556612 ], [ -16.333176, 28.5566179 ], [ -16.3331526, 28.5566291 ], [ -16.33314, 28.5566352 ], [ -16.3331167, 28.5566463 ], [ -16.3330937, 28.5566581 ], [ -16.3330813, 28.5566645 ], [ -16.3330667, 28.5566719 ], [ -16.3330586, 28.5566766 ], [ -16.3330466, 28.5566836 ], [ -16.3330244, 28.5566964 ], [ -16.3330127, 28.5567037 ], [ -16.3329913, 28.5567177 ], [ -16.3329799, 28.5567252 ], [ -16.3329719, 28.5567304 ], [ -16.3329591, 28.5567398 ], [ -16.3329481, 28.5567479 ], [ -16.3329277, 28.5567629 ], [ -16.3329172, 28.5567716 ], [ -16.3328978, 28.5567876 ], [ -16.3328873, 28.5567962 ], [ -16.3328852, 28.556798 ], [ -16.3328688, 28.556813 ], [ -16.3328589, 28.5568221 ], [ -16.3328453, 28.5568348 ], [ -16.3328408, 28.5568393 ], [ -16.3328307, 28.5568493 ], [ -16.3328134, 28.5568671 ], [ -16.332804, 28.5568767 ], [ -16.3327866, 28.5568943 ], [ -16.3327773, 28.5569039 ], [ -16.3327599, 28.5569217 ], [ -16.3327505, 28.5569312 ], [ -16.3327332, 28.556949 ], [ -16.3327265, 28.5569558 ], [ -16.332724, 28.5569596 ], [ -16.3326227, 28.5570561 ], [ -16.3324292, 28.5572495 ], [ -16.3323785, 28.5573023 ], [ -16.3323294, 28.5573562 ], [ -16.3322867, 28.5574033 ], [ -16.3322474, 28.5574446 ], [ -16.3321592, 28.5575405 ], [ -16.3321107, 28.5575993 ], [ -16.3320889, 28.5576304 ], [ -16.3320446, 28.5577089 ], [ -16.332017, 28.5577702 ], [ -16.3319887, 28.5578542 ], [ -16.3319637, 28.5579545 ], [ -16.3319604, 28.5579766 ], [ -16.3319528, 28.5580772 ], [ -16.3319475, 28.558189 ], [ -16.3319444, 28.5582622 ], [ -16.3319338, 28.5584541 ], [ -16.3319317, 28.558481 ], [ -16.3319309, 28.5584854 ], [ -16.3319295, 28.5584896 ], [ -16.3319274, 28.5584936 ], [ -16.3319247, 28.5584974 ], [ -16.3319223, 28.5585005 ], [ -16.3319204, 28.5585039 ], [ -16.3318815, 28.5585847 ], [ -16.3318805, 28.5585869 ], [ -16.3318645, 28.5586299 ], [ -16.3318506, 28.5586763 ], [ -16.3318495, 28.5586805 ], [ -16.3318373, 28.5587323 ], [ -16.3318345, 28.5587473 ], [ -16.3318338, 28.5587513 ], [ -16.3318296, 28.5587775 ], [ -16.3318284, 28.5587871 ], [ -16.331826, 28.5588078 ], [ -16.3318246, 28.5588231 ], [ -16.3318221, 28.5588591 ], [ -16.3318192, 28.5588707 ], [ -16.3318034, 28.5589344 ], [ -16.3318017, 28.5589413 ], [ -16.3317984, 28.5589566 ], [ -16.3317962, 28.5589677 ], [ -16.3317943, 28.5589767 ], [ -16.331792, 28.55899 ], [ -16.3317902, 28.5590011 ], [ -16.3317886, 28.5590123 ], [ -16.3317886, 28.5590125 ], [ -16.3317858, 28.5590348 ], [ -16.3317847, 28.559046 ], [ -16.3317845, 28.5590484 ], [ -16.3317828, 28.5590685 ], [ -16.3317821, 28.5590798 ], [ -16.3317819, 28.5590844 ], [ -16.3317812, 28.5591024 ], [ -16.331781, 28.5591137 ], [ -16.3317788, 28.5591322 ], [ -16.3317774, 28.5591556 ], [ -16.3317677, 28.5593124 ], [ -16.3317662, 28.5593358 ], [ -16.3317521, 28.5595648 ], [ -16.3317514, 28.5595775 ], [ -16.3317512, 28.5595881 ], [ -16.3317503, 28.5596369 ], [ -16.3317498, 28.5596604 ], [ -16.33174, 28.560322 ], [ -16.3317411, 28.5603365 ], [ -16.3317399, 28.56036 ], [ -16.3317323, 28.5605891 ], [ -16.3317319, 28.5606126 ], [ -16.3317266, 28.5609139 ], [ -16.3317263, 28.5609322 ], [ -16.3317263, 28.5609374 ], [ -16.3317244, 28.5611667 ], [ -16.3317242, 28.5611901 ], [ -16.3317225, 28.5612388 ], [ -16.3317216, 28.5612623 ], [ -16.3317137, 28.5614553 ], [ -16.3317128, 28.5614787 ], [ -16.3317092, 28.5615635 ], [ -16.3317083, 28.5615869 ], [ -16.3317084, 28.5615868 ], [ -16.3317081, 28.5615934 ], [ -16.3317079, 28.5615999 ], [ -16.3317078, 28.5616065 ], [ -16.3317078, 28.5616092 ], [ -16.3317077, 28.5616219 ], [ -16.3317079, 28.5616392 ], [ -16.3317081, 28.5616453 ], [ -16.3317087, 28.561658 ], [ -16.3317087, 28.5616589 ], [ -16.331709, 28.5616654 ], [ -16.3317095, 28.5616719 ], [ -16.3317099, 28.5616784 ], [ -16.3317101, 28.5616814 ], [ -16.3317112, 28.561694 ], [ -16.3317115, 28.561698 ], [ -16.3317122, 28.5617046 ], [ -16.3317129, 28.5617111 ], [ -16.3317137, 28.5617174 ], [ -16.3317392, 28.5618533 ], [ -16.331744, 28.5618765 ], [ -16.3317198, 28.5619002 ], [ -16.3317182, 28.5619023 ], [ -16.3316745, 28.5619633 ], [ -16.3316192, 28.5620598 ], [ -16.3315895, 28.5621271 ], [ -16.3316129, 28.5621367 ], [ -16.3318146, 28.5622158 ], [ -16.3318307, 28.5622229 ], [ -16.331953, 28.5622772 ], [ -16.3319768, 28.5622877 ], [ -16.3319896, 28.5622934 ], [ -16.3319929, 28.5622949 ], [ -16.3320114, 28.5623068 ], [ -16.3320229, 28.5623143 ], [ -16.3320443, 28.5623281 ], [ -16.3320534, 28.5623379 ], [ -16.3320698, 28.5623563 ], [ -16.3320787, 28.5623662 ], [ -16.332095, 28.5623848 ], [ -16.3321039, 28.5623947 ], [ -16.332106, 28.5623971 ], [ -16.3321177, 28.5624147 ], [ -16.3321669, 28.5624876 ] ] } },
{ "type": "Feature", "properties": { "Layer": "0805DPMT", "IDTRAMO": 38103.0, "Provincia": "Santa Cruz de Tenerife", "Referencia": "DL-127-TF", "TM": "San Cristóbal de La Laguna (Tenerife)", "Estado": "A", "OM": "2002-07-02", "Sit_Admin": "Aprobado (O.M. 02/07/2002)", "Tipo_Linea": "Límite SP aprobada", "Label": "DL-127-TF (O.M. 02/07/2002)", "ID_SEGMENT": "38103003", "FIGURA": null, "Shape_Leng": 0.0, "VERTICES": "NO" }, "geometry": { "type": "LineString", "coordinates": [ [ -16.3529366, 28.5514503 ], [ -16.3529117, 28.5514539 ], [ -16.3529096, 28.5514543 ], [ -16.3528858, 28.551459 ], [ -16.3528323, 28.5514711 ], [ -16.3528068, 28.5514778 ], [ -16.3527933, 28.5514817 ], [ -16.3527681, 28.5514893 ], [ -16.3527547, 28.5514937 ], [ -16.3527302, 28.551502 ], [ -16.3527298, 28.5515021 ], [ -16.3527167, 28.5515071 ], [ -16.3526958, 28.5515149 ], [ -16.3526923, 28.5515164 ], [ -16.3526427, 28.5515378 ], [ -16.3526285, 28.5515442 ], [ -16.3526193, 28.5515488 ], [ -16.3525717, 28.5515735 ], [ -16.3525638, 28.5515778 ], [ -16.3525494, 28.5515862 ], [ -16.3525041, 28.551614 ], [ -16.352502, 28.5516154 ], [ -16.3524831, 28.5516284 ], [ -16.3524405, 28.5516594 ], [ -16.3524208, 28.5516752 ], [ -16.3523813, 28.5517091 ], [ -16.3523629, 28.5517261 ], [ -16.3523217, 28.5517258 ], [ -16.3522951, 28.5517255 ], [ -16.3522399, 28.5517251 ], [ -16.3522133, 28.5517249 ], [ -16.3521725, 28.5517246 ], [ -16.3521525, 28.5517246 ], [ -16.3520973, 28.5517264 ], [ -16.3520837, 28.5517273 ], [ -16.3520709, 28.5517282 ], [ -16.3519758, 28.5517398 ], [ -16.3519738, 28.5517401 ], [ -16.351952, 28.5517439 ], [ -16.3519497, 28.5517444 ], [ -16.351896, 28.5517558 ], [ -16.3518874, 28.5517579 ], [ -16.3518705, 28.5517623 ], [ -16.3518181, 28.5517776 ], [ -16.3518029, 28.5517824 ], [ -16.3517932, 28.5517857 ], [ -16.3517422, 28.5518045 ], [ -16.3517414, 28.5518049 ], [ -16.3517213, 28.5518132 ], [ -16.3517182, 28.5518145 ], [ -16.3516445, 28.5518472 ], [ -16.3516208, 28.5518579 ], [ -16.3514986, 28.5519125 ], [ -16.3514749, 28.5519231 ], [ -16.3514257, 28.5519451 ], [ -16.3514161, 28.5519493 ], [ -16.3514008, 28.5519456 ], [ -16.351387, 28.5519422 ], [ -16.3513614, 28.551936 ], [ -16.3512688, 28.5519133 ], [ -16.3512432, 28.5519071 ], [ -16.3511897, 28.5518954 ], [ -16.3511635, 28.5518908 ], [ -16.3511094, 28.5518813 ], [ -16.3510834, 28.5518767 ], [ -16.3509892, 28.5518602 ], [ -16.3509631, 28.5518556 ], [ -16.350949, 28.5518531 ], [ -16.350923, 28.5518486 ], [ -16.3508687, 28.5518398 ], [ -16.3508615, 28.5518388 ], [ -16.3508493, 28.5518372 ], [ -16.3508424, 28.5518365 ], [ -16.3507875, 28.5518315 ], [ -16.3507874, 28.5518315 ], [ -16.3507751, 28.5518307 ], [ -16.3507626, 28.5518301 ], [ -16.350761, 28.55183 ], [ -16.3507058, 28.551829 ], [ -16.3506881, 28.5518291 ], [ -16.3506793, 28.5518293 ], [ -16.350609, 28.5518327 ], [ -16.3505824, 28.5518341 ], [ -16.3505274, 28.551837 ], [ -16.3505008, 28.5518383 ], [ -16.3504865, 28.5518391 ], [ -16.3504601, 28.5518404 ], [ -16.3504457, 28.5518399 ], [ -16.3504192, 28.551838 ], [ -16.3503643, 28.551834 ], [ -16.3503378, 28.5518321 ], [ -16.3502833, 28.5518241 ], [ -16.3502572, 28.5518199 ], [ -16.3502432, 28.5518175 ], [ -16.3502171, 28.5518133 ], [ -16.3502113, 28.5518158 ], [ -16.3502152, 28.5518235 ], [ -16.3502552, 28.5519006 ], [ -16.3502663, 28.5519219 ], [ -16.3503743, 28.5521304 ], [ -16.3503836, 28.5521484 ], [ -16.3503844, 28.5521519 ], [ -16.3504681, 28.5525441 ], [ -16.3504731, 28.5525671 ], [ -16.3504464, 28.5525636 ], [ -16.3504199, 28.5525618 ], [ -16.3503241, 28.5525553 ], [ -16.3502976, 28.5525535 ], [ -16.3502426, 28.5525498 ], [ -16.3502161, 28.552548 ], [ -16.3499453, 28.5525032 ], [ -16.3499197, 28.5525004 ], [ -16.3499189, 28.5525004 ], [ -16.3499046, 28.5525005 ], [ -16.3498938, 28.5525005 ], [ -16.3498781, 28.5525022 ], [ -16.3498725, 28.5525028 ], [ -16.3498463, 28.5525068 ], [ -16.3497919, 28.5525152 ], [ -16.3497658, 28.5525193 ], [ -16.3497114, 28.5525277 ], [ -16.3496852, 28.5525317 ], [ -16.3496308, 28.5525401 ], [ -16.3496094, 28.5525434 ], [ -16.3495843, 28.5525487 ], [ -16.3495836, 28.552549 ], [ -16.3495703, 28.5525534 ], [ -16.3495601, 28.5525569 ], [ -16.3495462, 28.5525633 ], [ -16.3495394, 28.5525665 ], [ -16.3495166, 28.5525785 ], [ -16.3493991, 28.5526408 ], [ -16.3493764, 28.5526529 ], [ -16.3492664, 28.5527112 ], [ -16.3492452, 28.5527242 ], [ -16.3492446, 28.5527246 ], [ -16.3492215, 28.5527436 ], [ -16.3492035, 28.5527609 ], [ -16.3491106, 28.5528498 ], [ -16.3490989, 28.552861 ], [ -16.3490486, 28.5528792 ], [ -16.349024, 28.5528876 ], [ -16.3490052, 28.5528944 ], [ -16.3489819, 28.5529045 ], [ -16.3489813, 28.5529048 ], [ -16.3489693, 28.5529118 ], [ -16.3489603, 28.552917 ], [ -16.3489483, 28.552926 ], [ -16.3489378, 28.5529346 ], [ -16.3489234, 28.5529488 ], [ -16.3489204, 28.5529523 ], [ -16.3489111, 28.5529638 ], [ -16.3488967, 28.5529835 ], [ -16.348889, 28.5529941 ], [ -16.3488746, 28.5530139 ], [ -16.3488007, 28.5531157 ], [ -16.3487863, 28.5531354 ], [ -16.3487565, 28.5531764 ], [ -16.3487421, 28.5531962 ], [ -16.3487345, 28.5532069 ], [ -16.3487261, 28.5532182 ], [ -16.348711, 28.553232 ], [ -16.3486924, 28.5532489 ], [ -16.3484829, 28.5534391 ], [ -16.3484644, 28.5534559 ], [ -16.3484338, 28.5534798 ], [ -16.3484137, 28.5534952 ], [ -16.3481273, 28.5537177 ], [ -16.348109, 28.5537338 ], [ -16.3481086, 28.5537343 ], [ -16.3480998, 28.5537443 ], [ -16.3480932, 28.5537519 ], [ -16.3480849, 28.5537637 ], [ -16.3480839, 28.5537649 ], [ -16.3480758, 28.5537778 ], [ -16.34807, 28.5537774 ], [ -16.3480435, 28.5537757 ], [ -16.3479884, 28.5537721 ], [ -16.347962, 28.5537704 ], [ -16.3479589, 28.5537614 ], [ -16.3479339, 28.5537532 ], [ -16.3479206, 28.5537487 ], [ -16.3478957, 28.5537404 ], [ -16.3478823, 28.5537359 ], [ -16.3478575, 28.5537277 ], [ -16.3478489, 28.5537251 ], [ -16.3478442, 28.5537237 ], [ -16.3478232, 28.5537193 ], [ -16.3478091, 28.5537176 ], [ -16.3477933, 28.5537162 ], [ -16.3477826, 28.5537164 ], [ -16.3477683, 28.5537167 ], [ -16.3477676, 28.5537167 ], [ -16.347742, 28.5537201 ], [ -16.3477332, 28.5537219 ], [ -16.3477072, 28.5537268 ], [ -16.3476221, 28.553743 ], [ -16.3475961, 28.5537479 ], [ -16.3475916, 28.5537488 ], [ -16.3475652, 28.5537471 ], [ -16.3474693, 28.5537407 ], [ -16.3474428, 28.553739 ], [ -16.3473062, 28.55373 ], [ -16.3472797, 28.5537283 ], [ -16.3472247, 28.5537247 ], [ -16.3472024, 28.5537232 ], [ -16.3471959, 28.5537232 ], [ -16.3471701, 28.553723 ], [ -16.3471694, 28.553723 ], [ -16.3471616, 28.5537245 ], [ -16.3471509, 28.5537256 ], [ -16.3471355, 28.5537289 ], [ -16.3471177, 28.5537335 ], [ -16.3470927, 28.5537415 ], [ -16.3468776, 28.5538101 ], [ -16.3468539, 28.5538192 ], [ -16.3468533, 28.5538196 ], [ -16.346841, 28.553826 ], [ -16.3468317, 28.5538309 ], [ -16.3468193, 28.5538394 ], [ -16.3468102, 28.5538458 ], [ -16.3467905, 28.5538615 ], [ -16.3465919, 28.5540198 ], [ -16.346578, 28.5540323 ], [ -16.3464816, 28.5541183 ], [ -16.3464629, 28.5541349 ], [ -16.3463378, 28.5542465 ], [ -16.3463191, 28.5542632 ], [ -16.346309, 28.5542722 ], [ -16.3462903, 28.5542889 ], [ -16.3462788, 28.5543039 ], [ -16.3462638, 28.5543233 ], [ -16.3462557, 28.5543338 ], [ -16.3462409, 28.5543532 ], [ -16.3462328, 28.5543636 ], [ -16.3462178, 28.554383 ], [ -16.3462052, 28.5544017 ], [ -16.3462048, 28.5544025 ], [ -16.3462032, 28.5544054 ], [ -16.3462024, 28.5544068 ], [ -16.3462016, 28.5544083 ], [ -16.3462008, 28.5544098 ], [ -16.3462001, 28.5544113 ], [ -16.3461993, 28.5544127 ], [ -16.3461986, 28.5544142 ], [ -16.3461979, 28.5544157 ], [ -16.3461972, 28.5544172 ], [ -16.3461965, 28.5544187 ], [ -16.3461958, 28.5544202 ], [ -16.3461952, 28.5544218 ], [ -16.3461946, 28.5544232 ], [ -16.3461788, 28.5544203 ], [ -16.3461523, 28.5544182 ], [ -16.346016, 28.5544077 ], [ -16.3459895, 28.5544056 ], [ -16.3459846, 28.5544053 ], [ -16.3459731, 28.5544046 ], [ -16.3459656, 28.5544044 ], [ -16.34596, 28.5544052 ], [ -16.3459585, 28.5544052 ], [ -16.3459507, 28.5544058 ], [ -16.345943, 28.5544066 ], [ -16.3459353, 28.5544077 ], [ -16.3459337, 28.5544079 ], [ -16.3459197, 28.5544107 ], [ -16.3459127, 28.5544125 ], [ -16.3459052, 28.5544145 ], [ -16.345898, 28.554417 ], [ -16.3458946, 28.5544182 ], [ -16.3458814, 28.5544233 ], [ -16.3458768, 28.5544254 ], [ -16.3458699, 28.5544287 ], [ -16.3458632, 28.5544322 ], [ -16.3458585, 28.5544349 ], [ -16.3458468, 28.5544424 ], [ -16.3458443, 28.5544441 ], [ -16.3458383, 28.5544484 ], [ -16.3458324, 28.554453 ], [ -16.3458269, 28.5544578 ], [ -16.3457533, 28.5545179 ], [ -16.3457348, 28.5545331 ], [ -16.3457336, 28.5545333 ], [ -16.3457194, 28.5545354 ], [ -16.3456933, 28.5545395 ], [ -16.3455583, 28.55456 ], [ -16.3455321, 28.554564 ], [ -16.3455244, 28.5545657 ], [ -16.3455215, 28.5545662 ], [ -16.345517, 28.5545669 ], [ -16.3455125, 28.5545679 ], [ -16.3455081, 28.5545688 ], [ -16.3455038, 28.55457 ], [ -16.3454993, 28.5545711 ], [ -16.3454986, 28.5545713 ], [ -16.3454912, 28.5545742 ], [ -16.3454882, 28.5545753 ], [ -16.345484, 28.5545768 ], [ -16.3454798, 28.5545786 ], [ -16.3454757, 28.5545803 ], [ -16.3454716, 28.5545822 ], [ -16.3454675, 28.5545841 ], [ -16.3454672, 28.5545842 ], [ -16.3454595, 28.5545879 ], [ -16.3454565, 28.5545897 ], [ -16.3454527, 28.5545919 ], [ -16.345449, 28.5545943 ], [ -16.3454453, 28.5545968 ], [ -16.3454418, 28.5545994 ], [ -16.3454382, 28.5546019 ], [ -16.3454329, 28.5546056 ], [ -16.3454149, 28.5546186 ], [ -16.3453133, 28.554692 ], [ -16.3452928, 28.5547068 ], [ -16.3452817, 28.5547149 ], [ -16.3452702, 28.5547232 ], [ -16.3452602, 28.5547285 ], [ -16.3452481, 28.5547351 ], [ -16.3452254, 28.5547474 ], [ -16.3451085, 28.5548104 ], [ -16.3450858, 28.5548227 ], [ -16.3450731, 28.5548301 ], [ -16.3450701, 28.554832 ], [ -16.3450664, 28.5548345 ], [ -16.3450626, 28.5548371 ], [ -16.345059, 28.5548399 ], [ -16.3450554, 28.5548426 ], [ -16.3450526, 28.5548449 ], [ -16.3450425, 28.5548539 ], [ -16.3450419, 28.5548544 ], [ -16.3450387, 28.5548576 ], [ -16.3450356, 28.5548608 ], [ -16.3450326, 28.554864 ], [ -16.3450297, 28.5548673 ], [ -16.3450268, 28.5548707 ], [ -16.3450257, 28.5548721 ], [ -16.3450179, 28.5548826 ], [ -16.3450165, 28.5548847 ], [ -16.3450141, 28.5548884 ], [ -16.3450118, 28.5548921 ], [ -16.3450096, 28.5548958 ], [ -16.3450067, 28.5549011 ], [ -16.3448799, 28.5551441 ], [ -16.3448074, 28.5552733 ] ] } },
{ "type": "Feature", "properties": { "Layer": "0805DPMT", "IDTRAMO": 38197.0, "Provincia": "Santa Cruz de Tenerife", "Referencia": "DL-127-TF", "TM": "San Cristóbal de La Laguna (Tenerife)", "Estado": "A", "OM": "2016-04-13", "Sit_Admin": "Aprobado (O.M. 13/04/2016)", "Tipo_Linea": "Límite SP aprobada", "Label": "DL-127-TF (O.M. 13/04/2016)", "ID_SEGMENT": "38197002", "FIGURA": null, "Shape_Leng": 0.0, "VERTICES": "NO" }, "geometry": { "type": "LineString", "coordinates": [ [ -16.3448074, 28.5552733 ], [ -16.3447353, 28.555408 ], [ -16.3447322, 28.5554189 ], [ -16.3447295, 28.5554269 ], [ -16.3447266, 28.5554385 ], [ -16.3447266, 28.5554387 ], [ -16.3447257, 28.5554437 ], [ -16.3447246, 28.5554501 ], [ -16.3447234, 28.5554619 ], [ -16.3447232, 28.5554737 ], [ -16.3447232, 28.5554746 ], [ -16.3447237, 28.5554855 ], [ -16.3447252, 28.5554973 ], [ -16.3447275, 28.5555089 ], [ -16.3447307, 28.5555204 ], [ -16.3447347, 28.5555316 ], [ -16.3447396, 28.5555426 ], [ -16.3447452, 28.5555533 ], [ -16.3447517, 28.5555637 ], [ -16.344753, 28.5555656 ], [ -16.3447006, 28.5556988 ], [ -16.344546, 28.5558518 ], [ -16.3445411, 28.5558515 ], [ -16.3445327, 28.5558508 ], [ -16.344526, 28.5558504 ], [ -16.3445127, 28.5558501 ], [ -16.3445099, 28.5558503 ], [ -16.3444993, 28.5558507 ], [ -16.344486, 28.555852 ], [ -16.3444728, 28.555854 ], [ -16.3444598, 28.5558568 ], [ -16.3444471, 28.5558604 ], [ -16.3444346, 28.5558647 ], [ -16.3444229, 28.5558695 ], [ -16.344288, 28.5559295 ], [ -16.3442878, 28.5559295 ], [ -16.3442777, 28.5559276 ], [ -16.3442644, 28.5559258 ], [ -16.3442511, 28.5559248 ], [ -16.3442377, 28.5559245 ], [ -16.3442244, 28.555925 ], [ -16.3442111, 28.5559263 ], [ -16.3441979, 28.5559284 ], [ -16.3441899, 28.55593 ], [ -16.3438711, 28.5560012 ], [ -16.3438079, 28.5560139 ], [ -16.3437945, 28.5560167 ], [ -16.3437869, 28.5560175 ], [ -16.3437233, 28.556027 ] ] } },
{ "type": "Feature", "properties": { "Layer": "0805DPMT", "IDTRAMO": 38025.0, "Provincia": "Santa Cruz de Tenerife", "Referencia": "DES01/17/38/0001-DES07/01", "TM": "Güímar (Tenerife)", "Estado": "A", "OM": "2018-11-12", "Sit_Admin": "Aprobado (O.M. 12/11/2018)", "Tipo_Linea": "Límite SP aprobada", "Label": "DES01/17/38/0001-DES07/01 (O.M. 12/11/2018)", "ID_SEGMENT": "38025002", "FIGURA": null, "Shape_Leng": 0.0, "VERTICES": "SI" }, "geometry": { "type": "LineString", "coordinates": [ [ -16.3769263, 28.2925659 ], [ -16.3769211, 28.2925722 ], [ -16.3767356, 28.2929205 ], [ -16.3766977, 28.2931014 ], [ -16.3766976, 28.2931017 ], [ -16.3766947, 28.2931132 ], [ -16.376691, 28.2931245 ], [ -16.3766864, 28.2931356 ], [ -16.3766811, 28.2931465 ], [ -16.3766749, 28.2931569 ], [ -16.376668, 28.293167 ], [ -16.3766604, 28.2931767 ], [ -16.3766534, 28.2931845 ], [ -16.3766395, 28.2931992 ], [ -16.3762779, 28.2935804 ], [ -16.3760285, 28.2938417 ], [ -16.3760275, 28.2938427 ], [ -16.3760245, 28.2938457 ], [ -16.3759672, 28.2939024 ], [ -16.3757768, 28.2940904 ], [ -16.3757708, 28.2940961 ], [ -16.3757611, 28.2941042 ], [ -16.3757509, 28.2941118 ], [ -16.3757401, 28.2941188 ], [ -16.3757289, 28.2941252 ], [ -16.3757172, 28.2941309 ], [ -16.3757051, 28.2941359 ], [ -16.3756927, 28.2941401 ], [ -16.3756817, 28.2941432 ], [ -16.37568, 28.2941437 ], [ -16.3756786, 28.294144 ], [ -16.375667, 28.2941465 ], [ -16.3756538, 28.2941486 ], [ -16.3756406, 28.2941499 ], [ -16.3756273, 28.2941504 ], [ -16.3756139, 28.2941501 ], [ -16.3756091, 28.2941498 ], [ -16.3756006, 28.2941491 ], [ -16.3755874, 28.2941473 ], [ -16.3755744, 28.2941448 ], [ -16.3755616, 28.2941415 ], [ -16.375549, 28.2941374 ], [ -16.3755368, 28.2941327 ], [ -16.3755255, 28.2941274 ], [ -16.375525, 28.2941272 ], [ -16.3755136, 28.2941211 ], [ -16.3755026, 28.2941143 ], [ -16.3754973, 28.2941106 ], [ -16.3754952, 28.2941092 ], [ -16.3754951, 28.2941092 ], [ -16.3754746, 28.2941283 ], [ -16.3754701, 28.2941323 ] ] } },
{ "type": "Feature", "properties": { "Layer": "0805DPMT", "IDTRAMO": 38198.0, "Provincia": "Santa Cruz de Tenerife", "Referencia": "DL-110-TF (anulado)", "TM": "Candelaria (Tenerife)", "Estado": "T", "Sit_Admin": "Provisional o en tramitación", "Tipo_Linea": "Límite SP provisional o en tramitación", "Label": "DL-110-TF (anulado)", "ID_SEGMENT": "38198002", "FIGURA": null, "Shape_Leng": 0.0, "VERTICES": "SI" }, "geometry": { "type": "LineString", "coordinates": [ [ -16.3647097, 28.3631233 ], [ -16.3647076, 28.3631307 ], [ -16.3646942, 28.3631578 ], [ -16.364676, 28.3631826 ], [ -16.3646535, 28.3632044 ], [ -16.3644588, 28.3633644 ], [ -16.3643987, 28.3634953 ] ] } },
{ "type": "Feature", "properties": { "Layer": "0805DPMT", "IDTRAMO": 38057.0, "Provincia": "Santa Cruz de Tenerife", "Referencia": "DL-105-TF", "TM": "Adeje (Tenerife)", "Estado": "A", "OM": "2006-09-22", "Sit_Admin": "Aprobado (O.M. 22/09/2006)", "Tipo_Linea": "Límite SP aprobada", "Label": "DL-105-TF (O.M. 22/09/2006)", "ID_SEGMENT": "38057007", "FIGURA": null, "Shape_Leng": 0.0, "VERTICES": "SI" }, "geometry": { "type": "LineString", "coordinates": [ [ -16.7350591, 28.079096 ], [ -16.7350561, 28.0790986 ], [ -16.7350392, 28.0791151 ], [ -16.7350248, 28.0791333 ], [ -16.734958, 28.0792292 ], [ -16.7349457, 28.0792498 ], [ -16.7349364, 28.0792717 ], [ -16.7348792, 28.0794395 ], [ -16.7348019, 28.0797003 ], [ -16.7347968, 28.0797237 ], [ -16.7347952, 28.0797475 ], [ -16.7347963, 28.0798793 ], [ -16.7347972, 28.0798952 ], [ -16.7347998, 28.0799111 ], [ -16.7348231, 28.080022 ], [ -16.7348294, 28.0800441 ], [ -16.734865, 28.0801424 ], [ -16.7348735, 28.080162 ], [ -16.7348846, 28.0801805 ], [ -16.7352607, 28.0807325 ], [ -16.7352702, 28.0807452 ], [ -16.7354213, 28.0809298 ], [ -16.7354424, 28.0809517 ], [ -16.7354672, 28.0809704 ], [ -16.735495, 28.0809853 ], [ -16.7355252, 28.0809961 ], [ -16.7355569, 28.0810024 ], [ -16.7355893, 28.0810043 ], [ -16.7356217, 28.0810015 ], [ -16.7356531, 28.0809942 ], [ -16.7359136, 28.0809134 ], [ -16.7358829, 28.0814001 ], [ -16.735725, 28.0815419 ], [ -16.7355825, 28.0816212 ], [ -16.7355566, 28.0816382 ], [ -16.7355341, 28.0816587 ], [ -16.7355155, 28.0816821 ], [ -16.7355013, 28.0817078 ], [ -16.7354919, 28.0817352 ], [ -16.7354544, 28.0818857 ], [ -16.7354513, 28.0819013 ], [ -16.7354498, 28.081917 ], [ -16.7354424, 28.0820707 ], [ -16.7354201, 28.0821402 ], [ -16.7353834, 28.0821849 ], [ -16.7353668, 28.082209 ], [ -16.7353545, 28.0822351 ], [ -16.7353471, 28.0822626 ], [ -16.7353328, 28.0823415 ], [ -16.7353135, 28.0823822 ], [ -16.7352891, 28.0823978 ], [ -16.7352676, 28.0824165 ], [ -16.7352494, 28.0824378 ], [ -16.7352349, 28.0824613 ], [ -16.7352246, 28.0824863 ], [ -16.7351636, 28.0826759 ], [ -16.7351576, 28.0827016 ], [ -16.7351558, 28.0827278 ], [ -16.7351584, 28.0827539 ], [ -16.7351651, 28.0827795 ], [ -16.735176, 28.0828039 ], [ -16.7351908, 28.0828266 ], [ -16.7354032, 28.0831048 ] ] } },
{ "type": "Feature", "properties": { "Layer": "0805DPMT", "IDTRAMO": 38200.0, "Provincia": "Santa Cruz de Tenerife", "Referencia": "DL-105-TF (modificación)", "TM": "Adeje (Tenerife)", "Estado": "A", "OM": "2011-08-30", "Sit_Admin": "Aprobado (O.M. 30/08/2011)", "Tipo_Linea": "Límite SP aprobada", "Label": "DL-105-TF (modificación) (O.M. 30/08/2011)", "ID_SEGMENT": "38200002", "FIGURA": null, "Shape_Leng": 0.0, "VERTICES": "SI" }, "geometry": { "type": "LineString", "coordinates": [ [ -16.7354032, 28.0831048 ], [ -16.735438, 28.0832345 ], [ -16.7354429, 28.0832498 ], [ -16.7354493, 28.0832647 ], [ -16.7358588, 28.0840996 ], [ -16.7358641, 28.0841097 ], [ -16.7361722, 28.0846453 ] ] } },
{ "type": "Feature", "properties": { "Layer": "0805DPMT", "IDTRAMO": 38194.0, "Provincia": "Santa Cruz de Tenerife", "Referencia": "DL-98-TF (modificación)", "TM": "Arona (Tenerife)", "Estado": "A", "OM": "2616-10-19", "Sit_Admin": "Aprobado (O.M. 19/10/2016)", "Tipo_Linea": "Límite SP aprobada", "Label": "DL-98-TF (modificación) (O.M. 19/10/2016)", "ID_SEGMENT": "38194002", "FIGURA": null, "Shape_Leng": 0.0, "VERTICES": "SI" }, "geometry": { "type": "LineString", "coordinates": [ [ -16.7112266, 28.0441682 ], [ -16.7112446, 28.0442034 ], [ -16.7112487, 28.0442116 ], [ -16.7112531, 28.0442197 ], [ -16.7112595, 28.04423 ], [ -16.7112667, 28.04424 ], [ -16.7112737, 28.0442483 ], [ -16.7112746, 28.0442495 ], [ -16.7112832, 28.0442585 ], [ -16.7112924, 28.044267 ], [ -16.7113023, 28.0442749 ], [ -16.7113127, 28.0442823 ], [ -16.7113236, 28.0442891 ], [ -16.711335, 28.0442952 ], [ -16.7113468, 28.0443006 ], [ -16.711359, 28.0443053 ], [ -16.7113716, 28.0443093 ], [ -16.7113844, 28.0443126 ], [ -16.7113974, 28.0443151 ], [ -16.7114034, 28.044316 ], [ -16.7114044, 28.0443651 ], [ -16.711405, 28.0443761 ], [ -16.7114065, 28.0443879 ], [ -16.7114069, 28.0443902 ], [ -16.7114367, 28.0445562 ], [ -16.7114386, 28.0445655 ], [ -16.7114418, 28.044577 ], [ -16.7114459, 28.0445882 ], [ -16.7114507, 28.0445992 ], [ -16.7114564, 28.0446099 ], [ -16.7114576, 28.044612 ], [ -16.7114622, 28.0446197 ], [ -16.7113683, 28.0446692 ], [ -16.7112039, 28.0446566 ], [ -16.7110466, 28.0445204 ], [ -16.7110464, 28.0445202 ], [ -16.7110365, 28.0445122 ], [ -16.7110261, 28.0445049 ], [ -16.7110152, 28.0444981 ], [ -16.7110038, 28.044492 ], [ -16.7109919, 28.0444866 ], [ -16.7109797, 28.0444819 ], [ -16.7109672, 28.0444779 ], [ -16.7109544, 28.0444746 ], [ -16.7109414, 28.0444721 ], [ -16.7109283, 28.0444703 ], [ -16.710915, 28.0444694 ], [ -16.7109017, 28.0444691 ], [ -16.7109008, 28.0444692 ], [ -16.7108884, 28.0444697 ] ] } },
{ "type": "Feature", "properties": { "Layer": "0805DPMT", "IDTRAMO": 38003.0, "Provincia": "Santa Cruz de Tenerife", "Referencia": "DL-195-TF", "TM": "Santa Cruz de Tenerife (Tenerife)", "Estado": "A", "OM": "2010-05-07", "Sit_Admin": "Aprobado (O.M. 07/05/2010)", "Tipo_Linea": "Límite SP aprobada", "Label": "DL-195-TF (O.M. 07/05/2010)", "ID_SEGMENT": "38003005", "FIGURA": null, "Shape_Leng": 0.0, "VERTICES": "SI" }, "geometry": { "type": "LineString", "coordinates": [ [ -16.1672377, 28.519571 ], [ -16.1672036, 28.5195839 ], [ -16.1671318, 28.5196112 ], [ -16.1669746, 28.5196714 ], [ -16.1668963, 28.5196981 ], [ -16.1668157, 28.519719 ], [ -16.1667334, 28.519734 ], [ -16.1666501, 28.5197429 ], [ -16.1665661, 28.5197458 ], [ -16.1664822, 28.5197426 ], [ -16.1663989, 28.5197333 ], [ -16.1663167, 28.5197181 ], [ -16.1662362, 28.5196969 ], [ -16.166111, 28.5196589 ], [ -16.1659716, 28.5196337 ], [ -16.1659212, 28.5197005 ], [ -16.1658643, 28.519763 ], [ -16.1658013, 28.5198209 ], [ -16.1657327, 28.5198736 ], [ -16.1656591, 28.5199206 ], [ -16.165581, 28.5199618 ], [ -16.1654991, 28.5199966 ], [ -16.1654141, 28.5200249 ], [ -16.1653486, 28.520077 ], [ -16.1652782, 28.520124 ], [ -16.1652035, 28.5201655 ], [ -16.1651251, 28.5202011 ], [ -16.1646333, 28.5204012 ], [ -16.1645145, 28.5204823 ], [ -16.1644566, 28.520523 ], [ -16.1643946, 28.5205589 ], [ -16.1643292, 28.5205895 ], [ -16.1642609, 28.5206148 ], [ -16.1641902, 28.5206343 ], [ -16.1641178, 28.5206481 ], [ -16.1634758, 28.5207781 ], [ -16.1634115, 28.5207908 ], [ -16.1633463, 28.5207987 ], [ -16.1632806, 28.520802 ], [ -16.1632147, 28.5208005 ], [ -16.1629839, 28.520794 ], [ -16.1627072, 28.5209606 ], [ -16.1626443, 28.520998 ], [ -16.1625772, 28.5210294 ], [ -16.1625067, 28.5210543 ], [ -16.1624336, 28.5210724 ], [ -16.1623588, 28.5210836 ], [ -16.162283, 28.5210877 ], [ -16.1622072, 28.5210846 ], [ -16.1621322, 28.5210745 ], [ -16.1620588, 28.5210573 ], [ -16.1619879, 28.5210334 ], [ -16.1619203, 28.521003 ], [ -16.1617167, 28.5208965 ], [ -16.1616389, 28.5209457 ], [ -16.1611251, 28.5212871 ], [ -16.1609041, 28.521603 ], [ -16.1608605, 28.5216602 ], [ -16.1608122, 28.5217144 ], [ -16.1607593, 28.521765 ], [ -16.1607022, 28.521812 ], [ -16.1606412, 28.521855 ], [ -16.1605767, 28.5218938 ], [ -16.1597632, 28.5223431 ], [ -16.1592576, 28.5227063 ], [ -16.1591928, 28.5227491 ], [ -16.1591244, 28.5227873 ], [ -16.1590528, 28.5228206 ], [ -16.1588036, 28.5229257 ], [ -16.1587482, 28.5229473 ], [ -16.1586914, 28.5229659 ], [ -16.1581919, 28.5231154 ], [ -16.1575057, 28.5234009 ], [ -16.1568283, 28.5236989 ], [ -16.1567569, 28.5237273 ], [ -16.1566832, 28.5237509 ], [ -16.1566076, 28.5237694 ], [ -16.1565585, 28.5237779 ], [ -16.1565307, 28.5237827 ], [ -16.1562176, 28.5238259 ], [ -16.1561417, 28.5238339 ], [ -16.1560654, 28.5238368 ], [ -16.155989, 28.5238346 ], [ -16.1558794, 28.5238279 ] ] } },
{ "type": "Feature", "properties": { "Layer": "0805DPMT", "IDTRAMO": 38202.0, "Provincia": "Santa Cruz de Tenerife", "Referencia": "DL-195-TF", "TM": "Santa Cruz de Tenerife (Tenerife)", "Estado": "A", "OM": "2017-07-03", "Sit_Admin": "Aprobado (O.M. 03/07/2017)", "Tipo_Linea": "Límite SP aprobada", "Label": "DL-195-TF (O.M. 03/07/2017) SP reducida D.T. 1ª", "ID_SEGMENT": "38202001", "FIGURA": null, "Shape_Leng": 0.0, "VERTICES": "SI" }, "geometry": { "type": "LineString", "coordinates": [ [ -16.1532387, 28.5239097 ], [ -16.1531485, 28.5238794 ], [ -16.1528875, 28.523746 ], [ -16.1526676, 28.5236122 ], [ -16.1525276, 28.523474 ], [ -16.1525024, 28.5234904 ], [ -16.152458, 28.5235087 ], [ -16.1524284, 28.5235185 ], [ -16.1523892, 28.5235224 ], [ -16.1523459, 28.523518 ], [ -16.1523025, 28.523504 ], [ -16.1522644, 28.5234865 ], [ -16.1522386, 28.52347 ], [ -16.152031, 28.523529 ], [ -16.1519311, 28.5235418 ], [ -16.1522333, 28.5236109 ], [ -16.1523894, 28.5236705 ], [ -16.15237, 28.5237494 ], [ -16.1526304, 28.523826 ], [ -16.1527272, 28.5239016 ], [ -16.1529964, 28.5240379 ], [ -16.1530206, 28.5240553 ] ] } },
{ "type": "Feature", "properties": { "Layer": "0805DPMT", "IDTRAMO": 38202.0, "Provincia": "Santa Cruz de Tenerife", "Referencia": "DL-195-TF", "TM": "Santa Cruz de Tenerife (Tenerife)", "Estado": "A", "OM": "2017-07-03", "Sit_Admin": "Aprobado (O.M. 03/07/2017)", "Tipo_Linea": "Límite SP aprobada", "Label": "DL-195-TF (O.M. 03/07/2017) SP reducida D.T. 1ª", "ID_SEGMENT": "38202002", "FIGURA": null, "Shape_Leng": 0.0, "VERTICES": "SI" }, "geometry": { "type": "LineString", "coordinates": [ [ -16.1558794, 28.5238279 ], [ -16.1560234, 28.5237207 ], [ -16.1558804, 28.5235626 ], [ -16.1557728, 28.5234109 ], [ -16.1556709, 28.5232706 ], [ -16.1556373, 28.5232578 ], [ -16.155578, 28.5232763 ], [ -16.1555022, 28.5233081 ], [ -16.155288, 28.523438 ], [ -16.1551457, 28.5235098 ], [ -16.1550792, 28.5235498 ], [ -16.1549759, 28.5236212 ], [ -16.1549021, 28.5236711 ], [ -16.1548047, 28.5235669 ], [ -16.1546757, 28.5236507 ], [ -16.1546887, 28.5236632 ], [ -16.154642, 28.5236902 ] ] } },
{ "type": "Feature", "properties": { "Layer": "0805DPMT", "IDTRAMO": 38003.0, "Provincia": "Santa Cruz de Tenerife", "Referencia": "DL-195-TF", "TM": "Santa Cruz de Tenerife (Tenerife)", "Estado": "A", "OM": "2010-05-07", "Sit_Admin": "Aprobado (O.M. 07/05/2010)", "Tipo_Linea": "Límite SP aprobada", "Label": "DL-195-TF (O.M. 07/05/2010)", "ID_SEGMENT": "38003006", "FIGURA": null, "Shape_Leng": 0.0, "VERTICES": "SI" }, "geometry": { "type": "LineString", "coordinates": [ [ -16.154642, 28.5236902 ], [ -16.1543207, 28.5236428 ], [ -16.1542614, 28.5236363 ], [ -16.1542082, 28.5236241 ], [ -16.1539119, 28.5235484 ], [ -16.153685, 28.523602 ], [ -16.1533739, 28.5237673 ], [ -16.153322, 28.5238298 ], [ -16.1532641, 28.5238882 ], [ -16.1532387, 28.5239097 ] ] } },
{ "type": "Feature", "properties": { "Layer": "0805DPMT", "IDTRAMO": 38003.0, "Provincia": "Santa Cruz de Tenerife", "Referencia": "DL-195-TF", "TM": "Santa Cruz de Tenerife (Tenerife)", "Estado": "A", "OM": "2010-05-07", "Sit_Admin": "Aprobado (O.M. 07/05/2010)", "Tipo_Linea": "Límite SP aprobada", "Label": "DL-195-TF (O.M. 07/05/2010)", "ID_SEGMENT": "38003004", "FIGURA": null, "Shape_Leng": 0.0, "VERTICES": "SI" }, "geometry": { "type": "LineString", "coordinates": [ [ -16.1530206, 28.5240553 ], [ -16.1529178, 28.524111 ], [ -16.1528261, 28.5241523 ], [ -16.1527311, 28.5241871 ], [ -16.1526332, 28.5242154 ], [ -16.1525332, 28.5242369 ], [ -16.1524317, 28.5242515 ], [ -16.1523291, 28.5242591 ], [ -16.1522262, 28.5242597 ], [ -16.1521786, 28.5242617 ], [ -16.1521313, 28.5242669 ], [ -16.1518794, 28.5242843 ], [ -16.1518049, 28.524292 ], [ -16.15173, 28.5242948 ], [ -16.1516955, 28.5242939 ], [ -16.1516551, 28.5242928 ], [ -16.1515805, 28.5242859 ], [ -16.1515067, 28.5242743 ], [ -16.1514989, 28.5242728 ], [ -16.1504178, 28.5242527 ], [ -16.1499923, 28.5242523 ], [ -16.1496061, 28.5246264 ], [ -16.1495608, 28.5246676 ], [ -16.1495126, 28.5247062 ], [ -16.1494618, 28.5247419 ], [ -16.1487692, 28.5251981 ], [ -16.1486957, 28.5252422 ], [ -16.1486182, 28.5252805 ], [ -16.1485373, 28.5253127 ], [ -16.1484534, 28.5253386 ], [ -16.1483674, 28.525358 ], [ -16.1482797, 28.5253707 ], [ -16.1481912, 28.5253766 ], [ -16.1481024, 28.5253757 ], [ -16.148014, 28.525368 ], [ -16.1479267, 28.5253536 ], [ -16.1470264, 28.5251686 ], [ -16.1469461, 28.525149 ], [ -16.1468678, 28.5251237 ], [ -16.1467921, 28.5250928 ], [ -16.1467195, 28.5250566 ], [ -16.1466505, 28.5250153 ], [ -16.1465856, 28.5249691 ], [ -16.1465251, 28.5249185 ], [ -16.1460787, 28.5245127 ], [ -16.1461156, 28.524621 ], [ -16.1463507, 28.525312 ], [ -16.1463725, 28.5253877 ], [ -16.1463868, 28.5254648 ], [ -16.1463935, 28.5255427 ], [ -16.1463925, 28.5256208 ], [ -16.1463839, 28.5256986 ], [ -16.1463677, 28.5257754 ], [ -16.146344, 28.5258507 ], [ -16.146313, 28.5259238 ], [ -16.146275, 28.5259944 ], [ -16.1462303, 28.5260618 ], [ -16.1461791, 28.5261255 ], [ -16.1461218, 28.5261851 ], [ -16.146059, 28.52624 ], [ -16.1459909, 28.52629 ], [ -16.1454641, 28.5266441 ], [ -16.14512, 28.527038 ], [ -16.145065, 28.5270958 ], [ -16.1450047, 28.5271494 ], [ -16.1449396, 28.5271983 ], [ -16.14487, 28.5272422 ], [ -16.1447966, 28.5272808 ], [ -16.1447197, 28.5273139 ], [ -16.14464, 28.5273412 ], [ -16.144558, 28.5273625 ], [ -16.1444743, 28.5273777 ], [ -16.1439167, 28.5274574 ], [ -16.1438362, 28.5275271 ], [ -16.1437694, 28.5275801 ], [ -16.1436975, 28.5276277 ], [ -16.1436212, 28.5276696 ], [ -16.143541, 28.5277054 ], [ -16.1434576, 28.5277348 ], [ -16.1433715, 28.5277576 ], [ -16.1432836, 28.5277737 ], [ -16.1431943, 28.5277829 ], [ -16.1431046, 28.5277851 ], [ -16.1430149, 28.5277803 ], [ -16.142926, 28.5277686 ], [ -16.1428387, 28.5277501 ], [ -16.1427535, 28.5277249 ], [ -16.1426384, 28.5279203 ], [ -16.1425942, 28.5279881 ], [ -16.1425435, 28.5280522 ], [ -16.1424867, 28.5281122 ], [ -16.1424242, 28.5281677 ], [ -16.1423566, 28.5282181 ], [ -16.1422885, 28.5282646 ], [ -16.1426286, 28.5286057 ], [ -16.142684, 28.5286664 ], [ -16.1427333, 28.5287311 ], [ -16.1427761, 28.5287993 ], [ -16.142812, 28.5288705 ], [ -16.1428409, 28.5289442 ], [ -16.1428624, 28.5290199 ], [ -16.1428765, 28.5290968 ], [ -16.142883, 28.5291746 ], [ -16.1428819, 28.5292526 ], [ -16.1428731, 28.5293302 ], [ -16.1428568, 28.5294068 ], [ -16.1428331, 28.5294819 ], [ -16.1428021, 28.5295549 ], [ -16.1427641, 28.5296253 ], [ -16.1427194, 28.5296925 ], [ -16.1426682, 28.5297561 ], [ -16.1426111, 28.5298155 ], [ -16.1425483, 28.5298704 ], [ -16.1424804, 28.5299202 ], [ -16.1424079, 28.5299647 ], [ -16.1423313, 28.5300036 ], [ -16.1422512, 28.5300364 ], [ -16.1422227, 28.5300468 ], [ -16.1422227, 28.5301145 ], [ -16.1422169, 28.5301821 ], [ -16.1422054, 28.5302491 ], [ -16.1421882, 28.5303151 ], [ -16.1421655, 28.5303798 ], [ -16.1421374, 28.5304428 ], [ -16.1417357, 28.5312515 ], [ -16.141729, 28.5317411 ], [ -16.1417239, 28.5318212 ], [ -16.1417108, 28.5319005 ], [ -16.1416897, 28.5319785 ], [ -16.1416609, 28.5320545 ], [ -16.1416245, 28.532128 ], [ -16.141581, 28.5321984 ], [ -16.1415305, 28.532265 ], [ -16.1414735, 28.5323274 ], [ -16.1414104, 28.5323852 ], [ -16.1413418, 28.5324377 ], [ -16.1412682, 28.5324847 ], [ -16.1411902, 28.5325257 ], [ -16.1411084, 28.5325604 ], [ -16.1410234, 28.5325886 ], [ -16.1409358, 28.53261 ], [ -16.1408465, 28.5326244 ], [ -16.1407561, 28.5326318 ], [ -16.1406653, 28.5326321 ], [ -16.1395557, 28.5325919 ], [ -16.1393548, 28.53341 ], [ -16.1393356, 28.5334761 ], [ -16.1393108, 28.5335408 ], [ -16.1392805, 28.5336036 ], [ -16.1392449, 28.5336642 ], [ -16.1392042, 28.5337223 ], [ -16.1391587, 28.5337775 ], [ -16.1386623, 28.5343337 ], [ -16.1386077, 28.53439 ], [ -16.138548, 28.5344421 ], [ -16.1384837, 28.5344897 ], [ -16.1384152, 28.5345326 ], [ -16.138343, 28.5345703 ], [ -16.1382674, 28.5346026 ], [ -16.1381892, 28.5346294 ], [ -16.1381087, 28.5346504 ], [ -16.1380265, 28.5346655 ], [ -16.1379433, 28.5346745 ], [ -16.1378594, 28.5346776 ], [ -16.13765, 28.5346775 ], [ -16.1375501, 28.5348208 ], [ -16.1375021, 28.5348835 ], [ -16.1374484, 28.5349424 ], [ -16.1373893, 28.5349972 ], [ -16.1373252, 28.5350474 ], [ -16.1372566, 28.5350926 ], [ -16.1371839, 28.5351327 ], [ -16.1371076, 28.5351672 ], [ -16.1370284, 28.5351959 ], [ -16.1369467, 28.5352187 ], [ -16.1368631, 28.5352354 ], [ -16.1367783, 28.5352458 ], [ -16.1366927, 28.53525 ], [ -16.1363365, 28.5355236 ], [ -16.1362701, 28.5355705 ], [ -16.1361996, 28.5356123 ], [ -16.1361254, 28.5356488 ], [ -16.136048, 28.5356797 ], [ -16.1359679, 28.5357049 ], [ -16.1358858, 28.535724 ], [ -16.1358022, 28.5357371 ], [ -16.1357176, 28.535744 ], [ -16.1356326, 28.5357447 ], [ -16.1355479, 28.5357392 ], [ -16.135464, 28.5357275 ], [ -16.1353815, 28.5357096 ], [ -16.1353009, 28.5356858 ], [ -16.1352229, 28.5356561 ], [ -16.1345544, 28.5353722 ] ] } },
{ "type": "Feature", "properties": { "Layer": "0805DPMT", "IDTRAMO": 38203.0, "Provincia": "Santa Cruz de Tenerife", "Referencia": "DL-196-TF", "TM": "Santa Cruz de Tenerife (Tenerife)", "Estado": "A", "OM": "2017-07-03", "Sit_Admin": "Aprobado (O.M. 03/07/2017)", "Tipo_Linea": "Límite SP aprobada", "Label": "DL-196-TF (O.M. 03/07/2017) SP reducida D.T. 1ª", "ID_SEGMENT": "38203002", "FIGURA": null, "Shape_Leng": 0.0, "VERTICES": "SI" }, "geometry": { "type": "LineString", "coordinates": [ [ -16.2025901, 28.5710491 ], [ -16.2025077, 28.5710594 ], [ -16.202526, 28.5708825 ], [ -16.2025609, 28.5706184 ], [ -16.2025885, 28.5705477 ], [ -16.2026669, 28.5704156 ], [ -16.2028099, 28.5704729 ], [ -16.2028503, 28.570494 ], [ -16.2029165, 28.5704875 ], [ -16.2029788, 28.5704965 ], [ -16.203029, 28.5705139 ], [ -16.2030659, 28.5705422 ], [ -16.2032409, 28.5707138 ], [ -16.2033107, 28.5707837 ], [ -16.2037016, 28.5705462 ], [ -16.203419, 28.5707934 ], [ -16.2033347, 28.5708718 ], [ -16.2031312, 28.5709393 ], [ -16.2030141, 28.5709845 ], [ -16.2028467, 28.5710122 ], [ -16.2025901, 28.5710491 ] ] } },
{ "type": "Feature", "properties": { "Layer": "0805DPMT", "IDTRAMO": 38203.0, "Provincia": "Santa Cruz de Tenerife", "Referencia": "DL-196-TF", "TM": "Santa Cruz de Tenerife (Tenerife)", "Estado": "A", "OM": "2017-07-03", "Sit_Admin": "Aprobado (O.M. 03/07/2017)", "Tipo_Linea": "Límite SP aprobada", "Label": "DL-196-TF (O.M. 03/07/2017) SP reducida D.T. 1ª", "ID_SEGMENT": "38203003", "FIGURA": null, "Shape_Leng": 0.0, "VERTICES": "SI" }, "geometry": { "type": "LineString", "coordinates": [ [ -16.2038724, 28.5700593 ], [ -16.2038631, 28.5699562 ], [ -16.2038653, 28.5698673 ], [ -16.2039626, 28.5697175 ], [ -16.2039266, 28.5698295 ], [ -16.2039001, 28.5699286 ], [ -16.2038724, 28.5700593 ] ] } },
{ "type": "Feature", "properties": { "Layer": "0805DPMT", "IDTRAMO": 38203.0, "Provincia": "Santa Cruz de Tenerife", "Referencia": "DL-196-TF", "TM": "Santa Cruz de Tenerife (Tenerife)", "Estado": "A", "OM": "2017-07-03", "Sit_Admin": "Aprobado (O.M. 03/07/2017)", "Tipo_Linea": "Límite SP aprobada", "Label": "DL-196-TF (O.M. 03/07/2017) SP reducida D.T. 1ª", "ID_SEGMENT": "38203004", "FIGURA": null, "Shape_Leng": 0.0, "VERTICES": "SI" }, "geometry": { "type": "LineString", "coordinates": [ [ -16.2042734, 28.5693635 ], [ -16.2042188, 28.5694165 ], [ -16.2041653, 28.5694705 ], [ -16.2040743, 28.5695601 ], [ -16.2040262, 28.5696121 ], [ -16.2040008, 28.569662 ], [ -16.2041037, 28.5695684 ], [ -16.2041901, 28.5694664 ], [ -16.2042734, 28.5693635 ] ] } },
{ "type": "Feature", "properties": { "Layer": "0805DPMT", "IDTRAMO": 38001.0, "Provincia": "Santa Cruz de Tenerife", "Referencia": "DL-196-TF", "TM": "Santa Cruz de Tenerife (Tenerife)", "Estado": "A", "OM": "2006-09-22", "Sit_Admin": "Aprobado (O.M. 22/09/2006)", "Tipo_Linea": "Límite SP aprobada", "Label": "DL-196-TF (O.M. 22/09/2006)", "ID_SEGMENT": "38001004", "FIGURA": null, "Shape_Leng": 0.0, "VERTICES": "SI" }, "geometry": { "type": "LineString", "coordinates": [ [ -16.1963933, 28.5715012 ], [ -16.1959646, 28.5714267 ], [ -16.1959211, 28.5713613 ], [ -16.1958715, 28.5712994 ], [ -16.1958162, 28.5712414 ], [ -16.1957556, 28.5711877 ], [ -16.1956901, 28.5711386 ], [ -16.1956201, 28.5710946 ], [ -16.1955462, 28.5710559 ], [ -16.1954689, 28.5710229 ], [ -16.1953888, 28.5709957 ], [ -16.1953063, 28.5709745 ], [ -16.1952221, 28.5709595 ], [ -16.1951368, 28.5709508 ], [ -16.1950509, 28.5709484 ], [ -16.1949651, 28.5709525 ], [ -16.1948768, 28.57095 ], [ -16.1947886, 28.5709542 ], [ -16.1947011, 28.5709652 ], [ -16.194615, 28.5709828 ], [ -16.194531, 28.5710069 ], [ -16.1940651, 28.5708658 ], [ -16.1939979, 28.5708477 ], [ -16.1939295, 28.5708338 ], [ -16.1938601, 28.570824 ], [ -16.1937901, 28.5708184 ], [ -16.193334, 28.5707961 ], [ -16.1932583, 28.5707948 ], [ -16.1931828, 28.5707986 ], [ -16.1931077, 28.5708072 ], [ -16.1930336, 28.5708207 ], [ -16.1925696, 28.5709213 ], [ -16.1925104, 28.5709358 ], [ -16.1924523, 28.5709534 ], [ -16.1923954, 28.5709741 ], [ -16.1917454, 28.5712311 ], [ -16.1916682, 28.5712651 ], [ -16.1915945, 28.5713048 ], [ -16.1915248, 28.5713499 ], [ -16.1914597, 28.5714 ], [ -16.1913996, 28.5714547 ], [ -16.1911163, 28.5717357 ], [ -16.1908221, 28.5718936 ], [ -16.1907501, 28.5719359 ], [ -16.1906825, 28.5719835 ], [ -16.1906197, 28.572036 ], [ -16.1904067, 28.5722295 ], [ -16.1903506, 28.5722849 ], [ -16.1902998, 28.5723442 ], [ -16.1902547, 28.572407 ], [ -16.1902156, 28.5724728 ], [ -16.1901828, 28.5725412 ], [ -16.1901565, 28.5726118 ], [ -16.1900307, 28.5730029 ], [ -16.1900155, 28.573056 ], [ -16.1900041, 28.5731099 ], [ -16.1899163, 28.5736044 ], [ -16.1897768, 28.5739164 ], [ -16.1897675, 28.5739276 ], [ -16.1896852, 28.5739432 ], [ -16.1896047, 28.5739647 ], [ -16.1895264, 28.573992 ], [ -16.1894509, 28.5740249 ], [ -16.1893788, 28.5740632 ], [ -16.1893104, 28.5741065 ], [ -16.1893072, 28.5741065 ], [ -16.1892436, 28.5741078 ], [ -16.1891802, 28.5741126 ], [ -16.1891173, 28.5741209 ], [ -16.1885135, 28.5742171 ], [ -16.1884377, 28.5742319 ], [ -16.1883634, 28.5742516 ], [ -16.1882181, 28.5742956 ], [ -16.1878068, 28.574204 ], [ -16.187724, 28.5741888 ], [ -16.18764, 28.5741796 ], [ -16.1875554, 28.5741766 ], [ -16.1874708, 28.5741798 ], [ -16.1873868, 28.5741892 ], [ -16.187304, 28.5742046 ], [ -16.1866355, 28.5743552 ], [ -16.1860471, 28.5744621 ], [ -16.1860336, 28.5744645 ], [ -16.1854604, 28.5745615 ], [ -16.1853744, 28.5745795 ], [ -16.1852906, 28.5746039 ], [ -16.1852095, 28.5746347 ], [ -16.1846729, 28.5748627 ], [ -16.1840081, 28.5750665 ], [ -16.1839238, 28.5750961 ], [ -16.1838427, 28.5751322 ], [ -16.1837656, 28.5751745 ], [ -16.1836931, 28.5752227 ], [ -16.1836257, 28.5752764 ], [ -16.1835639, 28.5753352 ], [ -16.1835083, 28.5753985 ], [ -16.1833137, 28.5756418 ], [ -16.1832525, 28.5757181 ], [ -16.1831665, 28.5757206 ], [ -16.1830811, 28.5757294 ], [ -16.1829967, 28.5757446 ], [ -16.1829141, 28.575766 ], [ -16.1828339, 28.5757934 ], [ -16.1827565, 28.5758267 ], [ -16.1826826, 28.5758656 ], [ -16.1826127, 28.5759099 ], [ -16.1825472, 28.5759592 ], [ -16.1824866, 28.5760132 ], [ -16.1824314, 28.5760715 ], [ -16.182382, 28.5761336 ], [ -16.1823387, 28.5761993 ], [ -16.1823017, 28.5762679 ], [ -16.1822715, 28.576339 ], [ -16.1822481, 28.5764121 ], [ -16.1822317, 28.5764867 ], [ -16.1816923, 28.5767875 ], [ -16.1811489, 28.5769263 ], [ -16.1810693, 28.5769498 ], [ -16.1809921, 28.5769789 ], [ -16.1804192, 28.5772207 ], [ -16.1803462, 28.5772547 ], [ -16.1802765, 28.5772939 ], [ -16.1802106, 28.5773379 ], [ -16.180149, 28.5773865 ], [ -16.180092, 28.5774393 ], [ -16.179634, 28.5778994 ], [ -16.179556, 28.5779386 ], [ -16.1794821, 28.5779836 ], [ -16.1794131, 28.5780341 ], [ -16.1793492, 28.5780898 ], [ -16.1792912, 28.5781502 ], [ -16.1792394, 28.5782149 ], [ -16.1791942, 28.5782833 ], [ -16.179156, 28.578355 ], [ -16.1791251, 28.5784294 ], [ -16.1791017, 28.5785058 ], [ -16.1790859, 28.5785838 ], [ -16.1790033, 28.5786124 ], [ -16.1789239, 28.5786473 ], [ -16.1788481, 28.578688 ], [ -16.1787767, 28.5787345 ], [ -16.1787101, 28.5787862 ], [ -16.1786488, 28.5788428 ], [ -16.1785933, 28.5789039 ], [ -16.178544, 28.578969 ], [ -16.1785013, 28.5790376 ], [ -16.1784655, 28.5791093 ], [ -16.1784368, 28.5791834 ], [ -16.1784156, 28.5792594 ], [ -16.1784019, 28.5793368 ], [ -16.1783266, 28.5793788 ], [ -16.1782558, 28.5794264 ], [ -16.1781899, 28.5794793 ], [ -16.1781295, 28.5795371 ], [ -16.178075, 28.5795992 ], [ -16.1780269, 28.5796653 ], [ -16.1779854, 28.5797349 ], [ -16.1779509, 28.5798074 ], [ -16.1779238, 28.5798822 ], [ -16.1779041, 28.5799589 ], [ -16.177892, 28.5800368 ], [ -16.1778287, 28.580068 ], [ -16.1777681, 28.5801032 ], [ -16.1777104, 28.580142 ], [ -16.177656, 28.5801844 ], [ -16.1775807, 28.5802219 ], [ -16.1775093, 28.5802649 ], [ -16.1774423, 28.5803131 ], [ -16.1773801, 28.5803661 ], [ -16.1773232, 28.5804235 ], [ -16.177255, 28.580454 ], [ -16.1771895, 28.5804889 ], [ -16.1771272, 28.580528 ], [ -16.1770684, 28.5805711 ], [ -16.1770134, 28.580618 ], [ -16.1769625, 28.5806684 ] ] } },
{ "type": "Feature", "properties": { "Layer": "0805DPMT", "IDTRAMO": 38001.0, "Provincia": "Santa Cruz de Tenerife", "Referencia": "DL-196-TF", "TM": "Santa Cruz de Tenerife (Tenerife)", "Estado": "A", "OM": "2017-07-03", "Sit_Admin": "Aprobado (O.M. 03/07/2017)", "Tipo_Linea": "Límite SP aprobada", "Label": "DL-196-TF (O.M. 03/07/2017) SP reducida D.T. 1ª", "ID_SEGMENT": "38203001", "FIGURA": null, "Shape_Leng": 0.0, "VERTICES": "SI" }, "geometry": { "type": "LineString", "coordinates": [ [ -16.1999242, 28.5712161 ], [ -16.1998995, 28.5712474 ], [ -16.199745, 28.5713577 ], [ -16.1996356, 28.5714446 ], [ -16.1994959, 28.5715337 ], [ -16.1994637, 28.571555 ], [ -16.199371, 28.5715883 ], [ -16.1993427, 28.5715676 ], [ -16.1992369, 28.5714042 ], [ -16.1991851, 28.5713723 ], [ -16.1991158, 28.5713406 ], [ -16.1990221, 28.5713092 ], [ -16.1989312, 28.5712897 ], [ -16.1988635, 28.571282 ], [ -16.1988096, 28.5712956 ], [ -16.1987432, 28.5712878 ], [ -16.198697, 28.5712715 ], [ -16.1986725, 28.5712526 ], [ -16.1985959, 28.5711817 ], [ -16.1985589, 28.5711402 ], [ -16.198514, 28.5711143 ], [ -16.1984502, 28.5710922 ], [ -16.1983838, 28.5710832 ], [ -16.1983419, 28.5710836 ], [ -16.1982735, 28.5710964 ], [ -16.1982157, 28.5711256 ], [ -16.198134, 28.5711992 ], [ -16.1981035, 28.5712484 ], [ -16.1980643, 28.5713717 ], [ -16.1980276, 28.5714759 ], [ -16.1980173, 28.5715238 ], [ -16.1979314, 28.5717036 ], [ -16.1978653, 28.571832 ], [ -16.1978507, 28.571856 ], [ -16.1978158, 28.5718849 ], [ -16.197793, 28.5719019 ], [ -16.1977486, 28.5719226 ], [ -16.1977029, 28.5719483 ], [ -16.1976575, 28.5719496 ], [ -16.1976694, 28.572046 ], [ -16.1976047, 28.5720599 ], [ -16.1976138, 28.5721067 ], [ -16.1973567, 28.5721385 ], [ -16.197345, 28.5720639 ], [ -16.1972278, 28.5720898 ], [ -16.1970644, 28.5720874 ], [ -16.1970542, 28.5721419 ], [ -16.1970326, 28.5721388 ], [ -16.1969904, 28.5720981 ], [ -16.1970031, 28.5720684 ], [ -16.1969939, 28.5718755 ], [ -16.1969661, 28.5718619 ], [ -16.1969355, 28.5719782 ], [ -16.1969258, 28.5719825 ], [ -16.1968879, 28.5719852 ], [ -16.1968617, 28.5719944 ], [ -16.196847, 28.5720148 ], [ -16.1968325, 28.5720502 ], [ -16.196825, 28.5721028 ], [ -16.196802, 28.5721 ], [ -16.1968001, 28.5721143 ], [ -16.1967568, 28.5721105 ], [ -16.1966909, 28.5721469 ], [ -16.1966383, 28.5720949 ], [ -16.1965781, 28.5720912 ], [ -16.1965779, 28.5720733 ], [ -16.1964842, 28.5720473 ], [ -16.196445, 28.5720333 ], [ -16.1964057, 28.5720157 ], [ -16.196359, 28.572012 ], [ -16.1962755, 28.5719882 ], [ -16.1962035, 28.5719602 ], [ -16.1961209, 28.5719399 ], [ -16.1960867, 28.5719287 ], [ -16.196041, 28.5719076 ], [ -16.1960539, 28.5718917 ], [ -16.1958902, 28.5718459 ], [ -16.1959339, 28.5717581 ], [ -16.1959083, 28.5717268 ], [ -16.1959045, 28.5716877 ], [ -16.1958681, 28.5715816 ], [ -16.1959037, 28.571565 ], [ -16.1959333, 28.5715514 ], [ -16.1959521, 28.5715479 ], [ -16.1959689, 28.5715453 ], [ -16.195997, 28.5715432 ], [ -16.1960035, 28.5715446 ], [ -16.1960406, 28.5715734 ], [ -16.1960614, 28.5715947 ], [ -16.1960746, 28.571616 ], [ -16.1960893, 28.5716699 ], [ -16.196131, 28.5716733 ], [ -16.1962023, 28.5716617 ], [ -16.1962643, 28.5716416 ], [ -16.1963271, 28.5716104 ], [ -16.1963895, 28.571565 ], [ -16.1964457, 28.5715434 ], [ -16.1963933, 28.5715012 ] ] } },
{ "type": "Feature", "properties": { "Layer": "0805DPMT", "IDTRAMO": 38045.0, "Provincia": "Santa Cruz de Tenerife", "Referencia": "DL-52-TF", "TM": "Granadilla de Abona (Tenerife)", "Estado": "A", "OM": "2002-11-25", "Sit_Admin": "Aprobado (O.M. 25/11/2002)", "Tipo_Linea": "Límite SP aprobada", "Label": "DL-52-TF (O.M. 25/11/2002)", "ID_SEGMENT": "38045004", "FIGURA": null, "Shape_Leng": 0.0, "VERTICES": "SI" }, "geometry": { "type": "LineString", "coordinates": [ [ -16.5643423, 28.0298167 ], [ -16.5641656, 28.0298787 ], [ -16.5641326, 28.0298875 ], [ -16.5640984, 28.0298913 ], [ -16.5640639, 28.0298898 ], [ -16.5640303, 28.0298832 ], [ -16.5639983, 28.0298717 ], [ -16.5639691, 28.0298555 ], [ -16.5639602, 28.0298497 ], [ -16.5637243, 28.0301694 ] ] } },
{ "type": "Feature", "properties": { "Layer": "0805DPMT", "IDTRAMO": 38204.0, "Provincia": "Santa Cruz de Tenerife", "Referencia": "DL-52-TF (modificación)", "TM": "Granadilla de Abona (Tenerife)", "Estado": "A", "OM": "2021-02-12", "Sit_Admin": "Aprobado (O.M. 12/02/2021)", "Tipo_Linea": "Límite SP aprobada", "Label": "DL-52-TF (modificación) (O.M. 12/02/2021)", "ID_SEGMENT": "38204002", "FIGURA": null, "Shape_Leng": 0.0, "VERTICES": "SI" }, "geometry": { "type": "LineString", "coordinates": [ [ -16.5637243, 28.0301694 ], [ -16.5636993, 28.0302014 ], [ -16.5636759, 28.030223 ], [ -16.5636487, 28.0302408 ], [ -16.5636186, 28.0302543 ], [ -16.5635864, 28.0302633 ], [ -16.5635188, 28.0302768 ], [ -16.5634492, 28.0303779 ], [ -16.5634293, 28.030402 ], [ -16.5634052, 28.0304229 ], [ -16.5633776, 28.03044 ], [ -16.5633472, 28.0304528 ], [ -16.5633148, 28.030461 ], [ -16.5629593, 28.0305231 ], [ -16.5628809, 28.0305955 ], [ -16.5627083, 28.0307613 ], [ -16.5626862, 28.0307796 ], [ -16.5626613, 28.0307948 ], [ -16.5626341, 28.0308066 ], [ -16.5626053, 28.0308146 ], [ -16.5625754, 28.0308188 ], [ -16.5625452, 28.030819 ], [ -16.5624384, 28.0308126 ], [ -16.5622384, 28.0309238 ], [ -16.5620841, 28.0310318 ], [ -16.5620749, 28.0310378 ], [ -16.5617183, 28.0312595 ], [ -16.561682, 28.031282 ], [ -16.5616693, 28.0312893 ], [ -16.5616627, 28.0312927 ], [ -16.5612998, 28.0314681 ], [ -16.5611783, 28.0315821 ], [ -16.5610461, 28.0317711 ], [ -16.5610384, 28.0318034 ], [ -16.5610188, 28.0318864 ], [ -16.5612032, 28.0327361 ], [ -16.5612068, 28.0327676 ], [ -16.5612041, 28.032799 ], [ -16.5611954, 28.0328295 ], [ -16.5611808, 28.0328582 ], [ -16.5611609, 28.0328842 ], [ -16.5611361, 28.0329067 ], [ -16.5611073, 28.0329251 ], [ -16.5610754, 28.0329387 ], [ -16.5610413, 28.0329473 ] ] } },
{ "type": "Feature", "properties": { "Layer": "0805DPMT", "IDTRAMO": 38206.0, "Provincia": "Santa Cruz de Tenerife", "Referencia": "DL-113-TF", "TM": "Güímar (Tenerife)", "Estado": "T", "Sit_Admin": "Provisional o en tramitación", "Tipo_Linea": "Límite SP provisional o en tramitación", "Label": "DL-113-TF", "ID_SEGMENT": "38206001", "FIGURA": null, "Shape_Leng": 0.0, "VERTICES": "SI" }, "geometry": { "type": "LineString", "coordinates": [ [ -16.3708162, 28.299094 ], [ -16.3708147, 28.2990973 ], [ -16.3709128, 28.2991868 ], [ -16.3711219, 28.2989833 ], [ -16.3716086, 28.2992726 ], [ -16.3715819, 28.2993437 ], [ -16.3715487, 28.2994126 ], [ -16.371509, 28.2994788 ], [ -16.3714634, 28.2995419 ], [ -16.3714119, 28.2996014 ], [ -16.371174, 28.2998542 ], [ -16.371119, 28.2999077 ], [ -16.3710594, 28.2999572 ], [ -16.3709955, 28.3000024 ], [ -16.3709279, 28.300043 ], [ -16.3708998, 28.3001082 ], [ -16.3708662, 28.3001713 ], [ -16.3708272, 28.3002319 ], [ -16.370783, 28.3002896 ], [ -16.3707339, 28.3003442 ], [ -16.3705549, 28.300528 ], [ -16.3704942, 28.3005851 ], [ -16.3704281, 28.3006373 ], [ -16.3703571, 28.3006843 ], [ -16.3702818, 28.3007257 ], [ -16.3702581, 28.3007362 ] ] } },
{ "type": "Feature", "properties": { "Layer": "0805DPMT", "IDTRAMO": 38023.0, "Provincia": "Santa Cruz de Tenerife", "Referencia": "DL-113-TF", "TM": "Güímar (Tenerife)", "Estado": "A", "OM": "2002-01-15", "Sit_Admin": "Aprobado (O.M. 15/01/2002)", "Tipo_Linea": "Límite SP aprobada", "Label": "DL-113-TF (O.M. 15/01/2002)", "ID_SEGMENT": "38023003", "FIGURA": null, "Shape_Leng": 0.0, "VERTICES": "SI" }, "geometry": { "type": "LineString", "coordinates": [ [ -16.3702581, 28.3007362 ], [ -16.3702027, 28.3007611 ], [ -16.3701204, 28.3007902 ], [ -16.3700356, 28.300813 ], [ -16.369564, 28.3009199 ], [ -16.3694916, 28.3009338 ], [ -16.3694182, 28.3009431 ], [ -16.3693443, 28.3009476 ], [ -16.3692343, 28.3009508 ], [ -16.3692006, 28.3010082 ] ] } },
{ "type": "Feature", "properties": { "Layer": "0805DPMT", "IDTRAMO": 38023.0, "Provincia": "Santa Cruz de Tenerife", "Referencia": "DL-113-TF", "TM": "Güímar (Tenerife)", "Estado": "A", "OM": "2002-01-15", "Sit_Admin": "Aprobado (O.M. 15/01/2002)", "Tipo_Linea": "Límite SP aprobada", "Label": "DL-113-TF (O.M. 15/01/2002)", "ID_SEGMENT": "38023004", "FIGURA": null, "Shape_Leng": 0.0, "VERTICES": "SI" }, "geometry": { "type": "LineString", "coordinates": [ [ -16.3754701, 28.2941323 ], [ -16.374843, 28.2947527 ], [ -16.3749404, 28.2948318 ], [ -16.3749643, 28.2948549 ], [ -16.3749682, 28.2948603 ], [ -16.3749862, 28.2948837 ], [ -16.3749998, 28.2949092 ], [ -16.3750088, 28.2949364 ], [ -16.3750128, 28.2949644 ], [ -16.3750119, 28.2949927 ], [ -16.3750059, 28.2950205 ], [ -16.3749952, 28.2950471 ], [ -16.3749799, 28.2950719 ], [ -16.3749603, 28.2950943 ], [ -16.3746705, 28.2953778 ], [ -16.3746448, 28.295399 ], [ -16.3746153, 28.295416 ], [ -16.3745829, 28.2954282 ], [ -16.3745486, 28.2954354 ], [ -16.3745135, 28.2954372 ], [ -16.3744786, 28.2954336 ], [ -16.3744448, 28.2954248 ], [ -16.3744133, 28.2954109 ], [ -16.3743408, 28.2953719 ], [ -16.3742935, 28.2953758 ], [ -16.3742646, 28.2953763 ], [ -16.3742359, 28.295373 ], [ -16.3742071, 28.2953943 ], [ -16.3739612, 28.2956535 ], [ -16.3739599, 28.2956549 ], [ -16.373951, 28.2956635 ], [ -16.3739509, 28.2956637 ], [ -16.3739412, 28.2956718 ], [ -16.373931, 28.2956794 ], [ -16.3739203, 28.2956864 ], [ -16.373909, 28.2956928 ], [ -16.3738973, 28.2956985 ], [ -16.3738852, 28.2957034 ], [ -16.3738728, 28.2957077 ], [ -16.3738601, 28.2957113 ], [ -16.3738562, 28.2957122 ], [ -16.3738064, 28.2957236 ], [ -16.3735546, 28.2957813 ], [ -16.3735455, 28.2957832 ], [ -16.3735324, 28.2957853 ], [ -16.3735191, 28.2957865 ], [ -16.3735058, 28.2957871 ], [ -16.3734925, 28.2957868 ], [ -16.3734792, 28.2957858 ], [ -16.373466, 28.295784 ], [ -16.373453, 28.2957814 ], [ -16.3734401, 28.2957781 ], [ -16.3734276, 28.2957741 ], [ -16.3734154, 28.2957694 ], [ -16.3734138, 28.2957687 ], [ -16.373369, 28.2957493 ], [ -16.3732323, 28.2956901 ], [ -16.3732286, 28.2956883 ], [ -16.3732283, 28.2956883 ], [ -16.3732221, 28.2956854 ], [ -16.3731146, 28.2956319 ] ] } },
{ "type": "Feature", "properties": { "Layer": "0805DPMT", "IDTRAMO": 38039.0, "Provincia": "Santa Cruz de Tenerife", "Referencia": "DL-34-TF", "TM": "Arico (Tenerife)", "Estado": "A", "OM": "2022-11-21", "Sit_Admin": "Aprobado (O.M. 21/11/2022)", "Tipo_Linea": "Límite SP aprobada", "Label": "DL-34-TF (O.M. 21/11/2022)", "ID_SEGMENT": "38039002", "FIGURA": null, "Shape_Leng": 0.0, "VERTICES": "SI" }, "geometry": { "type": "LineString", "coordinates": [ [ -16.4743573, 28.1051975 ], [ -16.4743543, 28.1051955 ], [ -16.4742883, 28.105151 ], [ -16.4742473, 28.1051247 ], [ -16.4739002, 28.1049541 ], [ -16.4736318, 28.1048269 ], [ -16.4733417, 28.1046862 ], [ -16.4732521, 28.1046415 ], [ -16.4732517, 28.1046413 ], [ -16.4732184, 28.1046587 ], [ -16.473167, 28.1046855 ], [ -16.4731357, 28.1046988 ], [ -16.473124, 28.1047023 ], [ -16.4731228, 28.1047027 ], [ -16.4730698, 28.1047169 ], [ -16.4730562, 28.1047483 ], [ -16.4730522, 28.1047576 ], [ -16.4730495, 28.1047638 ], [ -16.4730482, 28.1047669 ], [ -16.4730462, 28.1047716 ], [ -16.4730455, 28.1047731 ], [ -16.4730442, 28.1047762 ], [ -16.4730431, 28.1047785 ], [ -16.4730431, 28.1047788 ], [ -16.4729775, 28.1050209 ], [ -16.472927, 28.1052329 ], [ -16.4729328, 28.1053201 ], [ -16.4729536, 28.1054748 ], [ -16.4729821, 28.105528 ], [ -16.4729888, 28.1055418 ], [ -16.4729983, 28.1055717 ], [ -16.4730266, 28.1057029 ], [ -16.4730446, 28.1057144 ], [ -16.4730714, 28.1057349 ], [ -16.4730938, 28.1057593 ], [ -16.4731112, 28.1057867 ], [ -16.4731229, 28.1058163 ], [ -16.4732231, 28.1061653 ], [ -16.4732858, 28.1063022 ], [ -16.4732937, 28.106323 ], [ -16.4732986, 28.1063445 ], [ -16.4733005, 28.1063664 ], [ -16.4733255, 28.106382 ], [ -16.4733471, 28.1064012 ], [ -16.4733648, 28.1064233 ], [ -16.4734708, 28.1065755 ], [ -16.4735113, 28.1065839 ], [ -16.4737325, 28.1066293 ], [ -16.474317, 28.106753 ], [ -16.4743149, 28.1067772 ], [ -16.4743139, 28.1067869 ], [ -16.4743122, 28.1067965 ], [ -16.4743096, 28.1068122 ], [ -16.4743063, 28.1068322 ], [ -16.4743034, 28.1068457 ], [ -16.4742983, 28.1068675 ], [ -16.474295, 28.1068814 ], [ -16.4742936, 28.1068874 ], [ -16.474289, 28.1069027 ], [ -16.4742851, 28.1069157 ], [ -16.4742787, 28.1069367 ], [ -16.4742784, 28.1069375 ], [ -16.4742735, 28.106951 ], [ -16.4742657, 28.1069719 ], [ -16.4742603, 28.1069863 ], [ -16.4742517, 28.1070057 ], [ -16.4742433, 28.1070244 ], [ -16.4742408, 28.10703 ], [ -16.4742257, 28.1070596 ], [ -16.4742196, 28.1070712 ], [ -16.4742159, 28.1070787 ], [ -16.4742148, 28.1070807 ], [ -16.4742143, 28.1070817 ], [ -16.4742134, 28.1070831 ], [ -16.4742126, 28.1070846 ], [ -16.4742122, 28.1070853 ], [ -16.4742113, 28.1070868 ], [ -16.4742109, 28.1070875 ], [ -16.4742103, 28.1070886 ], [ -16.4742095, 28.10709 ], [ -16.474209, 28.1070907 ], [ -16.4742084, 28.1070918 ], [ -16.4742075, 28.1070934 ], [ -16.4742066, 28.1070949 ], [ -16.4742062, 28.1070956 ], [ -16.4742056, 28.1070967 ], [ -16.4742046, 28.1070983 ], [ -16.4742037, 28.1070999 ], [ -16.4742032, 28.1071007 ], [ -16.4742023, 28.1071021 ], [ -16.4742019, 28.1071029 ], [ -16.4742013, 28.1071039 ], [ -16.4742003, 28.1071055 ], [ -16.4741993, 28.1071071 ], [ -16.4741988, 28.1071079 ], [ -16.4741978, 28.1071095 ], [ -16.4741974, 28.1071103 ], [ -16.4741971, 28.1071107 ], [ -16.4742191, 28.1071431 ], [ -16.4742382, 28.1071663 ], [ -16.4742645, 28.1071998 ], [ -16.4742678, 28.1072043 ], [ -16.4743292, 28.1073002 ], [ -16.4743433, 28.107326 ], [ -16.4743538, 28.1073473 ], [ -16.4743685, 28.1073798 ], [ -16.4743775, 28.1074017 ], [ -16.4743935, 28.1074461 ], [ -16.4743948, 28.1074505 ], [ -16.4744009, 28.1074711 ], [ -16.4744109, 28.1075072 ], [ -16.4744134, 28.1075178 ], [ -16.4744165, 28.1075307 ], [ -16.474421, 28.1075534 ], [ -16.4744225, 28.1075631 ], [ -16.4744267, 28.1075906 ], [ -16.474428, 28.107599 ], [ -16.4744279, 28.1075991 ], [ -16.4744291, 28.1076074 ], [ -16.4744387, 28.1076908 ], [ -16.4744408, 28.1077124 ], [ -16.4744438, 28.1077714 ], [ -16.4744425, 28.1078305 ], [ -16.4744367, 28.1078893 ], [ -16.4744267, 28.1079477 ], [ -16.4744123, 28.1080054 ], [ -16.4743938, 28.1080621 ], [ -16.4743711, 28.1081176 ], [ -16.4743443, 28.1081717 ], [ -16.4743137, 28.1082241 ], [ -16.4742792, 28.1082746 ], [ -16.474241, 28.108323 ], [ -16.4741994, 28.1083691 ], [ -16.4741545, 28.1084127 ], [ -16.4741064, 28.1084536 ], [ -16.4740554, 28.1084916 ], [ -16.4740309, 28.1085076 ], [ -16.4740245, 28.1085883 ], [ -16.4740198, 28.108632 ], [ -16.4740098, 28.1086904 ], [ -16.4739954, 28.1087481 ], [ -16.4739769, 28.1088048 ], [ -16.4739542, 28.1088603 ], [ -16.4739406, 28.1088889 ], [ -16.4739008, 28.1089691 ], [ -16.4738876, 28.1089946 ], [ -16.4738569, 28.109047 ], [ -16.4738224, 28.1090975 ], [ -16.4737843, 28.1091459 ], [ -16.4737427, 28.109192 ], [ -16.4736977, 28.1092356 ], [ -16.4736807, 28.1092508 ], [ -16.4736232, 28.1093006 ], [ -16.4735922, 28.1093263 ], [ -16.4735504, 28.1093575 ], [ -16.4735412, 28.1093643 ], [ -16.4734875, 28.1093993 ], [ -16.473474, 28.109407 ], [ -16.4734314, 28.1094311 ], [ -16.4733731, 28.1094596 ], [ -16.4733276, 28.1094788 ], [ -16.4733108, 28.1094855 ], [ -16.4723975, 28.1087533 ], [ -16.4723579, 28.108742 ], [ -16.4722823, 28.1087507 ], [ -16.4720078, 28.1090487 ], [ -16.4717798, 28.1092981 ], [ -16.4717669, 28.1093109 ], [ -16.4716019, 28.1094593 ], [ -16.4715771, 28.1094783 ], [ -16.4715492, 28.1094935 ], [ -16.4715188, 28.1095045 ], [ -16.4714868, 28.1095109 ], [ -16.4714541, 28.1095126 ], [ -16.4714304, 28.1095291 ], [ -16.4714017, 28.1095459 ], [ -16.4713702, 28.1095581 ], [ -16.4713369, 28.1095654 ], [ -16.4713026, 28.1095677 ], [ -16.4712684, 28.1095648 ], [ -16.4712352, 28.1095569 ], [ -16.471204, 28.1095441 ], [ -16.4711757, 28.1095269 ], [ -16.4711509, 28.1095056 ], [ -16.4711306, 28.1094809 ], [ -16.4711153, 28.1094535 ], [ -16.4711054, 28.1094242 ], [ -16.4710922, 28.1093684 ], [ -16.4710886, 28.1093432 ], [ -16.4710891, 28.1093178 ], [ -16.4710935, 28.1092927 ], [ -16.4711248, 28.109172 ], [ -16.4711121, 28.1091364 ], [ -16.4710419, 28.1090266 ], [ -16.4710289, 28.1090021 ], [ -16.4710201, 28.1089761 ], [ -16.4710159, 28.1089493 ], [ -16.4710083, 28.1088468 ], [ -16.4708426, 28.108859 ], [ -16.4707081, 28.1090615 ], [ -16.47069, 28.1090844 ], [ -16.4706681, 28.1091046 ], [ -16.470643, 28.1091215 ], [ -16.4706153, 28.1091348 ], [ -16.4704485, 28.1092005 ], [ -16.4704432, 28.1092025 ], [ -16.4704336, 28.1092144 ], [ -16.4704316, 28.1092168 ], [ -16.4704232, 28.1092261 ], [ -16.4704142, 28.1092348 ], [ -16.4704046, 28.109243 ], [ -16.4703944, 28.1092506 ], [ -16.4703871, 28.1092555 ], [ -16.4703687, 28.1092671 ], [ -16.4703653, 28.1092692 ], [ -16.4703541, 28.1092756 ], [ -16.4703424, 28.1092813 ], [ -16.4703327, 28.1092854 ], [ -16.4700633, 28.1093925 ], [ -16.469855, 28.1096707 ], [ -16.4698429, 28.1096853 ], [ -16.469828, 28.1096997 ], [ -16.469651, 28.1098539 ], [ -16.4696287, 28.1098707 ], [ -16.4696039, 28.1098845 ], [ -16.4695771, 28.109895 ], [ -16.4695489, 28.109902 ], [ -16.4691317, 28.109977 ], [ -16.4691316, 28.1099771 ] ] } },
{ "type": "Feature", "properties": { "Layer": "0805DPMT", "IDTRAMO": 38087.0, "Provincia": "Santa Cruz de Tenerife", "Referencia": "DES01/09/38/0001", "TM": "Puerto de la Cruz (Tenerife)", "Estado": "A", "OM": "2022-01-23", "Sit_Admin": "Aprobado (O.M. 23/01/2022)", "Tipo_Linea": "Límite SP aprobada", "Label": "DES01/09/38/0001 (O.M. 23/01/2022)", "ID_SEGMENT": "38208005", "FIGURA": null, "Shape_Leng": 0.0, "VERTICES": "SI" }, "geometry": { "type": "LineString", "coordinates": [ [ -16.5582119, 28.4141949 ], [ -16.5582105, 28.4141955 ], [ -16.558186, 28.4142059 ], [ -16.5581633, 28.414219 ], [ -16.5581428, 28.4142347 ], [ -16.5581248, 28.4142527 ], [ -16.5580125, 28.4143811 ], [ -16.5580121, 28.4143816 ], [ -16.5579882, 28.4144046 ], [ -16.5579543, 28.4144434 ], [ -16.5579138, 28.4144899 ], [ -16.5578676, 28.4145429 ], [ -16.5578591, 28.4145529 ], [ -16.557826, 28.4145909 ] ] } },
{ "type": "Feature", "properties": { "Layer": "0805DPMT", "IDTRAMO": 38087.0, "Provincia": "Santa Cruz de Tenerife", "Referencia": "DES01/09/38/0001", "TM": "Puerto de la Cruz (Tenerife)", "Estado": "A", "OM": "2022-01-23", "Sit_Admin": "Aprobado (O.M. 23/01/2022)", "Tipo_Linea": "Límite SP aprobada", "Label": "DES01/09/38/0001 (O.M. 23/01/2022)", "ID_SEGMENT": "38208004", "FIGURA": null, "Shape_Leng": 0.0, "VERTICES": "SI" }, "geometry": { "type": "LineString", "coordinates": [ [ -16.5573419, 28.4150477 ], [ -16.5573232, 28.4150719 ], [ -16.5573073, 28.4150963 ], [ -16.5572959, 28.4151227 ], [ -16.5572893, 28.4151503 ], [ -16.5572876, 28.4151785 ], [ -16.5572909, 28.4152065 ], [ -16.5572991, 28.4152338 ], [ -16.5573105, 28.4152566 ], [ -16.5572748, 28.415435 ], [ -16.5572732, 28.4154452 ], [ -16.557272, 28.4154569 ], [ -16.5572717, 28.4154687 ], [ -16.5572724, 28.4154805 ], [ -16.5572738, 28.4154923 ], [ -16.5572762, 28.4155039 ], [ -16.5572794, 28.4155154 ], [ -16.5572834, 28.4155266 ], [ -16.5572883, 28.4155376 ], [ -16.557294, 28.4155483 ], [ -16.5573004, 28.4155587 ], [ -16.5573076, 28.4155686 ], [ -16.5573155, 28.4155781 ], [ -16.5573165, 28.4155791 ], [ -16.5573168, 28.4155794 ], [ -16.5568149, 28.416047 ], [ -16.5568071, 28.4160543 ] ] } },
{ "type": "Feature", "properties": { "Layer": "0805DPMT", "IDTRAMO": 38095.0, "Provincia": "Santa Cruz de Tenerife", "Referencia": "DES01/99/38/0094-DES10/01", "TM": "La Matanza de Acentejo (Tenerife)", "Estado": "T", "Sit_Admin": "Provisional o en tramitación", "Tipo_Linea": "Límite SP provisional o en tramitación", "Label": "DES01/99/38/0094-DES10/01", "ID_SEGMENT": "38095002", "FIGURA": null, "Shape_Leng": 0.0, "VERTICES": "SI" }, "geometry": { "type": "LineString", "coordinates": [ [ -16.4540715, 28.4656205 ], [ -16.4540764, 28.4656075 ], [ -16.454078, 28.4656031 ], [ -16.4540845, 28.4655772 ], [ -16.4540845, 28.4655772 ], [ -16.4541031, 28.4655205 ], [ -16.4541032, 28.4655204 ], [ -16.4541217, 28.4654745 ], [ -16.4541508, 28.465408 ], [ -16.4542223, 28.4652446 ], [ -16.4542185, 28.4652264 ], [ -16.45421, 28.4651857 ], [ -16.4542015, 28.4651449 ], [ -16.4541958, 28.4651178 ], [ -16.4541844, 28.4650634 ], [ -16.4541674, 28.4649819 ], [ -16.4541523, 28.4649094 ], [ -16.4541447, 28.4648732 ], [ -16.4541333, 28.4648189 ], [ -16.4541258, 28.4647826 ], [ -16.454122, 28.4647645 ], [ -16.4541163, 28.4647374 ], [ -16.4541078, 28.4646966 ], [ -16.4541077, 28.4646965 ], [ -16.4536769, 28.4642889 ], [ -16.4536649, 28.4642772 ], [ -16.453664, 28.4642764 ], [ -16.4536598, 28.4642722 ], [ -16.4536589, 28.4642713 ], [ -16.4536556, 28.464268 ], [ -16.4536514, 28.4642637 ], [ -16.4536501, 28.4642624 ], [ -16.4536485, 28.4642608 ], [ -16.453639, 28.4642508 ], [ -16.4536388, 28.4642507 ], [ -16.4536371, 28.4642489 ], [ -16.4536349, 28.4642465 ], [ -16.4536269, 28.4642378 ], [ -16.4536266, 28.4642374 ], [ -16.4536244, 28.464235 ], [ -16.4536181, 28.464228 ], [ -16.453615, 28.4642245 ], [ -16.4536073, 28.4642155 ], [ -16.4536059, 28.4642139 ], [ -16.4536035, 28.464211 ], [ -16.4535999, 28.4642067 ], [ -16.4535959, 28.4642019 ], [ -16.4535922, 28.4641973 ], [ -16.453591, 28.4641958 ], [ -16.4537041, 28.4640915 ], [ -16.4537406, 28.4639875 ], [ -16.453773, 28.4638309 ], [ -16.4537908, 28.463679 ], [ -16.4537852, 28.4635324 ], [ -16.4537613, 28.4633764 ], [ -16.453714, 28.4632267 ], [ -16.4536863, 28.4630638 ], [ -16.453624, 28.4628811 ], [ -16.4535816, 28.4626984 ], [ -16.4535042, 28.4626061 ], [ -16.453427, 28.462519 ], [ -16.4533481, 28.4624432 ], [ -16.4532819, 28.4623748 ], [ -16.4532556, 28.4623105 ], [ -16.4532452, 28.4622145 ], [ -16.4532537, 28.4621709 ], [ -16.4529262, 28.4620083 ], [ -16.4529261, 28.4620083 ], [ -16.4529279, 28.4619943 ], [ -16.4529303, 28.4619757 ], [ -16.4529314, 28.4619663 ], [ -16.4529349, 28.4619384 ], [ -16.4529373, 28.4619197 ], [ -16.452942, 28.4618824 ], [ -16.4529455, 28.4618544 ], [ -16.4529478, 28.4618358 ], [ -16.4529525, 28.4617985 ], [ -16.4529595, 28.4617426 ], [ -16.4529735, 28.4616307 ], [ -16.452975, 28.4616183 ], [ -16.4529756, 28.4616142 ], [ -16.4529758, 28.4616122 ], [ -16.4529766, 28.4616061 ], [ -16.4529771, 28.461602 ], [ -16.4529781, 28.4615938 ], [ -16.4529796, 28.4615815 ], [ -16.4529817, 28.4615651 ], [ -16.4529827, 28.4615569 ], [ -16.4529837, 28.4615487 ], [ -16.4529842, 28.4615446 ], [ -16.452985, 28.4615385 ], [ -16.4525595, 28.4606604 ], [ -16.4525049, 28.4605138 ], [ -16.4525048, 28.4605136 ], [ -16.4524881, 28.460436 ], [ -16.452488, 28.4604357 ], [ -16.452488, 28.4604354 ], [ -16.4524775, 28.4603149 ], [ -16.4524775, 28.4603145 ], [ -16.4524775, 28.4603142 ], [ -16.4524927, 28.460151 ], [ -16.4524927, 28.4601506 ], [ -16.4524929, 28.4601499 ], [ -16.4525128, 28.4600708 ], [ -16.452513, 28.46007 ], [ -16.4525132, 28.4600697 ], [ -16.4525775, 28.4599167 ], [ -16.4525776, 28.4599164 ], [ -16.4525779, 28.4599159 ], [ -16.4526363, 28.4598229 ], [ -16.4526366, 28.4598224 ], [ -16.4526371, 28.4598218 ], [ -16.4526814, 28.4597651 ], [ -16.4526819, 28.4597645 ], [ -16.4526821, 28.4597642 ], [ -16.4527837, 28.4596618 ], [ -16.452784, 28.4596616 ], [ -16.4545436, 28.4581379 ], [ -16.4545439, 28.4581377 ], [ -16.4546565, 28.4580535 ], [ -16.4546568, 28.4580533 ], [ -16.4546576, 28.4580528 ], [ -16.454718, 28.4580168 ], [ -16.4547187, 28.4580163 ], [ -16.4547192, 28.4580161 ], [ -16.4548167, 28.4579688 ], [ -16.454817, 28.4579687 ], [ -16.4548171, 28.4579687 ], [ -16.4549729, 28.4579161 ], [ -16.4561257, 28.4576195 ], [ -16.4561257, 28.4576194 ], [ -16.4561466, 28.4576045 ], [ -16.4561473, 28.457604 ], [ -16.4561966, 28.4575634 ], [ -16.4562459, 28.4575228 ], [ -16.4562788, 28.4574957 ], [ -16.4563445, 28.4574416 ], [ -16.4564431, 28.4573604 ], [ -16.4565307, 28.4572882 ], [ -16.4565745, 28.4572521 ], [ -16.4566403, 28.4571979 ], [ -16.4566841, 28.4571618 ], [ -16.456706, 28.4571438 ], [ -16.4567388, 28.4571167 ], [ -16.4567881, 28.4570761 ], [ -16.4580597, 28.4560286 ], [ -16.4581894, 28.4559379 ], [ -16.4582621, 28.4558988 ], [ -16.4583793, 28.4558499 ], [ -16.4585469, 28.4558054 ], [ -16.4586336, 28.4557928 ], [ -16.458808, 28.4557875 ], [ -16.4589221, 28.4557983 ], [ -16.4589958, 28.4558115 ], [ -16.4591356, 28.455851 ], [ -16.4591357, 28.455851 ], [ -16.4594801, 28.4559729 ], [ -16.4598748, 28.4561126 ], [ -16.4599446, 28.4561373 ], [ -16.4629458, 28.4571996 ], [ -16.4629459, 28.4571996 ], [ -16.4630058, 28.4572228 ], [ -16.4630352, 28.4572358 ], [ -16.4630786, 28.4572568 ], [ -16.4631207, 28.4572796 ], [ -16.463121, 28.4572797 ], [ -16.4631219, 28.4572803 ], [ -16.463138, 28.4572897 ], [ -16.4631417, 28.4572919 ], [ -16.4631432, 28.4572928 ], [ -16.4631432, 28.4572929 ], [ -16.4631776, 28.4573147 ], [ -16.4631822, 28.4573176 ], [ -16.4632019, 28.4573311 ], [ -16.4632307, 28.4573522 ], [ -16.463244, 28.4573628 ], [ -16.4632488, 28.4573666 ], [ -16.4632535, 28.4573704 ], [ -16.4632723, 28.4573855 ], [ -16.4632987, 28.4574087 ], [ -16.4633158, 28.4574246 ], [ -16.4633575, 28.4574569 ], [ -16.4633724, 28.4574502 ], [ -16.4633825, 28.4574459 ], [ -16.4633892, 28.4574431 ], [ -16.4634026, 28.4574377 ], [ -16.4635052, 28.4573969 ], [ -16.4635079, 28.4573958 ], [ -16.4635227, 28.4573901 ], [ -16.4635238, 28.4573897 ], [ -16.4635286, 28.4573879 ], [ -16.4635332, 28.4573862 ], [ -16.4635345, 28.4573857 ], [ -16.4635463, 28.4573815 ], [ -16.4635474, 28.4573811 ], [ -16.4635484, 28.4573807 ], [ -16.4635485, 28.4573807 ], [ -16.4635616, 28.4573762 ], [ -16.4635642, 28.4573753 ], [ -16.4635688, 28.4573738 ], [ -16.4635702, 28.4573734 ], [ -16.4635822, 28.4573695 ], [ -16.4635832, 28.4573692 ], [ -16.4635882, 28.4573676 ], [ -16.4635905, 28.4573669 ], [ -16.4635942, 28.4573658 ], [ -16.4636003, 28.457364 ], [ -16.4636014, 28.4573637 ], [ -16.4636029, 28.4573632 ], [ -16.463616, 28.4573595 ], [ -16.4636185, 28.4573588 ], [ -16.4636234, 28.4573574 ], [ -16.4636246, 28.4573571 ], [ -16.4636307, 28.4573555 ], [ -16.4636314, 28.4573553 ], [ -16.4636345, 28.4573545 ], [ -16.4636368, 28.4573539 ], [ -16.4636491, 28.4573507 ], [ -16.4636511, 28.4573502 ], [ -16.4636553, 28.4573492 ], [ -16.4636614, 28.4573478 ], [ -16.4636623, 28.4573476 ], [ -16.463666, 28.4573467 ], [ -16.4636735, 28.457345 ], [ -16.46368, 28.4573436 ], [ -16.4636848, 28.4573425 ], [ -16.4636862, 28.4573422 ], [ -16.4636924, 28.4573409 ], [ -16.4636986, 28.4573397 ], [ -16.4637017, 28.457339 ], [ -16.4637049, 28.4573384 ], [ -16.4637111, 28.4573372 ], [ -16.4637187, 28.4573358 ], [ -16.4637272, 28.4573343 ], [ -16.4637285, 28.4573341 ], [ -16.4637873, 28.4573255 ], [ -16.4637885, 28.4573253 ], [ -16.4637901, 28.4573252 ], [ -16.4638332, 28.4573209 ], [ -16.4638342, 28.4573208 ], [ -16.4638352, 28.4573208 ], [ -16.4638801, 28.4573182 ], [ -16.4638805, 28.4573182 ], [ -16.4639106, 28.4573174 ], [ -16.4639713, 28.4573183 ], [ -16.4639714, 28.4573183 ], [ -16.4643501, 28.4573337 ], [ -16.4643502, 28.4573337 ], [ -16.46441, 28.4573377 ], [ -16.4644105, 28.4573378 ], [ -16.4644395, 28.4573408 ], [ -16.4644407, 28.457341 ], [ -16.4644415, 28.4573411 ], [ -16.4644849, 28.4573472 ], [ -16.4644858, 28.4573473 ], [ -16.4644865, 28.4573474 ], [ -16.4645447, 28.4573584 ], [ -16.4645454, 28.4573585 ], [ -16.4645465, 28.4573588 ], [ -16.4645466, 28.4573588 ], [ -16.4645736, 28.457365 ], [ -16.4645749, 28.4573653 ], [ -16.4645756, 28.4573655 ], [ -16.4646327, 28.4573811 ], [ -16.4646332, 28.4573812 ], [ -16.464634, 28.4573814 ], [ -16.4646705, 28.4573932 ], [ -16.4646713, 28.4573934 ], [ -16.4646727, 28.4573939 ], [ -16.4646949, 28.4574018 ], [ -16.4646964, 28.4574023 ], [ -16.464697, 28.4574026 ], [ -16.4647446, 28.4574215 ], [ -16.4647455, 28.4574218 ], [ -16.464765, 28.45743 ], [ -16.4647654, 28.4574301 ], [ -16.4648067, 28.4574428 ], [ -16.4648195, 28.4574468 ], [ -16.4648281, 28.4574496 ], [ -16.4648451, 28.4574553 ], [ -16.4648536, 28.4574583 ], [ -16.4648608, 28.4574609 ], [ -16.4648621, 28.4574614 ], [ -16.4648705, 28.4574645 ], [ -16.4648873, 28.4574709 ], [ -16.4648985, 28.4574754 ], [ -16.4649059, 28.4574784 ], [ -16.4649207, 28.4574847 ], [ -16.4650173, 28.4571899 ], [ -16.4650173, 28.4571899 ], [ -16.4650301, 28.4571492 ], [ -16.4650301, 28.4571492 ], [ -16.4650373, 28.457129 ], [ -16.4650373, 28.457129 ], [ -16.4650492, 28.4570989 ], [ -16.4650493, 28.4570989 ], [ -16.4650694, 28.4570544 ], [ -16.4650696, 28.457054 ], [ -16.465092, 28.4570113 ], [ -16.4650922, 28.4570107 ], [ -16.4650924, 28.4570104 ], [ -16.4651041, 28.4569903 ], [ -16.4651047, 28.4569893 ], [ -16.4651052, 28.4569884 ], [ -16.4651238, 28.4569588 ], [ -16.4651245, 28.4569577 ], [ -16.4651258, 28.4569558 ], [ -16.4651373, 28.4569389 ], [ -16.4651385, 28.456937 ], [ -16.465139, 28.4569364 ], [ -16.4651678, 28.4568976 ], [ -16.4651684, 28.4568967 ], [ -16.4651691, 28.456896 ], [ -16.4652042, 28.456854 ], [ -16.4652048, 28.4568533 ], [ -16.4652057, 28.4568524 ], [ -16.4652298, 28.4568264 ], [ -16.4652305, 28.4568256 ], [ -16.4652318, 28.4568243 ], [ -16.4652474, 28.4568086 ], [ -16.4652483, 28.4568076 ], [ -16.4652488, 28.4568072 ], [ -16.4652853, 28.4567732 ], [ -16.4655063, 28.4565781 ], [ -16.4655079, 28.4565766 ], [ -16.4655095, 28.4565313 ], [ -16.4655095, 28.4565312 ], [ -16.4655134, 28.4564891 ], [ -16.4655145, 28.4564805 ], [ -16.4655145, 28.4564803 ], [ -16.4655209, 28.45644 ], [ -16.465521, 28.4564394 ], [ -16.465521, 28.4564394 ], [ -16.4655227, 28.4564308 ], [ -16.465524, 28.4564242 ], [ -16.4655259, 28.4564154 ], [ -16.4655269, 28.4564111 ], [ -16.4655304, 28.4563964 ], [ -16.4655329, 28.4563866 ], [ -16.4655346, 28.4563801 ], [ -16.4655369, 28.4563715 ], [ -16.4655382, 28.4563671 ], [ -16.465541, 28.4563575 ], [ -16.465543, 28.456351 ], [ -16.4655456, 28.4563425 ], [ -16.465547, 28.4563382 ], [ -16.4655491, 28.456332 ], [ -16.4655491, 28.4563318 ], [ -16.4655509, 28.4563267 ], [ -16.465551, 28.4563264 ], [ -16.465552, 28.4563233 ], [ -16.4655535, 28.4563191 ], [ -16.4655581, 28.4563064 ], [ -16.4655613, 28.456298 ], [ -16.4655667, 28.4562843 ], [ -16.4655679, 28.4562814 ], [ -16.4655878, 28.4560618 ], [ -16.4656014, 28.455918 ], [ -16.4656014, 28.4559175 ], [ -16.4656257, 28.4552222 ], [ -16.4656258, 28.4552219 ], [ -16.4656501, 28.4550525 ], [ -16.4656501, 28.4550522 ], [ -16.4656503, 28.4550518 ], [ -16.4656765, 28.454968 ], [ -16.4656766, 28.4549676 ], [ -16.4656767, 28.4549674 ], [ -16.4657342, 28.4548445 ], [ -16.4657343, 28.4548443 ], [ -16.4657708, 28.4547858 ], [ -16.4658579, 28.4546767 ], [ -16.4659338, 28.4546037 ], [ -16.4659886, 28.4545598 ], [ -16.4661057, 28.4544845 ], [ -16.4668362, 28.4540816 ], [ -16.4669166, 28.4540416 ], [ -16.4669166, 28.4540415 ], [ -16.467088, 28.4539815 ], [ -16.4676207, 28.4538427 ], [ -16.4679261, 28.453763 ], [ -16.4679276, 28.4537626 ], [ -16.4683244, 28.4536531 ], [ -16.4683409, 28.4536487 ], [ -16.4683492, 28.4536465 ], [ -16.4683616, 28.4536435 ], [ -16.4683803, 28.4536392 ], [ -16.4683881, 28.4536375 ], [ -16.4683911, 28.4536369 ], [ -16.4683992, 28.4536352 ], [ -16.4684086, 28.4536333 ], [ -16.4684275, 28.4536297 ], [ -16.468437, 28.4536281 ], [ -16.4684509, 28.4536258 ], [ -16.4684513, 28.4536258 ], [ -16.4684513, 28.4536258 ], [ -16.4693466, 28.453486 ], [ -16.4693467, 28.453486 ], [ -16.4694218, 28.4534768 ], [ -16.4694976, 28.4534725 ], [ -16.4695734, 28.4534733 ], [ -16.4695738, 28.4534732 ], [ -16.4698712, 28.453486 ], [ -16.4698719, 28.4534861 ], [ -16.4699361, 28.4534907 ], [ -16.4699998, 28.4534988 ], [ -16.4699999, 28.4534988 ], [ -16.4700008, 28.453499 ], [ -16.4700009, 28.453499 ], [ -16.4700849, 28.4535155 ], [ -16.4700852, 28.4535155 ], [ -16.4701679, 28.4535384 ], [ -16.4702482, 28.4535675 ], [ -16.4704994, 28.4536695 ], [ -16.4705662, 28.4536993 ], [ -16.4706303, 28.4537334 ], [ -16.4706304, 28.4537335 ], [ -16.470692, 28.4537719 ], [ -16.4706923, 28.4537721 ], [ -16.4707511, 28.4538149 ], [ -16.4708061, 28.4538614 ], [ -16.4708373, 28.4538911 ], [ -16.4708669, 28.4539221 ], [ -16.4709937, 28.4540607 ], [ -16.4710328, 28.4541064 ], [ -16.4710684, 28.4541543 ], [ -16.4711002, 28.4542043 ], [ -16.4711007, 28.4542051 ], [ -16.4711326, 28.4542047 ], [ -16.4711376, 28.4542049 ], [ -16.4711408, 28.454205 ], [ -16.4711945, 28.4542069 ], [ -16.4712663, 28.4542094 ], [ -16.4713022, 28.4542107 ], [ -16.4713398, 28.4541853 ], [ -16.4713482, 28.4541799 ], [ -16.4713525, 28.4541772 ], [ -16.4713567, 28.4541745 ], [ -16.4713623, 28.4541709 ], [ -16.4713652, 28.4541691 ], [ -16.4713736, 28.4541638 ], [ -16.4713849, 28.4541566 ], [ -16.4713906, 28.454153 ], [ -16.471399, 28.4541476 ], [ -16.4714103, 28.4541405 ], [ -16.471416, 28.4541369 ], [ -16.4714272, 28.4541297 ], [ -16.4714423, 28.4541201 ], [ -16.4714498, 28.4541154 ], [ -16.4714611, 28.4541082 ], [ -16.4714667, 28.4541046 ], [ -16.471478, 28.4540974 ], [ -16.4714837, 28.4540938 ], [ -16.4714921, 28.4540885 ], [ -16.4715006, 28.4540831 ], [ -16.4715048, 28.4540804 ], [ -16.4715397, 28.4538508 ], [ -16.47154, 28.4538495 ], [ -16.4715499, 28.4537968 ], [ -16.4715502, 28.4537954 ], [ -16.4715509, 28.4537925 ], [ -16.4715562, 28.4537707 ], [ -16.4715569, 28.4537678 ], [ -16.4715574, 28.4537661 ], [ -16.4715684, 28.4537281 ], [ -16.4715688, 28.4537265 ], [ -16.4715695, 28.4537247 ], [ -16.4715825, 28.4536873 ], [ -16.4715831, 28.4536855 ], [ -16.4715847, 28.4536815 ], [ -16.4715899, 28.4536683 ], [ -16.4715911, 28.4536652 ], [ -16.4715917, 28.4536637 ], [ -16.471608, 28.4536266 ], [ -16.4716087, 28.4536251 ], [ -16.4716109, 28.4536205 ], [ -16.471616, 28.45361 ], [ -16.4716167, 28.4536086 ], [ -16.4716183, 28.4536052 ], [ -16.4716194, 28.4536032 ], [ -16.4716328, 28.4535777 ], [ -16.4716338, 28.4535758 ], [ -16.4716345, 28.4535746 ], [ -16.4716589, 28.4535333 ], [ -16.4716593, 28.4535327 ], [ -16.4716604, 28.4535309 ], [ -16.4716766, 28.4535062 ], [ -16.4716777, 28.4535046 ], [ -16.4716795, 28.453502 ], [ -16.4716885, 28.4534892 ], [ -16.471689, 28.4534885 ], [ -16.4716906, 28.4534862 ], [ -16.4716914, 28.4534852 ], [ -16.4717171, 28.4534513 ], [ -16.4717172, 28.4534512 ], [ -16.4717178, 28.4534504 ], [ -16.4717193, 28.4534485 ], [ -16.4717323, 28.4534328 ], [ -16.4717326, 28.4534323 ], [ -16.4717339, 28.4534308 ], [ -16.4717346, 28.45343 ], [ -16.4717672, 28.4533936 ], [ -16.4717678, 28.4533929 ], [ -16.4717682, 28.4533925 ], [ -16.4718032, 28.4533574 ], [ -16.4718038, 28.4533568 ], [ -16.4718047, 28.4533559 ], [ -16.4718279, 28.4533347 ], [ -16.4718288, 28.4533339 ], [ -16.4718291, 28.4533336 ], [ -16.4718444, 28.4533203 ], [ -16.4718459, 28.4533191 ], [ -16.4718465, 28.4533185 ], [ -16.471881, 28.4532907 ], [ -16.471881, 28.4532907 ], [ -16.472216, 28.4530327 ], [ -16.4722201, 28.4530297 ], [ -16.4722217, 28.4530285 ], [ -16.4722216, 28.4530284 ], [ -16.4722144, 28.4530228 ], [ -16.4720229, 28.4528749 ], [ -16.4720227, 28.4528748 ], [ -16.4719734, 28.452834 ], [ -16.4719496, 28.4528123 ], [ -16.4719155, 28.4527785 ], [ -16.4719152, 28.4527781 ], [ -16.4718833, 28.452743 ], [ -16.4718831, 28.4527428 ], [ -16.4718679, 28.4527248 ], [ -16.4718678, 28.4527247 ], [ -16.4718459, 28.4526968 ], [ -16.4718458, 28.4526967 ], [ -16.4718451, 28.4526958 ], [ -16.4718319, 28.4526778 ], [ -16.4718318, 28.4526777 ], [ -16.4718314, 28.4526771 ], [ -16.4718056, 28.4526389 ], [ -16.4718054, 28.4526386 ], [ -16.4718049, 28.4526378 ], [ -16.471779, 28.4525944 ], [ -16.4717785, 28.4525934 ], [ -16.4717776, 28.4525918 ], [ -16.4717631, 28.4525644 ], [ -16.4717622, 28.4525627 ], [ -16.4717607, 28.4525598 ], [ -16.4717535, 28.4525449 ], [ -16.4717521, 28.452542 ], [ -16.4717515, 28.4525407 ], [ -16.4717342, 28.4525012 ], [ -16.4717337, 28.4525001 ], [ -16.4716432, 28.4522769 ], [ -16.4716432, 28.4522768 ], [ -16.4716402, 28.4522755 ], [ -16.4716373, 28.4522742 ], [ -16.4716313, 28.4522716 ], [ -16.4716254, 28.452269 ], [ -16.4716175, 28.4522655 ], [ -16.4716136, 28.4522637 ], [ -16.4716084, 28.4522614 ], [ -16.4716004, 28.4522579 ], [ -16.4715949, 28.4522555 ], [ -16.4715702, 28.4522447 ], [ -16.4715456, 28.4522338 ], [ -16.4715292, 28.4522266 ], [ -16.4714964, 28.4522122 ], [ -16.4714471, 28.4521905 ], [ -16.4714034, 28.4521712 ], [ -16.4713815, 28.4521616 ], [ -16.4713486, 28.4521472 ], [ -16.4713268, 28.4521375 ], [ -16.4713158, 28.4521327 ], [ -16.4712994, 28.4521255 ], [ -16.4712784, 28.4521162 ], [ -16.4712782, 28.4521162 ], [ -16.4709769, 28.4520396 ], [ -16.4709271, 28.4520257 ], [ -16.4709024, 28.4520179 ], [ -16.4708657, 28.4520051 ], [ -16.4708118, 28.4519836 ], [ -16.4707854, 28.4519718 ], [ -16.4707337, 28.4519462 ], [ -16.4706962, 28.4519253 ], [ -16.4706718, 28.4519106 ], [ -16.4706247, 28.4518795 ], [ -16.470128, 28.4515316 ], [ -16.4701279, 28.4515315 ], [ -16.4701263, 28.4515304 ], [ -16.4701094, 28.4515244 ], [ -16.47006, 28.4515057 ], [ -16.4700557, 28.4515039 ], [ -16.4700532, 28.4515028 ], [ -16.4700511, 28.451502 ], [ -16.4700499, 28.4515015 ], [ -16.4700479, 28.4515006 ], [ -16.4700038, 28.4514809 ], [ -16.4700023, 28.4514802 ], [ -16.4699987, 28.4514784 ], [ -16.4699818, 28.4514701 ], [ -16.4699816, 28.45147 ], [ -16.4699788, 28.4514686 ], [ -16.4699771, 28.4514677 ], [ -16.4699457, 28.451451 ], [ -16.4699441, 28.4514502 ], [ -16.4699431, 28.4514496 ], [ -16.469894, 28.4514204 ], [ -16.4698934, 28.4514201 ], [ -16.4698928, 28.4514197 ], [ -16.4698445, 28.4513871 ], [ -16.4698438, 28.4513866 ], [ -16.4698209, 28.4513697 ], [ -16.4698207, 28.4513695 ], [ -16.4697803, 28.451337 ], [ -16.4697607, 28.4513199 ], [ -16.4697323, 28.4512934 ], [ -16.4696921, 28.4512519 ], [ -16.469667, 28.4512231 ], [ -16.469651, 28.4512034 ], [ -16.4696209, 28.4511632 ], [ -16.4696068, 28.4511426 ], [ -16.4695806, 28.4511007 ], [ -16.4695572, 28.451058 ], [ -16.4695571, 28.4510577 ], [ -16.4695433, 28.4510294 ], [ -16.4695431, 28.4510291 ], [ -16.4695426, 28.451028 ], [ -16.4695351, 28.4510113 ], [ -16.4695344, 28.4510097 ], [ -16.4695341, 28.451009 ], [ -16.4695191, 28.450972 ], [ -16.4695186, 28.4509707 ], [ -16.4693435, 28.4505048 ], [ -16.4692453, 28.4502744 ], [ -16.4692211, 28.4502545 ], [ -16.46833, 28.4495248 ], [ -16.468212, 28.4494099 ], [ -16.4681603, 28.4493442 ], [ -16.4680946, 28.4492365 ], [ -16.468033, 28.4490803 ], [ -16.4680146, 28.4489988 ], [ -16.4680035, 28.4488341 ], [ -16.4680147, 28.4487265 ], [ -16.4680299, 28.4486569 ], [ -16.4680768, 28.4485257 ], [ -16.4687688, 28.4470072 ], [ -16.4689673, 28.4465717 ], [ -16.4690335, 28.4464526 ], [ -16.4690745, 28.4463959 ], [ -16.4691451, 28.4463156 ], [ -16.4692691, 28.4462095 ], [ -16.4693379, 28.4461641 ], [ -16.4694848, 28.4460902 ], [ -16.4700724, 28.4458493 ], [ -16.4702393, 28.4457959 ], [ -16.4703276, 28.4457788 ], [ -16.4705087, 28.4457655 ], [ -16.4706295, 28.4457726 ], [ -16.4707086, 28.4457842 ], [ -16.47086, 28.4458228 ], [ -16.4711808, 28.4459289 ], [ -16.471225, 28.44587 ], [ -16.4712064, 28.4452578 ], [ -16.4712066, 28.445203 ], [ -16.4712082, 28.4451755 ], [ -16.4712123, 28.4451341 ], [ -16.4712185, 28.4450928 ], [ -16.4712225, 28.4450722 ], [ -16.4712357, 28.4450176 ], [ -16.4712437, 28.4449906 ], [ -16.4712576, 28.4449505 ], [ -16.4712679, 28.4449241 ], [ -16.4712914, 28.4448724 ], [ -16.4713183, 28.4448222 ], [ -16.4713381, 28.4447897 ], [ -16.471352, 28.4447686 ], [ -16.4713817, 28.4447275 ], [ -16.4720383, 28.4438705 ], [ -16.4720709, 28.4438305 ], [ -16.4720882, 28.4438109 ], [ -16.4721154, 28.4437823 ], [ -16.4721587, 28.4437411 ], [ -16.4721528, 28.4437041 ], [ -16.4721502, 28.4436814 ], [ -16.4721475, 28.4436471 ], [ -16.4721462, 28.4435953 ], [ -16.4721483, 28.4435433 ], [ -16.4721506, 28.4435173 ], [ -16.4721578, 28.4434655 ], [ -16.4721626, 28.4434397 ], [ -16.4721715, 28.4434013 ], [ -16.4721785, 28.443376 ], [ -16.4721948, 28.443326 ], [ -16.4722143, 28.4432771 ], [ -16.4722289, 28.4432453 ], [ -16.4722394, 28.4432244 ], [ -16.472262, 28.4431836 ], [ -16.47229, 28.4431394 ], [ -16.47231, 28.4431109 ], [ -16.4723238, 28.4430925 ], [ -16.4723529, 28.4430568 ], [ -16.4723757, 28.4430311 ], [ -16.4723914, 28.4430145 ], [ -16.4724237, 28.4429827 ], [ -16.4724403, 28.4429675 ], [ -16.4724743, 28.4429384 ], [ -16.4725092, 28.4429112 ], [ -16.4725329, 28.442894 ], [ -16.4725811, 28.4428623 ], [ -16.4729947, 28.4426061 ], [ -16.4737382, 28.4421486 ] ] } },
{ "type": "Feature", "properties": { "Layer": "0805DPMT", "IDTRAMO": 38071.0, "Provincia": "Santa Cruz de Tenerife", "Referencia": "DL-95-TF", "TM": "Guía de Isora (Tenerife)", "Estado": "A", "OM": "2002-04-17", "Sit_Admin": "Aprobado (O.M. 17/04/2002)", "Tipo_Linea": "Límite SP aprobada", "Label": "DL-95-TF (O.M. 17/04/2002)", "ID_SEGMENT": "38071004", "FIGURA": null, "Shape_Leng": 0.0, "VERTICES": "SI" }, "geometry": { "type": "LineString", "coordinates": [ [ -16.8389812, 28.2264447 ], [ -16.838968, 28.2264203 ], [ -16.8389586, 28.2263901 ], [ -16.8389551, 28.2263588 ], [ -16.8389579, 28.2263275 ], [ -16.8389664, 28.2262983 ], [ -16.8389652, 28.226297 ], [ -16.8389406, 28.226269 ], [ -16.8389232, 28.2262457 ], [ -16.8389101, 28.2262203 ], [ -16.8389016, 28.2261934 ], [ -16.8388978, 28.2261657 ], [ -16.8388989, 28.2261378 ], [ -16.8389049, 28.2261104 ], [ -16.8389325, 28.2260212 ], [ -16.8389253, 28.2260027 ], [ -16.8386348, 28.2257864 ], [ -16.83862, 28.2257742 ], [ -16.8386066, 28.2257607 ], [ -16.8384427, 28.2255784 ], [ -16.8384259, 28.2255567 ], [ -16.8384129, 28.2255331 ], [ -16.8384039, 28.225508 ], [ -16.8383991, 28.225482 ], [ -16.8383642, 28.2251354 ], [ -16.8383638, 28.2251082 ], [ -16.838368, 28.2250813 ], [ -16.8383767, 28.2250552 ], [ -16.8383898, 28.2250306 ], [ -16.8385246, 28.2248193 ], [ -16.8385536, 28.2247367 ], [ -16.8385415, 28.2247129 ], [ -16.8383691, 28.2245749 ], [ -16.8381059, 28.2244488 ], [ -16.8380786, 28.2244331 ], [ -16.8380545, 28.2244138 ], [ -16.8380342, 28.2243913 ], [ -16.8380181, 28.2243662 ], [ -16.8379573, 28.2242502 ], [ -16.837948, 28.2242293 ], [ -16.8379418, 28.2242075 ], [ -16.8379386, 28.2241851 ], [ -16.8379268, 28.2240142 ], [ -16.8379272, 28.2239882 ], [ -16.8379317, 28.2239625 ], [ -16.8379404, 28.2239377 ], [ -16.8379529, 28.2239142 ], [ -16.8379692, 28.2238926 ], [ -16.8379798, 28.2238805 ] ] } },
{ "type": "Feature", "properties": { "Layer": "0805DPMT", "IDTRAMO": 38071.0, "Provincia": "Santa Cruz de Tenerife", "Referencia": "DL-95-TF", "TM": "Guía de Isora (Tenerife)", "Estado": "A", "OM": "2002-04-17", "Sit_Admin": "Aprobado (O.M. 17/04/2002)", "Tipo_Linea": "Límite SP aprobada", "Label": "DL-95-TF (O.M. 17/04/2002)", "ID_SEGMENT": "38071005", "FIGURA": null, "Shape_Leng": 0.0, "VERTICES": "SI" }, "geometry": { "type": "LineString", "coordinates": [ [ -16.838033, 28.2236604 ], [ -16.8380387, 28.2233945 ], [ -16.8380418, 28.2233663 ], [ -16.8380499, 28.2233389 ], [ -16.8380626, 28.223313 ], [ -16.8380798, 28.2232892 ], [ -16.838101, 28.223268 ], [ -16.8382128, 28.2231726 ], [ -16.8382314, 28.2231585 ], [ -16.8382517, 28.2231465 ], [ -16.8384149, 28.2230625 ], [ -16.8384238, 28.2230343 ], [ -16.8384379, 28.2230078 ], [ -16.8384565, 28.2229837 ], [ -16.8384793, 28.2229626 ], [ -16.8390768, 28.2224916 ], [ -16.8392561, 28.2221679 ], [ -16.8391605, 28.2219058 ], [ -16.8391528, 28.2218769 ], [ -16.8391506, 28.2218473 ], [ -16.8391539, 28.2218178 ], [ -16.8391626, 28.2217892 ], [ -16.8393098, 28.221454 ], [ -16.8385916, 28.2217824 ], [ -16.8381588, 28.2210862 ], [ -16.8381271, 28.2210306 ], [ -16.8380998, 28.2209731 ], [ -16.8380771, 28.2209142 ], [ -16.8378976, 28.2203904 ], [ -16.8377368, 28.2200342 ], [ -16.8376427, 28.2199337 ], [ -16.8374819, 28.2198724 ], [ -16.8374042, 28.2198393 ], [ -16.8373301, 28.2198005 ], [ -16.8372599, 28.2197562 ], [ -16.8369963, 28.2197523 ], [ -16.8369073, 28.2197476 ], [ -16.836819, 28.2197359 ], [ -16.8367323, 28.2197175 ], [ -16.8366477, 28.2196924 ], [ -16.8365659, 28.2196608 ], [ -16.8364876, 28.219623 ], [ -16.8364133, 28.2195793 ], [ -16.8363436, 28.2195301 ], [ -16.8357635, 28.2190818 ], [ -16.8357014, 28.2190296 ], [ -16.8356445, 28.2189729 ], [ -16.8355931, 28.2189122 ], [ -16.8355476, 28.2188478 ], [ -16.8355085, 28.2187803 ], [ -16.8354759, 28.2187102 ], [ -16.83545, 28.2186378 ], [ -16.8354311, 28.2185638 ], [ -16.8354193, 28.2184886 ], [ -16.8354146, 28.2184129 ], [ -16.8354172, 28.218337 ], [ -16.8354269, 28.2182616 ], [ -16.8354438, 28.2181872 ], [ -16.8353644, 28.2181481 ], [ -16.8352893, 28.2181029 ], [ -16.8352191, 28.2180519 ], [ -16.8351543, 28.2179955 ], [ -16.8350954, 28.2179343 ], [ -16.835043, 28.2178686 ], [ -16.8349974, 28.217799 ], [ -16.834959, 28.2177261 ], [ -16.8349281, 28.2176504 ], [ -16.834905, 28.2175726 ], [ -16.8348898, 28.2174933 ], [ -16.8348827, 28.2174131 ], [ -16.8348838, 28.2173327 ], [ -16.8348929, 28.2172526 ], [ -16.8349101, 28.2171736 ], [ -16.8349352, 28.2170963 ], [ -16.8349681, 28.2170213 ], [ -16.8350083, 28.2169492 ], [ -16.8350557, 28.2168806 ], [ -16.8351098, 28.2168159 ], [ -16.8352442, 28.2166681 ], [ -16.8353888, 28.2160557 ], [ -16.8354086, 28.2159857 ], [ -16.8354347, 28.2159174 ], [ -16.8355265, 28.2157053 ], [ -16.8355266, 28.2156676 ], [ -16.8354852, 28.2156202 ], [ -16.8354426, 28.2155678 ], [ -16.8354043, 28.2155128 ], [ -16.8353706, 28.2154555 ], [ -16.8353416, 28.2153962 ], [ -16.8353174, 28.2153352 ], [ -16.835063, 28.2146104 ], [ -16.8348699, 28.2140628 ], [ -16.8348492, 28.2139945 ], [ -16.8348345, 28.213925 ], [ -16.834826, 28.2138547 ], [ -16.8348237, 28.2137841 ], [ -16.8348277, 28.2137135 ], [ -16.8348379, 28.2136434 ], [ -16.8348543, 28.2135742 ], [ -16.8348767, 28.2135063 ], [ -16.8350046, 28.2131694 ], [ -16.8350344, 28.2131004 ], [ -16.8350704, 28.2130339 ], [ -16.8351124, 28.2129701 ], [ -16.8351602, 28.2129097 ], [ -16.8352134, 28.2128528 ], [ -16.8352717, 28.2128001 ], [ -16.8353347, 28.2127517 ], [ -16.8354019, 28.212708 ], [ -16.8354729, 28.2126694 ], [ -16.8358737, 28.2124708 ], [ -16.8359461, 28.2124382 ], [ -16.8360211, 28.2124108 ], [ -16.8360984, 28.2123889 ], [ -16.8363002, 28.2123392 ], [ -16.8359699, 28.2119425 ], [ -16.8358941, 28.2118717 ], [ -16.8358457, 28.2118231 ], [ -16.8358013, 28.2117715 ], [ -16.8357612, 28.2117172 ], [ -16.8357487, 28.2116989 ], [ -16.8356458, 28.2116748 ], [ -16.8352863, 28.2115045 ], [ -16.8352101, 28.2114646 ], [ -16.8351382, 28.211419 ], [ -16.835071, 28.211368 ], [ -16.8350091, 28.2113121 ], [ -16.8349528, 28.2112516 ], [ -16.8349027, 28.211187 ], [ -16.8348591, 28.2111188 ], [ -16.8348224, 28.2110475 ], [ -16.8347928, 28.2109736 ], [ -16.8347705, 28.2108978 ], [ -16.8347558, 28.2108205 ], [ -16.8347486, 28.2107424 ], [ -16.8347492, 28.210664 ], [ -16.8347574, 28.210586 ], [ -16.8347733, 28.2105089 ], [ -16.8347966, 28.2104333 ], [ -16.8348489, 28.2102887 ], [ -16.8348365, 28.2102258 ], [ -16.8348256, 28.2101529 ], [ -16.8348213, 28.2100795 ], [ -16.8348239, 28.210006 ], [ -16.8348331, 28.209933 ], [ -16.8349736, 28.2091249 ], [ -16.8349893, 28.2090535 ], [ -16.8350115, 28.2089835 ], [ -16.83504, 28.2089153 ], [ -16.8350746, 28.2088493 ], [ -16.8351151, 28.208786 ], [ -16.8351612, 28.2087258 ], [ -16.8351361, 28.2085277 ], [ -16.8350756, 28.20805 ], [ -16.8350971, 28.2079305 ], [ -16.8350983, 28.2079237 ], [ -16.8351001, 28.2079146 ], [ -16.835101, 28.2079101 ], [ -16.8351039, 28.2078965 ], [ -16.835106, 28.2078875 ], [ -16.8351089, 28.2078754 ], [ -16.8351105, 28.2078694 ], [ -16.8351141, 28.2078559 ], [ -16.8351167, 28.2078469 ], [ -16.8351512, 28.20775 ], [ -16.8351406, 28.2077455 ] ] } },
{ "type": "Feature", "properties": { "Layer": "0805DPMT", "IDTRAMO": 38208.0, "Provincia": "Santa Cruz de Tenerife", "Referencia": "DES01/99/38/0182-DES04/01", "TM": "Guía de Isora (Tenerife)", "Estado": "A", "OM": "2022-11-21", "Sit_Admin": "Aprobado (O.M. 21/11/2022)", "Tipo_Linea": "Límite SP aprobada", "Label": "DES01/99/38/0182-DES04/01 (O.M. 21/11/2022)", "ID_SEGMENT": "38208003", "FIGURA": null, "Shape_Leng": 0.0, "VERTICES": "SI" }, "geometry": { "type": "LineString", "coordinates": [ [ -16.8351406, 28.2077455 ], [ -16.8351404, 28.2077454 ], [ -16.8351332, 28.2077423 ], [ -16.8351238, 28.207738 ], [ -16.8351191, 28.2077359 ], [ -16.835112, 28.2077326 ], [ -16.8351027, 28.2077281 ], [ -16.835098, 28.2077259 ], [ -16.8350842, 28.207719 ], [ -16.8350751, 28.2077143 ], [ -16.835057, 28.2077047 ], [ -16.8350503, 28.207701 ], [ -16.8350414, 28.207696 ], [ -16.835037, 28.2076935 ], [ -16.8350239, 28.2076859 ], [ -16.8350152, 28.2076807 ], [ -16.8349981, 28.2076701 ], [ -16.8349855, 28.207662 ], [ -16.8349771, 28.2076565 ], [ -16.8349607, 28.2076453 ], [ -16.8349527, 28.2076396 ], [ -16.8349367, 28.207628 ], [ -16.8349212, 28.2076162 ], [ -16.834911, 28.2076083 ], [ -16.8349042, 28.2076029 ], [ -16.8348918, 28.2075926 ], [ -16.8348911, 28.207592 ], [ -16.8348342, 28.2075977 ], [ -16.8347552, 28.2076056 ], [ -16.8347176, 28.2076083 ], [ -16.8346313, 28.2076079 ], [ -16.8345454, 28.207601 ], [ -16.8344604, 28.2075877 ], [ -16.834377, 28.2075681 ], [ -16.8342958, 28.2075423 ], [ -16.8342173, 28.2075105 ], [ -16.8341422, 28.2074729 ], [ -16.8340709, 28.2074298 ], [ -16.834004, 28.2073816 ], [ -16.8339419, 28.2073285 ], [ -16.8338852, 28.2072709 ], [ -16.8338341, 28.2072093 ], [ -16.8337891, 28.2071441 ], [ -16.8337505, 28.2070757 ], [ -16.8335395, 28.2066589 ], [ -16.8335076, 28.2065881 ], [ -16.8334827, 28.2065152 ], [ -16.8334647, 28.2064407 ], [ -16.8334539, 28.2063652 ], [ -16.8334503, 28.2062891 ], [ -16.8334514, 28.2062667 ], [ -16.8334673, 28.2061302 ], [ -16.8334814, 28.2060744 ] ] } },
{ "type": "Feature", "properties": { "Layer": "0805DPMT", "IDTRAMO": 38071.0, "Provincia": "Santa Cruz de Tenerife", "Referencia": "DL-95-TF", "TM": "Guía de Isora (Tenerife)", "Estado": "A", "OM": "2002-04-17", "Sit_Admin": "Aprobado (O.M. 17/04/2002)", "Tipo_Linea": "Límite SP aprobada", "Label": "DL-95-TF (O.M. 17/04/2002)", "ID_SEGMENT": "38071006", "FIGURA": null, "Shape_Leng": 0.0, "VERTICES": "SI" }, "geometry": { "type": "LineString", "coordinates": [ [ -16.8334814, 28.2060744 ], [ -16.8334848, 28.206061 ], [ -16.8334776, 28.2060438 ], [ -16.833474, 28.2060348 ], [ -16.8334687, 28.2060212 ], [ -16.8334637, 28.2060074 ], [ -16.8334613, 28.2060005 ], [ -16.8334567, 28.2059865 ], [ -16.8334544, 28.2059794 ], [ -16.8334512, 28.2059688 ], [ -16.833447, 28.2059545 ], [ -16.8334451, 28.2059473 ], [ -16.8334422, 28.2059364 ], [ -16.8334382, 28.20592 ], [ -16.8334349, 28.2059052 ], [ -16.8334334, 28.2058978 ], [ -16.8334312, 28.2058866 ], [ -16.8334282, 28.2058697 ], [ -16.8334255, 28.2058526 ], [ -16.8334243, 28.205844 ], [ -16.8334224, 28.2058287 ], [ -16.8334216, 28.205821 ], [ -16.8334205, 28.2058094 ], [ -16.8334191, 28.205792 ], [ -16.8334181, 28.2057744 ], [ -16.8334177, 28.2057655 ], [ -16.8334173, 28.2057478 ], [ -16.8334172, 28.2057389 ], [ -16.8334173, 28.2057257 ], [ -16.8334063, 28.2057115 ], [ -16.8333991, 28.2057019 ], [ -16.8333944, 28.2056955 ], [ -16.8333852, 28.2056826 ], [ -16.8333785, 28.2056729 ], [ -16.8333741, 28.2056664 ], [ -16.8333656, 28.2056534 ], [ -16.8333614, 28.2056469 ], [ -16.8333534, 28.2056338 ], [ -16.8333456, 28.2056207 ], [ -16.8333405, 28.205612 ], [ -16.8333372, 28.2056062 ], [ -16.8333308, 28.2055945 ], [ -16.8332993, 28.2055358 ], [ -16.8331962, 28.2054614 ], [ -16.833135, 28.2054064 ], [ -16.8330452, 28.2053024 ], [ -16.8328351, 28.2050124 ], [ -16.8327675, 28.2049242 ], [ -16.8326711, 28.2047733 ], [ -16.832633, 28.2047074 ], [ -16.8326011, 28.2046389 ], [ -16.8325756, 28.2045684 ], [ -16.8325567, 28.2044962 ], [ -16.8324747, 28.2041108 ], [ -16.8324633, 28.2040438 ], [ -16.8324577, 28.2039762 ], [ -16.8324578, 28.2039084 ], [ -16.8324636, 28.2038409 ], [ -16.8324752, 28.2037739 ], [ -16.8324924, 28.2037078 ], [ -16.832466, 28.203288 ], [ -16.8324649, 28.203211 ], [ -16.8324712, 28.2031342 ], [ -16.8324848, 28.2030582 ], [ -16.8321772, 28.2028922 ], [ -16.8320934, 28.2028873 ], [ -16.8320104, 28.2028763 ], [ -16.8319287, 28.2028593 ], [ -16.8318488, 28.2028364 ], [ -16.8317714, 28.2028077 ], [ -16.8316969, 28.2027735 ], [ -16.8316258, 28.2027339 ], [ -16.8315586, 28.2026893 ], [ -16.8314958, 28.20264 ], [ -16.8314378, 28.2025862 ], [ -16.8313849, 28.2025284 ], [ -16.8310363, 28.2021129 ], [ -16.831032, 28.2021014 ], [ -16.8316566, 28.201474 ], [ -16.8316023, 28.2013303 ], [ -16.8315961, 28.2013096 ], [ -16.8315927, 28.2012883 ], [ -16.8315922, 28.2012669 ], [ -16.8315935, 28.2012367 ] ] } },
{ "type": "Feature", "properties": { "Layer": "0805DPMT", "IDTRAMO": 38072.0, "Provincia": "Santa Cruz de Tenerife", "Referencia": "DL-137-TF", "TM": "Santiago del Teide (Tenerife)", "Estado": "A", "OM": "2005-05-31", "Sit_Admin": "Aprobado (O.M. 31/05/2005)", "Tipo_Linea": "Límite SP aprobada", "Label": "DL-137-TF (O.M. 31/05/2005)", "ID_SEGMENT": "38072001", "FIGURA": null, "Shape_Leng": 0.0, "VERTICES": "SI" }, "geometry": { "type": "LineString", "coordinates": [ [ -16.8421817, 28.2348198 ], [ -16.8421696, 28.2347583 ], [ -16.8416942, 28.2345101 ], [ -16.8416663, 28.2344926 ], [ -16.8416421, 28.2344712 ], [ -16.8416223, 28.2344465 ], [ -16.8415072, 28.234274 ], [ -16.8414938, 28.2342499 ], [ -16.8414845, 28.2342243 ], [ -16.8414796, 28.2341978 ], [ -16.8414793, 28.2341709 ], [ -16.8414959, 28.2339361 ], [ -16.8415006, 28.2339076 ], [ -16.8415103, 28.23388 ], [ -16.8415249, 28.2338541 ], [ -16.8415439, 28.2338307 ], [ -16.841567, 28.2338102 ], [ -16.8415096, 28.2335894 ], [ -16.841505, 28.2335625 ], [ -16.841505, 28.2335353 ], [ -16.8415096, 28.2335084 ], [ -16.8415187, 28.2334824 ], [ -16.8415322, 28.2334579 ], [ -16.8415496, 28.2334355 ], [ -16.8414513, 28.2328775 ], [ -16.8414489, 28.232847 ], [ -16.8414523, 28.2328166 ], [ -16.8414615, 28.2327872 ], [ -16.8414761, 28.2327596 ], [ -16.8414958, 28.2327345 ], [ -16.8415199, 28.2327127 ], [ -16.8415479, 28.2326949 ], [ -16.8415788, 28.2326814 ], [ -16.8416119, 28.2326728 ], [ -16.8417577, 28.2326465 ], [ -16.8418334, 28.2325669 ], [ -16.8418584, 28.2325447 ], [ -16.8418874, 28.2325268 ], [ -16.8419194, 28.2325135 ], [ -16.8420179, 28.2324817 ], [ -16.8420546, 28.2323909 ], [ -16.8420251, 28.2323807 ], [ -16.8419977, 28.2323664 ], [ -16.8419731, 28.2323486 ], [ -16.8419519, 28.2323276 ], [ -16.8419347, 28.2323039 ], [ -16.8419219, 28.2322782 ], [ -16.8419137, 28.232251 ], [ -16.8419104, 28.232223 ], [ -16.8419077, 28.2321307 ], [ -16.8419092, 28.2321034 ], [ -16.8419154, 28.2320766 ], [ -16.8419456, 28.2319828 ], [ -16.8419299, 28.2318842 ], [ -16.8418763, 28.2318599 ], [ -16.8418503, 28.2318459 ], [ -16.841827, 28.2318286 ], [ -16.8418068, 28.2318084 ], [ -16.8417903, 28.2317858 ], [ -16.8416981, 28.2316366 ], [ -16.8414277, 28.2312037 ], [ -16.8414156, 28.2311807 ], [ -16.8414073, 28.2311565 ], [ -16.8414029, 28.2311314 ], [ -16.8414025, 28.2311061 ], [ -16.8414314, 28.2306558 ], [ -16.8413783, 28.2305763 ], [ -16.841341, 28.2305531 ], [ -16.8413157, 28.2305652 ], [ -16.84129, 28.2305754 ], [ -16.8412631, 28.2305825 ], [ -16.8412352, 28.2305861 ], [ -16.8408533, 28.2306126 ], [ -16.8408199, 28.2306125 ], [ -16.840787, 28.2306076 ], [ -16.8407554, 28.230598 ], [ -16.8407261, 28.2305839 ], [ -16.8406997, 28.2305658 ], [ -16.840677, 28.2305441 ], [ -16.8406587, 28.2305194 ], [ -16.8406451, 28.2304924 ], [ -16.8406366, 28.2304638 ], [ -16.8406277, 28.2304187 ], [ -16.8406169, 28.2303729 ], [ -16.8404648, 28.2300517 ], [ -16.8404, 28.2299965 ], [ -16.8403783, 28.2299749 ], [ -16.8403608, 28.2299506 ], [ -16.840348, 28.229924 ], [ -16.8402815, 28.2297496 ], [ -16.840274, 28.2297236 ], [ -16.8402709, 28.2296969 ], [ -16.8402723, 28.2296701 ], [ -16.8402826, 28.2295949 ], [ -16.8402884, 28.2295689 ], [ -16.8402985, 28.2295439 ], [ -16.8403125, 28.2295205 ], [ -16.8403303, 28.2294991 ], [ -16.8405736, 28.2292484 ], [ -16.8405737, 28.2292482 ], [ -16.840645, 28.2289938 ], [ -16.8406549, 28.2289675 ], [ -16.8406691, 28.2289428 ], [ -16.8406875, 28.2289204 ], [ -16.8407095, 28.2289008 ], [ -16.8407346, 28.2288843 ], [ -16.8407623, 28.2288715 ], [ -16.8407919, 28.2288625 ], [ -16.8409538, 28.2288255 ], [ -16.8409718, 28.2288024 ], [ -16.8409936, 28.2287821 ], [ -16.8410187, 28.228765 ], [ -16.8410465, 28.2287516 ], [ -16.8410763, 28.2287422 ], [ -16.8411074, 28.228737 ], [ -16.8414797, 28.2287011 ], [ -16.8414987, 28.2287 ], [ -16.8415138, 28.2287003 ], [ -16.841794, 28.2287149 ], [ -16.8422813, 28.2285667 ], [ -16.8425352, 28.2284164 ], [ -16.8425132, 28.2278811 ], [ -16.8423175, 28.2275062 ], [ -16.842306, 28.2274786 ], [ -16.8422998, 28.2274497 ], [ -16.842299, 28.2274202 ], [ -16.8423036, 28.227391 ], [ -16.8423135, 28.2273629 ], [ -16.8424074, 28.227157 ], [ -16.8424048, 28.2271277 ], [ -16.8423836, 28.2271359 ], [ -16.8421842, 28.2272882 ], [ -16.842159, 28.2273046 ], [ -16.8421312, 28.2273174 ], [ -16.8421016, 28.2273263 ], [ -16.8420708, 28.2273311 ], [ -16.8420395, 28.2273317 ], [ -16.8420085, 28.2273279 ], [ -16.8419784, 28.2273201 ], [ -16.8419501, 28.2273082 ], [ -16.8417845, 28.2272225 ], [ -16.8413824, 28.2271131 ], [ -16.8413549, 28.2271036 ], [ -16.8413291, 28.2270907 ], [ -16.8413058, 28.2270746 ], [ -16.8412853, 28.2270557 ], [ -16.8411587, 28.2269201 ], [ -16.8410976, 28.226918 ], [ -16.8410957, 28.2269435 ], [ -16.8410897, 28.2269685 ], [ -16.8410797, 28.2269925 ], [ -16.8410659, 28.2270149 ], [ -16.8410308, 28.2270637 ], [ -16.8410094, 28.2270883 ], [ -16.8409837, 28.2271093 ], [ -16.8409543, 28.2271261 ], [ -16.840922, 28.2271382 ], [ -16.8408879, 28.2271452 ], [ -16.8408529, 28.227147 ], [ -16.8408181, 28.2271434 ], [ -16.8407845, 28.2271346 ], [ -16.8407532, 28.2271208 ], [ -16.840541, 28.2270066 ], [ -16.8401448, 28.2269535 ], [ -16.8401421, 28.226953 ] ] } },
{ "type": "Feature", "properties": { "Layer": "0805DPMT", "IDTRAMO": 38006.0, "Provincia": "Santa Cruz de Tenerife", "Referencia": "DL-25-TF", "TM": "Santa Cruz de Tenerife (Tenerife)", "Estado": "A", "OM": "1990-10-11", "Sit_Admin": "Aprobado (O.M. 11/10/1990)", "Tipo_Linea": "Límite SP aprobada", "Label": "DL-25-TF (O.M. 11/10/1990)", "ID_SEGMENT": "38006003", "FIGURA": null, "Shape_Leng": 0.0, "VERTICES": "SI" }, "geometry": { "type": "LineString", "coordinates": [ [ -16.1954774, 28.5009336 ], [ -16.1953506, 28.5009711 ], [ -16.1951751, 28.5010461 ], [ -16.1950763, 28.5011065 ], [ -16.194898, 28.5012458 ], [ -16.1947788, 28.5013743 ], [ -16.1947013, 28.501485 ], [ -16.1946257, 28.5016331 ], [ -16.1944519, 28.5020936 ], [ -16.194323, 28.502451 ], [ -16.1943218, 28.5024541 ], [ -16.1941154, 28.5030195 ], [ -16.1940842, 28.5030936 ], [ -16.1940459, 28.5031649 ], [ -16.1939378, 28.5033452 ], [ -16.1939005, 28.5034022 ], [ -16.1938586, 28.5034567 ], [ -16.1938123, 28.5035084 ], [ -16.1937619, 28.5035569 ], [ -16.1934875, 28.5035684 ], [ -16.1933856, 28.5035477 ], [ -16.1933563, 28.5035293 ], [ -16.1933308, 28.5035069 ], [ -16.1933098, 28.5034811 ], [ -16.193294, 28.5034526 ], [ -16.1932837, 28.5034221 ], [ -16.1932792, 28.5033906 ], [ -16.1932807, 28.5033589 ], [ -16.1932568, 28.5029409 ], [ -16.193217, 28.503007 ], [ -16.1932016, 28.5030291 ], [ -16.1930615, 28.5031744 ], [ -16.1930436, 28.5031911 ], [ -16.1930235, 28.5032057 ], [ -16.1930014, 28.5032179 ], [ -16.1924548, 28.5035521 ], [ -16.1924534, 28.5035529 ], [ -16.1920658, 28.5037858 ], [ -16.1915962, 28.5040698 ], [ -16.1907245, 28.5046063 ] ] } },
{ "type": "Feature", "properties": { "Layer": "0805DPMT", "IDTRAMO": 38209.0, "Provincia": "Santa Cruz de Tenerife", "Referencia": "DES01/09/38/0002-DES04/01", "TM": "Santa Cruz de Tenerife (Tenerife)", "Estado": "A", "OM": "2023-06-28", "Sit_Admin": "Aprobado (O.M. 28/06/2023)", "Tipo_Linea": "Límite SP aprobada", "Label": "DES01/09/38/0002-DES04/01 (O.M. 28/06/2023)", "ID_SEGMENT": "38209002", "FIGURA": null, "Shape_Leng": 0.0, "VERTICES": "SI" }, "geometry": { "type": "LineString", "coordinates": [ [ -16.1905758, 28.504934 ], [ -16.1905721, 28.5049459 ], [ -16.1905601, 28.5049726 ], [ -16.1905435, 28.5049972 ], [ -16.1905227, 28.5050192 ], [ -16.1904981, 28.505038 ], [ -16.1903797, 28.5051151 ], [ -16.1903716, 28.5051203 ], [ -16.19035, 28.5051344 ], [ -16.1903231, 28.5051519 ], [ -16.1903165, 28.5051562 ], [ -16.190301, 28.5051663 ], [ -16.1902908, 28.5051729 ], [ -16.1902773, 28.5051818 ], [ -16.1902608, 28.5051925 ], [ -16.190252, 28.5051982 ], [ -16.1902514, 28.5051986 ], [ -16.1902269, 28.5052122 ], [ -16.1902182, 28.5052161 ], [ -16.190213, 28.5052182 ], [ -16.1901919, 28.5052251 ], [ -16.1901893, 28.5052258 ], [ -16.190171, 28.5052298 ], [ -16.1901587, 28.5052315 ], [ -16.1901564, 28.5052318 ] ] } },
{ "type": "Feature", "properties": { "Layer": "0805DPMT", "IDTRAMO": 38208.0, "Provincia": "Santa Cruz de Tenerife", "Referencia": "DES01/22/38/0003", "TM": "Santiago del Teide (Tenerife)", "Estado": "A", "OM": "2023-06-15", "Sit_Admin": "Aprobado (O.M. 15/06/2023)", "Tipo_Linea": "Límite SP aprobada", "Label": "DES01/22/38/0003 (O.M. 15/06/2023)", "ID_SEGMENT": "38072002", "FIGURA": null, "Shape_Leng": 0.0, "VERTICES": "SI" }, "geometry": { "type": "LineString", "coordinates": [ [ -16.8401421, 28.226953 ], [ -16.8401123, 28.2269466 ], [ -16.8400815, 28.226935 ], [ -16.8400533, 28.2269192 ], [ -16.8400284, 28.2268994 ], [ -16.8400074, 28.2268764 ], [ -16.839991, 28.2268506 ], [ -16.8399796, 28.2268227 ], [ -16.8399735, 28.2267936 ], [ -16.8399592, 28.2266702 ], [ -16.8398794, 28.226735 ], [ -16.839857, 28.2267508 ], [ -16.8398323, 28.2267636 ], [ -16.8398058, 28.2267732 ], [ -16.8397041, 28.2268031 ], [ -16.8396724, 28.22681 ], [ -16.8396398, 28.2268123 ], [ -16.8396073, 28.22681 ], [ -16.8395756, 28.2268031 ], [ -16.8395456, 28.2267918 ], [ -16.8394781, 28.2267606 ], [ -16.8394489, 28.2267441 ], [ -16.8394232, 28.2267234 ], [ -16.839402, 28.2266991 ], [ -16.8393859, 28.2266719 ], [ -16.8392994, 28.226621 ], [ -16.8391881, 28.2265781 ], [ -16.8391694, 28.2265699 ], [ -16.8390583, 28.2265141 ], [ -16.8390291, 28.2264963 ], [ -16.8390039, 28.2264742 ], [ -16.8389833, 28.2264487 ], [ -16.8389812, 28.2264447 ] ] } },
{ "type": "Feature", "properties": { "Layer": "0805DPMT", "IDTRAMO": 38043.0, "Provincia": "Santa Cruz de Tenerife", "Referencia": "DL-54-TF", "TM": "Granadilla de Abona (Tenerife)", "Estado": "A", "OM": "2019-04-23", "Sit_Admin": "Aprobado (O.M. 23/04/2019)", "Tipo_Linea": "Límite SP aprobada", "Label": "DL-54-TF (O.M. 23/04/2019)", "ID_SEGMENT": "38043004", "FIGURA": null, "Shape_Leng": 0.0, "VERTICES": "SI" }, "geometry": { "type": "LineString", "coordinates": [ [ -16.5271759, 28.0506641 ], [ -16.5271957, 28.0506963 ], [ -16.527476, 28.0511418 ], [ -16.5275888, 28.0513238 ], [ -16.5275479, 28.051338 ], [ -16.5274844, 28.0513559 ], [ -16.5274198, 28.05137 ], [ -16.5273542, 28.0513804 ], [ -16.5272881, 28.0513869 ], [ -16.5272216, 28.0513896 ], [ -16.527155, 28.0513884 ], [ -16.5270887, 28.0513833 ], [ -16.5270229, 28.0513744 ], [ -16.5269579, 28.0513617 ], [ -16.5269147, 28.0513506 ], [ -16.5269167, 28.0513892 ], [ -16.5269168, 28.0514032 ], [ -16.5269155, 28.0517692 ], [ -16.5269141, 28.0518142 ], [ -16.5269084, 28.051873 ], [ -16.5268984, 28.0519314 ], [ -16.5268841, 28.0519891 ], [ -16.5268656, 28.0520458 ], [ -16.5268429, 28.0521013 ], [ -16.5268162, 28.0521554 ], [ -16.5267855, 28.0522079 ], [ -16.5267511, 28.0522584 ], [ -16.526713, 28.0523068 ], [ -16.5266714, 28.052353 ], [ -16.5266506, 28.0523739 ], [ -16.5266367, 28.0523875 ], [ -16.5265972, 28.052426 ], [ -16.5265731, 28.0524486 ], [ -16.5265251, 28.0524895 ], [ -16.5264742, 28.0525275 ], [ -16.5264726, 28.0525286 ], [ -16.5264206, 28.0525625 ], [ -16.5263645, 28.0525944 ], [ -16.5263062, 28.0526228 ], [ -16.5262459, 28.0526479 ], [ -16.5261839, 28.0526694 ], [ -16.5261204, 28.0526872 ], [ -16.5260558, 28.0527014 ], [ -16.5259903, 28.0527117 ], [ -16.5259241, 28.0527182 ], [ -16.5258576, 28.0527209 ], [ -16.5257911, 28.0527197 ], [ -16.5257247, 28.0527147 ], [ -16.5256589, 28.0527058 ], [ -16.5255939, 28.0526931 ], [ -16.5255425, 28.0526799 ], [ -16.5255425, 28.0526795 ], [ -16.525546, 28.0526395 ], [ -16.5253609, 28.0524495 ], [ -16.5253785, 28.052382 ], [ -16.5253252, 28.0523288 ], [ -16.5252944, 28.0522951 ], [ -16.5252536, 28.052264 ], [ -16.5252808, 28.0522451 ], [ -16.5251973, 28.0521629 ], [ -16.5252228, 28.0521397 ], [ -16.5251409, 28.0520618 ], [ -16.5253413, 28.051955 ], [ -16.5255048, 28.0518715 ], [ -16.5255643, 28.0518361 ], [ -16.5255532, 28.0518197 ], [ -16.5255345, 28.051786 ], [ -16.5255195, 28.0517591 ], [ -16.5249704, 28.0518697 ], [ -16.5249025, 28.0519166 ], [ -16.5245642, 28.0521507 ], [ -16.5243844, 28.0523547 ], [ -16.5243788, 28.0523608 ], [ -16.5243698, 28.0523695 ], [ -16.5243602, 28.0523777 ], [ -16.52435, 28.0523853 ], [ -16.5243393, 28.0523923 ], [ -16.524328, 28.0523986 ], [ -16.5243276, 28.0523989 ], [ -16.5241069, 28.0525145 ], [ -16.5238977, 28.0526849 ], [ -16.5238961, 28.0526862 ], [ -16.5238859, 28.0526938 ], [ -16.5238752, 28.0527008 ], [ -16.523864, 28.0527071 ], [ -16.5238523, 28.0527128 ], [ -16.5238403, 28.0527178 ], [ -16.5238279, 28.0527221 ], [ -16.5238152, 28.0527257 ], [ -16.5238136, 28.0527261 ], [ -16.5238067, 28.0527276 ], [ -16.5234782, 28.0527962 ], [ -16.5234602, 28.0528045 ], [ -16.5233797, 28.0528646 ], [ -16.5231404, 28.0530432 ], [ -16.5230158, 28.0532376 ], [ -16.522907, 28.0534074 ], [ -16.5229007, 28.0534166 ], [ -16.5228931, 28.0534263 ], [ -16.5228848, 28.0534355 ], [ -16.5228758, 28.0534442 ], [ -16.5228662, 28.0534524 ], [ -16.5228655, 28.0534529 ], [ -16.5226358, 28.0536345 ], [ -16.5226263, 28.0536416 ], [ -16.5226156, 28.0536486 ], [ -16.5226043, 28.053655 ], [ -16.5225927, 28.0536607 ], [ -16.5225806, 28.0536657 ], [ -16.5225682, 28.05367 ], [ -16.5225555, 28.0536735 ], [ -16.5225426, 28.0536764 ], [ -16.5225295, 28.0536784 ], [ -16.5225163, 28.0536797 ], [ -16.522503, 28.0536803 ], [ -16.5224897, 28.05368 ], [ -16.5224764, 28.053679 ], [ -16.5224632, 28.0536772 ], [ -16.5224502, 28.0536747 ], [ -16.5224374, 28.0536714 ], [ -16.5224249, 28.0536674 ], [ -16.5224127, 28.0536627 ], [ -16.5224025, 28.053658 ], [ -16.5223834, 28.0536487 ], [ -16.5223603, 28.053713 ], [ -16.5223592, 28.0537162 ], [ -16.5224028, 28.0538632 ], [ -16.5224051, 28.0538718 ], [ -16.5224074, 28.0538834 ], [ -16.522408, 28.0538878 ], [ -16.5224089, 28.0538951 ], [ -16.5224095, 28.0539069 ], [ -16.5224092, 28.0539188 ], [ -16.5224081, 28.0539305 ], [ -16.5224061, 28.0539422 ], [ -16.5224032, 28.0539537 ], [ -16.5223995, 28.0539651 ], [ -16.522395, 28.0539762 ], [ -16.5223897, 28.053987 ], [ -16.5223835, 28.0539975 ], [ -16.5223766, 28.0540076 ], [ -16.522369, 28.0540173 ], [ -16.522369, 28.0540173 ], [ -16.5222184, 28.0541959 ], [ -16.5222165, 28.0541981 ], [ -16.5223331, 28.054523 ], [ -16.522335, 28.0545288 ], [ -16.5223382, 28.0545403 ], [ -16.5223406, 28.0545519 ], [ -16.522342, 28.0545637 ], [ -16.5223425, 28.0545722 ], [ -16.5223426, 28.0545755 ], [ -16.5223424, 28.0545873 ], [ -16.5223412, 28.0545991 ], [ -16.5223392, 28.0546107 ], [ -16.5223378, 28.0546169 ], [ -16.522392, 28.0546583 ], [ -16.522504, 28.0546438 ], [ -16.5225181, 28.054642 ], [ -16.5225184, 28.054642 ], [ -16.5225317, 28.0546406 ], [ -16.522545, 28.0546401 ], [ -16.5225583, 28.0546404 ], [ -16.5225716, 28.0546414 ], [ -16.5225847, 28.0546431 ], [ -16.5225977, 28.0546457 ], [ -16.5226105, 28.054649 ], [ -16.522623, 28.054653 ], [ -16.5226352, 28.0546577 ], [ -16.522647, 28.0546632 ], [ -16.5226584, 28.0546693 ], [ -16.5226694, 28.054676 ], [ -16.5226798, 28.0546834 ], [ -16.5226896, 28.0546914 ], [ -16.5226988, 28.0546999 ], [ -16.5227074, 28.0547089 ], [ -16.5227153, 28.0547184 ], [ -16.5227224, 28.0547284 ], [ -16.5227289, 28.0547387 ], [ -16.5227345, 28.0547494 ], [ -16.5227394, 28.0547604 ], [ -16.5227434, 28.0547717 ], [ -16.5227466, 28.0547832 ], [ -16.5227489, 28.0547948 ], [ -16.5227504, 28.0548065 ], [ -16.522751, 28.0548183 ], [ -16.5227507, 28.0548301 ], [ -16.5227496, 28.0548419 ], [ -16.5227476, 28.0548536 ], [ -16.5227447, 28.0548651 ], [ -16.522741, 28.0548765 ], [ -16.5227365, 28.0548876 ], [ -16.5227348, 28.0548912 ], [ -16.522725, 28.0549115 ], [ -16.5227034, 28.0549567 ], [ -16.5226924, 28.054977 ], [ -16.5226845, 28.0549961 ], [ -16.5228247, 28.0550059 ], [ -16.5228943, 28.0549789 ], [ -16.5229781, 28.0549464 ], [ -16.5229793, 28.054946 ], [ -16.5229917, 28.0549417 ], [ -16.5230044, 28.0549381 ], [ -16.5230173, 28.0549353 ], [ -16.5230304, 28.0549332 ], [ -16.5230437, 28.0549319 ], [ -16.523057, 28.0549314 ], [ -16.5230703, 28.0549316 ], [ -16.5230835, 28.0549326 ], [ -16.5230967, 28.0549344 ], [ -16.5231097, 28.0549369 ], [ -16.5231225, 28.0549402 ], [ -16.523135, 28.0549442 ], [ -16.5231472, 28.054949 ], [ -16.523159, 28.0549544 ], [ -16.5231704, 28.0549605 ], [ -16.5231813, 28.0549673 ], [ -16.5231917, 28.0549747 ], [ -16.5232016, 28.0549826 ], [ -16.5232032, 28.0549842 ], [ -16.5232108, 28.0549912 ], [ -16.5232194, 28.0550002 ], [ -16.5232508, 28.0550357 ], [ -16.5238973, 28.0545485 ], [ -16.5240176, 28.0546833 ], [ -16.5242383, 28.0547716 ], [ -16.5243341, 28.0548899 ], [ -16.5242474, 28.0550822 ], [ -16.5241722, 28.055286 ], [ -16.5241283, 28.0554795 ], [ -16.5241219, 28.0555155 ], [ -16.5240516, 28.0558754 ], [ -16.5239657, 28.0561973 ], [ -16.5239127, 28.0563193 ], [ -16.5238861, 28.0563304 ], [ -16.5238241, 28.0563519 ], [ -16.5237606, 28.0563697 ], [ -16.523696, 28.0563839 ], [ -16.5236305, 28.0563942 ], [ -16.5235643, 28.0564007 ], [ -16.5234978, 28.0564034 ], [ -16.5234312, 28.0564022 ], [ -16.5233649, 28.0563972 ], [ -16.5232991, 28.0563883 ], [ -16.5232341, 28.0563756 ], [ -16.5232072, 28.0563692 ], [ -16.5231773, 28.0563616 ], [ -16.5231365, 28.0563736 ], [ -16.5229886, 28.0564669 ], [ -16.5229751, 28.0564752 ], [ -16.522919, 28.0565071 ], [ -16.5228804, 28.056526 ] ] } },
{ "type": "Feature", "properties": { "Layer": "0805DPMT", "IDTRAMO": 38210.0, "Provincia": "Santa Cruz de Tenerife", "Referencia": "DL-54-TF (anulado)", "TM": "Granadilla de Abona (Tenerife)", "Estado": "T", "Sit_Admin": "Provisional o en tramitación", "Tipo_Linea": "Límite SP provisional o en tramitación", "Label": "DL-54-TF (anulado)", "ID_SEGMENT": "38210002", "FIGURA": null, "Shape_Leng": 0.0, "VERTICES": "SI" }, "geometry": { "type": "LineString", "coordinates": [ [ -16.5284464, 28.0499804 ], [ -16.528445, 28.0499806 ], [ -16.5284387, 28.0499819 ], [ -16.5283136, 28.0500079 ], [ -16.5280858, 28.0500551 ], [ -16.5280249, 28.0500677 ], [ -16.5280208, 28.0500685 ], [ -16.5280077, 28.0500706 ], [ -16.5279944, 28.0500719 ], [ -16.5279811, 28.0500724 ], [ -16.5279678, 28.0500722 ], [ -16.5279545, 28.0500712 ], [ -16.5279414, 28.0500694 ], [ -16.5279284, 28.0500669 ], [ -16.5279156, 28.0500636 ], [ -16.5279031, 28.0500596 ], [ -16.5279003, 28.0500585 ], [ -16.5279077, 28.0501058 ], [ -16.527909, 28.0501164 ], [ -16.5279096, 28.0501282 ], [ -16.5279093, 28.05014 ], [ -16.5279082, 28.0501518 ], [ -16.5279062, 28.0501634 ], [ -16.5279033, 28.050175 ], [ -16.5278996, 28.0501863 ], [ -16.5278951, 28.0501974 ], [ -16.5278897, 28.0502082 ], [ -16.5278836, 28.0502187 ], [ -16.5278817, 28.0502217 ], [ -16.5277982, 28.0503481 ], [ -16.5277932, 28.0503552 ], [ -16.5277856, 28.0503649 ], [ -16.5277773, 28.0503741 ], [ -16.5277683, 28.0503828 ], [ -16.5277587, 28.050391 ], [ -16.5277485, 28.0503986 ], [ -16.5277378, 28.0504056 ], [ -16.5277308, 28.0504097 ], [ -16.5274631, 28.0505587 ], [ -16.5273169, 28.0506401 ], [ -16.5273128, 28.0506423 ], [ -16.5273011, 28.050648 ], [ -16.527289, 28.050653 ], [ -16.5272766, 28.0506573 ], [ -16.5272639, 28.0506609 ], [ -16.527251, 28.0506637 ], [ -16.5272379, 28.0506658 ], [ -16.5272247, 28.0506671 ], [ -16.5272159, 28.0506675 ], [ -16.5272069, 28.0506676 ], [ -16.5271985, 28.0506677 ], [ -16.5271959, 28.0506672 ], [ -16.5271759, 28.0506641 ] ] } },
{ "type": "Feature", "properties": { "Layer": "0805DPMT", "IDTRAMO": 38004.0, "Provincia": "Santa Cruz de Tenerife", "Referencia": "DES01/02/38/0003-DES10/01", "TM": "Santa Cruz de Tenerife (Tenerife)", "Estado": "T", "Sit_Admin": "Provisional o en tramitación", "Tipo_Linea": "Límite SP provisional o en tramitación", "Label": "DES01/02/38/0003-DES10/01", "ID_SEGMENT": "38004002", "FIGURA": null, "Shape_Leng": 0.0, "VERTICES": "SI" }, "geometry": { "type": "LineString", "coordinates": [ [ -16.1796722, 28.5105252 ], [ -16.1789475, 28.5109108 ], [ -16.1789239, 28.5109359 ], [ -16.1788787, 28.5109794 ], [ -16.1788303, 28.5110202 ], [ -16.178779, 28.5110581 ], [ -16.1787251, 28.511093 ], [ -16.1786686, 28.5111246 ], [ -16.1786275, 28.511145 ], [ -16.1786273, 28.5111451 ], [ -16.1786274, 28.5111452 ], [ -16.1786279, 28.5111516 ], [ -16.1786308, 28.5112106 ], [ -16.1786292, 28.5112697 ], [ -16.1786233, 28.5113285 ], [ -16.1786131, 28.5113868 ], [ -16.1785986, 28.5114445 ], [ -16.1785798, 28.5115012 ], [ -16.1785568, 28.5115566 ], [ -16.1785298, 28.5116107 ], [ -16.1784989, 28.511663 ], [ -16.1784642, 28.5117135 ], [ -16.1784453, 28.5117381 ], [ -16.1784436, 28.5117402 ], [ -16.1784421, 28.5117425 ], [ -16.1784133, 28.5117837 ], [ -16.1783749, 28.511832 ], [ -16.178333, 28.5118781 ], [ -16.1783266, 28.5118845 ], [ -16.1783162, 28.511895 ], [ -16.1783174, 28.5119187 ], [ -16.1783159, 28.5119777 ], [ -16.1783139, 28.512003 ], [ -16.1782892, 28.512262 ], [ -16.1782853, 28.5122955 ], [ -16.1782751, 28.5123539 ], [ -16.1782606, 28.5124115 ], [ -16.1782418, 28.5124682 ], [ -16.1782188, 28.5125237 ], [ -16.1781918, 28.5125777 ], [ -16.1781609, 28.5126301 ], [ -16.1781262, 28.5126805 ], [ -16.1780902, 28.5127259 ], [ -16.1778483, 28.5130126 ], [ -16.1778458, 28.5130155 ], [ -16.1778039, 28.5130616 ], [ -16.1777707, 28.513094 ], [ -16.1775983, 28.5132547 ], [ -16.1774059, 28.5135217 ], [ -16.1772169, 28.5138116 ], [ -16.1771193, 28.5140068 ], [ -16.1771054, 28.5140334 ], [ -16.1770744, 28.5140857 ], [ -16.1770397, 28.5141362 ], [ -16.1770013, 28.5141845 ], [ -16.1769594, 28.5142306 ], [ -16.1769141, 28.5142741 ], [ -16.1768658, 28.5143149 ], [ -16.1768145, 28.5143528 ], [ -16.1767605, 28.5143876 ], [ -16.1767465, 28.5143959 ], [ -16.1763575, 28.5146222 ], [ -16.1763151, 28.5146456 ], [ -16.1762564, 28.514674 ], [ -16.1761958, 28.5146989 ], [ -16.1761334, 28.5147202 ], [ -16.1761276, 28.514722 ], [ -16.1758228, 28.5148145 ], [ -16.1757648, 28.5148304 ], [ -16.1756999, 28.5148444 ], [ -16.175634, 28.5148546 ], [ -16.1755675, 28.514861 ], [ -16.1755119, 28.5148633 ], [ -16.175278, 28.5148676 ], [ -16.1752669, 28.5148678 ], [ -16.1752, 28.5148664 ], [ -16.1751334, 28.5148612 ], [ -16.1750904, 28.5148553 ], [ -16.1750624, 28.5149352 ], [ -16.175055, 28.5150462 ], [ -16.1750493, 28.5151024 ], [ -16.1750391, 28.5151608 ], [ -16.1750245, 28.5152184 ], [ -16.1750057, 28.5152751 ], [ -16.1749828, 28.5153306 ], [ -16.1749558, 28.5153846 ], [ -16.1749249, 28.515437 ], [ -16.1748901, 28.5154874 ], [ -16.1748517, 28.5155358 ], [ -16.1748098, 28.5155818 ], [ -16.1747645, 28.5156253 ], [ -16.1747162, 28.5156661 ], [ -16.1746649, 28.515704 ], [ -16.174611, 28.5157389 ], [ -16.1745545, 28.5157705 ], [ -16.1745411, 28.5157774 ], [ -16.174139, 28.51598 ], [ -16.1740141, 28.5160702 ], [ -16.1739968, 28.5160824 ], [ -16.1739429, 28.5161173 ], [ -16.1738864, 28.516149 ], [ -16.1738681, 28.5161583 ], [ -16.1738596, 28.5161625 ], [ -16.1738014, 28.5162134 ], [ -16.1737642, 28.5162443 ], [ -16.1737129, 28.5162822 ], [ -16.173659, 28.5163171 ], [ -16.1736025, 28.5163487 ], [ -16.173552, 28.5163734 ], [ -16.1735509, 28.5163739 ], [ -16.1735499, 28.5163747 ], [ -16.1735349, 28.5163852 ], [ -16.173481, 28.51642 ], [ -16.1734245, 28.5164517 ], [ -16.1733659, 28.5164801 ], [ -16.173323, 28.5164981 ], [ -16.1730245, 28.5166163 ], [ -16.1730067, 28.5166232 ], [ -16.1729444, 28.5166445 ], [ -16.1728806, 28.5166622 ], [ -16.1728156, 28.5166762 ], [ -16.1727498, 28.5166864 ], [ -16.1726833, 28.5166927 ], [ -16.1726623, 28.5166939 ], [ -16.1723693, 28.5167081 ], [ -16.1723246, 28.5167177 ], [ -16.1722587, 28.5167279 ], [ -16.1721922, 28.5167342 ], [ -16.1721626, 28.5167357 ], [ -16.1719419, 28.5169554 ], [ -16.1719071, 28.5169884 ], [ -16.1718587, 28.5170292 ], [ -16.1718075, 28.5170671 ], [ -16.1717535, 28.5171019 ], [ -16.1716971, 28.5171336 ], [ -16.1716384, 28.517162 ], [ -16.1715778, 28.5171869 ], [ -16.1715154, 28.5172082 ], [ -16.1714594, 28.517224 ], [ -16.1709202, 28.5173606 ], [ -16.1707505, 28.5174204 ], [ -16.1705558, 28.5175276 ], [ -16.1705348, 28.5175389 ], [ -16.1704761, 28.5175672 ], [ -16.1704155, 28.5175921 ], [ -16.1703531, 28.5176135 ], [ -16.1702893, 28.5176311 ], [ -16.1702244, 28.5176451 ], [ -16.1701585, 28.5176553 ], [ -16.170092, 28.5176617 ], [ -16.17009, 28.5176617 ], [ -16.1700801, 28.5176739 ], [ -16.1700381, 28.5177199 ], [ -16.1699929, 28.5177634 ], [ -16.1699446, 28.5178042 ], [ -16.1699244, 28.5178197 ], [ -16.1697444, 28.5179545 ], [ -16.1695332, 28.5181998 ], [ -16.1694947, 28.5182419 ], [ -16.1694494, 28.5182854 ], [ -16.1694011, 28.5183262 ], [ -16.1693909, 28.5183341 ], [ -16.1690404, 28.5186037 ], [ -16.1689993, 28.5186337 ], [ -16.1689453, 28.5186685 ], [ -16.1688889, 28.5187002 ], [ -16.168846, 28.5187211 ], [ -16.1688245, 28.5187474 ], [ -16.1687826, 28.5187934 ], [ -16.1687373, 28.5188369 ], [ -16.168689, 28.5188777 ], [ -16.1686377, 28.5189156 ], [ -16.1685837, 28.5189504 ], [ -16.1685341, 28.5189785 ], [ -16.1681135, 28.5192018 ], [ -16.1681067, 28.5192053 ], [ -16.1680882, 28.5192147 ], [ -16.1679426, 28.5192871 ], [ -16.1679024, 28.519306 ], [ -16.1678418, 28.5193309 ], [ -16.1677794, 28.5193523 ], [ -16.1677537, 28.5193599 ], [ -16.167753, 28.5193601 ], [ -16.1677524, 28.5193605 ], [ -16.1677433, 28.5193669 ], [ -16.1676893, 28.5194017 ], [ -16.1676329, 28.5194334 ], [ -16.1675742, 28.5194617 ], [ -16.1675136, 28.5194866 ], [ -16.1674513, 28.519508 ], [ -16.1673989, 28.5195228 ], [ -16.1672914, 28.5195504 ], [ -16.1672377, 28.519571 ] ] } },
{ "type": "Feature", "properties": { "Layer": "0805DPMT", "IDTRAMO": 38211.0, "Provincia": "Santa Cruz de Tenerife", "Referencia": "DES01/99/38/0101-DES04/01", "TM": "Puerto de la Cruz (Tenerife)", "Estado": "T", "Sit_Admin": "Provisional o en tramitación", "Tipo_Linea": "Límite SP provisional o en tramitación", "Label": "DES01/99/38/0101-DES04/01", "ID_SEGMENT": "38211002", "FIGURA": null, "Shape_Leng": 0.0, "VERTICES": "SI" }, "geometry": { "type": "LineString", "coordinates": [ [ -16.5568071, 28.4160543 ], [ -16.5567999, 28.4160603 ], [ -16.5567807, 28.4160825 ], [ -16.5567707, 28.4160976 ], [ -16.5567572, 28.4161263 ], [ -16.5567504, 28.4161515 ], [ -16.5567477, 28.4161773 ], [ -16.5567475, 28.4161781 ], [ -16.5567477, 28.4161806 ], [ -16.5567496, 28.4162052 ], [ -16.55675, 28.4162112 ], [ -16.5567523, 28.4162188 ], [ -16.5567572, 28.4162352 ], [ -16.5567638, 28.416251 ], [ -16.5567755, 28.4162662 ], [ -16.5567812, 28.4162749 ] ] } },
{ "type": "Feature", "properties": { "Layer": "0805DPMT", "IDTRAMO": 38212.0, "Provincia": "Santa Cruz de Tenerife", "Referencia": "DL-118-TF", "TM": "Güímar (Tenerife)", "Estado": "A", "OM": "2013-06-14", "Sit_Admin": "Aprobado (O.M. 14/06/2013)", "Tipo_Linea": "Límite SP aprobada", "Label": "DL-118-TF (O.M. 14/06/2013)", "ID_SEGMENT": "38212002", "FIGURA": null, "Shape_Leng": 0.0, "VERTICES": "SI" }, "geometry": { "type": "LineString", "coordinates": [ [ -16.3876121, 28.2674059 ], [ -16.387564, 28.2671014 ], [ -16.3875627, 28.2670947 ], [ -16.3875612, 28.267088 ], [ -16.3875595, 28.2670815 ], [ -16.3875575, 28.2670749 ], [ -16.3875552, 28.2670684 ], [ -16.3875525, 28.267062 ], [ -16.3875497, 28.2670557 ], [ -16.3875466, 28.2670495 ], [ -16.3875431, 28.2670434 ], [ -16.3875395, 28.2670375 ], [ -16.3875355, 28.2670317 ], [ -16.3875314, 28.267026 ], [ -16.387527, 28.2670204 ], [ -16.3875224, 28.267015 ], [ -16.3875176, 28.2670097 ], [ -16.3874406, 28.2669294 ], [ -16.3874505, 28.2669028 ], [ -16.3874828, 28.2669141 ], [ -16.387517, 28.2669204 ], [ -16.3875517, 28.2669214 ], [ -16.3875862, 28.2669172 ], [ -16.3876194, 28.2669078 ], [ -16.3876504, 28.2668935 ], [ -16.387678, 28.2668749 ], [ -16.3877017, 28.2668523 ], [ -16.3877207, 28.2668265 ], [ -16.3877345, 28.2667982 ], [ -16.3877426, 28.2667682 ], [ -16.3877685, 28.2666169 ], [ -16.3877703, 28.2666019 ], [ -16.3877707, 28.2665868 ], [ -16.3877698, 28.2665717 ], [ -16.3877674, 28.2665568 ], [ -16.3877635, 28.2665421 ], [ -16.3877584, 28.2665277 ], [ -16.3877519, 28.2665138 ], [ -16.387744, 28.2665004 ], [ -16.387735, 28.2664876 ], [ -16.3877248, 28.2664755 ], [ -16.3877134, 28.2664643 ], [ -16.3877011, 28.2664539 ], [ -16.3876878, 28.2664445 ], [ -16.3877061, 28.2660609 ], [ -16.3877307, 28.2660571 ], [ -16.3877544, 28.2660509 ], [ -16.3877771, 28.266042 ], [ -16.3877985, 28.2660308 ], [ -16.3878182, 28.2660174 ], [ -16.3878359, 28.2660019 ], [ -16.3878512, 28.2659847 ], [ -16.3878641, 28.2659659 ], [ -16.3878744, 28.2659459 ], [ -16.3878818, 28.2659249 ], [ -16.3878864, 28.2659034 ], [ -16.3878878, 28.2658814 ], [ -16.3879201, 28.2656578 ], [ -16.38792, 28.2656578 ], [ -16.3879847, 28.2649815 ], [ -16.3879853, 28.2649736 ], [ -16.3879854, 28.2649656 ], [ -16.3879852, 28.2649576 ], [ -16.3879846, 28.2649497 ], [ -16.3879836, 28.2649418 ], [ -16.3879822, 28.264934 ], [ -16.3879804, 28.2649262 ], [ -16.3879782, 28.2649184 ], [ -16.3879756, 28.2649109 ], [ -16.3879727, 28.2649033 ], [ -16.3879693, 28.2648959 ], [ -16.3879657, 28.2648887 ], [ -16.3879617, 28.2648816 ], [ -16.3879572, 28.2648747 ], [ -16.3881054, 28.2646655 ], [ -16.3882821, 28.2646042 ], [ -16.3882928, 28.2646001 ], [ -16.3883033, 28.2645955 ], [ -16.3883135, 28.2645904 ], [ -16.3883233, 28.2645848 ], [ -16.3883327, 28.2645786 ], [ -16.3883418, 28.264572 ], [ -16.3883504, 28.264565 ], [ -16.3883585, 28.2645575 ], [ -16.3883661, 28.2645497 ], [ -16.3883732, 28.2645414 ], [ -16.3883797, 28.2645327 ], [ -16.3883857, 28.2645238 ], [ -16.388484, 28.2643872 ], [ -16.3886808, 28.2641353 ], [ -16.3888099, 28.26406 ], [ -16.3888208, 28.2640532 ], [ -16.3888311, 28.2640458 ], [ -16.3888409, 28.2640378 ], [ -16.38885, 28.2640292 ], [ -16.3888586, 28.2640201 ], [ -16.3888664, 28.2640106 ], [ -16.3888735, 28.2640006 ], [ -16.3888799, 28.2639903 ], [ -16.3888855, 28.2639796 ], [ -16.3888903, 28.2639686 ], [ -16.3888943, 28.2639574 ], [ -16.3888978, 28.2639458 ], [ -16.3889421, 28.2637539 ], [ -16.3889997, 28.263641 ], [ -16.3891688, 28.2634373 ], [ -16.3893254, 28.2634249 ], [ -16.3893411, 28.2634232 ], [ -16.3893564, 28.2634204 ], [ -16.3893716, 28.2634165 ], [ -16.3893863, 28.2634116 ], [ -16.3894006, 28.2634057 ], [ -16.3894142, 28.2633988 ], [ -16.3894273, 28.2633911 ], [ -16.3894396, 28.2633825 ], [ -16.3894512, 28.263373 ], [ -16.3894619, 28.2633628 ], [ -16.3894717, 28.263352 ], [ -16.3894806, 28.2633404 ], [ -16.3895986, 28.2631987 ], [ -16.3896024, 28.263194 ], [ -16.3896059, 28.2631892 ], [ -16.3896093, 28.2631844 ], [ -16.3896125, 28.2631795 ], [ -16.3896156, 28.2631744 ], [ -16.3896184, 28.2631693 ], [ -16.3896211, 28.2631642 ], [ -16.3896236, 28.2631589 ], [ -16.3896258, 28.2631535 ], [ -16.389628, 28.2631481 ], [ -16.3896299, 28.2631427 ], [ -16.3896316, 28.2631372 ], [ -16.3896299, 28.2631428 ], [ -16.3896699, 28.263022 ] ] } },
{ "type": "Feature", "properties": { "Layer": "0805DPMT", "IDTRAMO": 38027.0, "Provincia": "Santa Cruz de Tenerife", "Referencia": "DL-118-TF", "TM": "Güímar (Tenerife)", "Estado": "A", "OM": "2006-11-28", "Sit_Admin": "Aprobado (O.M. 28/11/2006)", "Tipo_Linea": "Límite SP aprobada", "Label": "DL-118-TF (O.M. 28/11/2006)", "ID_SEGMENT": "38027002", "FIGURA": null, "Shape_Leng": 0.0, "VERTICES": "SI" }, "geometry": { "type": "LineString", "coordinates": [ [ -16.3896699, 28.263022 ], [ -16.3898049, 28.2631136 ], [ -16.3894941, 28.2637267 ], [ -16.3896007, 28.2637373 ], [ -16.3897078, 28.263738 ], [ -16.3898146, 28.2637286 ], [ -16.3899195, 28.2637094 ], [ -16.3900217, 28.2636806 ], [ -16.3901198, 28.2636424 ], [ -16.3902128, 28.2635952 ], [ -16.3902999, 28.2635397 ], [ -16.3903358, 28.2635129 ], [ -16.3903857, 28.2634712 ], [ -16.3904323, 28.2634265 ], [ -16.3904754, 28.2633792 ], [ -16.3905149, 28.2633295 ], [ -16.3908155, 28.2629214 ], [ -16.3908574, 28.262859 ], [ -16.3910289, 28.2625794 ], [ -16.3910659, 28.2625128 ], [ -16.3910965, 28.2624437 ], [ -16.3911206, 28.2623727 ], [ -16.391138, 28.2623001 ], [ -16.3911487, 28.2622265 ], [ -16.3911819, 28.2621919 ], [ -16.3912693, 28.2620958 ], [ -16.3913199, 28.2620351 ], [ -16.3913646, 28.261971 ], [ -16.3914031, 28.2619037 ], [ -16.3914351, 28.2618339 ], [ -16.3914605, 28.2617619 ], [ -16.3914789, 28.2616883 ], [ -16.391523, 28.2616431 ], [ -16.3915636, 28.2615954 ], [ -16.3916005, 28.2615455 ], [ -16.3916099, 28.2615299 ], [ -16.3916111, 28.2615278 ] ] } },
{ "type": "Feature", "properties": { "Layer": "0805DPMT", "IDTRAMO": 38027.0, "Provincia": "Santa Cruz de Tenerife", "Referencia": "DL-118-TF", "TM": "Güímar (Tenerife)", "Estado": "A", "OM": "2006-11-28", "Sit_Admin": "Aprobado (O.M. 28/11/2006)", "Tipo_Linea": "Límite SP aprobada", "Label": "DL-118-TF (O.M. 28/11/2006)", "ID_SEGMENT": "38027003", "FIGURA": null, "Shape_Leng": 0.0, "VERTICES": "SI" }, "geometry": { "type": "LineString", "coordinates": [ [ -16.386247, 28.2706611 ], [ -16.3862643, 28.2706691 ], [ -16.3864265, 28.2707453 ], [ -16.3860931, 28.2712646 ], [ -16.3862061, 28.2712911 ], [ -16.3863217, 28.271306 ], [ -16.3864386, 28.2713091 ], [ -16.386555, 28.2713003 ], [ -16.3866695, 28.2712798 ], [ -16.3867806, 28.2712478 ], [ -16.3868869, 28.2712048 ], [ -16.3869869, 28.2711513 ], [ -16.3870794, 28.271088 ], [ -16.387163, 28.2710158 ], [ -16.3872367, 28.2709355 ], [ -16.3873983, 28.2707377 ], [ -16.3874284, 28.2706986 ], [ -16.3874561, 28.2706584 ], [ -16.3874814, 28.270617 ], [ -16.3875042, 28.2705743 ], [ -16.3875245, 28.2705308 ], [ -16.3875422, 28.2704863 ], [ -16.3875572, 28.2704411 ], [ -16.3875695, 28.2703952 ], [ -16.3875791, 28.2703489 ], [ -16.3875861, 28.2703022 ], [ -16.3875901, 28.2702551 ], [ -16.3875912, 28.2702152 ], [ -16.3875954, 28.2701628 ], [ -16.3880556, 28.2695506 ], [ -16.3880704, 28.2695305 ], [ -16.3880845, 28.2695101 ], [ -16.3880979, 28.2694894 ], [ -16.3881108, 28.2694683 ], [ -16.3881229, 28.2694469 ], [ -16.3881345, 28.2694253 ], [ -16.3881454, 28.2694033 ], [ -16.3881556, 28.2693812 ], [ -16.3881652, 28.2693588 ], [ -16.3881741, 28.2693362 ], [ -16.3881823, 28.2693134 ], [ -16.3881899, 28.2692904 ], [ -16.3883899, 28.2687095 ], [ -16.3883968, 28.2686889 ], [ -16.3884029, 28.2686683 ], [ -16.3884086, 28.2686476 ], [ -16.3884137, 28.2686267 ], [ -16.3884182, 28.2686057 ], [ -16.3884222, 28.2685846 ], [ -16.3884256, 28.2685635 ], [ -16.3884284, 28.2685422 ], [ -16.3884307, 28.268521 ], [ -16.3884325, 28.2684997 ], [ -16.3884336, 28.2684784 ], [ -16.3884342, 28.268457 ], [ -16.3884341, 28.2684356 ], [ -16.3884336, 28.2684143 ], [ -16.388427, 28.2679215 ], [ -16.3884233, 28.2678539 ], [ -16.3884137, 28.2677868 ], [ -16.3883986, 28.2677205 ], [ -16.3883779, 28.2676555 ], [ -16.3883518, 28.2675919 ], [ -16.3883203, 28.2675303 ], [ -16.3882837, 28.2674709 ], [ -16.3882423, 28.2674141 ], [ -16.3881961, 28.2673603 ], [ -16.3881456, 28.2673096 ], [ -16.3880908, 28.2672625 ], [ -16.3880323, 28.2672191 ], [ -16.3879702, 28.2671797 ], [ -16.3879049, 28.2671446 ], [ -16.3876782, 28.2675357 ], [ -16.3876292, 28.267514 ], [ -16.3876121, 28.2674059 ] ] } },
{ "type": "Feature", "properties": { "Layer": "0805DPMT", "IDTRAMO": 38027.0, "Provincia": "Santa Cruz de Tenerife", "Referencia": "DL-118-TF", "TM": "Güímar (Tenerife)", "Estado": "A", "OM": "2006-11-28", "Sit_Admin": "Aprobado (O.M. 28/11/2006)", "Tipo_Linea": "Límite SP aprobada", "Label": "DL-118-TF (O.M. 28/11/2006)", "ID_SEGMENT": "38027004", "FIGURA": null, "Shape_Leng": 0.0, "VERTICES": "SI" }, "geometry": { "type": "LineString", "coordinates": [ [ -16.3847673, 28.2772956 ], [ -16.3847961, 28.2772576 ], [ -16.3848564, 28.277154 ], [ -16.384901, 28.2770445 ], [ -16.3849293, 28.2769308 ], [ -16.3849409, 28.2768147 ], [ -16.3849355, 28.2766985 ], [ -16.3849132, 28.2765837 ], [ -16.3848744, 28.2764725 ], [ -16.3848199, 28.2763665 ], [ -16.3847503, 28.2762677 ], [ -16.3846669, 28.2761777 ], [ -16.3845436, 28.2761757 ], [ -16.3845067, 28.2765817 ], [ -16.3843517, 28.2765498 ], [ -16.3840899, 28.2764675 ] ] } },
{ "type": "Feature", "properties": { "Layer": "0805DPMT", "IDTRAMO": 38214.0, "Provincia": "Santa Cruz de Tenerife", "Referencia": "DL-115-TF", "TM": "Güímar (Tenerife)", "Estado": "A", "OM": "2012-10-11", "Sit_Admin": "Aprobado (O.M. 11/10/2012)", "Tipo_Linea": "Límite SP aprobada", "Label": "DL-115-TF (O.M. 11/10/2012)", "ID_SEGMENT": "38214001", "FIGURA": null, "Shape_Leng": 0.0, "VERTICES": "SI" }, "geometry": { "type": "LineString", "coordinates": [ [ -16.4042736, 28.2394204 ], [ -16.4042729, 28.2395716 ], [ -16.4044618, 28.2397479 ], [ -16.4044868, 28.239782 ], [ -16.4044993, 28.2398099 ], [ -16.4045064, 28.2398383 ], [ -16.404508, 28.2398705 ], [ -16.4045042, 28.2398978 ], [ -16.4044948, 28.2399252 ], [ -16.4044822, 28.2399526 ], [ -16.4043656, 28.2400637 ], [ -16.4043385, 28.2400874 ], [ -16.4043104, 28.2401064 ], [ -16.4042791, 28.2401207 ], [ -16.4042455, 28.2401301 ], [ -16.4042105, 28.2401341 ], [ -16.4041753, 28.2401328 ], [ -16.4041408, 28.2401261 ], [ -16.4041082, 28.2401143 ], [ -16.4040784, 28.2400977 ], [ -16.4039592, 28.2400177 ], [ -16.4038745, 28.2400752 ], [ -16.4038478, 28.2400905 ], [ -16.4038187, 28.240102 ], [ -16.4037879, 28.2401093 ], [ -16.4037562, 28.2401123 ], [ -16.4037244, 28.2401109 ], [ -16.4036933, 28.2401051 ], [ -16.4036635, 28.2400951 ], [ -16.4035275, 28.2400382 ], [ -16.403494, 28.2400494 ], [ -16.4034633, 28.2400572 ], [ -16.4034316, 28.2400607 ], [ -16.4033998, 28.2400598 ], [ -16.4033684, 28.2400545 ], [ -16.4033384, 28.2400449 ], [ -16.4033104, 28.2400313 ], [ -16.4032852, 28.240014 ], [ -16.4032634, 28.2399934 ], [ -16.4031982, 28.2399215 ], [ -16.4031709, 28.239938 ], [ -16.4031827, 28.2400777 ], [ -16.4031827, 28.2401047 ], [ -16.4031782, 28.2401314 ], [ -16.4031692, 28.2401571 ], [ -16.403156, 28.2401814 ], [ -16.4031388, 28.2402037 ], [ -16.4029633, 28.2403986 ], [ -16.402942, 28.2404189 ], [ -16.4029174, 28.240436 ], [ -16.4028901, 28.2404496 ], [ -16.4028608, 28.2404594 ], [ -16.4028301, 28.240465 ], [ -16.4027749, 28.2404714 ], [ -16.4027777, 28.2405617 ], [ -16.4027758, 28.240592 ], [ -16.4027681, 28.2406216 ], [ -16.402755, 28.2406496 ], [ -16.4027367, 28.2406753 ], [ -16.4027139, 28.2406979 ], [ -16.4026871, 28.2407168 ], [ -16.4026571, 28.2407315 ], [ -16.4024934, 28.2407962 ], [ -16.4021075, 28.2411875 ], [ -16.4021427, 28.24128 ], [ -16.402462, 28.2415065 ], [ -16.4024809, 28.2415217 ], [ -16.4024975, 28.2415389 ], [ -16.4025115, 28.2415577 ], [ -16.4026419, 28.2417594 ], [ -16.4026535, 28.2417805 ], [ -16.4026619, 28.2418027 ], [ -16.402728, 28.2420227 ], [ -16.4029769, 28.2419225 ], [ -16.4030895, 28.2417018 ], [ -16.4033435, 28.2413916 ], [ -16.4033491, 28.2414003 ], [ -16.4033907, 28.2414718 ], [ -16.4034248, 28.2415463 ], [ -16.4034514, 28.2416232 ] ] } },
{ "type": "Feature", "properties": { "Layer": "0805DPMT", "IDTRAMO": 38030.0, "Provincia": "Santa Cruz de Tenerife", "Referencia": "DL-115-TF", "TM": "Güímar (Tenerife)", "Estado": "A", "OM": "2006-09-21", "Sit_Admin": "Aprobado (O.M. 21/09/2006)", "Tipo_Linea": "Límite SP aprobada", "Label": "DL-115-TF (O.M. 21/09/2006)", "ID_SEGMENT": "38030003", "FIGURA": null, "Shape_Leng": 0.0, "VERTICES": "SI" }, "geometry": { "type": "LineString", "coordinates": [ [ -16.4034514, 28.2416232 ], [ -16.403523, 28.2418692 ], [ -16.4035404, 28.2419407 ], [ -16.4035511, 28.2420132 ], [ -16.4035552, 28.2420862 ], [ -16.4035526, 28.2421593 ], [ -16.4035434, 28.2422319 ], [ -16.4035275, 28.2423037 ], [ -16.4035051, 28.2423741 ], [ -16.4034764, 28.2424426 ], [ -16.4034415, 28.2425089 ] ] } }
]
}
